date,crop_name,region,demand_kg
2024-01-01,tomato,Tirunelveli,468.3
2024-01-01,tomato,Madurai,417.3
2024-01-01,tomato,Nagercoil,452.1
2024-01-01,tomato,Tuticorin,428.8
2024-01-01,tomato,Tenkasi,475.6
2024-01-01,brinjal,Tirunelveli,276.3
2024-01-01,brinjal,Madurai,300.2
2024-01-01,brinjal,Nagercoil,259.8
2024-01-01,brinjal,Tuticorin,250.0
2024-01-01,brinjal,Tenkasi,270.3
2024-01-01,onion,Tirunelveli,390.3
2024-01-01,onion,Madurai,374.8
2024-01-01,onion,Nagercoil,400.2
2024-01-01,onion,Tuticorin,380.8
2024-01-01,onion,Tenkasi,343.4
2024-01-01,carrot,Tirunelveli,231.1
2024-01-01,carrot,Madurai,202.3
2024-01-01,carrot,Nagercoil,212.8
2024-01-01,carrot,Tuticorin,251.1
2024-01-01,carrot,Tenkasi,255.5
2024-01-01,cabbage,Tirunelveli,186.5
2024-01-01,cabbage,Madurai,209.6
2024-01-01,cabbage,Nagercoil,187.0
2024-01-01,cabbage,Tuticorin,192.3
2024-01-01,cabbage,Tenkasi,185.9
2024-01-01,potato,Tirunelveli,295.5
2024-01-01,potato,Madurai,331.9
2024-01-01,potato,Nagercoil,335.8
2024-01-01,potato,Tuticorin,316.6
2024-01-01,potato,Tenkasi,351.8
2024-01-01,beans,Tirunelveli,156.3
2024-01-01,beans,Madurai,152.3
2024-01-01,beans,Nagercoil,175.5
2024-01-01,beans,Tuticorin,134.1
2024-01-01,beans,Tenkasi,183.1
2024-01-01,okra,Tirunelveli,234.0
2024-01-01,okra,Madurai,261.8
2024-01-01,okra,Nagercoil,267.8
2024-01-01,okra,Tuticorin,254.8
2024-01-01,okra,Tenkasi,225.8
2024-01-02,tomato,Tirunelveli,415.0
2024-01-02,tomato,Madurai,411.3
2024-01-02,tomato,Nagercoil,462.1
2024-01-02,tomato,Tuticorin,437.3
2024-01-02,tomato,Tenkasi,428.0
2024-01-02,brinjal,Tirunelveli,272.4
2024-01-02,brinjal,Madurai,296.6
2024-01-02,brinjal,Nagercoil,290.6
2024-01-02,brinjal,Tuticorin,283.8
2024-01-02,brinjal,Tenkasi,287.8
2024-01-02,onion,Tirunelveli,388.6
2024-01-02,onion,Madurai,391.0
2024-01-02,onion,Nagercoil,389.4
2024-01-02,onion,Tuticorin,385.0
2024-01-02,onion,Tenkasi,400.1
2024-01-02,carrot,Tirunelveli,227.2
2024-01-02,carrot,Madurai,202.4
2024-01-02,carrot,Nagercoil,230.6
2024-01-02,carrot,Tuticorin,224.9
2024-01-02,carrot,Tenkasi,232.2
2024-01-02,cabbage,Tirunelveli,195.9
2024-01-02,cabbage,Madurai,214.2
2024-01-02,cabbage,Nagercoil,196.8
2024-01-02,cabbage,Tuticorin,212.5
2024-01-02,cabbage,Tenkasi,188.9
2024-01-02,potato,Tirunelveli,322.3
2024-01-02,potato,Madurai,342.0
2024-01-02,potato,Nagercoil,323.4
2024-01-02,potato,Tuticorin,374.1
2024-01-02,potato,Tenkasi,341.3
2024-01-02,beans,Tirunelveli,165.5
2024-01-02,beans,Madurai,181.4
2024-01-02,beans,Nagercoil,155.4
2024-01-02,beans,Tuticorin,183.5
2024-01-02,beans,Tenkasi,182.9
2024-01-02,okra,Tirunelveli,267.1
2024-01-02,okra,Madurai,233.2
2024-01-02,okra,Nagercoil,217.5
2024-01-02,okra,Tuticorin,229.8
2024-01-02,okra,Tenkasi,236.4
2024-01-03,tomato,Tirunelveli,473.3
2024-01-03,tomato,Madurai,483.9
2024-01-03,tomato,Nagercoil,446.9
2024-01-03,tomato,Tuticorin,440.2
2024-01-03,tomato,Tenkasi,433.0
2024-01-03,brinjal,Tirunelveli,291.5
2024-01-03,brinjal,Madurai,318.8
2024-01-03,brinjal,Nagercoil,310.7
2024-01-03,brinjal,Tuticorin,297.8
2024-01-03,brinjal,Tenkasi,297.5
2024-01-03,onion,Tirunelveli,401.6
2024-01-03,onion,Madurai,384.1
2024-01-03,onion,Nagercoil,370.3
2024-01-03,onion,Tuticorin,384.6
2024-01-03,onion,Tenkasi,393.4
2024-01-03,carrot,Tirunelveli,190.9
2024-01-03,carrot,Madurai,216.9
2024-01-03,carrot,Nagercoil,203.5
2024-01-03,carrot,Tuticorin,240.3
2024-01-03,carrot,Tenkasi,209.0
2024-01-03,cabbage,Tirunelveli,204.6
2024-01-03,cabbage,Madurai,184.0
2024-01-03,cabbage,Nagercoil,230.0
2024-01-03,cabbage,Tuticorin,164.0
2024-01-03,cabbage,Tenkasi,207.5
2024-01-03,potato,Tirunelveli,304.5
2024-01-03,potato,Madurai,319.8
2024-01-03,potato,Nagercoil,334.1
2024-01-03,potato,Tuticorin,335.1
2024-01-03,potato,Tenkasi,334.6
2024-01-03,beans,Tirunelveli,168.0
2024-01-03,beans,Madurai,152.2
2024-01-03,beans,Nagercoil,161.7
2024-01-03,beans,Tuticorin,165.6
2024-01-03,beans,Tenkasi,168.9
2024-01-03,okra,Tirunelveli,240.7
2024-01-03,okra,Madurai,256.6
2024-01-03,okra,Nagercoil,243.9
2024-01-03,okra,Tuticorin,246.0
2024-01-03,okra,Tenkasi,234.3
2024-01-04,tomato,Tirunelveli,419.0
2024-01-04,tomato,Madurai,443.1
2024-01-04,tomato,Nagercoil,464.1
2024-01-04,tomato,Tuticorin,448.9
2024-01-04,tomato,Tenkasi,423.7
2024-01-04,brinjal,Tirunelveli,291.3
2024-01-04,brinjal,Madurai,268.3
2024-01-04,brinjal,Nagercoil,289.3
2024-01-04,brinjal,Tuticorin,267.6
2024-01-04,brinjal,Tenkasi,282.1
2024-01-04,onion,Tirunelveli,374.6
2024-01-04,onion,Madurai,375.1
2024-01-04,onion,Nagercoil,353.7
2024-01-04,onion,Tuticorin,395.2
2024-01-04,onion,Tenkasi,392.4
2024-01-04,carrot,Tirunelveli,228.5
2024-01-04,carrot,Madurai,225.5
2024-01-04,carrot,Nagercoil,204.8
2024-01-04,carrot,Tuticorin,239.3
2024-01-04,carrot,Tenkasi,239.9
2024-01-04,cabbage,Tirunelveli,182.2
2024-01-04,cabbage,Madurai,208.6
2024-01-04,cabbage,Nagercoil,215.5
2024-01-04,cabbage,Tuticorin,188.6
2024-01-04,cabbage,Tenkasi,192.1
2024-01-04,potato,Tirunelveli,340.7
2024-01-04,potato,Madurai,299.8
2024-01-04,potato,Nagercoil,308.2
2024-01-04,potato,Tuticorin,310.2
2024-01-04,potato,Tenkasi,294.1
2024-01-04,beans,Tirunelveli,186.7
2024-01-04,beans,Madurai,125.2
2024-01-04,beans,Nagercoil,171.9
2024-01-04,beans,Tuticorin,181.2
2024-01-04,beans,Tenkasi,159.1
2024-01-04,okra,Tirunelveli,228.6
2024-01-04,okra,Madurai,246.7
2024-01-04,okra,Nagercoil,242.0
2024-01-04,okra,Tuticorin,262.1
2024-01-04,okra,Tenkasi,189.4
2024-01-05,tomato,Tirunelveli,421.6
2024-01-05,tomato,Madurai,451.2
2024-01-05,tomato,Nagercoil,441.0
2024-01-05,tomato,Tuticorin,455.0
2024-01-05,tomato,Tenkasi,445.2
2024-01-05,brinjal,Tirunelveli,272.3
2024-01-05,brinjal,Madurai,269.0
2024-01-05,brinjal,Nagercoil,321.5
2024-01-05,brinjal,Tuticorin,305.7
2024-01-05,brinjal,Tenkasi,284.9
2024-01-05,onion,Tirunelveli,386.6
2024-01-05,onion,Madurai,395.8
2024-01-05,onion,Nagercoil,401.5
2024-01-05,onion,Tuticorin,393.4
2024-01-05,onion,Tenkasi,370.0
2024-01-05,carrot,Tirunelveli,255.7
2024-01-05,carrot,Madurai,224.9
2024-01-05,carrot,Nagercoil,260.3
2024-01-05,carrot,Tuticorin,223.7
2024-01-05,carrot,Tenkasi,215.1
2024-01-05,cabbage,Tirunelveli,225.7
2024-01-05,cabbage,Madurai,204.0
2024-01-05,cabbage,Nagercoil,200.7
2024-01-05,cabbage,Tuticorin,174.0
2024-01-05,cabbage,Tenkasi,211.2
2024-01-05,potato,Tirunelveli,320.1
2024-01-05,potato,Madurai,321.0
2024-01-05,potato,Nagercoil,320.2
2024-01-05,potato,Tuticorin,338.8
2024-01-05,potato,Tenkasi,299.3
2024-01-05,beans,Tirunelveli,160.8
2024-01-05,beans,Madurai,184.6
2024-01-05,beans,Nagercoil,140.1
2024-01-05,beans,Tuticorin,168.5
2024-01-05,beans,Tenkasi,152.4
2024-01-05,okra,Tirunelveli,233.9
2024-01-05,okra,Madurai,275.1
2024-01-05,okra,Nagercoil,209.0
2024-01-05,okra,Tuticorin,257.3
2024-01-05,okra,Tenkasi,232.4
2024-01-06,tomato,Tirunelveli,495.4
2024-01-06,tomato,Madurai,483.8
2024-01-06,tomato,Nagercoil,521.1
2024-01-06,tomato,Tuticorin,502.2
2024-01-06,tomato,Tenkasi,499.6
2024-01-06,brinjal,Tirunelveli,318.4
2024-01-06,brinjal,Madurai,312.8
2024-01-06,brinjal,Nagercoil,276.2
2024-01-06,brinjal,Tuticorin,306.4
2024-01-06,brinjal,Tenkasi,334.2
2024-01-06,onion,Tirunelveli,412.6
2024-01-06,onion,Madurai,421.0
2024-01-06,onion,Nagercoil,434.2
2024-01-06,onion,Tuticorin,428.2
2024-01-06,onion,Tenkasi,442.2
2024-01-06,carrot,Tirunelveli,231.1
2024-01-06,carrot,Madurai,245.2
2024-01-06,carrot,Nagercoil,252.0
2024-01-06,carrot,Tuticorin,266.0
2024-01-06,carrot,Tenkasi,277.9
2024-01-06,cabbage,Tirunelveli,222.5
2024-01-06,cabbage,Madurai,265.5
2024-01-06,cabbage,Nagercoil,224.0
2024-01-06,cabbage,Tuticorin,244.3
2024-01-06,cabbage,Tenkasi,266.3
2024-01-06,potato,Tirunelveli,382.3
2024-01-06,potato,Madurai,352.0
2024-01-06,potato,Nagercoil,381.3
2024-01-06,potato,Tuticorin,367.3
2024-01-06,potato,Tenkasi,374.0
2024-01-06,beans,Tirunelveli,229.4
2024-01-06,beans,Madurai,165.3
2024-01-06,beans,Nagercoil,195.8
2024-01-06,beans,Tuticorin,172.2
2024-01-06,beans,Tenkasi,183.6
2024-01-06,okra,Tirunelveli,293.2
2024-01-06,okra,Madurai,284.7
2024-01-06,okra,Nagercoil,273.8
2024-01-06,okra,Tuticorin,265.3
2024-01-06,okra,Tenkasi,284.6
2024-01-07,tomato,Tirunelveli,540.2
2024-01-07,tomato,Madurai,488.0
2024-01-07,tomato,Nagercoil,544.2
2024-01-07,tomato,Tuticorin,530.0
2024-01-07,tomato,Tenkasi,533.4
2024-01-07,brinjal,Tirunelveli,322.4
2024-01-07,brinjal,Madurai,339.7
2024-01-07,brinjal,Nagercoil,296.1
2024-01-07,brinjal,Tuticorin,302.9
2024-01-07,brinjal,Tenkasi,331.6
2024-01-07,onion,Tirunelveli,448.7
2024-01-07,onion,Madurai,439.8
2024-01-07,onion,Nagercoil,392.7
2024-01-07,onion,Tuticorin,434.0
2024-01-07,onion,Tenkasi,419.3
2024-01-07,carrot,Tirunelveli,262.9
2024-01-07,carrot,Madurai,249.2
2024-01-07,carrot,Nagercoil,240.4
2024-01-07,carrot,Tuticorin,305.9
2024-01-07,carrot,Tenkasi,273.8
2024-01-07,cabbage,Tirunelveli,248.8
2024-01-07,cabbage,Madurai,271.7
2024-01-07,cabbage,Nagercoil,243.7
2024-01-07,cabbage,Tuticorin,212.3
2024-01-07,cabbage,Tenkasi,209.9
2024-01-07,potato,Tirunelveli,398.8
2024-01-07,potato,Madurai,338.3
2024-01-07,potato,Nagercoil,377.9
2024-01-07,potato,Tuticorin,336.1
2024-01-07,potato,Tenkasi,381.5
2024-01-07,beans,Tirunelveli,206.8
2024-01-07,beans,Madurai,195.3
2024-01-07,beans,Nagercoil,208.5
2024-01-07,beans,Tuticorin,229.0
2024-01-07,beans,Tenkasi,186.9
2024-01-07,okra,Tirunelveli,334.5
2024-01-07,okra,Madurai,282.6
2024-01-07,okra,Nagercoil,297.3
2024-01-07,okra,Tuticorin,266.1
2024-01-07,okra,Tenkasi,310.7
2024-01-08,tomato,Tirunelveli,460.8
2024-01-08,tomato,Madurai,469.4
2024-01-08,tomato,Nagercoil,441.1
2024-01-08,tomato,Tuticorin,414.9
2024-01-08,tomato,Tenkasi,449.2
2024-01-08,brinjal,Tirunelveli,241.1
2024-01-08,brinjal,Madurai,268.3
2024-01-08,brinjal,Nagercoil,278.8
2024-01-08,brinjal,Tuticorin,322.5
2024-01-08,brinjal,Tenkasi,281.4
2024-01-08,onion,Tirunelveli,387.8
2024-01-08,onion,Madurai,383.7
2024-01-08,onion,Nagercoil,358.2
2024-01-08,onion,Tuticorin,386.7
2024-01-08,onion,Tenkasi,387.1
2024-01-08,carrot,Tirunelveli,200.6
2024-01-08,carrot,Madurai,196.3
2024-01-08,carrot,Nagercoil,210.4
2024-01-08,carrot,Tuticorin,221.3
2024-01-08,carrot,Tenkasi,210.8
2024-01-08,cabbage,Tirunelveli,177.0
2024-01-08,cabbage,Madurai,203.8
2024-01-08,cabbage,Nagercoil,208.8
2024-01-08,cabbage,Tuticorin,200.4
2024-01-08,cabbage,Tenkasi,186.7
2024-01-08,potato,Tirunelveli,341.9
2024-01-08,potato,Madurai,326.2
2024-01-08,potato,Nagercoil,306.2
2024-01-08,potato,Tuticorin,350.7
2024-01-08,potato,Tenkasi,337.1
2024-01-08,beans,Tirunelveli,162.6
2024-01-08,beans,Madurai,133.6
2024-01-08,beans,Nagercoil,150.1
2024-01-08,beans,Tuticorin,205.4
2024-01-08,beans,Tenkasi,134.8
2024-01-08,okra,Tirunelveli,237.0
2024-01-08,okra,Madurai,241.7
2024-01-08,okra,Nagercoil,248.4
2024-01-08,okra,Tuticorin,212.1
2024-01-08,okra,Tenkasi,245.5
2024-01-09,tomato,Tirunelveli,406.3
2024-01-09,tomato,Madurai,441.9
2024-01-09,tomato,Nagercoil,427.0
2024-01-09,tomato,Tuticorin,422.7
2024-01-09,tomato,Tenkasi,456.7
2024-01-09,brinjal,Tirunelveli,270.3
2024-01-09,brinjal,Madurai,284.5
2024-01-09,brinjal,Nagercoil,285.1
2024-01-09,brinjal,Tuticorin,300.4
2024-01-09,brinjal,Tenkasi,250.8
2024-01-09,onion,Tirunelveli,403.4
2024-01-09,onion,Madurai,385.3
2024-01-09,onion,Nagercoil,377.4
2024-01-09,onion,Tuticorin,362.0
2024-01-09,onion,Tenkasi,397.1
2024-01-09,carrot,Tirunelveli,201.6
2024-01-09,carrot,Madurai,230.4
2024-01-09,carrot,Nagercoil,258.6
2024-01-09,carrot,Tuticorin,239.6
2024-01-09,carrot,Tenkasi,247.8
2024-01-09,cabbage,Tirunelveli,183.6
2024-01-09,cabbage,Madurai,213.3
2024-01-09,cabbage,Nagercoil,175.1
2024-01-09,cabbage,Tuticorin,193.3
2024-01-09,cabbage,Tenkasi,232.8
2024-01-09,potato,Tirunelveli,317.8
2024-01-09,potato,Madurai,352.2
2024-01-09,potato,Nagercoil,350.3
2024-01-09,potato,Tuticorin,351.5
2024-01-09,potato,Tenkasi,304.7
2024-01-09,beans,Tirunelveli,175.5
2024-01-09,beans,Madurai,161.9
2024-01-09,beans,Nagercoil,186.8
2024-01-09,beans,Tuticorin,131.9
2024-01-09,beans,Tenkasi,172.4
2024-01-09,okra,Tirunelveli,246.5
2024-01-09,okra,Madurai,202.2
2024-01-09,okra,Nagercoil,224.3
2024-01-09,okra,Tuticorin,205.4
2024-01-09,okra,Tenkasi,227.5
2024-01-10,tomato,Tirunelveli,451.0
2024-01-10,tomato,Madurai,443.9
2024-01-10,tomato,Nagercoil,443.4
2024-01-10,tomato,Tuticorin,419.2
2024-01-10,tomato,Tenkasi,462.4
2024-01-10,brinjal,Tirunelveli,274.6
2024-01-10,brinjal,Madurai,275.7
2024-01-10,brinjal,Nagercoil,293.8
2024-01-10,brinjal,Tuticorin,255.2
2024-01-10,brinjal,Tenkasi,279.6
2024-01-10,onion,Tirunelveli,393.5
2024-01-10,onion,Madurai,374.1
2024-01-10,onion,Nagercoil,398.0
2024-01-10,onion,Tuticorin,394.5
2024-01-10,onion,Tenkasi,383.0
2024-01-10,carrot,Tirunelveli,217.4
2024-01-10,carrot,Madurai,230.5
2024-01-10,carrot,Nagercoil,235.8
2024-01-10,carrot,Tuticorin,221.3
2024-01-10,carrot,Tenkasi,242.4
2024-01-10,cabbage,Tirunelveli,211.2
2024-01-10,cabbage,Madurai,162.2
2024-01-10,cabbage,Nagercoil,169.9
2024-01-10,cabbage,Tuticorin,221.6
2024-01-10,cabbage,Tenkasi,193.1
2024-01-10,potato,Tirunelveli,333.3
2024-01-10,potato,Madurai,352.8
2024-01-10,potato,Nagercoil,329.9
2024-01-10,potato,Tuticorin,330.7
2024-01-10,potato,Tenkasi,312.6
2024-01-10,beans,Tirunelveli,172.4
2024-01-10,beans,Madurai,176.7
2024-01-10,beans,Nagercoil,153.4
2024-01-10,beans,Tuticorin,146.6
2024-01-10,beans,Tenkasi,217.5
2024-01-10,okra,Tirunelveli,240.1
2024-01-10,okra,Madurai,228.3
2024-01-10,okra,Nagercoil,256.1
2024-01-10,okra,Tuticorin,241.0
2024-01-10,okra,Tenkasi,220.3
2024-01-11,tomato,Tirunelveli,449.7
2024-01-11,tomato,Madurai,422.9
2024-01-11,tomato,Nagercoil,471.5
2024-01-11,tomato,Tuticorin,449.9
2024-01-11,tomato,Tenkasi,434.5
2024-01-11,brinjal,Tirunelveli,277.2
2024-01-11,brinjal,Madurai,293.1
2024-01-11,brinjal,Nagercoil,278.7
2024-01-11,brinjal,Tuticorin,317.4
2024-01-11,brinjal,Tenkasi,297.7
2024-01-11,onion,Tirunelveli,394.8
2024-01-11,onion,Madurai,366.3
2024-01-11,onion,Nagercoil,382.1
2024-01-11,onion,Tuticorin,394.6
2024-01-11,onion,Tenkasi,368.5
2024-01-11,carrot,Tirunelveli,245.9
2024-01-11,carrot,Madurai,200.5
2024-01-11,carrot,Nagercoil,207.3
2024-01-11,carrot,Tuticorin,208.8
2024-01-11,carrot,Tenkasi,234.9
2024-01-11,cabbage,Tirunelveli,181.9
2024-01-11,cabbage,Madurai,162.0
2024-01-11,cabbage,Nagercoil,219.8
2024-01-11,cabbage,Tuticorin,189.1
2024-01-11,cabbage,Tenkasi,176.6
2024-01-11,potato,Tirunelveli,314.9
2024-01-11,potato,Madurai,364.3
2024-01-11,potato,Nagercoil,316.9
2024-01-11,potato,Tuticorin,327.5
2024-01-11,potato,Tenkasi,321.1
2024-01-11,beans,Tirunelveli,140.3
2024-01-11,beans,Madurai,150.1
2024-01-11,beans,Nagercoil,139.0
2024-01-11,beans,Tuticorin,184.1
2024-01-11,beans,Tenkasi,167.0
2024-01-11,okra,Tirunelveli,291.7
2024-01-11,okra,Madurai,227.8
2024-01-11,okra,Nagercoil,224.8
2024-01-11,okra,Tuticorin,272.7
2024-01-11,okra,Tenkasi,263.2
2024-01-12,tomato,Tirunelveli,447.7
2024-01-12,tomato,Madurai,417.7
2024-01-12,tomato,Nagercoil,474.9
2024-01-12,tomato,Tuticorin,438.6
2024-01-12,tomato,Tenkasi,431.4
2024-01-12,brinjal,Tirunelveli,297.9
2024-01-12,brinjal,Madurai,274.6
2024-01-12,brinjal,Nagercoil,251.7
2024-01-12,brinjal,Tuticorin,275.8
2024-01-12,brinjal,Tenkasi,259.4
2024-01-12,onion,Tirunelveli,324.8
2024-01-12,onion,Madurai,367.4
2024-01-12,onion,Nagercoil,374.4
2024-01-12,onion,Tuticorin,361.9
2024-01-12,onion,Tenkasi,396.5
2024-01-12,carrot,Tirunelveli,204.5
2024-01-12,carrot,Madurai,229.6
2024-01-12,carrot,Nagercoil,195.3
2024-01-12,carrot,Tuticorin,238.2
2024-01-12,carrot,Tenkasi,194.5
2024-01-12,cabbage,Tirunelveli,151.2
2024-01-12,cabbage,Madurai,222.7
2024-01-12,cabbage,Nagercoil,180.9
2024-01-12,cabbage,Tuticorin,233.1
2024-01-12,cabbage,Tenkasi,209.3
2024-01-12,potato,Tirunelveli,345.8
2024-01-12,potato,Madurai,350.9
2024-01-12,potato,Nagercoil,332.3
2024-01-12,potato,Tuticorin,332.5
2024-01-12,potato,Tenkasi,355.6
2024-01-12,beans,Tirunelveli,167.2
2024-01-12,beans,Madurai,150.4
2024-01-12,beans,Nagercoil,176.7
2024-01-12,beans,Tuticorin,122.7
2024-01-12,beans,Tenkasi,191.4
2024-01-12,okra,Tirunelveli,268.8
2024-01-12,okra,Madurai,266.0
2024-01-12,okra,Nagercoil,265.2
2024-01-12,okra,Tuticorin,240.3
2024-01-12,okra,Tenkasi,239.9
2024-01-13,tomato,Tirunelveli,481.4
2024-01-13,tomato,Madurai,541.0
2024-01-13,tomato,Nagercoil,496.3
2024-01-13,tomato,Tuticorin,512.8
2024-01-13,tomato,Tenkasi,511.1
2024-01-13,brinjal,Tirunelveli,289.4
2024-01-13,brinjal,Madurai,281.4
2024-01-13,brinjal,Nagercoil,316.4
2024-01-13,brinjal,Tuticorin,307.2
2024-01-13,brinjal,Tenkasi,314.5
2024-01-13,onion,Tirunelveli,464.1
2024-01-13,onion,Madurai,447.2
2024-01-13,onion,Nagercoil,457.9
2024-01-13,onion,Tuticorin,451.7
2024-01-13,onion,Tenkasi,436.4
2024-01-13,carrot,Tirunelveli,233.0
2024-01-13,carrot,Madurai,258.3
2024-01-13,carrot,Nagercoil,254.7
2024-01-13,carrot,Tuticorin,271.3
2024-01-13,carrot,Tenkasi,250.0
2024-01-13,cabbage,Tirunelveli,221.8
2024-01-13,cabbage,Madurai,223.1
2024-01-13,cabbage,Nagercoil,209.3
2024-01-13,cabbage,Tuticorin,256.6
2024-01-13,cabbage,Tenkasi,250.5
2024-01-13,potato,Tirunelveli,355.2
2024-01-13,potato,Madurai,395.6
2024-01-13,potato,Nagercoil,342.6
2024-01-13,potato,Tuticorin,399.2
2024-01-13,potato,Tenkasi,365.6
2024-01-13,beans,Tirunelveli,196.9
2024-01-13,beans,Madurai,151.2
2024-01-13,beans,Nagercoil,165.8
2024-01-13,beans,Tuticorin,199.1
2024-01-13,beans,Tenkasi,175.7
2024-01-13,okra,Tirunelveli,261.5
2024-01-13,okra,Madurai,306.2
2024-01-13,okra,Nagercoil,322.5
2024-01-13,okra,Tuticorin,297.0
2024-01-13,okra,Tenkasi,256.5
2024-01-14,tomato,Tirunelveli,541.3
2024-01-14,tomato,Madurai,474.8
2024-01-14,tomato,Nagercoil,499.9
2024-01-14,tomato,Tuticorin,507.1
2024-01-14,tomato,Tenkasi,544.5
2024-01-14,brinjal,Tirunelveli,334.5
2024-01-14,brinjal,Madurai,307.0
2024-01-14,brinjal,Nagercoil,297.4
2024-01-14,brinjal,Tuticorin,336.3
2024-01-14,brinjal,Tenkasi,305.6
2024-01-14,onion,Tirunelveli,447.1
2024-01-14,onion,Madurai,415.4
2024-01-14,onion,Nagercoil,454.1
2024-01-14,onion,Tuticorin,452.5
2024-01-14,onion,Tenkasi,417.9
2024-01-14,carrot,Tirunelveli,273.6
2024-01-14,carrot,Madurai,264.1
2024-01-14,carrot,Nagercoil,267.8
2024-01-14,carrot,Tuticorin,245.4
2024-01-14,carrot,Tenkasi,256.6
2024-01-14,cabbage,Tirunelveli,229.0
2024-01-14,cabbage,Madurai,224.7
2024-01-14,cabbage,Nagercoil,231.1
2024-01-14,cabbage,Tuticorin,252.8
2024-01-14,cabbage,Tenkasi,249.2
2024-01-14,potato,Tirunelveli,355.9
2024-01-14,potato,Madurai,399.2
2024-01-14,potato,Nagercoil,403.3
2024-01-14,potato,Tuticorin,376.5
2024-01-14,potato,Tenkasi,389.7
2024-01-14,beans,Tirunelveli,199.6
2024-01-14,beans,Madurai,172.8
2024-01-14,beans,Nagercoil,182.1
2024-01-14,beans,Tuticorin,204.8
2024-01-14,beans,Tenkasi,179.8
2024-01-14,okra,Tirunelveli,297.8
2024-01-14,okra,Madurai,304.4
2024-01-14,okra,Nagercoil,301.2
2024-01-14,okra,Tuticorin,317.9
2024-01-14,okra,Tenkasi,276.5
2024-01-15,tomato,Tirunelveli,443.5
2024-01-15,tomato,Madurai,446.4
2024-01-15,tomato,Nagercoil,438.8
2024-01-15,tomato,Tuticorin,450.8
2024-01-15,tomato,Tenkasi,405.8
2024-01-15,brinjal,Tirunelveli,279.1
2024-01-15,brinjal,Madurai,247.5
2024-01-15,brinjal,Nagercoil,255.7
2024-01-15,brinjal,Tuticorin,289.7
2024-01-15,brinjal,Tenkasi,271.0
2024-01-15,onion,Tirunelveli,399.0
2024-01-15,onion,Madurai,380.6
2024-01-15,onion,Nagercoil,407.1
2024-01-15,onion,Tuticorin,380.2
2024-01-15,onion,Tenkasi,345.9
2024-01-15,carrot,Tirunelveli,224.5
2024-01-15,carrot,Madurai,176.6
2024-01-15,carrot,Nagercoil,190.9
2024-01-15,carrot,Tuticorin,202.3
2024-01-15,carrot,Tenkasi,199.8
2024-01-15,cabbage,Tirunelveli,187.1
2024-01-15,cabbage,Madurai,177.2
2024-01-15,cabbage,Nagercoil,169.9
2024-01-15,cabbage,Tuticorin,228.8
2024-01-15,cabbage,Tenkasi,184.4
2024-01-15,potato,Tirunelveli,285.4
2024-01-15,potato,Madurai,322.8
2024-01-15,potato,Nagercoil,307.5
2024-01-15,potato,Tuticorin,312.3
2024-01-15,potato,Tenkasi,344.2
2024-01-15,beans,Tirunelveli,156.0
2024-01-15,beans,Madurai,141.9
2024-01-15,beans,Nagercoil,173.9
2024-01-15,beans,Tuticorin,188.0
2024-01-15,beans,Tenkasi,175.7
2024-01-15,okra,Tirunelveli,192.9
2024-01-15,okra,Madurai,219.7
2024-01-15,okra,Nagercoil,242.9
2024-01-15,okra,Tuticorin,237.1
2024-01-15,okra,Tenkasi,235.5
2024-01-16,tomato,Tirunelveli,420.3
2024-01-16,tomato,Madurai,411.9
2024-01-16,tomato,Nagercoil,480.2
2024-01-16,tomato,Tuticorin,440.5
2024-01-16,tomato,Tenkasi,452.8
2024-01-16,brinjal,Tirunelveli,275.1
2024-01-16,brinjal,Madurai,275.9
2024-01-16,brinjal,Nagercoil,273.8
2024-01-16,brinjal,Tuticorin,252.6
2024-01-16,brinjal,Tenkasi,244.7
2024-01-16,onion,Tirunelveli,392.7
2024-01-16,onion,Madurai,388.8
2024-01-16,onion,Nagercoil,403.8
2024-01-16,onion,Tuticorin,399.7
2024-01-16,onion,Tenkasi,368.8
2024-01-16,carrot,Tirunelveli,242.7
2024-01-16,carrot,Madurai,235.3
2024-01-16,carrot,Nagercoil,233.8
2024-01-16,carrot,Tuticorin,265.0
2024-01-16,carrot,Tenkasi,260.9
2024-01-16,cabbage,Tirunelveli,211.8
2024-01-16,cabbage,Madurai,209.3
2024-01-16,cabbage,Nagercoil,219.6
2024-01-16,cabbage,Tuticorin,186.3
2024-01-16,cabbage,Tenkasi,186.6
2024-01-16,potato,Tirunelveli,343.5
2024-01-16,potato,Madurai,312.9
2024-01-16,potato,Nagercoil,341.9
2024-01-16,potato,Tuticorin,333.1
2024-01-16,potato,Tenkasi,312.9
2024-01-16,beans,Tirunelveli,165.5
2024-01-16,beans,Madurai,191.1
2024-01-16,beans,Nagercoil,166.6
2024-01-16,beans,Tuticorin,166.7
2024-01-16,beans,Tenkasi,171.6
2024-01-16,okra,Tirunelveli,251.2
2024-01-16,okra,Madurai,235.4
2024-01-16,okra,Nagercoil,249.0
2024-01-16,okra,Tuticorin,221.0
2024-01-16,okra,Tenkasi,226.0
2024-01-17,tomato,Tirunelveli,426.6
2024-01-17,tomato,Madurai,449.4
2024-01-17,tomato,Nagercoil,443.2
2024-01-17,tomato,Tuticorin,437.3
2024-01-17,tomato,Tenkasi,453.8
2024-01-17,brinjal,Tirunelveli,282.6
2024-01-17,brinjal,Madurai,269.2
2024-01-17,brinjal,Nagercoil,254.3
2024-01-17,brinjal,Tuticorin,258.6
2024-01-17,brinjal,Tenkasi,245.7
2024-01-17,onion,Tirunelveli,387.8
2024-01-17,onion,Madurai,367.8
2024-01-17,onion,Nagercoil,375.1
2024-01-17,onion,Tuticorin,382.4
2024-01-17,onion,Tenkasi,405.9
2024-01-17,carrot,Tirunelveli,238.6
2024-01-17,carrot,Madurai,218.9
2024-01-17,carrot,Nagercoil,245.3
2024-01-17,carrot,Tuticorin,179.8
2024-01-17,carrot,Tenkasi,257.5
2024-01-17,cabbage,Tirunelveli,211.8
2024-01-17,cabbage,Madurai,200.1
2024-01-17,cabbage,Nagercoil,180.2
2024-01-17,cabbage,Tuticorin,189.2
2024-01-17,cabbage,Tenkasi,210.2
2024-01-17,potato,Tirunelveli,342.6
2024-01-17,potato,Madurai,343.4
2024-01-17,potato,Nagercoil,315.4
2024-01-17,potato,Tuticorin,311.4
2024-01-17,potato,Tenkasi,333.9
2024-01-17,beans,Tirunelveli,180.4
2024-01-17,beans,Madurai,165.1
2024-01-17,beans,Nagercoil,194.6
2024-01-17,beans,Tuticorin,165.7
2024-01-17,beans,Tenkasi,165.0
2024-01-17,okra,Tirunelveli,255.4
2024-01-17,okra,Madurai,266.4
2024-01-17,okra,Nagercoil,215.0
2024-01-17,okra,Tuticorin,219.6
2024-01-17,okra,Tenkasi,235.7
2024-01-18,tomato,Tirunelveli,503.2
2024-01-18,tomato,Madurai,434.8
2024-01-18,tomato,Nagercoil,437.6
2024-01-18,tomato,Tuticorin,452.4
2024-01-18,tomato,Tenkasi,459.5
2024-01-18,brinjal,Tirunelveli,278.4
2024-01-18,brinjal,Madurai,298.3
2024-01-18,brinjal,Nagercoil,251.1
2024-01-18,brinjal,Tuticorin,259.7
2024-01-18,brinjal,Tenkasi,298.2
2024-01-18,onion,Tirunelveli,385.2
2024-01-18,onion,Madurai,359.8
2024-01-18,onion,Nagercoil,358.5
2024-01-18,onion,Tuticorin,368.8
2024-01-18,onion,Tenkasi,385.0
2024-01-18,carrot,Tirunelveli,229.3
2024-01-18,carrot,Madurai,213.4
2024-01-18,carrot,Nagercoil,227.7
2024-01-18,carrot,Tuticorin,211.3
2024-01-18,carrot,Tenkasi,244.5
2024-01-18,cabbage,Tirunelveli,249.0
2024-01-18,cabbage,Madurai,190.1
2024-01-18,cabbage,Nagercoil,207.6
2024-01-18,cabbage,Tuticorin,206.0
2024-01-18,cabbage,Tenkasi,200.8
2024-01-18,potato,Tirunelveli,343.1
2024-01-18,potato,Madurai,339.6
2024-01-18,potato,Nagercoil,320.6
2024-01-18,potato,Tuticorin,356.3
2024-01-18,potato,Tenkasi,334.0
2024-01-18,beans,Tirunelveli,157.3
2024-01-18,beans,Madurai,213.9
2024-01-18,beans,Nagercoil,162.7
2024-01-18,beans,Tuticorin,170.1
2024-01-18,beans,Tenkasi,168.5
2024-01-18,okra,Tirunelveli,239.4
2024-01-18,okra,Madurai,251.0
2024-01-18,okra,Nagercoil,225.1
2024-01-18,okra,Tuticorin,253.9
2024-01-18,okra,Tenkasi,206.8
2024-01-19,tomato,Tirunelveli,414.0
2024-01-19,tomato,Madurai,476.5
2024-01-19,tomato,Nagercoil,414.9
2024-01-19,tomato,Tuticorin,400.8
2024-01-19,tomato,Tenkasi,415.4
2024-01-19,brinjal,Tirunelveli,309.8
2024-01-19,brinjal,Madurai,239.2
2024-01-19,brinjal,Nagercoil,255.9
2024-01-19,brinjal,Tuticorin,245.8
2024-01-19,brinjal,Tenkasi,269.5
2024-01-19,onion,Tirunelveli,376.3
2024-01-19,onion,Madurai,375.4
2024-01-19,onion,Nagercoil,422.1
2024-01-19,onion,Tuticorin,361.0
2024-01-19,onion,Tenkasi,383.0
2024-01-19,carrot,Tirunelveli,226.8
2024-01-19,carrot,Madurai,200.4
2024-01-19,carrot,Nagercoil,229.7
2024-01-19,carrot,Tuticorin,212.0
2024-01-19,carrot,Tenkasi,227.5
2024-01-19,cabbage,Tirunelveli,195.8
2024-01-19,cabbage,Madurai,157.0
2024-01-19,cabbage,Nagercoil,224.1
2024-01-19,cabbage,Tuticorin,239.4
2024-01-19,cabbage,Tenkasi,194.5
2024-01-19,potato,Tirunelveli,312.0
2024-01-19,potato,Madurai,360.1
2024-01-19,potato,Nagercoil,367.8
2024-01-19,potato,Tuticorin,326.6
2024-01-19,potato,Tenkasi,325.6
2024-01-19,beans,Tirunelveli,163.4
2024-01-19,beans,Madurai,131.5
2024-01-19,beans,Nagercoil,159.2
2024-01-19,beans,Tuticorin,199.3
2024-01-19,beans,Tenkasi,161.6
2024-01-19,okra,Tirunelveli,221.2
2024-01-19,okra,Madurai,251.9
2024-01-19,okra,Nagercoil,228.7
2024-01-19,okra,Tuticorin,240.7
2024-01-19,okra,Tenkasi,216.6
2024-01-20,tomato,Tirunelveli,485.3
2024-01-20,tomato,Madurai,520.8
2024-01-20,tomato,Nagercoil,508.3
2024-01-20,tomato,Tuticorin,490.5
2024-01-20,tomato,Tenkasi,508.4
2024-01-20,brinjal,Tirunelveli,304.1
2024-01-20,brinjal,Madurai,300.6
2024-01-20,brinjal,Nagercoil,339.5
2024-01-20,brinjal,Tuticorin,331.9
2024-01-20,brinjal,Tenkasi,315.8
2024-01-20,onion,Tirunelveli,445.6
2024-01-20,onion,Madurai,442.6
2024-01-20,onion,Nagercoil,452.5
2024-01-20,onion,Tuticorin,426.8
2024-01-20,onion,Tenkasi,460.0
2024-01-20,carrot,Tirunelveli,260.1
2024-01-20,carrot,Madurai,247.7
2024-01-20,carrot,Nagercoil,243.2
2024-01-20,carrot,Tuticorin,269.8
2024-01-20,carrot,Tenkasi,250.0
2024-01-20,cabbage,Tirunelveli,213.7
2024-01-20,cabbage,Madurai,220.0
2024-01-20,cabbage,Nagercoil,243.1
2024-01-20,cabbage,Tuticorin,195.5
2024-01-20,cabbage,Tenkasi,220.6
2024-01-20,potato,Tirunelveli,400.9
2024-01-20,potato,Madurai,376.1
2024-01-20,potato,Nagercoil,385.0
2024-01-20,potato,Tuticorin,401.2
2024-01-20,potato,Tenkasi,397.3
2024-01-20,beans,Tirunelveli,180.9
2024-01-20,beans,Madurai,187.1
2024-01-20,beans,Nagercoil,207.8
2024-01-20,beans,Tuticorin,208.5
2024-01-20,beans,Tenkasi,188.0
2024-01-20,okra,Tirunelveli,277.2
2024-01-20,okra,Madurai,283.7
2024-01-20,okra,Nagercoil,305.6
2024-01-20,okra,Tuticorin,299.7
2024-01-20,okra,Tenkasi,292.2
2024-01-21,tomato,Tirunelveli,484.4
2024-01-21,tomato,Madurai,500.5
2024-01-21,tomato,Nagercoil,501.6
2024-01-21,tomato,Tuticorin,534.4
2024-01-21,tomato,Tenkasi,501.2
2024-01-21,brinjal,Tirunelveli,341.3
2024-01-21,brinjal,Madurai,304.8
2024-01-21,brinjal,Nagercoil,306.4
2024-01-21,brinjal,Tuticorin,325.9
2024-01-21,brinjal,Tenkasi,347.6
2024-01-21,onion,Tirunelveli,438.5
2024-01-21,onion,Madurai,391.5
2024-01-21,onion,Nagercoil,411.5
2024-01-21,onion,Tuticorin,448.7
2024-01-21,onion,Tenkasi,413.3
2024-01-21,carrot,Tirunelveli,235.7
2024-01-21,carrot,Madurai,253.2
2024-01-21,carrot,Nagercoil,204.0
2024-01-21,carrot,Tuticorin,245.4
2024-01-21,carrot,Tenkasi,229.7
2024-01-21,cabbage,Tirunelveli,197.7
2024-01-21,cabbage,Madurai,211.7
2024-01-21,cabbage,Nagercoil,206.3
2024-01-21,cabbage,Tuticorin,237.1
2024-01-21,cabbage,Tenkasi,251.6
2024-01-21,potato,Tirunelveli,372.2
2024-01-21,potato,Madurai,367.6
2024-01-21,potato,Nagercoil,371.2
2024-01-21,potato,Tuticorin,357.3
2024-01-21,potato,Tenkasi,353.7
2024-01-21,beans,Tirunelveli,156.8
2024-01-21,beans,Madurai,163.2
2024-01-21,beans,Nagercoil,222.4
2024-01-21,beans,Tuticorin,175.9
2024-01-21,beans,Tenkasi,130.9
2024-01-21,okra,Tirunelveli,266.6
2024-01-21,okra,Madurai,246.5
2024-01-21,okra,Nagercoil,279.5
2024-01-21,okra,Tuticorin,277.3
2024-01-21,okra,Tenkasi,279.4
2024-01-22,tomato,Tirunelveli,439.2
2024-01-22,tomato,Madurai,432.5
2024-01-22,tomato,Nagercoil,410.9
2024-01-22,tomato,Tuticorin,438.5
2024-01-22,tomato,Tenkasi,460.4
2024-01-22,brinjal,Tirunelveli,311.3
2024-01-22,brinjal,Madurai,270.2
2024-01-22,brinjal,Nagercoil,272.4
2024-01-22,brinjal,Tuticorin,285.0
2024-01-22,brinjal,Tenkasi,304.9
2024-01-22,onion,Tirunelveli,375.3
2024-01-22,onion,Madurai,398.9
2024-01-22,onion,Nagercoil,368.5
2024-01-22,onion,Tuticorin,391.6
2024-01-22,onion,Tenkasi,404.4
2024-01-22,carrot,Tirunelveli,194.2
2024-01-22,carrot,Madurai,209.5
2024-01-22,carrot,Nagercoil,239.1
2024-01-22,carrot,Tuticorin,232.3
2024-01-22,carrot,Tenkasi,240.7
2024-01-22,cabbage,Tirunelveli,215.0
2024-01-22,cabbage,Madurai,191.2
2024-01-22,cabbage,Nagercoil,242.0
2024-01-22,cabbage,Tuticorin,200.7
2024-01-22,cabbage,Tenkasi,136.9
2024-01-22,potato,Tirunelveli,324.4
2024-01-22,potato,Madurai,320.6
2024-01-22,potato,Nagercoil,345.9
2024-01-22,potato,Tuticorin,321.0
2024-01-22,potato,Tenkasi,352.0
2024-01-22,beans,Tirunelveli,176.2
2024-01-22,beans,Madurai,145.0
2024-01-22,beans,Nagercoil,162.2
2024-01-22,beans,Tuticorin,149.5
2024-01-22,beans,Tenkasi,168.7
2024-01-22,okra,Tirunelveli,226.4
2024-01-22,okra,Madurai,243.5
2024-01-22,okra,Nagercoil,236.6
2024-01-22,okra,Tuticorin,239.0
2024-01-22,okra,Tenkasi,283.0
2024-01-23,tomato,Tirunelveli,432.8
2024-01-23,tomato,Madurai,401.3
2024-01-23,tomato,Nagercoil,460.3
2024-01-23,tomato,Tuticorin,460.2
2024-01-23,tomato,Tenkasi,400.4
2024-01-23,brinjal,Tirunelveli,261.0
2024-01-23,brinjal,Madurai,283.7
2024-01-23,brinjal,Nagercoil,285.5
2024-01-23,brinjal,Tuticorin,274.9
2024-01-23,brinjal,Tenkasi,275.4
2024-01-23,onion,Tirunelveli,366.2
2024-01-23,onion,Madurai,337.0
2024-01-23,onion,Nagercoil,426.0
2024-01-23,onion,Tuticorin,365.6
2024-01-23,onion,Tenkasi,388.5
2024-01-23,carrot,Tirunelveli,216.8
2024-01-23,carrot,Madurai,237.9
2024-01-23,carrot,Nagercoil,222.3
2024-01-23,carrot,Tuticorin,223.1
2024-01-23,carrot,Tenkasi,167.3
2024-01-23,cabbage,Tirunelveli,181.3
2024-01-23,cabbage,Madurai,212.9
2024-01-23,cabbage,Nagercoil,211.1
2024-01-23,cabbage,Tuticorin,179.0
2024-01-23,cabbage,Tenkasi,166.4
2024-01-23,potato,Tirunelveli,332.5
2024-01-23,potato,Madurai,271.9
2024-01-23,potato,Nagercoil,307.0
2024-01-23,potato,Tuticorin,365.2
2024-01-23,potato,Tenkasi,358.9
2024-01-23,beans,Tirunelveli,174.7
2024-01-23,beans,Madurai,171.1
2024-01-23,beans,Nagercoil,126.0
2024-01-23,beans,Tuticorin,150.2
2024-01-23,beans,Tenkasi,159.1
2024-01-23,okra,Tirunelveli,227.6
2024-01-23,okra,Madurai,235.0
2024-01-23,okra,Nagercoil,268.0
2024-01-23,okra,Tuticorin,231.2
2024-01-23,okra,Tenkasi,235.2
2024-01-24,tomato,Tirunelveli,454.8
2024-01-24,tomato,Madurai,411.6
2024-01-24,tomato,Nagercoil,423.2
2024-01-24,tomato,Tuticorin,425.2
2024-01-24,tomato,Tenkasi,441.1
2024-01-24,brinjal,Tirunelveli,268.1
2024-01-24,brinjal,Madurai,268.7
2024-01-24,brinjal,Nagercoil,261.7
2024-01-24,brinjal,Tuticorin,253.6
2024-01-24,brinjal,Tenkasi,287.2
2024-01-24,onion,Tirunelveli,378.2
2024-01-24,onion,Madurai,397.4
2024-01-24,onion,Nagercoil,362.8
2024-01-24,onion,Tuticorin,371.7
2024-01-24,onion,Tenkasi,380.6
2024-01-24,carrot,Tirunelveli,217.4
2024-01-24,carrot,Madurai,235.1
2024-01-24,carrot,Nagercoil,211.4
2024-01-24,carrot,Tuticorin,234.9
2024-01-24,carrot,Tenkasi,227.5
2024-01-24,cabbage,Tirunelveli,195.9
2024-01-24,cabbage,Madurai,179.0
2024-01-24,cabbage,Nagercoil,213.1
2024-01-24,cabbage,Tuticorin,179.5
2024-01-24,cabbage,Tenkasi,197.6
2024-01-24,potato,Tirunelveli,328.9
2024-01-24,potato,Madurai,325.9
2024-01-24,potato,Nagercoil,322.2
2024-01-24,potato,Tuticorin,313.6
2024-01-24,potato,Tenkasi,297.7
2024-01-24,beans,Tirunelveli,193.1
2024-01-24,beans,Madurai,155.2
2024-01-24,beans,Nagercoil,162.4
2024-01-24,beans,Tuticorin,162.3
2024-01-24,beans,Tenkasi,186.9
2024-01-24,okra,Tirunelveli,280.7
2024-01-24,okra,Madurai,245.2
2024-01-24,okra,Nagercoil,238.9
2024-01-24,okra,Tuticorin,219.5
2024-01-24,okra,Tenkasi,213.1
2024-01-25,tomato,Tirunelveli,404.5
2024-01-25,tomato,Madurai,424.1
2024-01-25,tomato,Nagercoil,398.2
2024-01-25,tomato,Tuticorin,461.6
2024-01-25,tomato,Tenkasi,448.5
2024-01-25,brinjal,Tirunelveli,270.0
2024-01-25,brinjal,Madurai,297.2
2024-01-25,brinjal,Nagercoil,253.6
2024-01-25,brinjal,Tuticorin,258.6
2024-01-25,brinjal,Tenkasi,236.3
2024-01-25,onion,Tirunelveli,400.5
2024-01-25,onion,Madurai,368.8
2024-01-25,onion,Nagercoil,385.3
2024-01-25,onion,Tuticorin,405.1
2024-01-25,onion,Tenkasi,412.4
2024-01-25,carrot,Tirunelveli,219.4
2024-01-25,carrot,Madurai,227.7
2024-01-25,carrot,Nagercoil,201.9
2024-01-25,carrot,Tuticorin,253.7
2024-01-25,carrot,Tenkasi,216.7
2024-01-25,cabbage,Tirunelveli,199.6
2024-01-25,cabbage,Madurai,189.9
2024-01-25,cabbage,Nagercoil,222.0
2024-01-25,cabbage,Tuticorin,202.0
2024-01-25,cabbage,Tenkasi,213.2
2024-01-25,potato,Tirunelveli,337.1
2024-01-25,potato,Madurai,325.6
2024-01-25,potato,Nagercoil,348.6
2024-01-25,potato,Tuticorin,336.9
2024-01-25,potato,Tenkasi,310.8
2024-01-25,beans,Tirunelveli,145.2
2024-01-25,beans,Madurai,168.0
2024-01-25,beans,Nagercoil,183.1
2024-01-25,beans,Tuticorin,197.8
2024-01-25,beans,Tenkasi,129.5
2024-01-25,okra,Tirunelveli,242.5
2024-01-25,okra,Madurai,251.8
2024-01-25,okra,Nagercoil,247.9
2024-01-25,okra,Tuticorin,262.2
2024-01-25,okra,Tenkasi,255.1
2024-01-26,tomato,Tirunelveli,420.3
2024-01-26,tomato,Madurai,419.7
2024-01-26,tomato,Nagercoil,446.2
2024-01-26,tomato,Tuticorin,459.8
2024-01-26,tomato,Tenkasi,442.9
2024-01-26,brinjal,Tirunelveli,243.4
2024-01-26,brinjal,Madurai,254.1
2024-01-26,brinjal,Nagercoil,288.8
2024-01-26,brinjal,Tuticorin,268.0
2024-01-26,brinjal,Tenkasi,277.4
2024-01-26,onion,Tirunelveli,406.3
2024-01-26,onion,Madurai,361.0
2024-01-26,onion,Nagercoil,376.7
2024-01-26,onion,Tuticorin,374.5
2024-01-26,onion,Tenkasi,392.1
2024-01-26,carrot,Tirunelveli,235.5
2024-01-26,carrot,Madurai,190.4
2024-01-26,carrot,Nagercoil,219.9
2024-01-26,carrot,Tuticorin,237.4
2024-01-26,carrot,Tenkasi,182.9
2024-01-26,cabbage,Tirunelveli,196.7
2024-01-26,cabbage,Madurai,173.7
2024-01-26,cabbage,Nagercoil,185.2
2024-01-26,cabbage,Tuticorin,147.9
2024-01-26,cabbage,Tenkasi,225.9
2024-01-26,potato,Tirunelveli,322.9
2024-01-26,potato,Madurai,313.9
2024-01-26,potato,Nagercoil,336.6
2024-01-26,potato,Tuticorin,309.2
2024-01-26,potato,Tenkasi,307.3
2024-01-26,beans,Tirunelveli,195.2
2024-01-26,beans,Madurai,201.2
2024-01-26,beans,Nagercoil,153.2
2024-01-26,beans,Tuticorin,186.3
2024-01-26,beans,Tenkasi,172.1
2024-01-26,okra,Tirunelveli,213.7
2024-01-26,okra,Madurai,223.4
2024-01-26,okra,Nagercoil,273.0
2024-01-26,okra,Tuticorin,213.5
2024-01-26,okra,Tenkasi,287.6
2024-01-27,tomato,Tirunelveli,494.6
2024-01-27,tomato,Madurai,537.6
2024-01-27,tomato,Nagercoil,499.9
2024-01-27,tomato,Tuticorin,522.0
2024-01-27,tomato,Tenkasi,533.9
2024-01-27,brinjal,Tirunelveli,344.0
2024-01-27,brinjal,Madurai,304.6
2024-01-27,brinjal,Nagercoil,299.1
2024-01-27,brinjal,Tuticorin,314.6
2024-01-27,brinjal,Tenkasi,290.2
2024-01-27,onion,Tirunelveli,447.5
2024-01-27,onion,Madurai,426.3
2024-01-27,onion,Nagercoil,464.4
2024-01-27,onion,Tuticorin,431.3
2024-01-27,onion,Tenkasi,407.9
2024-01-27,carrot,Tirunelveli,281.0
2024-01-27,carrot,Madurai,256.7
2024-01-27,carrot,Nagercoil,253.6
2024-01-27,carrot,Tuticorin,274.9
2024-01-27,carrot,Tenkasi,270.4
2024-01-27,cabbage,Tirunelveli,212.5
2024-01-27,cabbage,Madurai,218.7
2024-01-27,cabbage,Nagercoil,205.4
2024-01-27,cabbage,Tuticorin,198.4
2024-01-27,cabbage,Tenkasi,239.3
2024-01-27,potato,Tirunelveli,387.3
2024-01-27,potato,Madurai,394.7
2024-01-27,potato,Nagercoil,405.1
2024-01-27,potato,Tuticorin,395.0
2024-01-27,potato,Tenkasi,396.8
2024-01-27,beans,Tirunelveli,148.2
2024-01-27,beans,Madurai,183.6
2024-01-27,beans,Nagercoil,209.0
2024-01-27,beans,Tuticorin,166.4
2024-01-27,beans,Tenkasi,191.6
2024-01-27,okra,Tirunelveli,288.7
2024-01-27,okra,Madurai,287.2
2024-01-27,okra,Nagercoil,285.7
2024-01-27,okra,Tuticorin,290.3
2024-01-27,okra,Tenkasi,281.9
2024-01-28,tomato,Tirunelveli,476.7
2024-01-28,tomato,Madurai,516.1
2024-01-28,tomato,Nagercoil,511.7
2024-01-28,tomato,Tuticorin,477.0
2024-01-28,tomato,Tenkasi,533.6
2024-01-28,brinjal,Tirunelveli,326.9
2024-01-28,brinjal,Madurai,288.6
2024-01-28,brinjal,Nagercoil,299.9
2024-01-28,brinjal,Tuticorin,305.0
2024-01-28,brinjal,Tenkasi,305.0
2024-01-28,onion,Tirunelveli,448.6
2024-01-28,onion,Madurai,423.2
2024-01-28,onion,Nagercoil,465.3
2024-01-28,onion,Tuticorin,463.7
2024-01-28,onion,Tenkasi,455.1
2024-01-28,carrot,Tirunelveli,253.9
2024-01-28,carrot,Madurai,271.7
2024-01-28,carrot,Nagercoil,247.5
2024-01-28,carrot,Tuticorin,238.5
2024-01-28,carrot,Tenkasi,276.8
2024-01-28,cabbage,Tirunelveli,234.1
2024-01-28,cabbage,Madurai,214.0
2024-01-28,cabbage,Nagercoil,219.3
2024-01-28,cabbage,Tuticorin,213.0
2024-01-28,cabbage,Tenkasi,268.1
2024-01-28,potato,Tirunelveli,379.6
2024-01-28,potato,Madurai,382.7
2024-01-28,potato,Nagercoil,393.9
2024-01-28,potato,Tuticorin,355.2
2024-01-28,potato,Tenkasi,401.4
2024-01-28,beans,Tirunelveli,177.6
2024-01-28,beans,Madurai,226.4
2024-01-28,beans,Nagercoil,183.5
2024-01-28,beans,Tuticorin,210.5
2024-01-28,beans,Tenkasi,139.8
2024-01-28,okra,Tirunelveli,254.8
2024-01-28,okra,Madurai,272.4
2024-01-28,okra,Nagercoil,237.7
2024-01-28,okra,Tuticorin,290.3
2024-01-28,okra,Tenkasi,284.6
2024-01-29,tomato,Tirunelveli,420.2
2024-01-29,tomato,Madurai,439.7
2024-01-29,tomato,Nagercoil,456.1
2024-01-29,tomato,Tuticorin,397.9
2024-01-29,tomato,Tenkasi,414.5
2024-01-29,brinjal,Tirunelveli,268.3
2024-01-29,brinjal,Madurai,275.5
2024-01-29,brinjal,Nagercoil,273.8
2024-01-29,brinjal,Tuticorin,292.8
2024-01-29,brinjal,Tenkasi,284.5
2024-01-29,onion,Tirunelveli,398.9
2024-01-29,onion,Madurai,357.2
2024-01-29,onion,Nagercoil,387.9
2024-01-29,onion,Tuticorin,378.9
2024-01-29,onion,Tenkasi,414.2
2024-01-29,carrot,Tirunelveli,223.5
2024-01-29,carrot,Madurai,206.6
2024-01-29,carrot,Nagercoil,237.1
2024-01-29,carrot,Tuticorin,231.3
2024-01-29,carrot,Tenkasi,203.6
2024-01-29,cabbage,Tirunelveli,191.0
2024-01-29,cabbage,Madurai,191.4
2024-01-29,cabbage,Nagercoil,222.5
2024-01-29,cabbage,Tuticorin,202.1
2024-01-29,cabbage,Tenkasi,212.5
2024-01-29,potato,Tirunelveli,320.1
2024-01-29,potato,Madurai,336.7
2024-01-29,potato,Nagercoil,356.1
2024-01-29,potato,Tuticorin,322.8
2024-01-29,potato,Tenkasi,332.3
2024-01-29,beans,Tirunelveli,137.7
2024-01-29,beans,Madurai,149.7
2024-01-29,beans,Nagercoil,158.3
2024-01-29,beans,Tuticorin,143.8
2024-01-29,beans,Tenkasi,191.4
2024-01-29,okra,Tirunelveli,225.2
2024-01-29,okra,Madurai,257.7
2024-01-29,okra,Nagercoil,245.7
2024-01-29,okra,Tuticorin,242.6
2024-01-29,okra,Tenkasi,271.7
2024-01-30,tomato,Tirunelveli,394.8
2024-01-30,tomato,Madurai,436.1
2024-01-30,tomato,Nagercoil,418.4
2024-01-30,tomato,Tuticorin,400.8
2024-01-30,tomato,Tenkasi,416.1
2024-01-30,brinjal,Tirunelveli,275.3
2024-01-30,brinjal,Madurai,260.5
2024-01-30,brinjal,Nagercoil,292.9
2024-01-30,brinjal,Tuticorin,270.7
2024-01-30,brinjal,Tenkasi,268.5
2024-01-30,onion,Tirunelveli,378.6
2024-01-30,onion,Madurai,383.0
2024-01-30,onion,Nagercoil,376.6
2024-01-30,onion,Tuticorin,368.0
2024-01-30,onion,Tenkasi,404.8
2024-01-30,carrot,Tirunelveli,207.5
2024-01-30,carrot,Madurai,212.3
2024-01-30,carrot,Nagercoil,228.6
2024-01-30,carrot,Tuticorin,226.4
2024-01-30,carrot,Tenkasi,202.1
2024-01-30,cabbage,Tirunelveli,213.1
2024-01-30,cabbage,Madurai,208.8
2024-01-30,cabbage,Nagercoil,201.6
2024-01-30,cabbage,Tuticorin,189.4
2024-01-30,cabbage,Tenkasi,189.9
2024-01-30,potato,Tirunelveli,326.0
2024-01-30,potato,Madurai,305.4
2024-01-30,potato,Nagercoil,329.2
2024-01-30,potato,Tuticorin,347.8
2024-01-30,potato,Tenkasi,347.5
2024-01-30,beans,Tirunelveli,157.4
2024-01-30,beans,Madurai,186.3
2024-01-30,beans,Nagercoil,203.1
2024-01-30,beans,Tuticorin,158.7
2024-01-30,beans,Tenkasi,178.8
2024-01-30,okra,Tirunelveli,196.7
2024-01-30,okra,Madurai,216.8
2024-01-30,okra,Nagercoil,243.8
2024-01-30,okra,Tuticorin,221.9
2024-01-30,okra,Tenkasi,282.8
2024-01-31,tomato,Tirunelveli,452.0
2024-01-31,tomato,Madurai,459.3
2024-01-31,tomato,Nagercoil,439.4
2024-01-31,tomato,Tuticorin,419.9
2024-01-31,tomato,Tenkasi,429.6
2024-01-31,brinjal,Tirunelveli,280.1
2024-01-31,brinjal,Madurai,262.2
2024-01-31,brinjal,Nagercoil,288.4
2024-01-31,brinjal,Tuticorin,289.2
2024-01-31,brinjal,Tenkasi,275.1
2024-01-31,onion,Tirunelveli,348.5
2024-01-31,onion,Madurai,419.3
2024-01-31,onion,Nagercoil,380.7
2024-01-31,onion,Tuticorin,439.2
2024-01-31,onion,Tenkasi,398.1
2024-01-31,carrot,Tirunelveli,215.8
2024-01-31,carrot,Madurai,229.0
2024-01-31,carrot,Nagercoil,179.6
2024-01-31,carrot,Tuticorin,240.5
2024-01-31,carrot,Tenkasi,271.3
2024-01-31,cabbage,Tirunelveli,156.2
2024-01-31,cabbage,Madurai,192.3
2024-01-31,cabbage,Nagercoil,195.9
2024-01-31,cabbage,Tuticorin,215.5
2024-01-31,cabbage,Tenkasi,240.1
2024-01-31,potato,Tirunelveli,337.7
2024-01-31,potato,Madurai,372.8
2024-01-31,potato,Nagercoil,333.4
2024-01-31,potato,Tuticorin,339.0
2024-01-31,potato,Tenkasi,336.6
2024-01-31,beans,Tirunelveli,189.4
2024-01-31,beans,Madurai,156.6
2024-01-31,beans,Nagercoil,181.4
2024-01-31,beans,Tuticorin,140.4
2024-01-31,beans,Tenkasi,159.3
2024-01-31,okra,Tirunelveli,229.3
2024-01-31,okra,Madurai,243.8
2024-01-31,okra,Nagercoil,235.7
2024-01-31,okra,Tuticorin,264.6
2024-01-31,okra,Tenkasi,224.4
2024-02-01,tomato,Tirunelveli,434.7
2024-02-01,tomato,Madurai,442.1
2024-02-01,tomato,Nagercoil,489.2
2024-02-01,tomato,Tuticorin,449.9
2024-02-01,tomato,Tenkasi,477.2
2024-02-01,brinjal,Tirunelveli,287.4
2024-02-01,brinjal,Madurai,309.8
2024-02-01,brinjal,Nagercoil,288.7
2024-02-01,brinjal,Tuticorin,348.6
2024-02-01,brinjal,Tenkasi,331.3
2024-02-01,onion,Tirunelveli,404.3
2024-02-01,onion,Madurai,401.6
2024-02-01,onion,Nagercoil,473.3
2024-02-01,onion,Tuticorin,389.0
2024-02-01,onion,Tenkasi,409.5
2024-02-01,carrot,Tirunelveli,235.1
2024-02-01,carrot,Madurai,234.6
2024-02-01,carrot,Nagercoil,199.9
2024-02-01,carrot,Tuticorin,244.6
2024-02-01,carrot,Tenkasi,215.2
2024-02-01,cabbage,Tirunelveli,239.9
2024-02-01,cabbage,Madurai,182.1
2024-02-01,cabbage,Nagercoil,212.4
2024-02-01,cabbage,Tuticorin,166.9
2024-02-01,cabbage,Tenkasi,168.1
2024-02-01,potato,Tirunelveli,335.2
2024-02-01,potato,Madurai,338.0
2024-02-01,potato,Nagercoil,381.3
2024-02-01,potato,Tuticorin,351.1
2024-02-01,potato,Tenkasi,377.8
2024-02-01,beans,Tirunelveli,168.4
2024-02-01,beans,Madurai,188.1
2024-02-01,beans,Nagercoil,161.5
2024-02-01,beans,Tuticorin,160.1
2024-02-01,beans,Tenkasi,139.6
2024-02-01,okra,Tirunelveli,264.8
2024-02-01,okra,Madurai,263.3
2024-02-01,okra,Nagercoil,273.7
2024-02-01,okra,Tuticorin,262.4
2024-02-01,okra,Tenkasi,298.6
2024-02-02,tomato,Tirunelveli,472.8
2024-02-02,tomato,Madurai,489.1
2024-02-02,tomato,Nagercoil,462.8
2024-02-02,tomato,Tuticorin,451.1
2024-02-02,tomato,Tenkasi,483.6
2024-02-02,brinjal,Tirunelveli,291.5
2024-02-02,brinjal,Madurai,309.9
2024-02-02,brinjal,Nagercoil,300.4
2024-02-02,brinjal,Tuticorin,277.4
2024-02-02,brinjal,Tenkasi,314.8
2024-02-02,onion,Tirunelveli,393.2
2024-02-02,onion,Madurai,423.1
2024-02-02,onion,Nagercoil,436.3
2024-02-02,onion,Tuticorin,402.9
2024-02-02,onion,Tenkasi,433.7
2024-02-02,carrot,Tirunelveli,242.6
2024-02-02,carrot,Madurai,251.7
2024-02-02,carrot,Nagercoil,217.9
2024-02-02,carrot,Tuticorin,238.9
2024-02-02,carrot,Tenkasi,206.5
2024-02-02,cabbage,Tirunelveli,245.4
2024-02-02,cabbage,Madurai,170.9
2024-02-02,cabbage,Nagercoil,204.1
2024-02-02,cabbage,Tuticorin,192.5
2024-02-02,cabbage,Tenkasi,224.7
2024-02-02,potato,Tirunelveli,390.4
2024-02-02,potato,Madurai,365.1
2024-02-02,potato,Nagercoil,411.2
2024-02-02,potato,Tuticorin,324.4
2024-02-02,potato,Tenkasi,325.9
2024-02-02,beans,Tirunelveli,158.1
2024-02-02,beans,Madurai,178.4
2024-02-02,beans,Nagercoil,155.4
2024-02-02,beans,Tuticorin,160.9
2024-02-02,beans,Tenkasi,188.4
2024-02-02,okra,Tirunelveli,233.3
2024-02-02,okra,Madurai,235.4
2024-02-02,okra,Nagercoil,250.1
2024-02-02,okra,Tuticorin,252.0
2024-02-02,okra,Tenkasi,278.3
2024-02-03,tomato,Tirunelveli,521.7
2024-02-03,tomato,Madurai,525.3
2024-02-03,tomato,Nagercoil,551.3
2024-02-03,tomato,Tuticorin,555.7
2024-02-03,tomato,Tenkasi,568.2
2024-02-03,brinjal,Tirunelveli,346.7
2024-02-03,brinjal,Madurai,339.9
2024-02-03,brinjal,Nagercoil,348.8
2024-02-03,brinjal,Tuticorin,331.9
2024-02-03,brinjal,Tenkasi,331.8
2024-02-03,onion,Tirunelveli,436.7
2024-02-03,onion,Madurai,490.1
2024-02-03,onion,Nagercoil,476.4
2024-02-03,onion,Tuticorin,487.8
2024-02-03,onion,Tenkasi,415.9
2024-02-03,carrot,Tirunelveli,268.9
2024-02-03,carrot,Madurai,252.7
2024-02-03,carrot,Nagercoil,299.9
2024-02-03,carrot,Tuticorin,282.1
2024-02-03,carrot,Tenkasi,274.5
2024-02-03,cabbage,Tirunelveli,234.2
2024-02-03,cabbage,Madurai,250.8
2024-02-03,cabbage,Nagercoil,224.3
2024-02-03,cabbage,Tuticorin,240.9
2024-02-03,cabbage,Tenkasi,231.3
2024-02-03,potato,Tirunelveli,450.1
2024-02-03,potato,Madurai,434.2
2024-02-03,potato,Nagercoil,426.0
2024-02-03,potato,Tuticorin,374.9
2024-02-03,potato,Tenkasi,422.0
2024-02-03,beans,Tirunelveli,206.1
2024-02-03,beans,Madurai,226.8
2024-02-03,beans,Nagercoil,208.8
2024-02-03,beans,Tuticorin,202.2
2024-02-03,beans,Tenkasi,207.1
2024-02-03,okra,Tirunelveli,260.7
2024-02-03,okra,Madurai,281.5
2024-02-03,okra,Nagercoil,304.3
2024-02-03,okra,Tuticorin,319.6
2024-02-03,okra,Tenkasi,285.8
2024-02-04,tomato,Tirunelveli,538.9
2024-02-04,tomato,Madurai,507.7
2024-02-04,tomato,Nagercoil,568.9
2024-02-04,tomato,Tuticorin,561.9
2024-02-04,tomato,Tenkasi,552.7
2024-02-04,brinjal,Tirunelveli,345.4
2024-02-04,brinjal,Madurai,368.3
2024-02-04,brinjal,Nagercoil,321.2
2024-02-04,brinjal,Tuticorin,319.0
2024-02-04,brinjal,Tenkasi,358.5
2024-02-04,onion,Tirunelveli,492.1
2024-02-04,onion,Madurai,448.3
2024-02-04,onion,Nagercoil,461.6
2024-02-04,onion,Tuticorin,506.0
2024-02-04,onion,Tenkasi,480.4
2024-02-04,carrot,Tirunelveli,285.6
2024-02-04,carrot,Madurai,246.7
2024-02-04,carrot,Nagercoil,283.0
2024-02-04,carrot,Tuticorin,241.4
2024-02-04,carrot,Tenkasi,230.2
2024-02-04,cabbage,Tirunelveli,257.4
2024-02-04,cabbage,Madurai,271.5
2024-02-04,cabbage,Nagercoil,237.8
2024-02-04,cabbage,Tuticorin,231.9
2024-02-04,cabbage,Tenkasi,277.1
2024-02-04,potato,Tirunelveli,400.9
2024-02-04,potato,Madurai,403.4
2024-02-04,potato,Nagercoil,438.6
2024-02-04,potato,Tuticorin,397.7
2024-02-04,potato,Tenkasi,391.7
2024-02-04,beans,Tirunelveli,218.7
2024-02-04,beans,Madurai,188.1
2024-02-04,beans,Nagercoil,199.5
2024-02-04,beans,Tuticorin,176.0
2024-02-04,beans,Tenkasi,206.1
2024-02-04,okra,Tirunelveli,298.2
2024-02-04,okra,Madurai,316.2
2024-02-04,okra,Nagercoil,314.0
2024-02-04,okra,Tuticorin,307.9
2024-02-04,okra,Tenkasi,304.7
2024-02-05,tomato,Tirunelveli,467.8
2024-02-05,tomato,Madurai,481.5
2024-02-05,tomato,Nagercoil,447.0
2024-02-05,tomato,Tuticorin,422.3
2024-02-05,tomato,Tenkasi,492.5
2024-02-05,brinjal,Tirunelveli,306.8
2024-02-05,brinjal,Madurai,290.8
2024-02-05,brinjal,Nagercoil,314.8
2024-02-05,brinjal,Tuticorin,278.7
2024-02-05,brinjal,Tenkasi,279.2
2024-02-05,onion,Tirunelveli,393.7
2024-02-05,onion,Madurai,422.0
2024-02-05,onion,Nagercoil,379.0
2024-02-05,onion,Tuticorin,395.3
2024-02-05,onion,Tenkasi,416.4
2024-02-05,carrot,Tirunelveli,210.6
2024-02-05,carrot,Madurai,221.4
2024-02-05,carrot,Nagercoil,190.4
2024-02-05,carrot,Tuticorin,246.8
2024-02-05,carrot,Tenkasi,220.9
2024-02-05,cabbage,Tirunelveli,189.2
2024-02-05,cabbage,Madurai,185.3
2024-02-05,cabbage,Nagercoil,202.8
2024-02-05,cabbage,Tuticorin,179.6
2024-02-05,cabbage,Tenkasi,250.0
2024-02-05,potato,Tirunelveli,304.3
2024-02-05,potato,Madurai,342.9
2024-02-05,potato,Nagercoil,354.1
2024-02-05,potato,Tuticorin,336.5
2024-02-05,potato,Tenkasi,356.2
2024-02-05,beans,Tirunelveli,160.0
2024-02-05,beans,Madurai,206.6
2024-02-05,beans,Nagercoil,153.6
2024-02-05,beans,Tuticorin,129.0
2024-02-05,beans,Tenkasi,150.0
2024-02-05,okra,Tirunelveli,265.8
2024-02-05,okra,Madurai,255.7
2024-02-05,okra,Nagercoil,273.1
2024-02-05,okra,Tuticorin,268.1
2024-02-05,okra,Tenkasi,245.4
2024-02-06,tomato,Tirunelveli,459.5
2024-02-06,tomato,Madurai,461.6
2024-02-06,tomato,Nagercoil,507.0
2024-02-06,tomato,Tuticorin,483.1
2024-02-06,tomato,Tenkasi,507.1
2024-02-06,brinjal,Tirunelveli,310.1
2024-02-06,brinjal,Madurai,292.0
2024-02-06,brinjal,Nagercoil,272.9
2024-02-06,brinjal,Tuticorin,297.3
2024-02-06,brinjal,Tenkasi,292.1
2024-02-06,onion,Tirunelveli,408.7
2024-02-06,onion,Madurai,406.4
2024-02-06,onion,Nagercoil,369.6
2024-02-06,onion,Tuticorin,435.8
2024-02-06,onion,Tenkasi,409.6
2024-02-06,carrot,Tirunelveli,206.4
2024-02-06,carrot,Madurai,244.3
2024-02-06,carrot,Nagercoil,217.5
2024-02-06,carrot,Tuticorin,245.9
2024-02-06,carrot,Tenkasi,252.3
2024-02-06,cabbage,Tirunelveli,231.6
2024-02-06,cabbage,Madurai,208.0
2024-02-06,cabbage,Nagercoil,202.9
2024-02-06,cabbage,Tuticorin,198.7
2024-02-06,cabbage,Tenkasi,196.7
2024-02-06,potato,Tirunelveli,351.6
2024-02-06,potato,Madurai,347.8
2024-02-06,potato,Nagercoil,335.5
2024-02-06,potato,Tuticorin,329.1
2024-02-06,potato,Tenkasi,349.8
2024-02-06,beans,Tirunelveli,167.3
2024-02-06,beans,Madurai,153.2
2024-02-06,beans,Nagercoil,192.6
2024-02-06,beans,Tuticorin,211.4
2024-02-06,beans,Tenkasi,195.2
2024-02-06,okra,Tirunelveli,243.7
2024-02-06,okra,Madurai,257.1
2024-02-06,okra,Nagercoil,288.9
2024-02-06,okra,Tuticorin,234.6
2024-02-06,okra,Tenkasi,273.8
2024-02-07,tomato,Tirunelveli,440.3
2024-02-07,tomato,Madurai,503.0
2024-02-07,tomato,Nagercoil,460.7
2024-02-07,tomato,Tuticorin,513.9
2024-02-07,tomato,Tenkasi,503.8
2024-02-07,brinjal,Tirunelveli,291.2
2024-02-07,brinjal,Madurai,278.9
2024-02-07,brinjal,Nagercoil,297.2
2024-02-07,brinjal,Tuticorin,289.7
2024-02-07,brinjal,Tenkasi,285.3
2024-02-07,onion,Tirunelveli,377.5
2024-02-07,onion,Madurai,400.3
2024-02-07,onion,Nagercoil,388.4
2024-02-07,onion,Tuticorin,421.7
2024-02-07,onion,Tenkasi,430.4
2024-02-07,carrot,Tirunelveli,249.5
2024-02-07,carrot,Madurai,241.5
2024-02-07,carrot,Nagercoil,217.6
2024-02-07,carrot,Tuticorin,238.7
2024-02-07,carrot,Tenkasi,250.5
2024-02-07,cabbage,Tirunelveli,199.5
2024-02-07,cabbage,Madurai,213.6
2024-02-07,cabbage,Nagercoil,208.3
2024-02-07,cabbage,Tuticorin,244.4
2024-02-07,cabbage,Tenkasi,228.2
2024-02-07,potato,Tirunelveli,364.1
2024-02-07,potato,Madurai,317.6
2024-02-07,potato,Nagercoil,355.4
2024-02-07,potato,Tuticorin,348.9
2024-02-07,potato,Tenkasi,348.7
2024-02-07,beans,Tirunelveli,144.7
2024-02-07,beans,Madurai,154.2
2024-02-07,beans,Nagercoil,174.6
2024-02-07,beans,Tuticorin,198.3
2024-02-07,beans,Tenkasi,164.2
2024-02-07,okra,Tirunelveli,250.1
2024-02-07,okra,Madurai,293.7
2024-02-07,okra,Nagercoil,252.2
2024-02-07,okra,Tuticorin,255.5
2024-02-07,okra,Tenkasi,255.8
2024-02-08,tomato,Tirunelveli,442.4
2024-02-08,tomato,Madurai,480.7
2024-02-08,tomato,Nagercoil,456.2
2024-02-08,tomato,Tuticorin,468.7
2024-02-08,tomato,Tenkasi,478.2
2024-02-08,brinjal,Tirunelveli,332.2
2024-02-08,brinjal,Madurai,266.9
2024-02-08,brinjal,Nagercoil,310.6
2024-02-08,brinjal,Tuticorin,310.7
2024-02-08,brinjal,Tenkasi,280.5
2024-02-08,onion,Tirunelveli,422.6
2024-02-08,onion,Madurai,443.5
2024-02-08,onion,Nagercoil,395.3
2024-02-08,onion,Tuticorin,415.5
2024-02-08,onion,Tenkasi,418.7
2024-02-08,carrot,Tirunelveli,245.3
2024-02-08,carrot,Madurai,250.0
2024-02-08,carrot,Nagercoil,238.0
2024-02-08,carrot,Tuticorin,244.9
2024-02-08,carrot,Tenkasi,216.4
2024-02-08,cabbage,Tirunelveli,214.5
2024-02-08,cabbage,Madurai,201.7
2024-02-08,cabbage,Nagercoil,186.6
2024-02-08,cabbage,Tuticorin,201.0
2024-02-08,cabbage,Tenkasi,216.6
2024-02-08,potato,Tirunelveli,360.7
2024-02-08,potato,Madurai,326.6
2024-02-08,potato,Nagercoil,333.2
2024-02-08,potato,Tuticorin,366.5
2024-02-08,potato,Tenkasi,362.1
2024-02-08,beans,Tirunelveli,193.7
2024-02-08,beans,Madurai,203.3
2024-02-08,beans,Nagercoil,186.7
2024-02-08,beans,Tuticorin,167.7
2024-02-08,beans,Tenkasi,178.3
2024-02-08,okra,Tirunelveli,291.3
2024-02-08,okra,Madurai,313.4
2024-02-08,okra,Nagercoil,267.4
2024-02-08,okra,Tuticorin,268.8
2024-02-08,okra,Tenkasi,272.6
2024-02-09,tomato,Tirunelveli,469.8
2024-02-09,tomato,Madurai,492.6
2024-02-09,tomato,Nagercoil,489.4
2024-02-09,tomato,Tuticorin,476.4
2024-02-09,tomato,Tenkasi,462.9
2024-02-09,brinjal,Tirunelveli,262.9
2024-02-09,brinjal,Madurai,307.9
2024-02-09,brinjal,Nagercoil,297.6
2024-02-09,brinjal,Tuticorin,278.5
2024-02-09,brinjal,Tenkasi,270.7
2024-02-09,onion,Tirunelveli,423.9
2024-02-09,onion,Madurai,378.6
2024-02-09,onion,Nagercoil,416.6
2024-02-09,onion,Tuticorin,427.5
2024-02-09,onion,Tenkasi,421.6
2024-02-09,carrot,Tirunelveli,226.8
2024-02-09,carrot,Madurai,209.7
2024-02-09,carrot,Nagercoil,246.4
2024-02-09,carrot,Tuticorin,258.7
2024-02-09,carrot,Tenkasi,223.2
2024-02-09,cabbage,Tirunelveli,221.3
2024-02-09,cabbage,Madurai,242.8
2024-02-09,cabbage,Nagercoil,218.0
2024-02-09,cabbage,Tuticorin,203.2
2024-02-09,cabbage,Tenkasi,232.0
2024-02-09,potato,Tirunelveli,337.2
2024-02-09,potato,Madurai,326.0
2024-02-09,potato,Nagercoil,368.2
2024-02-09,potato,Tuticorin,343.8
2024-02-09,potato,Tenkasi,345.6
2024-02-09,beans,Tirunelveli,163.4
2024-02-09,beans,Madurai,166.5
2024-02-09,beans,Nagercoil,204.0
2024-02-09,beans,Tuticorin,209.2
2024-02-09,beans,Tenkasi,211.9
2024-02-09,okra,Tirunelveli,279.9
2024-02-09,okra,Madurai,267.4
2024-02-09,okra,Nagercoil,229.5
2024-02-09,okra,Tuticorin,254.4
2024-02-09,okra,Tenkasi,301.2
2024-02-10,tomato,Tirunelveli,531.0
2024-02-10,tomato,Madurai,570.0
2024-02-10,tomato,Nagercoil,540.8
2024-02-10,tomato,Tuticorin,486.1
2024-02-10,tomato,Tenkasi,552.5
2024-02-10,brinjal,Tirunelveli,362.6
2024-02-10,brinjal,Madurai,336.3
2024-02-10,brinjal,Nagercoil,362.0
2024-02-10,brinjal,Tuticorin,303.9
2024-02-10,brinjal,Tenkasi,309.6
2024-02-10,onion,Tirunelveli,476.3
2024-02-10,onion,Madurai,481.8
2024-02-10,onion,Nagercoil,499.3
2024-02-10,onion,Tuticorin,485.0
2024-02-10,onion,Tenkasi,448.3
2024-02-10,carrot,Tirunelveli,274.1
2024-02-10,carrot,Madurai,281.9
2024-02-10,carrot,Nagercoil,232.4
2024-02-10,carrot,Tuticorin,269.0
2024-02-10,carrot,Tenkasi,263.1
2024-02-10,cabbage,Tirunelveli,229.8
2024-02-10,cabbage,Madurai,252.8
2024-02-10,cabbage,Nagercoil,219.9
2024-02-10,cabbage,Tuticorin,251.2
2024-02-10,cabbage,Tenkasi,254.0
2024-02-10,potato,Tirunelveli,426.4
2024-02-10,potato,Madurai,382.3
2024-02-10,potato,Nagercoil,374.7
2024-02-10,potato,Tuticorin,410.3
2024-02-10,potato,Tenkasi,399.0
2024-02-10,beans,Tirunelveli,260.4
2024-02-10,beans,Madurai,211.5
2024-02-10,beans,Nagercoil,203.5
2024-02-10,beans,Tuticorin,198.9
2024-02-10,beans,Tenkasi,178.0
2024-02-10,okra,Tirunelveli,308.1
2024-02-10,okra,Madurai,295.2
2024-02-10,okra,Nagercoil,295.3
2024-02-10,okra,Tuticorin,298.7
2024-02-10,okra,Tenkasi,301.2
2024-02-11,tomato,Tirunelveli,504.9
2024-02-11,tomato,Madurai,556.4
2024-02-11,tomato,Nagercoil,522.7
2024-02-11,tomato,Tuticorin,536.9
2024-02-11,tomato,Tenkasi,565.4
2024-02-11,brinjal,Tirunelveli,372.9
2024-02-11,brinjal,Madurai,303.3
2024-02-11,brinjal,Nagercoil,337.9
2024-02-11,brinjal,Tuticorin,342.8
2024-02-11,brinjal,Tenkasi,307.1
2024-02-11,onion,Tirunelveli,488.3
2024-02-11,onion,Madurai,474.5
2024-02-11,onion,Nagercoil,476.1
2024-02-11,onion,Tuticorin,453.9
2024-02-11,onion,Tenkasi,480.5
2024-02-11,carrot,Tirunelveli,286.6
2024-02-11,carrot,Madurai,272.4
2024-02-11,carrot,Nagercoil,259.6
2024-02-11,carrot,Tuticorin,261.1
2024-02-11,carrot,Tenkasi,274.2
2024-02-11,cabbage,Tirunelveli,243.8
2024-02-11,cabbage,Madurai,260.9
2024-02-11,cabbage,Nagercoil,233.2
2024-02-11,cabbage,Tuticorin,218.5
2024-02-11,cabbage,Tenkasi,250.0
2024-02-11,potato,Tirunelveli,395.2
2024-02-11,potato,Madurai,420.4
2024-02-11,potato,Nagercoil,404.9
2024-02-11,potato,Tuticorin,417.9
2024-02-11,potato,Tenkasi,384.5
2024-02-11,beans,Tirunelveli,205.2
2024-02-11,beans,Madurai,188.4
2024-02-11,beans,Nagercoil,178.0
2024-02-11,beans,Tuticorin,185.2
2024-02-11,beans,Tenkasi,191.5
2024-02-11,okra,Tirunelveli,321.7
2024-02-11,okra,Madurai,285.4
2024-02-11,okra,Nagercoil,271.4
2024-02-11,okra,Tuticorin,299.5
2024-02-11,okra,Tenkasi,297.4
2024-02-12,tomato,Tirunelveli,459.4
2024-02-12,tomato,Madurai,466.1
2024-02-12,tomato,Nagercoil,488.8
2024-02-12,tomato,Tuticorin,482.7
2024-02-12,tomato,Tenkasi,481.0
2024-02-12,brinjal,Tirunelveli,269.6
2024-02-12,brinjal,Madurai,351.0
2024-02-12,brinjal,Nagercoil,314.3
2024-02-12,brinjal,Tuticorin,303.6
2024-02-12,brinjal,Tenkasi,270.0
2024-02-12,onion,Tirunelveli,429.6
2024-02-12,onion,Madurai,400.6
2024-02-12,onion,Nagercoil,406.7
2024-02-12,onion,Tuticorin,377.0
2024-02-12,onion,Tenkasi,385.8
2024-02-12,carrot,Tirunelveli,243.4
2024-02-12,carrot,Madurai,254.8
2024-02-12,carrot,Nagercoil,248.3
2024-02-12,carrot,Tuticorin,247.7
2024-02-12,carrot,Tenkasi,233.3
2024-02-12,cabbage,Tirunelveli,203.0
2024-02-12,cabbage,Madurai,217.0
2024-02-12,cabbage,Nagercoil,227.6
2024-02-12,cabbage,Tuticorin,211.3
2024-02-12,cabbage,Tenkasi,235.4
2024-02-12,potato,Tirunelveli,347.7
2024-02-12,potato,Madurai,332.4
2024-02-12,potato,Nagercoil,351.8
2024-02-12,potato,Tuticorin,354.1
2024-02-12,potato,Tenkasi,350.3
2024-02-12,beans,Tirunelveli,201.6
2024-02-12,beans,Madurai,192.1
2024-02-12,beans,Nagercoil,147.4
2024-02-12,beans,Tuticorin,206.7
2024-02-12,beans,Tenkasi,121.2
2024-02-12,okra,Tirunelveli,301.1
2024-02-12,okra,Madurai,252.4
2024-02-12,okra,Nagercoil,254.3
2024-02-12,okra,Tuticorin,256.9
2024-02-12,okra,Tenkasi,265.8
2024-02-13,tomato,Tirunelveli,469.3
2024-02-13,tomato,Madurai,466.6
2024-02-13,tomato,Nagercoil,495.5
2024-02-13,tomato,Tuticorin,480.6
2024-02-13,tomato,Tenkasi,450.1
2024-02-13,brinjal,Tirunelveli,308.1
2024-02-13,brinjal,Madurai,303.8
2024-02-13,brinjal,Nagercoil,282.4
2024-02-13,brinjal,Tuticorin,309.1
2024-02-13,brinjal,Tenkasi,290.1
2024-02-13,onion,Tirunelveli,406.2
2024-02-13,onion,Madurai,405.6
2024-02-13,onion,Nagercoil,362.1
2024-02-13,onion,Tuticorin,400.1
2024-02-13,onion,Tenkasi,424.9
2024-02-13,carrot,Tirunelveli,234.2
2024-02-13,carrot,Madurai,208.9
2024-02-13,carrot,Nagercoil,253.9
2024-02-13,carrot,Tuticorin,228.7
2024-02-13,carrot,Tenkasi,210.2
2024-02-13,cabbage,Tirunelveli,255.3
2024-02-13,cabbage,Madurai,190.1
2024-02-13,cabbage,Nagercoil,228.8
2024-02-13,cabbage,Tuticorin,195.8
2024-02-13,cabbage,Tenkasi,213.9
2024-02-13,potato,Tirunelveli,333.9
2024-02-13,potato,Madurai,327.2
2024-02-13,potato,Nagercoil,362.4
2024-02-13,potato,Tuticorin,360.1
2024-02-13,potato,Tenkasi,374.9
2024-02-13,beans,Tirunelveli,175.3
2024-02-13,beans,Madurai,220.4
2024-02-13,beans,Nagercoil,181.3
2024-02-13,beans,Tuticorin,187.3
2024-02-13,beans,Tenkasi,148.8
2024-02-13,okra,Tirunelveli,245.8
2024-02-13,okra,Madurai,268.5
2024-02-13,okra,Nagercoil,256.4
2024-02-13,okra,Tuticorin,261.9
2024-02-13,okra,Tenkasi,241.8
2024-02-14,tomato,Tirunelveli,471.7
2024-02-14,tomato,Madurai,471.7
2024-02-14,tomato,Nagercoil,445.7
2024-02-14,tomato,Tuticorin,482.1
2024-02-14,tomato,Tenkasi,435.3
2024-02-14,brinjal,Tirunelveli,297.0
2024-02-14,brinjal,Madurai,328.6
2024-02-14,brinjal,Nagercoil,306.9
2024-02-14,brinjal,Tuticorin,306.8
2024-02-14,brinjal,Tenkasi,275.4
2024-02-14,onion,Tirunelveli,446.0
2024-02-14,onion,Madurai,438.2
2024-02-14,onion,Nagercoil,393.7
2024-02-14,onion,Tuticorin,401.1
2024-02-14,onion,Tenkasi,435.7
2024-02-14,carrot,Tirunelveli,270.6
2024-02-14,carrot,Madurai,209.3
2024-02-14,carrot,Nagercoil,214.6
2024-02-14,carrot,Tuticorin,231.8
2024-02-14,carrot,Tenkasi,191.2
2024-02-14,cabbage,Tirunelveli,211.6
2024-02-14,cabbage,Madurai,234.9
2024-02-14,cabbage,Nagercoil,182.4
2024-02-14,cabbage,Tuticorin,213.7
2024-02-14,cabbage,Tenkasi,199.5
2024-02-14,potato,Tirunelveli,384.8
2024-02-14,potato,Madurai,340.6
2024-02-14,potato,Nagercoil,382.3
2024-02-14,potato,Tuticorin,340.0
2024-02-14,potato,Tenkasi,367.4
2024-02-14,beans,Tirunelveli,181.0
2024-02-14,beans,Madurai,173.2
2024-02-14,beans,Nagercoil,160.2
2024-02-14,beans,Tuticorin,182.4
2024-02-14,beans,Tenkasi,167.2
2024-02-14,okra,Tirunelveli,244.3
2024-02-14,okra,Madurai,287.6
2024-02-14,okra,Nagercoil,269.1
2024-02-14,okra,Tuticorin,271.0
2024-02-14,okra,Tenkasi,250.3
2024-02-15,tomato,Tirunelveli,465.6
2024-02-15,tomato,Madurai,464.3
2024-02-15,tomato,Nagercoil,476.0
2024-02-15,tomato,Tuticorin,482.1
2024-02-15,tomato,Tenkasi,468.7
2024-02-15,brinjal,Tirunelveli,277.4
2024-02-15,brinjal,Madurai,308.5
2024-02-15,brinjal,Nagercoil,294.0
2024-02-15,brinjal,Tuticorin,264.5
2024-02-15,brinjal,Tenkasi,250.6
2024-02-15,onion,Tirunelveli,416.6
2024-02-15,onion,Madurai,394.0
2024-02-15,onion,Nagercoil,419.2
2024-02-15,onion,Tuticorin,395.1
2024-02-15,onion,Tenkasi,413.3
2024-02-15,carrot,Tirunelveli,227.1
2024-02-15,carrot,Madurai,269.7
2024-02-15,carrot,Nagercoil,253.6
2024-02-15,carrot,Tuticorin,261.6
2024-02-15,carrot,Tenkasi,235.1
2024-02-15,cabbage,Tirunelveli,227.6
2024-02-15,cabbage,Madurai,213.0
2024-02-15,cabbage,Nagercoil,240.6
2024-02-15,cabbage,Tuticorin,209.7
2024-02-15,cabbage,Tenkasi,183.2
2024-02-15,potato,Tirunelveli,312.0
2024-02-15,potato,Madurai,385.3
2024-02-15,potato,Nagercoil,361.5
2024-02-15,potato,Tuticorin,362.8
2024-02-15,potato,Tenkasi,381.8
2024-02-15,beans,Tirunelveli,142.9
2024-02-15,beans,Madurai,168.8
2024-02-15,beans,Nagercoil,171.3
2024-02-15,beans,Tuticorin,190.8
2024-02-15,beans,Tenkasi,162.1
2024-02-15,okra,Tirunelveli,234.1
2024-02-15,okra,Madurai,233.9
2024-02-15,okra,Nagercoil,281.1
2024-02-15,okra,Tuticorin,243.3
2024-02-15,okra,Tenkasi,247.1
2024-02-16,tomato,Tirunelveli,482.0
2024-02-16,tomato,Madurai,455.3
2024-02-16,tomato,Nagercoil,435.2
2024-02-16,tomato,Tuticorin,437.6
2024-02-16,tomato,Tenkasi,468.1
2024-02-16,brinjal,Tirunelveli,303.2
2024-02-16,brinjal,Madurai,289.3
2024-02-16,brinjal,Nagercoil,301.9
2024-02-16,brinjal,Tuticorin,261.0
2024-02-16,brinjal,Tenkasi,262.4
2024-02-16,onion,Tirunelveli,455.7
2024-02-16,onion,Madurai,435.3
2024-02-16,onion,Nagercoil,426.0
2024-02-16,onion,Tuticorin,397.4
2024-02-16,onion,Tenkasi,405.9
2024-02-16,carrot,Tirunelveli,234.6
2024-02-16,carrot,Madurai,260.9
2024-02-16,carrot,Nagercoil,242.7
2024-02-16,carrot,Tuticorin,245.2
2024-02-16,carrot,Tenkasi,231.3
2024-02-16,cabbage,Tirunelveli,227.0
2024-02-16,cabbage,Madurai,217.2
2024-02-16,cabbage,Nagercoil,212.1
2024-02-16,cabbage,Tuticorin,196.3
2024-02-16,cabbage,Tenkasi,208.9
2024-02-16,potato,Tirunelveli,330.4
2024-02-16,potato,Madurai,351.2
2024-02-16,potato,Nagercoil,353.7
2024-02-16,potato,Tuticorin,303.9
2024-02-16,potato,Tenkasi,347.4
2024-02-16,beans,Tirunelveli,152.5
2024-02-16,beans,Madurai,186.0
2024-02-16,beans,Nagercoil,188.7
2024-02-16,beans,Tuticorin,167.5
2024-02-16,beans,Tenkasi,187.0
2024-02-16,okra,Tirunelveli,269.9
2024-02-16,okra,Madurai,253.5
2024-02-16,okra,Nagercoil,288.8
2024-02-16,okra,Tuticorin,243.6
2024-02-16,okra,Tenkasi,287.5
2024-02-17,tomato,Tirunelveli,535.2
2024-02-17,tomato,Madurai,522.8
2024-02-17,tomato,Nagercoil,532.6
2024-02-17,tomato,Tuticorin,517.7
2024-02-17,tomato,Tenkasi,555.4
2024-02-17,brinjal,Tirunelveli,305.2
2024-02-17,brinjal,Madurai,365.1
2024-02-17,brinjal,Nagercoil,318.6
2024-02-17,brinjal,Tuticorin,354.0
2024-02-17,brinjal,Tenkasi,337.8
2024-02-17,onion,Tirunelveli,477.6
2024-02-17,onion,Madurai,460.4
2024-02-17,onion,Nagercoil,479.3
2024-02-17,onion,Tuticorin,474.9
2024-02-17,onion,Tenkasi,443.1
2024-02-17,carrot,Tirunelveli,250.6
2024-02-17,carrot,Madurai,259.0
2024-02-17,carrot,Nagercoil,254.7
2024-02-17,carrot,Tuticorin,294.9
2024-02-17,carrot,Tenkasi,270.0
2024-02-17,cabbage,Tirunelveli,227.3
2024-02-17,cabbage,Madurai,233.0
2024-02-17,cabbage,Nagercoil,232.8
2024-02-17,cabbage,Tuticorin,237.1
2024-02-17,cabbage,Tenkasi,221.3
2024-02-17,potato,Tirunelveli,388.5
2024-02-17,potato,Madurai,420.1
2024-02-17,potato,Nagercoil,408.5
2024-02-17,potato,Tuticorin,401.7
2024-02-17,potato,Tenkasi,404.8
2024-02-17,beans,Tirunelveli,201.5
2024-02-17,beans,Madurai,198.2
2024-02-17,beans,Nagercoil,212.7
2024-02-17,beans,Tuticorin,211.2
2024-02-17,beans,Tenkasi,170.9
2024-02-17,okra,Tirunelveli,294.2
2024-02-17,okra,Madurai,266.7
2024-02-17,okra,Nagercoil,309.5
2024-02-17,okra,Tuticorin,312.2
2024-02-17,okra,Tenkasi,284.6
2024-02-18,tomato,Tirunelveli,537.3
2024-02-18,tomato,Madurai,497.4
2024-02-18,tomato,Nagercoil,559.1
2024-02-18,tomato,Tuticorin,553.9
2024-02-18,tomato,Tenkasi,562.7
2024-02-18,brinjal,Tirunelveli,367.0
2024-02-18,brinjal,Madurai,312.8
2024-02-18,brinjal,Nagercoil,355.1
2024-02-18,brinjal,Tuticorin,366.9
2024-02-18,brinjal,Tenkasi,307.4
2024-02-18,onion,Tirunelveli,468.8
2024-02-18,onion,Madurai,464.9
2024-02-18,onion,Nagercoil,489.3
2024-02-18,onion,Tuticorin,424.3
2024-02-18,onion,Tenkasi,508.5
2024-02-18,carrot,Tirunelveli,267.6
2024-02-18,carrot,Madurai,288.2
2024-02-18,carrot,Nagercoil,268.6
2024-02-18,carrot,Tuticorin,279.7
2024-02-18,carrot,Tenkasi,223.4
2024-02-18,cabbage,Tirunelveli,235.2
2024-02-18,cabbage,Madurai,259.8
2024-02-18,cabbage,Nagercoil,248.6
2024-02-18,cabbage,Tuticorin,210.1
2024-02-18,cabbage,Tenkasi,244.1
2024-02-18,potato,Tirunelveli,388.4
2024-02-18,potato,Madurai,386.6
2024-02-18,potato,Nagercoil,374.3
2024-02-18,potato,Tuticorin,417.1
2024-02-18,potato,Tenkasi,427.0
2024-02-18,beans,Tirunelveli,244.8
2024-02-18,beans,Madurai,172.9
2024-02-18,beans,Nagercoil,217.7
2024-02-18,beans,Tuticorin,219.0
2024-02-18,beans,Tenkasi,190.8
2024-02-18,okra,Tirunelveli,278.5
2024-02-18,okra,Madurai,275.1
2024-02-18,okra,Nagercoil,286.3
2024-02-18,okra,Tuticorin,300.9
2024-02-18,okra,Tenkasi,324.0
2024-02-19,tomato,Tirunelveli,491.4
2024-02-19,tomato,Madurai,437.0
2024-02-19,tomato,Nagercoil,453.5
2024-02-19,tomato,Tuticorin,495.3
2024-02-19,tomato,Tenkasi,454.7
2024-02-19,brinjal,Tirunelveli,292.2
2024-02-19,brinjal,Madurai,259.2
2024-02-19,brinjal,Nagercoil,316.4
2024-02-19,brinjal,Tuticorin,255.0
2024-02-19,brinjal,Tenkasi,260.4
2024-02-19,onion,Tirunelveli,431.6
2024-02-19,onion,Madurai,449.0
2024-02-19,onion,Nagercoil,404.8
2024-02-19,onion,Tuticorin,409.7
2024-02-19,onion,Tenkasi,428.8
2024-02-19,carrot,Tirunelveli,240.4
2024-02-19,carrot,Madurai,227.2
2024-02-19,carrot,Nagercoil,224.9
2024-02-19,carrot,Tuticorin,203.3
2024-02-19,carrot,Tenkasi,239.3
2024-02-19,cabbage,Tirunelveli,209.3
2024-02-19,cabbage,Madurai,202.4
2024-02-19,cabbage,Nagercoil,191.1
2024-02-19,cabbage,Tuticorin,193.2
2024-02-19,cabbage,Tenkasi,223.5
2024-02-19,potato,Tirunelveli,369.6
2024-02-19,potato,Madurai,345.4
2024-02-19,potato,Nagercoil,343.3
2024-02-19,potato,Tuticorin,334.9
2024-02-19,potato,Tenkasi,370.7
2024-02-19,beans,Tirunelveli,176.6
2024-02-19,beans,Madurai,183.3
2024-02-19,beans,Nagercoil,183.2
2024-02-19,beans,Tuticorin,169.8
2024-02-19,beans,Tenkasi,152.7
2024-02-19,okra,Tirunelveli,238.2
2024-02-19,okra,Madurai,280.7
2024-02-19,okra,Nagercoil,243.6
2024-02-19,okra,Tuticorin,249.9
2024-02-19,okra,Tenkasi,235.4
2024-02-20,tomato,Tirunelveli,445.0
2024-02-20,tomato,Madurai,453.9
2024-02-20,tomato,Nagercoil,503.1
2024-02-20,tomato,Tuticorin,482.4
2024-02-20,tomato,Tenkasi,458.7
2024-02-20,brinjal,Tirunelveli,315.0
2024-02-20,brinjal,Madurai,290.3
2024-02-20,brinjal,Nagercoil,320.4
2024-02-20,brinjal,Tuticorin,337.5
2024-02-20,brinjal,Tenkasi,313.9
2024-02-20,onion,Tirunelveli,412.5
2024-02-20,onion,Madurai,424.6
2024-02-20,onion,Nagercoil,410.9
2024-02-20,onion,Tuticorin,373.9
2024-02-20,onion,Tenkasi,397.5
2024-02-20,carrot,Tirunelveli,215.6
2024-02-20,carrot,Madurai,221.1
2024-02-20,carrot,Nagercoil,270.5
2024-02-20,carrot,Tuticorin,257.1
2024-02-20,carrot,Tenkasi,243.5
2024-02-20,cabbage,Tirunelveli,227.4
2024-02-20,cabbage,Madurai,173.3
2024-02-20,cabbage,Nagercoil,225.7
2024-02-20,cabbage,Tuticorin,230.0
2024-02-20,cabbage,Tenkasi,166.4
2024-02-20,potato,Tirunelveli,367.3
2024-02-20,potato,Madurai,323.5
2024-02-20,potato,Nagercoil,312.6
2024-02-20,potato,Tuticorin,378.5
2024-02-20,potato,Tenkasi,331.8
2024-02-20,beans,Tirunelveli,161.7
2024-02-20,beans,Madurai,195.8
2024-02-20,beans,Nagercoil,169.9
2024-02-20,beans,Tuticorin,172.4
2024-02-20,beans,Tenkasi,171.9
2024-02-20,okra,Tirunelveli,265.1
2024-02-20,okra,Madurai,253.6
2024-02-20,okra,Nagercoil,260.4
2024-02-20,okra,Tuticorin,248.0
2024-02-20,okra,Tenkasi,265.1
2024-02-21,tomato,Tirunelveli,475.6
2024-02-21,tomato,Madurai,507.2
2024-02-21,tomato,Nagercoil,461.7
2024-02-21,tomato,Tuticorin,465.6
2024-02-21,tomato,Tenkasi,474.1
2024-02-21,brinjal,Tirunelveli,312.6
2024-02-21,brinjal,Madurai,271.5
2024-02-21,brinjal,Nagercoil,295.4
2024-02-21,brinjal,Tuticorin,243.1
2024-02-21,brinjal,Tenkasi,287.9
2024-02-21,onion,Tirunelveli,432.1
2024-02-21,onion,Madurai,396.1
2024-02-21,onion,Nagercoil,414.2
2024-02-21,onion,Tuticorin,400.0
2024-02-21,onion,Tenkasi,393.4
2024-02-21,carrot,Tirunelveli,254.1
2024-02-21,carrot,Madurai,213.7
2024-02-21,carrot,Nagercoil,240.5
2024-02-21,carrot,Tuticorin,240.8
2024-02-21,carrot,Tenkasi,217.6
2024-02-21,cabbage,Tirunelveli,214.3
2024-02-21,cabbage,Madurai,192.5
2024-02-21,cabbage,Nagercoil,221.6
2024-02-21,cabbage,Tuticorin,184.9
2024-02-21,cabbage,Tenkasi,204.4
2024-02-21,potato,Tirunelveli,346.9
2024-02-21,potato,Madurai,374.2
2024-02-21,potato,Nagercoil,354.8
2024-02-21,potato,Tuticorin,371.1
2024-02-21,potato,Tenkasi,363.1
2024-02-21,beans,Tirunelveli,186.9
2024-02-21,beans,Madurai,169.3
2024-02-21,beans,Nagercoil,196.4
2024-02-21,beans,Tuticorin,168.9
2024-02-21,beans,Tenkasi,141.4
2024-02-21,okra,Tirunelveli,253.8
2024-02-21,okra,Madurai,267.2
2024-02-21,okra,Nagercoil,226.0
2024-02-21,okra,Tuticorin,240.4
2024-02-21,okra,Tenkasi,233.5
2024-02-22,tomato,Tirunelveli,485.0
2024-02-22,tomato,Madurai,502.7
2024-02-22,tomato,Nagercoil,465.1
2024-02-22,tomato,Tuticorin,479.9
2024-02-22,tomato,Tenkasi,479.4
2024-02-22,brinjal,Tirunelveli,324.4
2024-02-22,brinjal,Madurai,280.3
2024-02-22,brinjal,Nagercoil,288.9
2024-02-22,brinjal,Tuticorin,286.5
2024-02-22,brinjal,Tenkasi,294.8
2024-02-22,onion,Tirunelveli,460.7
2024-02-22,onion,Madurai,411.2
2024-02-22,onion,Nagercoil,393.5
2024-02-22,onion,Tuticorin,387.5
2024-02-22,onion,Tenkasi,435.7
2024-02-22,carrot,Tirunelveli,217.5
2024-02-22,carrot,Madurai,247.9
2024-02-22,carrot,Nagercoil,221.0
2024-02-22,carrot,Tuticorin,209.3
2024-02-22,carrot,Tenkasi,246.7
2024-02-22,cabbage,Tirunelveli,198.6
2024-02-22,cabbage,Madurai,219.7
2024-02-22,cabbage,Nagercoil,221.2
2024-02-22,cabbage,Tuticorin,222.1
2024-02-22,cabbage,Tenkasi,205.8
2024-02-22,potato,Tirunelveli,365.7
2024-02-22,potato,Madurai,333.5
2024-02-22,potato,Nagercoil,302.9
2024-02-22,potato,Tuticorin,366.1
2024-02-22,potato,Tenkasi,355.3
2024-02-22,beans,Tirunelveli,163.8
2024-02-22,beans,Madurai,146.6
2024-02-22,beans,Nagercoil,135.2
2024-02-22,beans,Tuticorin,177.0
2024-02-22,beans,Tenkasi,209.0
2024-02-22,okra,Tirunelveli,255.3
2024-02-22,okra,Madurai,250.9
2024-02-22,okra,Nagercoil,257.6
2024-02-22,okra,Tuticorin,301.7
2024-02-22,okra,Tenkasi,273.1
2024-02-23,tomato,Tirunelveli,450.6
2024-02-23,tomato,Madurai,469.8
2024-02-23,tomato,Nagercoil,475.9
2024-02-23,tomato,Tuticorin,448.2
2024-02-23,tomato,Tenkasi,484.5
2024-02-23,brinjal,Tirunelveli,276.9
2024-02-23,brinjal,Madurai,263.1
2024-02-23,brinjal,Nagercoil,294.8
2024-02-23,brinjal,Tuticorin,291.7
2024-02-23,brinjal,Tenkasi,293.3
2024-02-23,onion,Tirunelveli,395.3
2024-02-23,onion,Madurai,398.1
2024-02-23,onion,Nagercoil,433.2
2024-02-23,onion,Tuticorin,419.4
2024-02-23,onion,Tenkasi,391.5
2024-02-23,carrot,Tirunelveli,195.6
2024-02-23,carrot,Madurai,216.4
2024-02-23,carrot,Nagercoil,237.8
2024-02-23,carrot,Tuticorin,222.0
2024-02-23,carrot,Tenkasi,220.4
2024-02-23,cabbage,Tirunelveli,199.4
2024-02-23,cabbage,Madurai,209.7
2024-02-23,cabbage,Nagercoil,226.9
2024-02-23,cabbage,Tuticorin,211.2
2024-02-23,cabbage,Tenkasi,212.4
2024-02-23,potato,Tirunelveli,347.5
2024-02-23,potato,Madurai,342.0
2024-02-23,potato,Nagercoil,369.8
2024-02-23,potato,Tuticorin,366.8
2024-02-23,potato,Tenkasi,392.9
2024-02-23,beans,Tirunelveli,188.2
2024-02-23,beans,Madurai,166.0
2024-02-23,beans,Nagercoil,157.9
2024-02-23,beans,Tuticorin,195.0
2024-02-23,beans,Tenkasi,159.7
2024-02-23,okra,Tirunelveli,274.3
2024-02-23,okra,Madurai,242.9
2024-02-23,okra,Nagercoil,265.1
2024-02-23,okra,Tuticorin,236.9
2024-02-23,okra,Tenkasi,273.7
2024-02-24,tomato,Tirunelveli,515.0
2024-02-24,tomato,Madurai,545.1
2024-02-24,tomato,Nagercoil,535.7
2024-02-24,tomato,Tuticorin,541.7
2024-02-24,tomato,Tenkasi,531.8
2024-02-24,brinjal,Tirunelveli,328.9
2024-02-24,brinjal,Madurai,340.4
2024-02-24,brinjal,Nagercoil,317.3
2024-02-24,brinjal,Tuticorin,317.1
2024-02-24,brinjal,Tenkasi,330.1
2024-02-24,onion,Tirunelveli,464.3
2024-02-24,onion,Madurai,452.1
2024-02-24,onion,Nagercoil,490.7
2024-02-24,onion,Tuticorin,465.5
2024-02-24,onion,Tenkasi,467.7
2024-02-24,carrot,Tirunelveli,243.3
2024-02-24,carrot,Madurai,311.3
2024-02-24,carrot,Nagercoil,318.4
2024-02-24,carrot,Tuticorin,254.2
2024-02-24,carrot,Tenkasi,294.4
2024-02-24,cabbage,Tirunelveli,241.0
2024-02-24,cabbage,Madurai,274.9
2024-02-24,cabbage,Nagercoil,249.6
2024-02-24,cabbage,Tuticorin,244.8
2024-02-24,cabbage,Tenkasi,192.9
2024-02-24,potato,Tirunelveli,387.2
2024-02-24,potato,Madurai,405.2
2024-02-24,potato,Nagercoil,408.7
2024-02-24,potato,Tuticorin,380.5
2024-02-24,potato,Tenkasi,390.2
2024-02-24,beans,Tirunelveli,213.4
2024-02-24,beans,Madurai,174.7
2024-02-24,beans,Nagercoil,205.1
2024-02-24,beans,Tuticorin,227.1
2024-02-24,beans,Tenkasi,210.1
2024-02-24,okra,Tirunelveli,303.5
2024-02-24,okra,Madurai,256.4
2024-02-24,okra,Nagercoil,280.4
2024-02-24,okra,Tuticorin,337.9
2024-02-24,okra,Tenkasi,284.8
2024-02-25,tomato,Tirunelveli,565.0
2024-02-25,tomato,Madurai,527.5
2024-02-25,tomato,Nagercoil,534.1
2024-02-25,tomato,Tuticorin,550.0
2024-02-25,tomato,Tenkasi,541.7
2024-02-25,brinjal,Tirunelveli,344.9
2024-02-25,brinjal,Madurai,320.9
2024-02-25,brinjal,Nagercoil,314.6
2024-02-25,brinjal,Tuticorin,319.6
2024-02-25,brinjal,Tenkasi,326.7
2024-02-25,onion,Tirunelveli,467.6
2024-02-25,onion,Madurai,493.0
2024-02-25,onion,Nagercoil,474.0
2024-02-25,onion,Tuticorin,481.9
2024-02-25,onion,Tenkasi,475.0
2024-02-25,carrot,Tirunelveli,247.5
2024-02-25,carrot,Madurai,270.2
2024-02-25,carrot,Nagercoil,272.5
2024-02-25,carrot,Tuticorin,285.0
2024-02-25,carrot,Tenkasi,248.5
2024-02-25,cabbage,Tirunelveli,202.0
2024-02-25,cabbage,Madurai,246.4
2024-02-25,cabbage,Nagercoil,249.9
2024-02-25,cabbage,Tuticorin,239.3
2024-02-25,cabbage,Tenkasi,243.4
2024-02-25,potato,Tirunelveli,422.3
2024-02-25,potato,Madurai,395.6
2024-02-25,potato,Nagercoil,399.2
2024-02-25,potato,Tuticorin,406.3
2024-02-25,potato,Tenkasi,380.4
2024-02-25,beans,Tirunelveli,199.3
2024-02-25,beans,Madurai,201.1
2024-02-25,beans,Nagercoil,235.1
2024-02-25,beans,Tuticorin,196.4
2024-02-25,beans,Tenkasi,206.4
2024-02-25,okra,Tirunelveli,315.2
2024-02-25,okra,Madurai,280.1
2024-02-25,okra,Nagercoil,324.3
2024-02-25,okra,Tuticorin,332.1
2024-02-25,okra,Tenkasi,296.2
2024-02-26,tomato,Tirunelveli,458.5
2024-02-26,tomato,Madurai,501.8
2024-02-26,tomato,Nagercoil,485.2
2024-02-26,tomato,Tuticorin,470.9
2024-02-26,tomato,Tenkasi,497.8
2024-02-26,brinjal,Tirunelveli,319.7
2024-02-26,brinjal,Madurai,286.6
2024-02-26,brinjal,Nagercoil,298.3
2024-02-26,brinjal,Tuticorin,304.8
2024-02-26,brinjal,Tenkasi,293.9
2024-02-26,onion,Tirunelveli,382.8
2024-02-26,onion,Madurai,391.9
2024-02-26,onion,Nagercoil,383.5
2024-02-26,onion,Tuticorin,420.5
2024-02-26,onion,Tenkasi,386.9
2024-02-26,carrot,Tirunelveli,238.5
2024-02-26,carrot,Madurai,271.3
2024-02-26,carrot,Nagercoil,263.2
2024-02-26,carrot,Tuticorin,197.9
2024-02-26,carrot,Tenkasi,209.1
2024-02-26,cabbage,Tirunelveli,195.6
2024-02-26,cabbage,Madurai,187.8
2024-02-26,cabbage,Nagercoil,178.1
2024-02-26,cabbage,Tuticorin,211.0
2024-02-26,cabbage,Tenkasi,225.3
2024-02-26,potato,Tirunelveli,371.0
2024-02-26,potato,Madurai,342.5
2024-02-26,potato,Nagercoil,346.5
2024-02-26,potato,Tuticorin,359.1
2024-02-26,potato,Tenkasi,349.8
2024-02-26,beans,Tirunelveli,192.2
2024-02-26,beans,Madurai,184.6
2024-02-26,beans,Nagercoil,168.5
2024-02-26,beans,Tuticorin,138.8
2024-02-26,beans,Tenkasi,206.0
2024-02-26,okra,Tirunelveli,244.4
2024-02-26,okra,Madurai,265.3
2024-02-26,okra,Nagercoil,219.8
2024-02-26,okra,Tuticorin,257.9
2024-02-26,okra,Tenkasi,260.1
2024-02-27,tomato,Tirunelveli,472.3
2024-02-27,tomato,Madurai,529.6
2024-02-27,tomato,Nagercoil,456.7
2024-02-27,tomato,Tuticorin,485.7
2024-02-27,tomato,Tenkasi,479.7
2024-02-27,brinjal,Tirunelveli,279.7
2024-02-27,brinjal,Madurai,309.4
2024-02-27,brinjal,Nagercoil,290.0
2024-02-27,brinjal,Tuticorin,310.8
2024-02-27,brinjal,Tenkasi,332.5
2024-02-27,onion,Tirunelveli,413.6
2024-02-27,onion,Madurai,405.0
2024-02-27,onion,Nagercoil,431.7
2024-02-27,onion,Tuticorin,438.6
2024-02-27,onion,Tenkasi,393.0
2024-02-27,carrot,Tirunelveli,225.6
2024-02-27,carrot,Madurai,248.1
2024-02-27,carrot,Nagercoil,232.0
2024-02-27,carrot,Tuticorin,215.6
2024-02-27,carrot,Tenkasi,245.5
2024-02-27,cabbage,Tirunelveli,224.6
2024-02-27,cabbage,Madurai,204.5
2024-02-27,cabbage,Nagercoil,212.4
2024-02-27,cabbage,Tuticorin,199.6
2024-02-27,cabbage,Tenkasi,189.3
2024-02-27,potato,Tirunelveli,342.0
2024-02-27,potato,Madurai,353.4
2024-02-27,potato,Nagercoil,322.5
2024-02-27,potato,Tuticorin,343.5
2024-02-27,potato,Tenkasi,353.7
2024-02-27,beans,Tirunelveli,199.9
2024-02-27,beans,Madurai,169.7
2024-02-27,beans,Nagercoil,151.1
2024-02-27,beans,Tuticorin,171.8
2024-02-27,beans,Tenkasi,164.6
2024-02-27,okra,Tirunelveli,269.1
2024-02-27,okra,Madurai,251.3
2024-02-27,okra,Nagercoil,203.9
2024-02-27,okra,Tuticorin,331.9
2024-02-27,okra,Tenkasi,261.0
2024-02-28,tomato,Tirunelveli,471.1
2024-02-28,tomato,Madurai,438.5
2024-02-28,tomato,Nagercoil,440.0
2024-02-28,tomato,Tuticorin,467.4
2024-02-28,tomato,Tenkasi,476.0
2024-02-28,brinjal,Tirunelveli,307.3
2024-02-28,brinjal,Madurai,298.1
2024-02-28,brinjal,Nagercoil,269.6
2024-02-28,brinjal,Tuticorin,243.2
2024-02-28,brinjal,Tenkasi,291.3
2024-02-28,onion,Tirunelveli,399.9
2024-02-28,onion,Madurai,385.4
2024-02-28,onion,Nagercoil,427.2
2024-02-28,onion,Tuticorin,379.1
2024-02-28,onion,Tenkasi,423.0
2024-02-28,carrot,Tirunelveli,206.4
2024-02-28,carrot,Madurai,237.3
2024-02-28,carrot,Nagercoil,253.3
2024-02-28,carrot,Tuticorin,227.9
2024-02-28,carrot,Tenkasi,268.4
2024-02-28,cabbage,Tirunelveli,249.5
2024-02-28,cabbage,Madurai,215.9
2024-02-28,cabbage,Nagercoil,222.0
2024-02-28,cabbage,Tuticorin,232.4
2024-02-28,cabbage,Tenkasi,222.1
2024-02-28,potato,Tirunelveli,360.7
2024-02-28,potato,Madurai,341.5
2024-02-28,potato,Nagercoil,318.2
2024-02-28,potato,Tuticorin,324.2
2024-02-28,potato,Tenkasi,399.6
2024-02-28,beans,Tirunelveli,182.4
2024-02-28,beans,Madurai,171.1
2024-02-28,beans,Nagercoil,201.2
2024-02-28,beans,Tuticorin,161.0
2024-02-28,beans,Tenkasi,187.6
2024-02-28,okra,Tirunelveli,259.6
2024-02-28,okra,Madurai,267.3
2024-02-28,okra,Nagercoil,251.4
2024-02-28,okra,Tuticorin,238.8
2024-02-28,okra,Tenkasi,241.6
2024-02-29,tomato,Tirunelveli,453.6
2024-02-29,tomato,Madurai,469.2
2024-02-29,tomato,Nagercoil,438.2
2024-02-29,tomato,Tuticorin,444.3
2024-02-29,tomato,Tenkasi,472.0
2024-02-29,brinjal,Tirunelveli,290.7
2024-02-29,brinjal,Madurai,297.1
2024-02-29,brinjal,Nagercoil,292.4
2024-02-29,brinjal,Tuticorin,343.7
2024-02-29,brinjal,Tenkasi,295.8
2024-02-29,onion,Tirunelveli,403.0
2024-02-29,onion,Madurai,412.6
2024-02-29,onion,Nagercoil,431.0
2024-02-29,onion,Tuticorin,409.6
2024-02-29,onion,Tenkasi,424.3
2024-02-29,carrot,Tirunelveli,242.6
2024-02-29,carrot,Madurai,228.8
2024-02-29,carrot,Nagercoil,236.9
2024-02-29,carrot,Tuticorin,266.6
2024-02-29,carrot,Tenkasi,239.5
2024-02-29,cabbage,Tirunelveli,191.5
2024-02-29,cabbage,Madurai,204.8
2024-02-29,cabbage,Nagercoil,168.9
2024-02-29,cabbage,Tuticorin,213.9
2024-02-29,cabbage,Tenkasi,237.4
2024-02-29,potato,Tirunelveli,325.1
2024-02-29,potato,Madurai,355.0
2024-02-29,potato,Nagercoil,371.7
2024-02-29,potato,Tuticorin,373.8
2024-02-29,potato,Tenkasi,377.6
2024-02-29,beans,Tirunelveli,138.6
2024-02-29,beans,Madurai,186.1
2024-02-29,beans,Nagercoil,145.9
2024-02-29,beans,Tuticorin,156.0
2024-02-29,beans,Tenkasi,192.4
2024-02-29,okra,Tirunelveli,261.3
2024-02-29,okra,Madurai,272.6
2024-02-29,okra,Nagercoil,239.5
2024-02-29,okra,Tuticorin,287.6
2024-02-29,okra,Tenkasi,271.9
2024-03-01,tomato,Tirunelveli,497.8
2024-03-01,tomato,Madurai,458.4
2024-03-01,tomato,Nagercoil,503.4
2024-03-01,tomato,Tuticorin,473.7
2024-03-01,tomato,Tenkasi,467.8
2024-03-01,brinjal,Tirunelveli,312.5
2024-03-01,brinjal,Madurai,311.7
2024-03-01,brinjal,Nagercoil,283.1
2024-03-01,brinjal,Tuticorin,341.1
2024-03-01,brinjal,Tenkasi,336.3
2024-03-01,onion,Tirunelveli,432.1
2024-03-01,onion,Madurai,428.6
2024-03-01,onion,Nagercoil,426.6
2024-03-01,onion,Tuticorin,389.0
2024-03-01,onion,Tenkasi,422.3
2024-03-01,carrot,Tirunelveli,242.0
2024-03-01,carrot,Madurai,228.5
2024-03-01,carrot,Nagercoil,233.8
2024-03-01,carrot,Tuticorin,192.4
2024-03-01,carrot,Tenkasi,218.1
2024-03-01,cabbage,Tirunelveli,234.4
2024-03-01,cabbage,Madurai,250.6
2024-03-01,cabbage,Nagercoil,197.1
2024-03-01,cabbage,Tuticorin,219.7
2024-03-01,cabbage,Tenkasi,238.0
2024-03-01,potato,Tirunelveli,349.6
2024-03-01,potato,Madurai,373.5
2024-03-01,potato,Nagercoil,359.3
2024-03-01,potato,Tuticorin,383.8
2024-03-01,potato,Tenkasi,334.4
2024-03-01,beans,Tirunelveli,157.9
2024-03-01,beans,Madurai,185.6
2024-03-01,beans,Nagercoil,181.9
2024-03-01,beans,Tuticorin,178.9
2024-03-01,beans,Tenkasi,191.5
2024-03-01,okra,Tirunelveli,245.4
2024-03-01,okra,Madurai,236.6
2024-03-01,okra,Nagercoil,254.0
2024-03-01,okra,Tuticorin,256.2
2024-03-01,okra,Tenkasi,258.3
2024-03-02,tomato,Tirunelveli,577.4
2024-03-02,tomato,Madurai,567.4
2024-03-02,tomato,Nagercoil,562.7
2024-03-02,tomato,Tuticorin,556.4
2024-03-02,tomato,Tenkasi,543.3
2024-03-02,brinjal,Tirunelveli,327.9
2024-03-02,brinjal,Madurai,321.1
2024-03-02,brinjal,Nagercoil,331.1
2024-03-02,brinjal,Tuticorin,344.1
2024-03-02,brinjal,Tenkasi,321.9
2024-03-02,onion,Tirunelveli,486.4
2024-03-02,onion,Madurai,479.1
2024-03-02,onion,Nagercoil,475.1
2024-03-02,onion,Tuticorin,506.2
2024-03-02,onion,Tenkasi,433.8
2024-03-02,carrot,Tirunelveli,268.3
2024-03-02,carrot,Madurai,229.0
2024-03-02,carrot,Nagercoil,280.8
2024-03-02,carrot,Tuticorin,291.2
2024-03-02,carrot,Tenkasi,249.0
2024-03-02,cabbage,Tirunelveli,223.9
2024-03-02,cabbage,Madurai,214.4
2024-03-02,cabbage,Nagercoil,249.7
2024-03-02,cabbage,Tuticorin,241.6
2024-03-02,cabbage,Tenkasi,242.8
2024-03-02,potato,Tirunelveli,406.6
2024-03-02,potato,Madurai,394.5
2024-03-02,potato,Nagercoil,436.6
2024-03-02,potato,Tuticorin,419.4
2024-03-02,potato,Tenkasi,390.3
2024-03-02,beans,Tirunelveli,193.0
2024-03-02,beans,Madurai,189.6
2024-03-02,beans,Nagercoil,235.1
2024-03-02,beans,Tuticorin,221.2
2024-03-02,beans,Tenkasi,204.5
2024-03-02,okra,Tirunelveli,337.7
2024-03-02,okra,Madurai,332.6
2024-03-02,okra,Nagercoil,299.0
2024-03-02,okra,Tuticorin,295.4
2024-03-02,okra,Tenkasi,296.4
2024-03-03,tomato,Tirunelveli,532.9
2024-03-03,tomato,Madurai,586.7
2024-03-03,tomato,Nagercoil,531.9
2024-03-03,tomato,Tuticorin,569.4
2024-03-03,tomato,Tenkasi,565.8
2024-03-03,brinjal,Tirunelveli,338.9
2024-03-03,brinjal,Madurai,381.2
2024-03-03,brinjal,Nagercoil,313.8
2024-03-03,brinjal,Tuticorin,343.4
2024-03-03,brinjal,Tenkasi,335.2
2024-03-03,onion,Tirunelveli,502.2
2024-03-03,onion,Madurai,490.1
2024-03-03,onion,Nagercoil,448.5
2024-03-03,onion,Tuticorin,507.8
2024-03-03,onion,Tenkasi,492.7
2024-03-03,carrot,Tirunelveli,255.3
2024-03-03,carrot,Madurai,269.0
2024-03-03,carrot,Nagercoil,250.0
2024-03-03,carrot,Tuticorin,272.6
2024-03-03,carrot,Tenkasi,279.0
2024-03-03,cabbage,Tirunelveli,241.7
2024-03-03,cabbage,Madurai,239.4
2024-03-03,cabbage,Nagercoil,216.1
2024-03-03,cabbage,Tuticorin,255.1
2024-03-03,cabbage,Tenkasi,209.9
2024-03-03,potato,Tirunelveli,414.6
2024-03-03,potato,Madurai,378.0
2024-03-03,potato,Nagercoil,415.0
2024-03-03,potato,Tuticorin,413.9
2024-03-03,potato,Tenkasi,422.1
2024-03-03,beans,Tirunelveli,224.2
2024-03-03,beans,Madurai,228.0
2024-03-03,beans,Nagercoil,174.8
2024-03-03,beans,Tuticorin,205.8
2024-03-03,beans,Tenkasi,247.2
2024-03-03,okra,Tirunelveli,306.0
2024-03-03,okra,Madurai,287.0
2024-03-03,okra,Nagercoil,302.0
2024-03-03,okra,Tuticorin,295.9
2024-03-03,okra,Tenkasi,280.1
2024-03-04,tomato,Tirunelveli,497.4
2024-03-04,tomato,Madurai,491.7
2024-03-04,tomato,Nagercoil,453.3
2024-03-04,tomato,Tuticorin,478.1
2024-03-04,tomato,Tenkasi,468.7
2024-03-04,brinjal,Tirunelveli,268.0
2024-03-04,brinjal,Madurai,271.7
2024-03-04,brinjal,Nagercoil,274.7
2024-03-04,brinjal,Tuticorin,298.8
2024-03-04,brinjal,Tenkasi,290.8
2024-03-04,onion,Tirunelveli,400.8
2024-03-04,onion,Madurai,412.2
2024-03-04,onion,Nagercoil,435.0
2024-03-04,onion,Tuticorin,427.1
2024-03-04,onion,Tenkasi,440.0
2024-03-04,carrot,Tirunelveli,235.4
2024-03-04,carrot,Madurai,272.1
2024-03-04,carrot,Nagercoil,247.0
2024-03-04,carrot,Tuticorin,230.2
2024-03-04,carrot,Tenkasi,241.9
2024-03-04,cabbage,Tirunelveli,191.0
2024-03-04,cabbage,Madurai,209.9
2024-03-04,cabbage,Nagercoil,224.6
2024-03-04,cabbage,Tuticorin,228.2
2024-03-04,cabbage,Tenkasi,207.8
2024-03-04,potato,Tirunelveli,414.7
2024-03-04,potato,Madurai,356.6
2024-03-04,potato,Nagercoil,326.4
2024-03-04,potato,Tuticorin,384.3
2024-03-04,potato,Tenkasi,372.1
2024-03-04,beans,Tirunelveli,184.6
2024-03-04,beans,Madurai,170.7
2024-03-04,beans,Nagercoil,187.9
2024-03-04,beans,Tuticorin,212.4
2024-03-04,beans,Tenkasi,184.0
2024-03-04,okra,Tirunelveli,234.6
2024-03-04,okra,Madurai,194.9
2024-03-04,okra,Nagercoil,271.7
2024-03-04,okra,Tuticorin,244.3
2024-03-04,okra,Tenkasi,262.0
2024-03-05,tomato,Tirunelveli,463.8
2024-03-05,tomato,Madurai,462.4
2024-03-05,tomato,Nagercoil,464.7
2024-03-05,tomato,Tuticorin,466.5
2024-03-05,tomato,Tenkasi,495.5
2024-03-05,brinjal,Tirunelveli,311.5
2024-03-05,brinjal,Madurai,275.8
2024-03-05,brinjal,Nagercoil,278.6
2024-03-05,brinjal,Tuticorin,307.6
2024-03-05,brinjal,Tenkasi,321.1
2024-03-05,onion,Tirunelveli,440.7
2024-03-05,onion,Madurai,399.9
2024-03-05,onion,Nagercoil,439.8
2024-03-05,onion,Tuticorin,384.5
2024-03-05,onion,Tenkasi,415.9
2024-03-05,carrot,Tirunelveli,249.7
2024-03-05,carrot,Madurai,198.4
2024-03-05,carrot,Nagercoil,281.9
2024-03-05,carrot,Tuticorin,266.5
2024-03-05,carrot,Tenkasi,252.9
2024-03-05,cabbage,Tirunelveli,196.7
2024-03-05,cabbage,Madurai,214.6
2024-03-05,cabbage,Nagercoil,231.8
2024-03-05,cabbage,Tuticorin,193.5
2024-03-05,cabbage,Tenkasi,212.4
2024-03-05,potato,Tirunelveli,378.2
2024-03-05,potato,Madurai,330.1
2024-03-05,potato,Nagercoil,366.6
2024-03-05,potato,Tuticorin,324.9
2024-03-05,potato,Tenkasi,341.1
2024-03-05,beans,Tirunelveli,169.9
2024-03-05,beans,Madurai,190.3
2024-03-05,beans,Nagercoil,166.0
2024-03-05,beans,Tuticorin,182.5
2024-03-05,beans,Tenkasi,166.3
2024-03-05,okra,Tirunelveli,253.4
2024-03-05,okra,Madurai,289.0
2024-03-05,okra,Nagercoil,241.0
2024-03-05,okra,Tuticorin,279.2
2024-03-05,okra,Tenkasi,264.0
2024-03-06,tomato,Tirunelveli,468.5
2024-03-06,tomato,Madurai,455.6
2024-03-06,tomato,Nagercoil,457.1
2024-03-06,tomato,Tuticorin,465.2
2024-03-06,tomato,Tenkasi,477.0
2024-03-06,brinjal,Tirunelveli,312.1
2024-03-06,brinjal,Madurai,294.0
2024-03-06,brinjal,Nagercoil,295.3
2024-03-06,brinjal,Tuticorin,298.3
2024-03-06,brinjal,Tenkasi,309.5
2024-03-06,onion,Tirunelveli,432.9
2024-03-06,onion,Madurai,392.3
2024-03-06,onion,Nagercoil,414.4
2024-03-06,onion,Tuticorin,444.5
2024-03-06,onion,Tenkasi,393.7
2024-03-06,carrot,Tirunelveli,241.5
2024-03-06,carrot,Madurai,236.6
2024-03-06,carrot,Nagercoil,228.7
2024-03-06,carrot,Tuticorin,271.8
2024-03-06,carrot,Tenkasi,240.7
2024-03-06,cabbage,Tirunelveli,246.2
2024-03-06,cabbage,Madurai,216.1
2024-03-06,cabbage,Nagercoil,225.2
2024-03-06,cabbage,Tuticorin,204.5
2024-03-06,cabbage,Tenkasi,204.7
2024-03-06,potato,Tirunelveli,368.2
2024-03-06,potato,Madurai,368.6
2024-03-06,potato,Nagercoil,372.0
2024-03-06,potato,Tuticorin,367.5
2024-03-06,potato,Tenkasi,333.3
2024-03-06,beans,Tirunelveli,163.9
2024-03-06,beans,Madurai,197.0
2024-03-06,beans,Nagercoil,140.8
2024-03-06,beans,Tuticorin,185.9
2024-03-06,beans,Tenkasi,177.8
2024-03-06,okra,Tirunelveli,281.0
2024-03-06,okra,Madurai,272.3
2024-03-06,okra,Nagercoil,250.7
2024-03-06,okra,Tuticorin,249.8
2024-03-06,okra,Tenkasi,253.5
2024-03-07,tomato,Tirunelveli,491.6
2024-03-07,tomato,Madurai,434.0
2024-03-07,tomato,Nagercoil,483.1
2024-03-07,tomato,Tuticorin,462.3
2024-03-07,tomato,Tenkasi,483.8
2024-03-07,brinjal,Tirunelveli,306.9
2024-03-07,brinjal,Madurai,266.8
2024-03-07,brinjal,Nagercoil,295.5
2024-03-07,brinjal,Tuticorin,303.1
2024-03-07,brinjal,Tenkasi,301.8
2024-03-07,onion,Tirunelveli,417.6
2024-03-07,onion,Madurai,395.6
2024-03-07,onion,Nagercoil,398.6
2024-03-07,onion,Tuticorin,392.4
2024-03-07,onion,Tenkasi,431.1
2024-03-07,carrot,Tirunelveli,237.7
2024-03-07,carrot,Madurai,239.0
2024-03-07,carrot,Nagercoil,205.9
2024-03-07,carrot,Tuticorin,239.3
2024-03-07,carrot,Tenkasi,252.7
2024-03-07,cabbage,Tirunelveli,179.2
2024-03-07,cabbage,Madurai,205.3
2024-03-07,cabbage,Nagercoil,184.6
2024-03-07,cabbage,Tuticorin,207.6
2024-03-07,cabbage,Tenkasi,198.0
2024-03-07,potato,Tirunelveli,367.6
2024-03-07,potato,Madurai,363.4
2024-03-07,potato,Nagercoil,385.8
2024-03-07,potato,Tuticorin,358.9
2024-03-07,potato,Tenkasi,366.8
2024-03-07,beans,Tirunelveli,168.8
2024-03-07,beans,Madurai,157.9
2024-03-07,beans,Nagercoil,196.7
2024-03-07,beans,Tuticorin,204.9
2024-03-07,beans,Tenkasi,194.1
2024-03-07,okra,Tirunelveli,266.6
2024-03-07,okra,Madurai,244.5
2024-03-07,okra,Nagercoil,286.8
2024-03-07,okra,Tuticorin,275.6
2024-03-07,okra,Tenkasi,304.5
2024-03-08,tomato,Tirunelveli,456.9
2024-03-08,tomato,Madurai,497.3
2024-03-08,tomato,Nagercoil,491.0
2024-03-08,tomato,Tuticorin,473.2
2024-03-08,tomato,Tenkasi,507.3
2024-03-08,brinjal,Tirunelveli,308.0
2024-03-08,brinjal,Madurai,281.3
2024-03-08,brinjal,Nagercoil,297.6
2024-03-08,brinjal,Tuticorin,281.0
2024-03-08,brinjal,Tenkasi,290.6
2024-03-08,onion,Tirunelveli,434.1
2024-03-08,onion,Madurai,439.8
2024-03-08,onion,Nagercoil,424.4
2024-03-08,onion,Tuticorin,405.0
2024-03-08,onion,Tenkasi,427.6
2024-03-08,carrot,Tirunelveli,254.5
2024-03-08,carrot,Madurai,200.6
2024-03-08,carrot,Nagercoil,242.3
2024-03-08,carrot,Tuticorin,236.2
2024-03-08,carrot,Tenkasi,259.1
2024-03-08,cabbage,Tirunelveli,223.7
2024-03-08,cabbage,Madurai,225.7
2024-03-08,cabbage,Nagercoil,206.4
2024-03-08,cabbage,Tuticorin,216.0
2024-03-08,cabbage,Tenkasi,234.9
2024-03-08,potato,Tirunelveli,358.7
2024-03-08,potato,Madurai,363.5
2024-03-08,potato,Nagercoil,329.3
2024-03-08,potato,Tuticorin,358.6
2024-03-08,potato,Tenkasi,319.8
2024-03-08,beans,Tirunelveli,169.7
2024-03-08,beans,Madurai,181.3
2024-03-08,beans,Nagercoil,195.3
2024-03-08,beans,Tuticorin,160.0
2024-03-08,beans,Tenkasi,187.5
2024-03-08,okra,Tirunelveli,293.4
2024-03-08,okra,Madurai,251.2
2024-03-08,okra,Nagercoil,233.1
2024-03-08,okra,Tuticorin,269.8
2024-03-08,okra,Tenkasi,240.2
2024-03-09,tomato,Tirunelveli,535.6
2024-03-09,tomato,Madurai,570.5
2024-03-09,tomato,Nagercoil,589.5
2024-03-09,tomato,Tuticorin,532.0
2024-03-09,tomato,Tenkasi,537.3
2024-03-09,brinjal,Tirunelveli,336.2
2024-03-09,brinjal,Madurai,334.0
2024-03-09,brinjal,Nagercoil,383.7
2024-03-09,brinjal,Tuticorin,334.4
2024-03-09,brinjal,Tenkasi,337.2
2024-03-09,onion,Tirunelveli,515.3
2024-03-09,onion,Madurai,494.5
2024-03-09,onion,Nagercoil,502.7
2024-03-09,onion,Tuticorin,464.9
2024-03-09,onion,Tenkasi,472.4
2024-03-09,carrot,Tirunelveli,255.2
2024-03-09,carrot,Madurai,292.0
2024-03-09,carrot,Nagercoil,300.5
2024-03-09,carrot,Tuticorin,264.0
2024-03-09,carrot,Tenkasi,268.7
2024-03-09,cabbage,Tirunelveli,242.0
2024-03-09,cabbage,Madurai,217.5
2024-03-09,cabbage,Nagercoil,234.9
2024-03-09,cabbage,Tuticorin,263.9
2024-03-09,cabbage,Tenkasi,230.9
2024-03-09,potato,Tirunelveli,415.9
2024-03-09,potato,Madurai,387.8
2024-03-09,potato,Nagercoil,411.1
2024-03-09,potato,Tuticorin,402.7
2024-03-09,potato,Tenkasi,389.6
2024-03-09,beans,Tirunelveli,222.8
2024-03-09,beans,Madurai,223.9
2024-03-09,beans,Nagercoil,187.6
2024-03-09,beans,Tuticorin,202.7
2024-03-09,beans,Tenkasi,207.9
2024-03-09,okra,Tirunelveli,267.3
2024-03-09,okra,Madurai,275.7
2024-03-09,okra,Nagercoil,329.3
2024-03-09,okra,Tuticorin,282.3
2024-03-09,okra,Tenkasi,328.8
2024-03-10,tomato,Tirunelveli,525.1
2024-03-10,tomato,Madurai,565.2
2024-03-10,tomato,Nagercoil,545.8
2024-03-10,tomato,Tuticorin,548.6
2024-03-10,tomato,Tenkasi,589.1
2024-03-10,brinjal,Tirunelveli,319.9
2024-03-10,brinjal,Madurai,356.9
2024-03-10,brinjal,Nagercoil,356.1
2024-03-10,brinjal,Tuticorin,412.1
2024-03-10,brinjal,Tenkasi,323.5
2024-03-10,onion,Tirunelveli,470.5
2024-03-10,onion,Madurai,499.3
2024-03-10,onion,Nagercoil,479.0
2024-03-10,onion,Tuticorin,473.7
2024-03-10,onion,Tenkasi,502.2
2024-03-10,carrot,Tirunelveli,270.7
2024-03-10,carrot,Madurai,258.2
2024-03-10,carrot,Nagercoil,290.5
2024-03-10,carrot,Tuticorin,283.5
2024-03-10,carrot,Tenkasi,269.7
2024-03-10,cabbage,Tirunelveli,241.2
2024-03-10,cabbage,Madurai,230.1
2024-03-10,cabbage,Nagercoil,262.9
2024-03-10,cabbage,Tuticorin,241.2
2024-03-10,cabbage,Tenkasi,233.0
2024-03-10,potato,Tirunelveli,388.3
2024-03-10,potato,Madurai,421.8
2024-03-10,potato,Nagercoil,403.8
2024-03-10,potato,Tuticorin,373.7
2024-03-10,potato,Tenkasi,389.9
2024-03-10,beans,Tirunelveli,202.3
2024-03-10,beans,Madurai,202.9
2024-03-10,beans,Nagercoil,202.1
2024-03-10,beans,Tuticorin,199.3
2024-03-10,beans,Tenkasi,177.5
2024-03-10,okra,Tirunelveli,286.1
2024-03-10,okra,Madurai,327.3
2024-03-10,okra,Nagercoil,324.3
2024-03-10,okra,Tuticorin,315.2
2024-03-10,okra,Tenkasi,313.4
2024-03-11,tomato,Tirunelveli,498.1
2024-03-11,tomato,Madurai,457.6
2024-03-11,tomato,Nagercoil,480.7
2024-03-11,tomato,Tuticorin,457.6
2024-03-11,tomato,Tenkasi,457.9
2024-03-11,brinjal,Tirunelveli,307.4
2024-03-11,brinjal,Madurai,318.9
2024-03-11,brinjal,Nagercoil,296.1
2024-03-11,brinjal,Tuticorin,333.0
2024-03-11,brinjal,Tenkasi,304.2
2024-03-11,onion,Tirunelveli,404.5
2024-03-11,onion,Madurai,398.3
2024-03-11,onion,Nagercoil,440.4
2024-03-11,onion,Tuticorin,422.6
2024-03-11,onion,Tenkasi,433.5
2024-03-11,carrot,Tirunelveli,186.8
2024-03-11,carrot,Madurai,244.9
2024-03-11,carrot,Nagercoil,229.8
2024-03-11,carrot,Tuticorin,212.1
2024-03-11,carrot,Tenkasi,238.7
2024-03-11,cabbage,Tirunelveli,237.8
2024-03-11,cabbage,Madurai,261.3
2024-03-11,cabbage,Nagercoil,220.8
2024-03-11,cabbage,Tuticorin,201.8
2024-03-11,cabbage,Tenkasi,200.6
2024-03-11,potato,Tirunelveli,379.3
2024-03-11,potato,Madurai,340.1
2024-03-11,potato,Nagercoil,372.4
2024-03-11,potato,Tuticorin,365.9
2024-03-11,potato,Tenkasi,363.7
2024-03-11,beans,Tirunelveli,148.6
2024-03-11,beans,Madurai,172.9
2024-03-11,beans,Nagercoil,150.8
2024-03-11,beans,Tuticorin,168.2
2024-03-11,beans,Tenkasi,198.3
2024-03-11,okra,Tirunelveli,288.6
2024-03-11,okra,Madurai,268.3
2024-03-11,okra,Nagercoil,252.6
2024-03-11,okra,Tuticorin,295.8
2024-03-11,okra,Tenkasi,252.3
2024-03-12,tomato,Tirunelveli,457.3
2024-03-12,tomato,Madurai,493.9
2024-03-12,tomato,Nagercoil,489.2
2024-03-12,tomato,Tuticorin,469.1
2024-03-12,tomato,Tenkasi,482.0
2024-03-12,brinjal,Tirunelveli,308.8
2024-03-12,brinjal,Madurai,304.1
2024-03-12,brinjal,Nagercoil,309.2
2024-03-12,brinjal,Tuticorin,289.9
2024-03-12,brinjal,Tenkasi,310.5
2024-03-12,onion,Tirunelveli,420.4
2024-03-12,onion,Madurai,410.6
2024-03-12,onion,Nagercoil,415.1
2024-03-12,onion,Tuticorin,418.0
2024-03-12,onion,Tenkasi,391.1
2024-03-12,carrot,Tirunelveli,227.3
2024-03-12,carrot,Madurai,241.3
2024-03-12,carrot,Nagercoil,213.0
2024-03-12,carrot,Tuticorin,227.6
2024-03-12,carrot,Tenkasi,287.7
2024-03-12,cabbage,Tirunelveli,193.4
2024-03-12,cabbage,Madurai,208.3
2024-03-12,cabbage,Nagercoil,199.3
2024-03-12,cabbage,Tuticorin,213.7
2024-03-12,cabbage,Tenkasi,199.7
2024-03-12,potato,Tirunelveli,355.1
2024-03-12,potato,Madurai,345.6
2024-03-12,potato,Nagercoil,381.1
2024-03-12,potato,Tuticorin,361.6
2024-03-12,potato,Tenkasi,339.9
2024-03-12,beans,Tirunelveli,196.8
2024-03-12,beans,Madurai,160.8
2024-03-12,beans,Nagercoil,148.7
2024-03-12,beans,Tuticorin,179.9
2024-03-12,beans,Tenkasi,218.1
2024-03-12,okra,Tirunelveli,227.4
2024-03-12,okra,Madurai,237.4
2024-03-12,okra,Nagercoil,279.1
2024-03-12,okra,Tuticorin,251.2
2024-03-12,okra,Tenkasi,276.2
2024-03-13,tomato,Tirunelveli,463.3
2024-03-13,tomato,Madurai,482.8
2024-03-13,tomato,Nagercoil,514.9
2024-03-13,tomato,Tuticorin,456.1
2024-03-13,tomato,Tenkasi,500.5
2024-03-13,brinjal,Tirunelveli,313.6
2024-03-13,brinjal,Madurai,270.2
2024-03-13,brinjal,Nagercoil,311.2
2024-03-13,brinjal,Tuticorin,301.5
2024-03-13,brinjal,Tenkasi,301.8
2024-03-13,onion,Tirunelveli,426.7
2024-03-13,onion,Madurai,413.0
2024-03-13,onion,Nagercoil,421.4
2024-03-13,onion,Tuticorin,424.8
2024-03-13,onion,Tenkasi,434.9
2024-03-13,carrot,Tirunelveli,209.5
2024-03-13,carrot,Madurai,265.8
2024-03-13,carrot,Nagercoil,216.9
2024-03-13,carrot,Tuticorin,255.2
2024-03-13,carrot,Tenkasi,241.6
2024-03-13,cabbage,Tirunelveli,190.4
2024-03-13,cabbage,Madurai,226.6
2024-03-13,cabbage,Nagercoil,197.1
2024-03-13,cabbage,Tuticorin,237.4
2024-03-13,cabbage,Tenkasi,201.8
2024-03-13,potato,Tirunelveli,330.1
2024-03-13,potato,Madurai,390.7
2024-03-13,potato,Nagercoil,363.6
2024-03-13,potato,Tuticorin,377.3
2024-03-13,potato,Tenkasi,343.0
2024-03-13,beans,Tirunelveli,142.2
2024-03-13,beans,Madurai,213.5
2024-03-13,beans,Nagercoil,179.9
2024-03-13,beans,Tuticorin,189.8
2024-03-13,beans,Tenkasi,193.1
2024-03-13,okra,Tirunelveli,257.3
2024-03-13,okra,Madurai,268.5
2024-03-13,okra,Nagercoil,295.9
2024-03-13,okra,Tuticorin,263.4
2024-03-13,okra,Tenkasi,282.8
2024-03-14,tomato,Tirunelveli,440.2
2024-03-14,tomato,Madurai,502.5
2024-03-14,tomato,Nagercoil,449.6
2024-03-14,tomato,Tuticorin,500.2
2024-03-14,tomato,Tenkasi,487.8
2024-03-14,brinjal,Tirunelveli,298.1
2024-03-14,brinjal,Madurai,298.0
2024-03-14,brinjal,Nagercoil,294.9
2024-03-14,brinjal,Tuticorin,283.6
2024-03-14,brinjal,Tenkasi,295.9
2024-03-14,onion,Tirunelveli,464.2
2024-03-14,onion,Madurai,446.0
2024-03-14,onion,Nagercoil,402.6
2024-03-14,onion,Tuticorin,425.4
2024-03-14,onion,Tenkasi,421.9
2024-03-14,carrot,Tirunelveli,237.2
2024-03-14,carrot,Madurai,219.9
2024-03-14,carrot,Nagercoil,248.9
2024-03-14,carrot,Tuticorin,256.9
2024-03-14,carrot,Tenkasi,223.3
2024-03-14,cabbage,Tirunelveli,255.1
2024-03-14,cabbage,Madurai,246.4
2024-03-14,cabbage,Nagercoil,227.0
2024-03-14,cabbage,Tuticorin,191.4
2024-03-14,cabbage,Tenkasi,224.0
2024-03-14,potato,Tirunelveli,365.6
2024-03-14,potato,Madurai,370.3
2024-03-14,potato,Nagercoil,391.8
2024-03-14,potato,Tuticorin,356.5
2024-03-14,potato,Tenkasi,401.0
2024-03-14,beans,Tirunelveli,188.1
2024-03-14,beans,Madurai,174.2
2024-03-14,beans,Nagercoil,228.0
2024-03-14,beans,Tuticorin,196.6
2024-03-14,beans,Tenkasi,170.9
2024-03-14,okra,Tirunelveli,265.7
2024-03-14,okra,Madurai,276.7
2024-03-14,okra,Nagercoil,261.0
2024-03-14,okra,Tuticorin,266.7
2024-03-14,okra,Tenkasi,247.7
2024-03-15,tomato,Tirunelveli,446.3
2024-03-15,tomato,Madurai,482.1
2024-03-15,tomato,Nagercoil,482.8
2024-03-15,tomato,Tuticorin,490.5
2024-03-15,tomato,Tenkasi,468.5
2024-03-15,brinjal,Tirunelveli,273.2
2024-03-15,brinjal,Madurai,280.7
2024-03-15,brinjal,Nagercoil,321.1
2024-03-15,brinjal,Tuticorin,286.7
2024-03-15,brinjal,Tenkasi,291.2
2024-03-15,onion,Tirunelveli,413.8
2024-03-15,onion,Madurai,407.6
2024-03-15,onion,Nagercoil,406.1
2024-03-15,onion,Tuticorin,402.6
2024-03-15,onion,Tenkasi,448.0
2024-03-15,carrot,Tirunelveli,253.6
2024-03-15,carrot,Madurai,265.0
2024-03-15,carrot,Nagercoil,269.0
2024-03-15,carrot,Tuticorin,193.0
2024-03-15,carrot,Tenkasi,246.9
2024-03-15,cabbage,Tirunelveli,204.3
2024-03-15,cabbage,Madurai,238.3
2024-03-15,cabbage,Nagercoil,201.2
2024-03-15,cabbage,Tuticorin,194.9
2024-03-15,cabbage,Tenkasi,187.3
2024-03-15,potato,Tirunelveli,353.9
2024-03-15,potato,Madurai,378.3
2024-03-15,potato,Nagercoil,365.1
2024-03-15,potato,Tuticorin,335.9
2024-03-15,potato,Tenkasi,403.1
2024-03-15,beans,Tirunelveli,193.0
2024-03-15,beans,Madurai,195.5
2024-03-15,beans,Nagercoil,205.7
2024-03-15,beans,Tuticorin,147.2
2024-03-15,beans,Tenkasi,161.8
2024-03-15,okra,Tirunelveli,280.5
2024-03-15,okra,Madurai,247.8
2024-03-15,okra,Nagercoil,258.5
2024-03-15,okra,Tuticorin,262.4
2024-03-15,okra,Tenkasi,238.5
2024-03-16,tomato,Tirunelveli,544.8
2024-03-16,tomato,Madurai,570.3
2024-03-16,tomato,Nagercoil,566.6
2024-03-16,tomato,Tuticorin,574.3
2024-03-16,tomato,Tenkasi,572.2
2024-03-16,brinjal,Tirunelveli,353.1
2024-03-16,brinjal,Madurai,351.5
2024-03-16,brinjal,Nagercoil,350.1
2024-03-16,brinjal,Tuticorin,332.5
2024-03-16,brinjal,Tenkasi,324.4
2024-03-16,onion,Tirunelveli,469.2
2024-03-16,onion,Madurai,476.5
2024-03-16,onion,Nagercoil,469.9
2024-03-16,onion,Tuticorin,491.3
2024-03-16,onion,Tenkasi,487.0
2024-03-16,carrot,Tirunelveli,282.2
2024-03-16,carrot,Madurai,283.0
2024-03-16,carrot,Nagercoil,299.9
2024-03-16,carrot,Tuticorin,275.8
2024-03-16,carrot,Tenkasi,296.2
2024-03-16,cabbage,Tirunelveli,258.7
2024-03-16,cabbage,Madurai,271.0
2024-03-16,cabbage,Nagercoil,280.7
2024-03-16,cabbage,Tuticorin,259.9
2024-03-16,cabbage,Tenkasi,250.5
2024-03-16,potato,Tirunelveli,415.9
2024-03-16,potato,Madurai,404.6
2024-03-16,potato,Nagercoil,403.9
2024-03-16,potato,Tuticorin,432.0
2024-03-16,potato,Tenkasi,394.7
2024-03-16,beans,Tirunelveli,239.3
2024-03-16,beans,Madurai,204.0
2024-03-16,beans,Nagercoil,264.2
2024-03-16,beans,Tuticorin,193.1
2024-03-16,beans,Tenkasi,212.0
2024-03-16,okra,Tirunelveli,296.6
2024-03-16,okra,Madurai,287.7
2024-03-16,okra,Nagercoil,324.9
2024-03-16,okra,Tuticorin,281.5
2024-03-16,okra,Tenkasi,290.1
2024-03-17,tomato,Tirunelveli,563.7
2024-03-17,tomato,Madurai,566.9
2024-03-17,tomato,Nagercoil,524.2
2024-03-17,tomato,Tuticorin,563.6
2024-03-17,tomato,Tenkasi,554.6
2024-03-17,brinjal,Tirunelveli,326.6
2024-03-17,brinjal,Madurai,329.2
2024-03-17,brinjal,Nagercoil,304.3
2024-03-17,brinjal,Tuticorin,379.3
2024-03-17,brinjal,Tenkasi,365.3
2024-03-17,onion,Tirunelveli,457.2
2024-03-17,onion,Madurai,499.0
2024-03-17,onion,Nagercoil,471.5
2024-03-17,onion,Tuticorin,501.3
2024-03-17,onion,Tenkasi,473.1
2024-03-17,carrot,Tirunelveli,268.7
2024-03-17,carrot,Madurai,270.2
2024-03-17,carrot,Nagercoil,262.9
2024-03-17,carrot,Tuticorin,304.0
2024-03-17,carrot,Tenkasi,294.0
2024-03-17,cabbage,Tirunelveli,250.6
2024-03-17,cabbage,Madurai,268.9
2024-03-17,cabbage,Nagercoil,215.9
2024-03-17,cabbage,Tuticorin,223.8
2024-03-17,cabbage,Tenkasi,257.9
2024-03-17,potato,Tirunelveli,428.7
2024-03-17,potato,Madurai,419.6
2024-03-17,potato,Nagercoil,376.3
2024-03-17,potato,Tuticorin,392.8
2024-03-17,potato,Tenkasi,422.3
2024-03-17,beans,Tirunelveli,255.5
2024-03-17,beans,Madurai,231.4
2024-03-17,beans,Nagercoil,238.5
2024-03-17,beans,Tuticorin,213.8
2024-03-17,beans,Tenkasi,213.6
2024-03-17,okra,Tirunelveli,282.9
2024-03-17,okra,Madurai,322.6
2024-03-17,okra,Nagercoil,302.1
2024-03-17,okra,Tuticorin,317.5
2024-03-17,okra,Tenkasi,304.2
2024-03-18,tomato,Tirunelveli,485.6
2024-03-18,tomato,Madurai,478.2
2024-03-18,tomato,Nagercoil,484.5
2024-03-18,tomato,Tuticorin,500.0
2024-03-18,tomato,Tenkasi,454.7
2024-03-18,brinjal,Tirunelveli,270.1
2024-03-18,brinjal,Madurai,308.5
2024-03-18,brinjal,Nagercoil,328.8
2024-03-18,brinjal,Tuticorin,333.9
2024-03-18,brinjal,Tenkasi,275.5
2024-03-18,onion,Tirunelveli,411.9
2024-03-18,onion,Madurai,390.4
2024-03-18,onion,Nagercoil,409.0
2024-03-18,onion,Tuticorin,442.5
2024-03-18,onion,Tenkasi,419.7
2024-03-18,carrot,Tirunelveli,232.5
2024-03-18,carrot,Madurai,250.9
2024-03-18,carrot,Nagercoil,224.1
2024-03-18,carrot,Tuticorin,271.9
2024-03-18,carrot,Tenkasi,240.1
2024-03-18,cabbage,Tirunelveli,208.0
2024-03-18,cabbage,Madurai,227.7
2024-03-18,cabbage,Nagercoil,234.8
2024-03-18,cabbage,Tuticorin,247.9
2024-03-18,cabbage,Tenkasi,211.8
2024-03-18,potato,Tirunelveli,381.7
2024-03-18,potato,Madurai,362.0
2024-03-18,potato,Nagercoil,347.8
2024-03-18,potato,Tuticorin,344.5
2024-03-18,potato,Tenkasi,338.1
2024-03-18,beans,Tirunelveli,165.2
2024-03-18,beans,Madurai,202.3
2024-03-18,beans,Nagercoil,194.1
2024-03-18,beans,Tuticorin,155.2
2024-03-18,beans,Tenkasi,145.1
2024-03-18,okra,Tirunelveli,241.8
2024-03-18,okra,Madurai,248.5
2024-03-18,okra,Nagercoil,257.9
2024-03-18,okra,Tuticorin,287.5
2024-03-18,okra,Tenkasi,253.0
2024-03-19,tomato,Tirunelveli,513.6
2024-03-19,tomato,Madurai,446.4
2024-03-19,tomato,Nagercoil,473.0
2024-03-19,tomato,Tuticorin,495.7
2024-03-19,tomato,Tenkasi,496.9
2024-03-19,brinjal,Tirunelveli,293.3
2024-03-19,brinjal,Madurai,320.0
2024-03-19,brinjal,Nagercoil,316.2
2024-03-19,brinjal,Tuticorin,286.4
2024-03-19,brinjal,Tenkasi,306.3
2024-03-19,onion,Tirunelveli,434.1
2024-03-19,onion,Madurai,407.8
2024-03-19,onion,Nagercoil,453.9
2024-03-19,onion,Tuticorin,403.3
2024-03-19,onion,Tenkasi,422.9
2024-03-19,carrot,Tirunelveli,215.0
2024-03-19,carrot,Madurai,242.1
2024-03-19,carrot,Nagercoil,218.7
2024-03-19,carrot,Tuticorin,234.1
2024-03-19,carrot,Tenkasi,208.3
2024-03-19,cabbage,Tirunelveli,232.0
2024-03-19,cabbage,Madurai,223.1
2024-03-19,cabbage,Nagercoil,237.7
2024-03-19,cabbage,Tuticorin,209.0
2024-03-19,cabbage,Tenkasi,238.7
2024-03-19,potato,Tirunelveli,360.8
2024-03-19,potato,Madurai,362.3
2024-03-19,potato,Nagercoil,402.3
2024-03-19,potato,Tuticorin,350.3
2024-03-19,potato,Tenkasi,384.5
2024-03-19,beans,Tirunelveli,189.6
2024-03-19,beans,Madurai,168.6
2024-03-19,beans,Nagercoil,153.7
2024-03-19,beans,Tuticorin,159.3
2024-03-19,beans,Tenkasi,202.6
2024-03-19,okra,Tirunelveli,298.7
2024-03-19,okra,Madurai,265.8
2024-03-19,okra,Nagercoil,266.9
2024-03-19,okra,Tuticorin,279.5
2024-03-19,okra,Tenkasi,265.5
2024-03-20,tomato,Tirunelveli,502.0
2024-03-20,tomato,Madurai,485.8
2024-03-20,tomato,Nagercoil,482.7
2024-03-20,tomato,Tuticorin,466.0
2024-03-20,tomato,Tenkasi,461.1
2024-03-20,brinjal,Tirunelveli,236.8
2024-03-20,brinjal,Madurai,324.7
2024-03-20,brinjal,Nagercoil,297.1
2024-03-20,brinjal,Tuticorin,292.0
2024-03-20,brinjal,Tenkasi,261.0
2024-03-20,onion,Tirunelveli,407.2
2024-03-20,onion,Madurai,404.6
2024-03-20,onion,Nagercoil,404.1
2024-03-20,onion,Tuticorin,426.7
2024-03-20,onion,Tenkasi,422.4
2024-03-20,carrot,Tirunelveli,212.8
2024-03-20,carrot,Madurai,214.0
2024-03-20,carrot,Nagercoil,214.0
2024-03-20,carrot,Tuticorin,276.2
2024-03-20,carrot,Tenkasi,269.9
2024-03-20,cabbage,Tirunelveli,199.0
2024-03-20,cabbage,Madurai,176.5
2024-03-20,cabbage,Nagercoil,218.6
2024-03-20,cabbage,Tuticorin,216.9
2024-03-20,cabbage,Tenkasi,222.3
2024-03-20,potato,Tirunelveli,374.8
2024-03-20,potato,Madurai,369.0
2024-03-20,potato,Nagercoil,337.7
2024-03-20,potato,Tuticorin,365.9
2024-03-20,potato,Tenkasi,377.1
2024-03-20,beans,Tirunelveli,165.5
2024-03-20,beans,Madurai,186.0
2024-03-20,beans,Nagercoil,168.9
2024-03-20,beans,Tuticorin,219.9
2024-03-20,beans,Tenkasi,153.5
2024-03-20,okra,Tirunelveli,287.1
2024-03-20,okra,Madurai,230.6
2024-03-20,okra,Nagercoil,299.9
2024-03-20,okra,Tuticorin,241.2
2024-03-20,okra,Tenkasi,267.8
2024-03-21,tomato,Tirunelveli,447.4
2024-03-21,tomato,Madurai,453.0
2024-03-21,tomato,Nagercoil,498.0
2024-03-21,tomato,Tuticorin,500.6
2024-03-21,tomato,Tenkasi,484.8
2024-03-21,brinjal,Tirunelveli,314.8
2024-03-21,brinjal,Madurai,320.9
2024-03-21,brinjal,Nagercoil,286.3
2024-03-21,brinjal,Tuticorin,272.0
2024-03-21,brinjal,Tenkasi,299.7
2024-03-21,onion,Tirunelveli,408.5
2024-03-21,onion,Madurai,427.8
2024-03-21,onion,Nagercoil,431.0
2024-03-21,onion,Tuticorin,406.4
2024-03-21,onion,Tenkasi,434.1
2024-03-21,carrot,Tirunelveli,253.1
2024-03-21,carrot,Madurai,254.5
2024-03-21,carrot,Nagercoil,231.8
2024-03-21,carrot,Tuticorin,255.6
2024-03-21,carrot,Tenkasi,250.4
2024-03-21,cabbage,Tirunelveli,228.8
2024-03-21,cabbage,Madurai,249.6
2024-03-21,cabbage,Nagercoil,222.6
2024-03-21,cabbage,Tuticorin,203.9
2024-03-21,cabbage,Tenkasi,193.8
2024-03-21,potato,Tirunelveli,382.6
2024-03-21,potato,Madurai,367.1
2024-03-21,potato,Nagercoil,393.4
2024-03-21,potato,Tuticorin,319.4
2024-03-21,potato,Tenkasi,378.2
2024-03-21,beans,Tirunelveli,174.8
2024-03-21,beans,Madurai,172.9
2024-03-21,beans,Nagercoil,164.7
2024-03-21,beans,Tuticorin,198.0
2024-03-21,beans,Tenkasi,192.3
2024-03-21,okra,Tirunelveli,241.2
2024-03-21,okra,Madurai,267.3
2024-03-21,okra,Nagercoil,278.1
2024-03-21,okra,Tuticorin,267.6
2024-03-21,okra,Tenkasi,286.2
2024-03-22,tomato,Tirunelveli,474.2
2024-03-22,tomato,Madurai,434.9
2024-03-22,tomato,Nagercoil,483.7
2024-03-22,tomato,Tuticorin,483.6
2024-03-22,tomato,Tenkasi,486.2
2024-03-22,brinjal,Tirunelveli,322.1
2024-03-22,brinjal,Madurai,261.0
2024-03-22,brinjal,Nagercoil,295.2
2024-03-22,brinjal,Tuticorin,281.5
2024-03-22,brinjal,Tenkasi,275.8
2024-03-22,onion,Tirunelveli,418.6
2024-03-22,onion,Madurai,434.0
2024-03-22,onion,Nagercoil,426.0
2024-03-22,onion,Tuticorin,406.2
2024-03-22,onion,Tenkasi,417.1
2024-03-22,carrot,Tirunelveli,258.6
2024-03-22,carrot,Madurai,253.7
2024-03-22,carrot,Nagercoil,228.9
2024-03-22,carrot,Tuticorin,227.7
2024-03-22,carrot,Tenkasi,205.7
2024-03-22,cabbage,Tirunelveli,207.4
2024-03-22,cabbage,Madurai,181.3
2024-03-22,cabbage,Nagercoil,257.3
2024-03-22,cabbage,Tuticorin,198.9
2024-03-22,cabbage,Tenkasi,238.2
2024-03-22,potato,Tirunelveli,396.4
2024-03-22,potato,Madurai,364.3
2024-03-22,potato,Nagercoil,358.0
2024-03-22,potato,Tuticorin,333.6
2024-03-22,potato,Tenkasi,349.9
2024-03-22,beans,Tirunelveli,212.1
2024-03-22,beans,Madurai,187.0
2024-03-22,beans,Nagercoil,180.6
2024-03-22,beans,Tuticorin,206.2
2024-03-22,beans,Tenkasi,193.9
2024-03-22,okra,Tirunelveli,261.0
2024-03-22,okra,Madurai,268.3
2024-03-22,okra,Nagercoil,248.6
2024-03-22,okra,Tuticorin,252.8
2024-03-22,okra,Tenkasi,259.9
2024-03-23,tomato,Tirunelveli,563.1
2024-03-23,tomato,Madurai,527.1
2024-03-23,tomato,Nagercoil,553.5
2024-03-23,tomato,Tuticorin,544.2
2024-03-23,tomato,Tenkasi,534.0
2024-03-23,brinjal,Tirunelveli,337.3
2024-03-23,brinjal,Madurai,298.6
2024-03-23,brinjal,Nagercoil,329.8
2024-03-23,brinjal,Tuticorin,323.0
2024-03-23,brinjal,Tenkasi,339.4
2024-03-23,onion,Tirunelveli,437.4
2024-03-23,onion,Madurai,486.8
2024-03-23,onion,Nagercoil,501.2
2024-03-23,onion,Tuticorin,480.7
2024-03-23,onion,Tenkasi,493.0
2024-03-23,carrot,Tirunelveli,265.7
2024-03-23,carrot,Madurai,244.9
2024-03-23,carrot,Nagercoil,276.0
2024-03-23,carrot,Tuticorin,289.6
2024-03-23,carrot,Tenkasi,249.5
2024-03-23,cabbage,Tirunelveli,239.1
2024-03-23,cabbage,Madurai,243.5
2024-03-23,cabbage,Nagercoil,305.4
2024-03-23,cabbage,Tuticorin,252.9
2024-03-23,cabbage,Tenkasi,210.3
2024-03-23,potato,Tirunelveli,370.9
2024-03-23,potato,Madurai,428.6
2024-03-23,potato,Nagercoil,463.7
2024-03-23,potato,Tuticorin,408.4
2024-03-23,potato,Tenkasi,407.2
2024-03-23,beans,Tirunelveli,215.6
2024-03-23,beans,Madurai,191.0
2024-03-23,beans,Nagercoil,156.1
2024-03-23,beans,Tuticorin,227.7
2024-03-23,beans,Tenkasi,194.7
2024-03-23,okra,Tirunelveli,324.6
2024-03-23,okra,Madurai,288.4
2024-03-23,okra,Nagercoil,306.0
2024-03-23,okra,Tuticorin,320.7
2024-03-23,okra,Tenkasi,325.0
2024-03-24,tomato,Tirunelveli,556.7
2024-03-24,tomato,Madurai,555.7
2024-03-24,tomato,Nagercoil,564.4
2024-03-24,tomato,Tuticorin,561.3
2024-03-24,tomato,Tenkasi,526.2
2024-03-24,brinjal,Tirunelveli,319.6
2024-03-24,brinjal,Madurai,302.8
2024-03-24,brinjal,Nagercoil,360.3
2024-03-24,brinjal,Tuticorin,337.1
2024-03-24,brinjal,Tenkasi,361.4
2024-03-24,onion,Tirunelveli,491.1
2024-03-24,onion,Madurai,463.0
2024-03-24,onion,Nagercoil,480.6
2024-03-24,onion,Tuticorin,473.9
2024-03-24,onion,Tenkasi,470.8
2024-03-24,carrot,Tirunelveli,294.3
2024-03-24,carrot,Madurai,326.2
2024-03-24,carrot,Nagercoil,298.3
2024-03-24,carrot,Tuticorin,275.5
2024-03-24,carrot,Tenkasi,301.2
2024-03-24,cabbage,Tirunelveli,282.7
2024-03-24,cabbage,Madurai,220.6
2024-03-24,cabbage,Nagercoil,272.9
2024-03-24,cabbage,Tuticorin,263.8
2024-03-24,cabbage,Tenkasi,272.2
2024-03-24,potato,Tirunelveli,430.3
2024-03-24,potato,Madurai,409.4
2024-03-24,potato,Nagercoil,454.7
2024-03-24,potato,Tuticorin,420.8
2024-03-24,potato,Tenkasi,405.3
2024-03-24,beans,Tirunelveli,217.1
2024-03-24,beans,Madurai,226.4
2024-03-24,beans,Nagercoil,208.9
2024-03-24,beans,Tuticorin,214.9
2024-03-24,beans,Tenkasi,208.8
2024-03-24,okra,Tirunelveli,290.4
2024-03-24,okra,Madurai,287.2
2024-03-24,okra,Nagercoil,275.5
2024-03-24,okra,Tuticorin,334.0
2024-03-24,okra,Tenkasi,299.1
2024-03-25,tomato,Tirunelveli,411.4
2024-03-25,tomato,Madurai,487.9
2024-03-25,tomato,Nagercoil,487.5
2024-03-25,tomato,Tuticorin,442.7
2024-03-25,tomato,Tenkasi,463.4
2024-03-25,brinjal,Tirunelveli,282.5
2024-03-25,brinjal,Madurai,285.2
2024-03-25,brinjal,Nagercoil,324.3
2024-03-25,brinjal,Tuticorin,297.0
2024-03-25,brinjal,Tenkasi,291.5
2024-03-25,onion,Tirunelveli,442.4
2024-03-25,onion,Madurai,429.9
2024-03-25,onion,Nagercoil,385.2
2024-03-25,onion,Tuticorin,407.7
2024-03-25,onion,Tenkasi,426.4
2024-03-25,carrot,Tirunelveli,221.3
2024-03-25,carrot,Madurai,280.6
2024-03-25,carrot,Nagercoil,242.3
2024-03-25,carrot,Tuticorin,224.9
2024-03-25,carrot,Tenkasi,217.5
2024-03-25,cabbage,Tirunelveli,234.6
2024-03-25,cabbage,Madurai,203.0
2024-03-25,cabbage,Nagercoil,223.6
2024-03-25,cabbage,Tuticorin,193.0
2024-03-25,cabbage,Tenkasi,217.4
2024-03-25,potato,Tirunelveli,347.3
2024-03-25,potato,Madurai,353.7
2024-03-25,potato,Nagercoil,344.1
2024-03-25,potato,Tuticorin,380.5
2024-03-25,potato,Tenkasi,350.2
2024-03-25,beans,Tirunelveli,177.1
2024-03-25,beans,Madurai,178.1
2024-03-25,beans,Nagercoil,212.2
2024-03-25,beans,Tuticorin,197.8
2024-03-25,beans,Tenkasi,195.8
2024-03-25,okra,Tirunelveli,232.4
2024-03-25,okra,Madurai,250.9
2024-03-25,okra,Nagercoil,287.8
2024-03-25,okra,Tuticorin,240.6
2024-03-25,okra,Tenkasi,265.7
2024-03-26,tomato,Tirunelveli,458.7
2024-03-26,tomato,Madurai,460.7
2024-03-26,tomato,Nagercoil,513.6
2024-03-26,tomato,Tuticorin,494.4
2024-03-26,tomato,Tenkasi,499.7
2024-03-26,brinjal,Tirunelveli,315.7
2024-03-26,brinjal,Madurai,297.2
2024-03-26,brinjal,Nagercoil,286.2
2024-03-26,brinjal,Tuticorin,292.0
2024-03-26,brinjal,Tenkasi,296.2
2024-03-26,onion,Tirunelveli,455.5
2024-03-26,onion,Madurai,393.3
2024-03-26,onion,Nagercoil,408.9
2024-03-26,onion,Tuticorin,401.7
2024-03-26,onion,Tenkasi,441.1
2024-03-26,carrot,Tirunelveli,277.1
2024-03-26,carrot,Madurai,246.2
2024-03-26,carrot,Nagercoil,247.8
2024-03-26,carrot,Tuticorin,241.8
2024-03-26,carrot,Tenkasi,248.7
2024-03-26,cabbage,Tirunelveli,231.5
2024-03-26,cabbage,Madurai,224.5
2024-03-26,cabbage,Nagercoil,226.0
2024-03-26,cabbage,Tuticorin,231.5
2024-03-26,cabbage,Tenkasi,180.4
2024-03-26,potato,Tirunelveli,360.0
2024-03-26,potato,Madurai,366.1
2024-03-26,potato,Nagercoil,368.3
2024-03-26,potato,Tuticorin,356.6
2024-03-26,potato,Tenkasi,363.2
2024-03-26,beans,Tirunelveli,165.6
2024-03-26,beans,Madurai,144.5
2024-03-26,beans,Nagercoil,199.7
2024-03-26,beans,Tuticorin,157.3
2024-03-26,beans,Tenkasi,176.8
2024-03-26,okra,Tirunelveli,249.0
2024-03-26,okra,Madurai,295.7
2024-03-26,okra,Nagercoil,262.4
2024-03-26,okra,Tuticorin,257.8
2024-03-26,okra,Tenkasi,279.0
2024-03-27,tomato,Tirunelveli,523.1
2024-03-27,tomato,Madurai,488.1
2024-03-27,tomato,Nagercoil,472.5
2024-03-27,tomato,Tuticorin,493.9
2024-03-27,tomato,Tenkasi,448.5
2024-03-27,brinjal,Tirunelveli,300.9
2024-03-27,brinjal,Madurai,339.9
2024-03-27,brinjal,Nagercoil,303.2
2024-03-27,brinjal,Tuticorin,302.2
2024-03-27,brinjal,Tenkasi,300.4
2024-03-27,onion,Tirunelveli,412.1
2024-03-27,onion,Madurai,426.3
2024-03-27,onion,Nagercoil,435.5
2024-03-27,onion,Tuticorin,413.4
2024-03-27,onion,Tenkasi,370.2
2024-03-27,carrot,Tirunelveli,249.3
2024-03-27,carrot,Madurai,282.7
2024-03-27,carrot,Nagercoil,232.5
2024-03-27,carrot,Tuticorin,210.6
2024-03-27,carrot,Tenkasi,253.5
2024-03-27,cabbage,Tirunelveli,250.9
2024-03-27,cabbage,Madurai,226.6
2024-03-27,cabbage,Nagercoil,250.5
2024-03-27,cabbage,Tuticorin,231.9
2024-03-27,cabbage,Tenkasi,230.1
2024-03-27,potato,Tirunelveli,349.6
2024-03-27,potato,Madurai,365.7
2024-03-27,potato,Nagercoil,359.4
2024-03-27,potato,Tuticorin,358.7
2024-03-27,potato,Tenkasi,354.9
2024-03-27,beans,Tirunelveli,184.5
2024-03-27,beans,Madurai,154.1
2024-03-27,beans,Nagercoil,196.2
2024-03-27,beans,Tuticorin,162.4
2024-03-27,beans,Tenkasi,175.0
2024-03-27,okra,Tirunelveli,270.6
2024-03-27,okra,Madurai,245.5
2024-03-27,okra,Nagercoil,224.7
2024-03-27,okra,Tuticorin,256.3
2024-03-27,okra,Tenkasi,235.4
2024-03-28,tomato,Tirunelveli,494.2
2024-03-28,tomato,Madurai,456.9
2024-03-28,tomato,Nagercoil,509.7
2024-03-28,tomato,Tuticorin,479.9
2024-03-28,tomato,Tenkasi,481.2
2024-03-28,brinjal,Tirunelveli,260.4
2024-03-28,brinjal,Madurai,302.9
2024-03-28,brinjal,Nagercoil,298.4
2024-03-28,brinjal,Tuticorin,274.0
2024-03-28,brinjal,Tenkasi,301.7
2024-03-28,onion,Tirunelveli,412.0
2024-03-28,onion,Madurai,415.7
2024-03-28,onion,Nagercoil,420.5
2024-03-28,onion,Tuticorin,410.6
2024-03-28,onion,Tenkasi,424.9
2024-03-28,carrot,Tirunelveli,238.3
2024-03-28,carrot,Madurai,249.5
2024-03-28,carrot,Nagercoil,229.4
2024-03-28,carrot,Tuticorin,218.7
2024-03-28,carrot,Tenkasi,225.8
2024-03-28,cabbage,Tirunelveli,244.9
2024-03-28,cabbage,Madurai,235.1
2024-03-28,cabbage,Nagercoil,240.3
2024-03-28,cabbage,Tuticorin,241.7
2024-03-28,cabbage,Tenkasi,206.7
2024-03-28,potato,Tirunelveli,365.9
2024-03-28,potato,Madurai,361.5
2024-03-28,potato,Nagercoil,373.2
2024-03-28,potato,Tuticorin,354.2
2024-03-28,potato,Tenkasi,361.9
2024-03-28,beans,Tirunelveli,181.4
2024-03-28,beans,Madurai,190.6
2024-03-28,beans,Nagercoil,193.1
2024-03-28,beans,Tuticorin,181.9
2024-03-28,beans,Tenkasi,182.5
2024-03-28,okra,Tirunelveli,268.5
2024-03-28,okra,Madurai,296.9
2024-03-28,okra,Nagercoil,229.4
2024-03-28,okra,Tuticorin,244.6
2024-03-28,okra,Tenkasi,277.5
2024-03-29,tomato,Tirunelveli,485.4
2024-03-29,tomato,Madurai,485.3
2024-03-29,tomato,Nagercoil,493.3
2024-03-29,tomato,Tuticorin,484.3
2024-03-29,tomato,Tenkasi,468.8
2024-03-29,brinjal,Tirunelveli,312.6
2024-03-29,brinjal,Madurai,300.4
2024-03-29,brinjal,Nagercoil,291.0
2024-03-29,brinjal,Tuticorin,313.8
2024-03-29,brinjal,Tenkasi,313.0
2024-03-29,onion,Tirunelveli,424.3
2024-03-29,onion,Madurai,454.3
2024-03-29,onion,Nagercoil,446.5
2024-03-29,onion,Tuticorin,440.0
2024-03-29,onion,Tenkasi,471.3
2024-03-29,carrot,Tirunelveli,237.1
2024-03-29,carrot,Madurai,230.7
2024-03-29,carrot,Nagercoil,257.2
2024-03-29,carrot,Tuticorin,234.9
2024-03-29,carrot,Tenkasi,240.2
2024-03-29,cabbage,Tirunelveli,196.3
2024-03-29,cabbage,Madurai,228.1
2024-03-29,cabbage,Nagercoil,186.6
2024-03-29,cabbage,Tuticorin,214.1
2024-03-29,cabbage,Tenkasi,215.7
2024-03-29,potato,Tirunelveli,351.3
2024-03-29,potato,Madurai,324.9
2024-03-29,potato,Nagercoil,324.7
2024-03-29,potato,Tuticorin,345.1
2024-03-29,potato,Tenkasi,370.8
2024-03-29,beans,Tirunelveli,185.8
2024-03-29,beans,Madurai,179.7
2024-03-29,beans,Nagercoil,162.3
2024-03-29,beans,Tuticorin,186.8
2024-03-29,beans,Tenkasi,144.0
2024-03-29,okra,Tirunelveli,216.1
2024-03-29,okra,Madurai,259.1
2024-03-29,okra,Nagercoil,253.1
2024-03-29,okra,Tuticorin,284.3
2024-03-29,okra,Tenkasi,267.2
2024-03-30,tomato,Tirunelveli,585.0
2024-03-30,tomato,Madurai,541.0
2024-03-30,tomato,Nagercoil,561.7
2024-03-30,tomato,Tuticorin,547.0
2024-03-30,tomato,Tenkasi,579.6
2024-03-30,brinjal,Tirunelveli,340.9
2024-03-30,brinjal,Madurai,362.1
2024-03-30,brinjal,Nagercoil,323.4
2024-03-30,brinjal,Tuticorin,336.7
2024-03-30,brinjal,Tenkasi,343.3
2024-03-30,onion,Tirunelveli,508.3
2024-03-30,onion,Madurai,439.1
2024-03-30,onion,Nagercoil,476.3
2024-03-30,onion,Tuticorin,475.7
2024-03-30,onion,Tenkasi,441.5
2024-03-30,carrot,Tirunelveli,266.7
2024-03-30,carrot,Madurai,245.2
2024-03-30,carrot,Nagercoil,229.4
2024-03-30,carrot,Tuticorin,270.8
2024-03-30,carrot,Tenkasi,270.1
2024-03-30,cabbage,Tirunelveli,243.5
2024-03-30,cabbage,Madurai,253.5
2024-03-30,cabbage,Nagercoil,230.8
2024-03-30,cabbage,Tuticorin,284.2
2024-03-30,cabbage,Tenkasi,247.7
2024-03-30,potato,Tirunelveli,439.7
2024-03-30,potato,Madurai,380.4
2024-03-30,potato,Nagercoil,397.3
2024-03-30,potato,Tuticorin,427.7
2024-03-30,potato,Tenkasi,409.5
2024-03-30,beans,Tirunelveli,185.5
2024-03-30,beans,Madurai,170.2
2024-03-30,beans,Nagercoil,221.7
2024-03-30,beans,Tuticorin,220.0
2024-03-30,beans,Tenkasi,211.9
2024-03-30,okra,Tirunelveli,293.7
2024-03-30,okra,Madurai,281.3
2024-03-30,okra,Nagercoil,302.5
2024-03-30,okra,Tuticorin,277.3
2024-03-30,okra,Tenkasi,288.6
2024-03-31,tomato,Tirunelveli,577.2
2024-03-31,tomato,Madurai,515.0
2024-03-31,tomato,Nagercoil,565.6
2024-03-31,tomato,Tuticorin,581.9
2024-03-31,tomato,Tenkasi,568.3
2024-03-31,brinjal,Tirunelveli,353.0
2024-03-31,brinjal,Madurai,335.7
2024-03-31,brinjal,Nagercoil,332.1
2024-03-31,brinjal,Tuticorin,300.0
2024-03-31,brinjal,Tenkasi,345.7
2024-03-31,onion,Tirunelveli,475.0
2024-03-31,onion,Madurai,469.0
2024-03-31,onion,Nagercoil,482.6
2024-03-31,onion,Tuticorin,484.2
2024-03-31,onion,Tenkasi,470.3
2024-03-31,carrot,Tirunelveli,308.3
2024-03-31,carrot,Madurai,290.6
2024-03-31,carrot,Nagercoil,293.9
2024-03-31,carrot,Tuticorin,273.9
2024-03-31,carrot,Tenkasi,286.2
2024-03-31,cabbage,Tirunelveli,230.5
2024-03-31,cabbage,Madurai,261.7
2024-03-31,cabbage,Nagercoil,244.3
2024-03-31,cabbage,Tuticorin,228.0
2024-03-31,cabbage,Tenkasi,247.9
2024-03-31,potato,Tirunelveli,408.2
2024-03-31,potato,Madurai,460.5
2024-03-31,potato,Nagercoil,422.7
2024-03-31,potato,Tuticorin,445.6
2024-03-31,potato,Tenkasi,436.6
2024-03-31,beans,Tirunelveli,207.8
2024-03-31,beans,Madurai,198.1
2024-03-31,beans,Nagercoil,172.2
2024-03-31,beans,Tuticorin,189.6
2024-03-31,beans,Tenkasi,220.3
2024-03-31,okra,Tirunelveli,297.6
2024-03-31,okra,Madurai,311.1
2024-03-31,okra,Nagercoil,263.0
2024-03-31,okra,Tuticorin,312.7
2024-03-31,okra,Tenkasi,325.5
2024-04-01,tomato,Tirunelveli,433.8
2024-04-01,tomato,Madurai,476.7
2024-04-01,tomato,Nagercoil,496.2
2024-04-01,tomato,Tuticorin,502.9
2024-04-01,tomato,Tenkasi,459.2
2024-04-01,brinjal,Tirunelveli,308.9
2024-04-01,brinjal,Madurai,321.9
2024-04-01,brinjal,Nagercoil,301.3
2024-04-01,brinjal,Tuticorin,319.0
2024-04-01,brinjal,Tenkasi,292.6
2024-04-01,onion,Tirunelveli,418.5
2024-04-01,onion,Madurai,398.2
2024-04-01,onion,Nagercoil,407.3
2024-04-01,onion,Tuticorin,419.3
2024-04-01,onion,Tenkasi,396.7
2024-04-01,carrot,Tirunelveli,230.2
2024-04-01,carrot,Madurai,249.9
2024-04-01,carrot,Nagercoil,275.7
2024-04-01,carrot,Tuticorin,193.7
2024-04-01,carrot,Tenkasi,274.2
2024-04-01,cabbage,Tirunelveli,206.0
2024-04-01,cabbage,Madurai,230.5
2024-04-01,cabbage,Nagercoil,234.4
2024-04-01,cabbage,Tuticorin,242.5
2024-04-01,cabbage,Tenkasi,196.6
2024-04-01,potato,Tirunelveli,347.5
2024-04-01,potato,Madurai,350.9
2024-04-01,potato,Nagercoil,344.8
2024-04-01,potato,Tuticorin,378.3
2024-04-01,potato,Tenkasi,350.4
2024-04-01,beans,Tirunelveli,143.6
2024-04-01,beans,Madurai,163.3
2024-04-01,beans,Nagercoil,144.4
2024-04-01,beans,Tuticorin,171.4
2024-04-01,beans,Tenkasi,189.4
2024-04-01,okra,Tirunelveli,245.0
2024-04-01,okra,Madurai,250.0
2024-04-01,okra,Nagercoil,252.6
2024-04-01,okra,Tuticorin,260.9
2024-04-01,okra,Tenkasi,268.4
2024-04-02,tomato,Tirunelveli,485.4
2024-04-02,tomato,Madurai,514.4
2024-04-02,tomato,Nagercoil,471.8
2024-04-02,tomato,Tuticorin,484.0
2024-04-02,tomato,Tenkasi,437.5
2024-04-02,brinjal,Tirunelveli,285.7
2024-04-02,brinjal,Madurai,287.9
2024-04-02,brinjal,Nagercoil,273.0
2024-04-02,brinjal,Tuticorin,282.6
2024-04-02,brinjal,Tenkasi,291.2
2024-04-02,onion,Tirunelveli,400.5
2024-04-02,onion,Madurai,462.7
2024-04-02,onion,Nagercoil,420.9
2024-04-02,onion,Tuticorin,450.6
2024-04-02,onion,Tenkasi,440.5
2024-04-02,carrot,Tirunelveli,221.9
2024-04-02,carrot,Madurai,235.4
2024-04-02,carrot,Nagercoil,225.9
2024-04-02,carrot,Tuticorin,231.4
2024-04-02,carrot,Tenkasi,215.1
2024-04-02,cabbage,Tirunelveli,202.3
2024-04-02,cabbage,Madurai,218.4
2024-04-02,cabbage,Nagercoil,217.8
2024-04-02,cabbage,Tuticorin,216.2
2024-04-02,cabbage,Tenkasi,210.0
2024-04-02,potato,Tirunelveli,369.2
2024-04-02,potato,Madurai,346.8
2024-04-02,potato,Nagercoil,379.8
2024-04-02,potato,Tuticorin,315.0
2024-04-02,potato,Tenkasi,365.1
2024-04-02,beans,Tirunelveli,185.7
2024-04-02,beans,Madurai,162.5
2024-04-02,beans,Nagercoil,168.9
2024-04-02,beans,Tuticorin,185.3
2024-04-02,beans,Tenkasi,194.3
2024-04-02,okra,Tirunelveli,223.1
2024-04-02,okra,Madurai,270.7
2024-04-02,okra,Nagercoil,249.0
2024-04-02,okra,Tuticorin,280.6
2024-04-02,okra,Tenkasi,221.3
2024-04-03,tomato,Tirunelveli,518.2
2024-04-03,tomato,Madurai,451.6
2024-04-03,tomato,Nagercoil,497.9
2024-04-03,tomato,Tuticorin,467.9
2024-04-03,tomato,Tenkasi,452.9
2024-04-03,brinjal,Tirunelveli,298.6
2024-04-03,brinjal,Madurai,313.9
2024-04-03,brinjal,Nagercoil,262.2
2024-04-03,brinjal,Tuticorin,307.3
2024-04-03,brinjal,Tenkasi,293.1
2024-04-03,onion,Tirunelveli,422.2
2024-04-03,onion,Madurai,410.8
2024-04-03,onion,Nagercoil,399.2
2024-04-03,onion,Tuticorin,388.4
2024-04-03,onion,Tenkasi,424.1
2024-04-03,carrot,Tirunelveli,248.0
2024-04-03,carrot,Madurai,247.9
2024-04-03,carrot,Nagercoil,243.2
2024-04-03,carrot,Tuticorin,253.5
2024-04-03,carrot,Tenkasi,262.8
2024-04-03,cabbage,Tirunelveli,173.6
2024-04-03,cabbage,Madurai,164.3
2024-04-03,cabbage,Nagercoil,245.5
2024-04-03,cabbage,Tuticorin,184.4
2024-04-03,cabbage,Tenkasi,189.5
2024-04-03,potato,Tirunelveli,346.2
2024-04-03,potato,Madurai,318.9
2024-04-03,potato,Nagercoil,344.3
2024-04-03,potato,Tuticorin,333.0
2024-04-03,potato,Tenkasi,347.3
2024-04-03,beans,Tirunelveli,181.6
2024-04-03,beans,Madurai,169.1
2024-04-03,beans,Nagercoil,168.1
2024-04-03,beans,Tuticorin,181.1
2024-04-03,beans,Tenkasi,196.9
2024-04-03,okra,Tirunelveli,290.2
2024-04-03,okra,Madurai,253.7
2024-04-03,okra,Nagercoil,294.6
2024-04-03,okra,Tuticorin,275.6
2024-04-03,okra,Tenkasi,233.5
2024-04-04,tomato,Tirunelveli,444.1
2024-04-04,tomato,Madurai,457.7
2024-04-04,tomato,Nagercoil,498.2
2024-04-04,tomato,Tuticorin,459.3
2024-04-04,tomato,Tenkasi,431.4
2024-04-04,brinjal,Tirunelveli,288.7
2024-04-04,brinjal,Madurai,253.7
2024-04-04,brinjal,Nagercoil,272.2
2024-04-04,brinjal,Tuticorin,281.6
2024-04-04,brinjal,Tenkasi,296.3
2024-04-04,onion,Tirunelveli,431.1
2024-04-04,onion,Madurai,424.5
2024-04-04,onion,Nagercoil,387.0
2024-04-04,onion,Tuticorin,403.2
2024-04-04,onion,Tenkasi,412.1
2024-04-04,carrot,Tirunelveli,229.4
2024-04-04,carrot,Madurai,229.3
2024-04-04,carrot,Nagercoil,200.2
2024-04-04,carrot,Tuticorin,211.6
2024-04-04,carrot,Tenkasi,226.6
2024-04-04,cabbage,Tirunelveli,149.3
2024-04-04,cabbage,Madurai,224.0
2024-04-04,cabbage,Nagercoil,183.7
2024-04-04,cabbage,Tuticorin,224.9
2024-04-04,cabbage,Tenkasi,223.2
2024-04-04,potato,Tirunelveli,341.1
2024-04-04,potato,Madurai,372.0
2024-04-04,potato,Nagercoil,366.8
2024-04-04,potato,Tuticorin,345.8
2024-04-04,potato,Tenkasi,343.5
2024-04-04,beans,Tirunelveli,197.9
2024-04-04,beans,Madurai,180.6
2024-04-04,beans,Nagercoil,196.9
2024-04-04,beans,Tuticorin,128.2
2024-04-04,beans,Tenkasi,178.0
2024-04-04,okra,Tirunelveli,226.6
2024-04-04,okra,Madurai,257.6
2024-04-04,okra,Nagercoil,272.4
2024-04-04,okra,Tuticorin,292.9
2024-04-04,okra,Tenkasi,239.3
2024-04-05,tomato,Tirunelveli,458.8
2024-04-05,tomato,Madurai,467.4
2024-04-05,tomato,Nagercoil,449.8
2024-04-05,tomato,Tuticorin,488.9
2024-04-05,tomato,Tenkasi,467.9
2024-04-05,brinjal,Tirunelveli,295.7
2024-04-05,brinjal,Madurai,305.7
2024-04-05,brinjal,Nagercoil,291.9
2024-04-05,brinjal,Tuticorin,277.0
2024-04-05,brinjal,Tenkasi,292.0
2024-04-05,onion,Tirunelveli,393.5
2024-04-05,onion,Madurai,412.8
2024-04-05,onion,Nagercoil,430.6
2024-04-05,onion,Tuticorin,387.1
2024-04-05,onion,Tenkasi,380.0
2024-04-05,carrot,Tirunelveli,235.6
2024-04-05,carrot,Madurai,219.3
2024-04-05,carrot,Nagercoil,235.3
2024-04-05,carrot,Tuticorin,241.0
2024-04-05,carrot,Tenkasi,191.8
2024-04-05,cabbage,Tirunelveli,225.0
2024-04-05,cabbage,Madurai,187.8
2024-04-05,cabbage,Nagercoil,210.7
2024-04-05,cabbage,Tuticorin,198.0
2024-04-05,cabbage,Tenkasi,200.1
2024-04-05,potato,Tirunelveli,385.8
2024-04-05,potato,Madurai,358.3
2024-04-05,potato,Nagercoil,370.1
2024-04-05,potato,Tuticorin,355.0
2024-04-05,potato,Tenkasi,364.4
2024-04-05,beans,Tirunelveli,184.3
2024-04-05,beans,Madurai,181.1
2024-04-05,beans,Nagercoil,198.1
2024-04-05,beans,Tuticorin,179.1
2024-04-05,beans,Tenkasi,221.7
2024-04-05,okra,Tirunelveli,277.3
2024-04-05,okra,Madurai,235.3
2024-04-05,okra,Nagercoil,254.6
2024-04-05,okra,Tuticorin,266.0
2024-04-05,okra,Tenkasi,259.0
2024-04-06,tomato,Tirunelveli,553.4
2024-04-06,tomato,Madurai,555.6
2024-04-06,tomato,Nagercoil,512.5
2024-04-06,tomato,Tuticorin,565.3
2024-04-06,tomato,Tenkasi,529.7
2024-04-06,brinjal,Tirunelveli,325.4
2024-04-06,brinjal,Madurai,325.3
2024-04-06,brinjal,Nagercoil,353.5
2024-04-06,brinjal,Tuticorin,332.0
2024-04-06,brinjal,Tenkasi,324.0
2024-04-06,onion,Tirunelveli,463.7
2024-04-06,onion,Madurai,436.3
2024-04-06,onion,Nagercoil,455.4
2024-04-06,onion,Tuticorin,447.4
2024-04-06,onion,Tenkasi,466.8
2024-04-06,carrot,Tirunelveli,283.1
2024-04-06,carrot,Madurai,280.9
2024-04-06,carrot,Nagercoil,295.0
2024-04-06,carrot,Tuticorin,290.5
2024-04-06,carrot,Tenkasi,259.3
2024-04-06,cabbage,Tirunelveli,243.2
2024-04-06,cabbage,Madurai,242.2
2024-04-06,cabbage,Nagercoil,199.8
2024-04-06,cabbage,Tuticorin,218.5
2024-04-06,cabbage,Tenkasi,239.5
2024-04-06,potato,Tirunelveli,401.3
2024-04-06,potato,Madurai,415.0
2024-04-06,potato,Nagercoil,414.0
2024-04-06,potato,Tuticorin,369.3
2024-04-06,potato,Tenkasi,415.1
2024-04-06,beans,Tirunelveli,205.9
2024-04-06,beans,Madurai,214.8
2024-04-06,beans,Nagercoil,223.7
2024-04-06,beans,Tuticorin,199.5
2024-04-06,beans,Tenkasi,227.3
2024-04-06,okra,Tirunelveli,279.0
2024-04-06,okra,Madurai,277.9
2024-04-06,okra,Nagercoil,305.4
2024-04-06,okra,Tuticorin,289.4
2024-04-06,okra,Tenkasi,302.1
2024-04-07,tomato,Tirunelveli,579.5
2024-04-07,tomato,Madurai,547.5
2024-04-07,tomato,Nagercoil,543.9
2024-04-07,tomato,Tuticorin,522.3
2024-04-07,tomato,Tenkasi,505.7
2024-04-07,brinjal,Tirunelveli,335.8
2024-04-07,brinjal,Madurai,358.6
2024-04-07,brinjal,Nagercoil,330.8
2024-04-07,brinjal,Tuticorin,345.3
2024-04-07,brinjal,Tenkasi,365.8
2024-04-07,onion,Tirunelveli,500.2
2024-04-07,onion,Madurai,480.8
2024-04-07,onion,Nagercoil,475.6
2024-04-07,onion,Tuticorin,441.8
2024-04-07,onion,Tenkasi,459.6
2024-04-07,carrot,Tirunelveli,264.2
2024-04-07,carrot,Madurai,252.8
2024-04-07,carrot,Nagercoil,274.8
2024-04-07,carrot,Tuticorin,308.1
2024-04-07,carrot,Tenkasi,300.2
2024-04-07,cabbage,Tirunelveli,247.7
2024-04-07,cabbage,Madurai,258.4
2024-04-07,cabbage,Nagercoil,228.3
2024-04-07,cabbage,Tuticorin,272.1
2024-04-07,cabbage,Tenkasi,211.6
2024-04-07,potato,Tirunelveli,423.0
2024-04-07,potato,Madurai,414.7
2024-04-07,potato,Nagercoil,389.6
2024-04-07,potato,Tuticorin,400.6
2024-04-07,potato,Tenkasi,382.1
2024-04-07,beans,Tirunelveli,180.5
2024-04-07,beans,Madurai,170.6
2024-04-07,beans,Nagercoil,217.7
2024-04-07,beans,Tuticorin,226.5
2024-04-07,beans,Tenkasi,159.1
2024-04-07,okra,Tirunelveli,333.6
2024-04-07,okra,Madurai,296.6
2024-04-07,okra,Nagercoil,302.6
2024-04-07,okra,Tuticorin,267.4
2024-04-07,okra,Tenkasi,323.2
2024-04-08,tomato,Tirunelveli,473.3
2024-04-08,tomato,Madurai,492.1
2024-04-08,tomato,Nagercoil,493.7
2024-04-08,tomato,Tuticorin,496.0
2024-04-08,tomato,Tenkasi,456.3
2024-04-08,brinjal,Tirunelveli,289.1
2024-04-08,brinjal,Madurai,281.1
2024-04-08,brinjal,Nagercoil,311.2
2024-04-08,brinjal,Tuticorin,300.0
2024-04-08,brinjal,Tenkasi,314.7
2024-04-08,onion,Tirunelveli,432.9
2024-04-08,onion,Madurai,376.1
2024-04-08,onion,Nagercoil,437.6
2024-04-08,onion,Tuticorin,429.6
2024-04-08,onion,Tenkasi,403.2
2024-04-08,carrot,Tirunelveli,241.6
2024-04-08,carrot,Madurai,232.2
2024-04-08,carrot,Nagercoil,247.0
2024-04-08,carrot,Tuticorin,227.2
2024-04-08,carrot,Tenkasi,244.2
2024-04-08,cabbage,Tirunelveli,212.5
2024-04-08,cabbage,Madurai,202.5
2024-04-08,cabbage,Nagercoil,215.0
2024-04-08,cabbage,Tuticorin,265.3
2024-04-08,cabbage,Tenkasi,197.5
2024-04-08,potato,Tirunelveli,347.0
2024-04-08,potato,Madurai,338.6
2024-04-08,potato,Nagercoil,340.7
2024-04-08,potato,Tuticorin,368.3
2024-04-08,potato,Tenkasi,366.3
2024-04-08,beans,Tirunelveli,175.9
2024-04-08,beans,Madurai,196.5
2024-04-08,beans,Nagercoil,191.8
2024-04-08,beans,Tuticorin,172.7
2024-04-08,beans,Tenkasi,145.3
2024-04-08,okra,Tirunelveli,274.7
2024-04-08,okra,Madurai,261.5
2024-04-08,okra,Nagercoil,258.5
2024-04-08,okra,Tuticorin,248.8
2024-04-08,okra,Tenkasi,273.0
2024-04-09,tomato,Tirunelveli,476.3
2024-04-09,tomato,Madurai,464.5
2024-04-09,tomato,Nagercoil,444.8
2024-04-09,tomato,Tuticorin,490.6
2024-04-09,tomato,Tenkasi,481.4
2024-04-09,brinjal,Tirunelveli,298.4
2024-04-09,brinjal,Madurai,240.2
2024-04-09,brinjal,Nagercoil,292.5
2024-04-09,brinjal,Tuticorin,288.5
2024-04-09,brinjal,Tenkasi,280.9
2024-04-09,onion,Tirunelveli,425.7
2024-04-09,onion,Madurai,424.9
2024-04-09,onion,Nagercoil,419.4
2024-04-09,onion,Tuticorin,431.4
2024-04-09,onion,Tenkasi,390.2
2024-04-09,carrot,Tirunelveli,225.6
2024-04-09,carrot,Madurai,236.1
2024-04-09,carrot,Nagercoil,222.2
2024-04-09,carrot,Tuticorin,249.2
2024-04-09,carrot,Tenkasi,224.2
2024-04-09,cabbage,Tirunelveli,237.1
2024-04-09,cabbage,Madurai,192.6
2024-04-09,cabbage,Nagercoil,253.8
2024-04-09,cabbage,Tuticorin,251.8
2024-04-09,cabbage,Tenkasi,209.3
2024-04-09,potato,Tirunelveli,374.9
2024-04-09,potato,Madurai,344.0
2024-04-09,potato,Nagercoil,372.2
2024-04-09,potato,Tuticorin,348.4
2024-04-09,potato,Tenkasi,326.3
2024-04-09,beans,Tirunelveli,105.3
2024-04-09,beans,Madurai,170.6
2024-04-09,beans,Nagercoil,181.6
2024-04-09,beans,Tuticorin,202.6
2024-04-09,beans,Tenkasi,176.7
2024-04-09,okra,Tirunelveli,278.2
2024-04-09,okra,Madurai,249.0
2024-04-09,okra,Nagercoil,251.4
2024-04-09,okra,Tuticorin,279.2
2024-04-09,okra,Tenkasi,208.8
2024-04-10,tomato,Tirunelveli,469.5
2024-04-10,tomato,Madurai,461.3
2024-04-10,tomato,Nagercoil,496.5
2024-04-10,tomato,Tuticorin,458.7
2024-04-10,tomato,Tenkasi,479.6
2024-04-10,brinjal,Tirunelveli,311.7
2024-04-10,brinjal,Madurai,263.4
2024-04-10,brinjal,Nagercoil,290.5
2024-04-10,brinjal,Tuticorin,284.7
2024-04-10,brinjal,Tenkasi,312.2
2024-04-10,onion,Tirunelveli,424.1
2024-04-10,onion,Madurai,406.0
2024-04-10,onion,Nagercoil,389.7
2024-04-10,onion,Tuticorin,431.4
2024-04-10,onion,Tenkasi,409.3
2024-04-10,carrot,Tirunelveli,202.3
2024-04-10,carrot,Madurai,204.0
2024-04-10,carrot,Nagercoil,243.4
2024-04-10,carrot,Tuticorin,209.1
2024-04-10,carrot,Tenkasi,271.8
2024-04-10,cabbage,Tirunelveli,192.4
2024-04-10,cabbage,Madurai,211.2
2024-04-10,cabbage,Nagercoil,214.4
2024-04-10,cabbage,Tuticorin,196.6
2024-04-10,cabbage,Tenkasi,166.4
2024-04-10,potato,Tirunelveli,355.8
2024-04-10,potato,Madurai,336.9
2024-04-10,potato,Nagercoil,354.3
2024-04-10,potato,Tuticorin,349.5
2024-04-10,potato,Tenkasi,357.2
2024-04-10,beans,Tirunelveli,207.2
2024-04-10,beans,Madurai,165.1
2024-04-10,beans,Nagercoil,166.6
2024-04-10,beans,Tuticorin,142.7
2024-04-10,beans,Tenkasi,172.1
2024-04-10,okra,Tirunelveli,266.3
2024-04-10,okra,Madurai,248.4
2024-04-10,okra,Nagercoil,266.4
2024-04-10,okra,Tuticorin,254.6
2024-04-10,okra,Tenkasi,232.1
2024-04-11,tomato,Tirunelveli,475.5
2024-04-11,tomato,Madurai,465.2
2024-04-11,tomato,Nagercoil,471.7
2024-04-11,tomato,Tuticorin,457.9
2024-04-11,tomato,Tenkasi,456.2
2024-04-11,brinjal,Tirunelveli,296.4
2024-04-11,brinjal,Madurai,288.7
2024-04-11,brinjal,Nagercoil,327.8
2024-04-11,brinjal,Tuticorin,309.3
2024-04-11,brinjal,Tenkasi,304.2
2024-04-11,onion,Tirunelveli,407.1
2024-04-11,onion,Madurai,370.1
2024-04-11,onion,Nagercoil,394.5
2024-04-11,onion,Tuticorin,397.7
2024-04-11,onion,Tenkasi,405.1
2024-04-11,carrot,Tirunelveli,234.0
2024-04-11,carrot,Madurai,247.8
2024-04-11,carrot,Nagercoil,240.1
2024-04-11,carrot,Tuticorin,257.8
2024-04-11,carrot,Tenkasi,228.4
2024-04-11,cabbage,Tirunelveli,216.3
2024-04-11,cabbage,Madurai,218.1
2024-04-11,cabbage,Nagercoil,216.1
2024-04-11,cabbage,Tuticorin,236.8
2024-04-11,cabbage,Tenkasi,227.3
2024-04-11,potato,Tirunelveli,325.6
2024-04-11,potato,Madurai,349.7
2024-04-11,potato,Nagercoil,351.7
2024-04-11,potato,Tuticorin,395.0
2024-04-11,potato,Tenkasi,345.4
2024-04-11,beans,Tirunelveli,156.3
2024-04-11,beans,Madurai,184.7
2024-04-11,beans,Nagercoil,185.9
2024-04-11,beans,Tuticorin,174.5
2024-04-11,beans,Tenkasi,171.6
2024-04-11,okra,Tirunelveli,277.1
2024-04-11,okra,Madurai,241.0
2024-04-11,okra,Nagercoil,251.3
2024-04-11,okra,Tuticorin,247.7
2024-04-11,okra,Tenkasi,280.0
2024-04-12,tomato,Tirunelveli,475.0
2024-04-12,tomato,Madurai,448.0
2024-04-12,tomato,Nagercoil,450.0
2024-04-12,tomato,Tuticorin,506.8
2024-04-12,tomato,Tenkasi,490.9
2024-04-12,brinjal,Tirunelveli,310.1
2024-04-12,brinjal,Madurai,293.5
2024-04-12,brinjal,Nagercoil,323.5
2024-04-12,brinjal,Tuticorin,271.2
2024-04-12,brinjal,Tenkasi,308.4
2024-04-12,onion,Tirunelveli,401.8
2024-04-12,onion,Madurai,405.6
2024-04-12,onion,Nagercoil,425.1
2024-04-12,onion,Tuticorin,407.8
2024-04-12,onion,Tenkasi,401.9
2024-04-12,carrot,Tirunelveli,224.7
2024-04-12,carrot,Madurai,194.9
2024-04-12,carrot,Nagercoil,249.9
2024-04-12,carrot,Tuticorin,214.5
2024-04-12,carrot,Tenkasi,271.8
2024-04-12,cabbage,Tirunelveli,205.4
2024-04-12,cabbage,Madurai,237.4
2024-04-12,cabbage,Nagercoil,175.0
2024-04-12,cabbage,Tuticorin,225.8
2024-04-12,cabbage,Tenkasi,230.9
2024-04-12,potato,Tirunelveli,378.0
2024-04-12,potato,Madurai,321.4
2024-04-12,potato,Nagercoil,337.9
2024-04-12,potato,Tuticorin,363.5
2024-04-12,potato,Tenkasi,354.9
2024-04-12,beans,Tirunelveli,181.8
2024-04-12,beans,Madurai,168.8
2024-04-12,beans,Nagercoil,207.0
2024-04-12,beans,Tuticorin,228.2
2024-04-12,beans,Tenkasi,178.1
2024-04-12,okra,Tirunelveli,267.2
2024-04-12,okra,Madurai,259.2
2024-04-12,okra,Nagercoil,283.8
2024-04-12,okra,Tuticorin,274.7
2024-04-12,okra,Tenkasi,236.8
2024-04-13,tomato,Tirunelveli,527.4
2024-04-13,tomato,Madurai,519.5
2024-04-13,tomato,Nagercoil,593.6
2024-04-13,tomato,Tuticorin,552.4
2024-04-13,tomato,Tenkasi,527.8
2024-04-13,brinjal,Tirunelveli,323.8
2024-04-13,brinjal,Madurai,353.4
2024-04-13,brinjal,Nagercoil,355.4
2024-04-13,brinjal,Tuticorin,353.3
2024-04-13,brinjal,Tenkasi,328.8
2024-04-13,onion,Tirunelveli,478.3
2024-04-13,onion,Madurai,474.4
2024-04-13,onion,Nagercoil,453.5
2024-04-13,onion,Tuticorin,453.7
2024-04-13,onion,Tenkasi,480.5
2024-04-13,carrot,Tirunelveli,273.8
2024-04-13,carrot,Madurai,280.9
2024-04-13,carrot,Nagercoil,285.7
2024-04-13,carrot,Tuticorin,299.8
2024-04-13,carrot,Tenkasi,254.3
2024-04-13,cabbage,Tirunelveli,255.5
2024-04-13,cabbage,Madurai,257.8
2024-04-13,cabbage,Nagercoil,236.6
2024-04-13,cabbage,Tuticorin,245.3
2024-04-13,cabbage,Tenkasi,237.1
2024-04-13,potato,Tirunelveli,446.9
2024-04-13,potato,Madurai,406.9
2024-04-13,potato,Nagercoil,413.8
2024-04-13,potato,Tuticorin,399.5
2024-04-13,potato,Tenkasi,395.2
2024-04-13,beans,Tirunelveli,176.3
2024-04-13,beans,Madurai,224.4
2024-04-13,beans,Nagercoil,217.7
2024-04-13,beans,Tuticorin,196.4
2024-04-13,beans,Tenkasi,184.4
2024-04-13,okra,Tirunelveli,300.4
2024-04-13,okra,Madurai,286.9
2024-04-13,okra,Nagercoil,292.4
2024-04-13,okra,Tuticorin,271.5
2024-04-13,okra,Tenkasi,301.2
2024-04-14,tomato,Tirunelveli,544.4
2024-04-14,tomato,Madurai,561.6
2024-04-14,tomato,Nagercoil,536.7
2024-04-14,tomato,Tuticorin,533.0
2024-04-14,tomato,Tenkasi,508.5
2024-04-14,brinjal,Tirunelveli,359.3
2024-04-14,brinjal,Madurai,355.2
2024-04-14,brinjal,Nagercoil,337.9
2024-04-14,brinjal,Tuticorin,310.7
2024-04-14,brinjal,Tenkasi,313.0
2024-04-14,onion,Tirunelveli,461.3
2024-04-14,onion,Madurai,491.5
2024-04-14,onion,Nagercoil,478.0
2024-04-14,onion,Tuticorin,442.3
2024-04-14,onion,Tenkasi,480.3
2024-04-14,carrot,Tirunelveli,253.1
2024-04-14,carrot,Madurai,259.4
2024-04-14,carrot,Nagercoil,289.3
2024-04-14,carrot,Tuticorin,285.1
2024-04-14,carrot,Tenkasi,291.7
2024-04-14,cabbage,Tirunelveli,242.4
2024-04-14,cabbage,Madurai,260.5
2024-04-14,cabbage,Nagercoil,231.1
2024-04-14,cabbage,Tuticorin,237.7
2024-04-14,cabbage,Tenkasi,236.3
2024-04-14,potato,Tirunelveli,405.2
2024-04-14,potato,Madurai,379.0
2024-04-14,potato,Nagercoil,400.3
2024-04-14,potato,Tuticorin,433.8
2024-04-14,potato,Tenkasi,382.9
2024-04-14,beans,Tirunelveli,175.8
2024-04-14,beans,Madurai,177.4
2024-04-14,beans,Nagercoil,255.6
2024-04-14,beans,Tuticorin,211.7
2024-04-14,beans,Tenkasi,197.0
2024-04-14,okra,Tirunelveli,298.2
2024-04-14,okra,Madurai,301.4
2024-04-14,okra,Nagercoil,284.0
2024-04-14,okra,Tuticorin,286.5
2024-04-14,okra,Tenkasi,293.7
2024-04-15,tomato,Tirunelveli,454.8
2024-04-15,tomato,Madurai,461.3
2024-04-15,tomato,Nagercoil,476.3
2024-04-15,tomato,Tuticorin,449.3
2024-04-15,tomato,Tenkasi,521.5
2024-04-15,brinjal,Tirunelveli,308.4
2024-04-15,brinjal,Madurai,267.9
2024-04-15,brinjal,Nagercoil,243.7
2024-04-15,brinjal,Tuticorin,279.6
2024-04-15,brinjal,Tenkasi,307.0
2024-04-15,onion,Tirunelveli,420.4
2024-04-15,onion,Madurai,408.4
2024-04-15,onion,Nagercoil,398.6
2024-04-15,onion,Tuticorin,392.5
2024-04-15,onion,Tenkasi,402.6
2024-04-15,carrot,Tirunelveli,214.4
2024-04-15,carrot,Madurai,226.7
2024-04-15,carrot,Nagercoil,261.3
2024-04-15,carrot,Tuticorin,219.2
2024-04-15,carrot,Tenkasi,246.9
2024-04-15,cabbage,Tirunelveli,226.4
2024-04-15,cabbage,Madurai,189.6
2024-04-15,cabbage,Nagercoil,194.3
2024-04-15,cabbage,Tuticorin,232.6
2024-04-15,cabbage,Tenkasi,192.7
2024-04-15,potato,Tirunelveli,350.8
2024-04-15,potato,Madurai,392.8
2024-04-15,potato,Nagercoil,371.6
2024-04-15,potato,Tuticorin,353.7
2024-04-15,potato,Tenkasi,368.8
2024-04-15,beans,Tirunelveli,174.9
2024-04-15,beans,Madurai,196.3
2024-04-15,beans,Nagercoil,135.1
2024-04-15,beans,Tuticorin,173.2
2024-04-15,beans,Tenkasi,134.3
2024-04-15,okra,Tirunelveli,261.3
2024-04-15,okra,Madurai,253.4
2024-04-15,okra,Nagercoil,285.3
2024-04-15,okra,Tuticorin,272.3
2024-04-15,okra,Tenkasi,247.6
2024-04-16,tomato,Tirunelveli,461.2
2024-04-16,tomato,Madurai,476.9
2024-04-16,tomato,Nagercoil,457.8
2024-04-16,tomato,Tuticorin,468.6
2024-04-16,tomato,Tenkasi,495.6
2024-04-16,brinjal,Tirunelveli,276.7
2024-04-16,brinjal,Madurai,284.3
2024-04-16,brinjal,Nagercoil,287.2
2024-04-16,brinjal,Tuticorin,356.5
2024-04-16,brinjal,Tenkasi,305.5
2024-04-16,onion,Tirunelveli,433.3
2024-04-16,onion,Madurai,426.0
2024-04-16,onion,Nagercoil,427.3
2024-04-16,onion,Tuticorin,420.1
2024-04-16,onion,Tenkasi,417.9
2024-04-16,carrot,Tirunelveli,205.6
2024-04-16,carrot,Madurai,241.8
2024-04-16,carrot,Nagercoil,232.5
2024-04-16,carrot,Tuticorin,245.6
2024-04-16,carrot,Tenkasi,233.2
2024-04-16,cabbage,Tirunelveli,226.4
2024-04-16,cabbage,Madurai,230.0
2024-04-16,cabbage,Nagercoil,152.9
2024-04-16,cabbage,Tuticorin,202.5
2024-04-16,cabbage,Tenkasi,174.0
2024-04-16,potato,Tirunelveli,356.7
2024-04-16,potato,Madurai,345.9
2024-04-16,potato,Nagercoil,379.1
2024-04-16,potato,Tuticorin,356.1
2024-04-16,potato,Tenkasi,342.3
2024-04-16,beans,Tirunelveli,194.8
2024-04-16,beans,Madurai,169.6
2024-04-16,beans,Nagercoil,166.0
2024-04-16,beans,Tuticorin,183.9
2024-04-16,beans,Tenkasi,208.2
2024-04-16,okra,Tirunelveli,275.2
2024-04-16,okra,Madurai,269.4
2024-04-16,okra,Nagercoil,313.1
2024-04-16,okra,Tuticorin,243.5
2024-04-16,okra,Tenkasi,243.0
2024-04-17,tomato,Tirunelveli,472.2
2024-04-17,tomato,Madurai,499.6
2024-04-17,tomato,Nagercoil,450.4
2024-04-17,tomato,Tuticorin,504.4
2024-04-17,tomato,Tenkasi,440.5
2024-04-17,brinjal,Tirunelveli,290.9
2024-04-17,brinjal,Madurai,296.8
2024-04-17,brinjal,Nagercoil,275.6
2024-04-17,brinjal,Tuticorin,280.9
2024-04-17,brinjal,Tenkasi,309.2
2024-04-17,onion,Tirunelveli,439.5
2024-04-17,onion,Madurai,368.3
2024-04-17,onion,Nagercoil,414.2
2024-04-17,onion,Tuticorin,408.4
2024-04-17,onion,Tenkasi,412.8
2024-04-17,carrot,Tirunelveli,228.3
2024-04-17,carrot,Madurai,208.8
2024-04-17,carrot,Nagercoil,265.5
2024-04-17,carrot,Tuticorin,257.8
2024-04-17,carrot,Tenkasi,232.6
2024-04-17,cabbage,Tirunelveli,201.4
2024-04-17,cabbage,Madurai,199.0
2024-04-17,cabbage,Nagercoil,159.5
2024-04-17,cabbage,Tuticorin,218.3
2024-04-17,cabbage,Tenkasi,226.8
2024-04-17,potato,Tirunelveli,354.7
2024-04-17,potato,Madurai,350.2
2024-04-17,potato,Nagercoil,354.6
2024-04-17,potato,Tuticorin,334.9
2024-04-17,potato,Tenkasi,342.0
2024-04-17,beans,Tirunelveli,172.7
2024-04-17,beans,Madurai,189.9
2024-04-17,beans,Nagercoil,203.6
2024-04-17,beans,Tuticorin,171.4
2024-04-17,beans,Tenkasi,155.1
2024-04-17,okra,Tirunelveli,258.8
2024-04-17,okra,Madurai,298.3
2024-04-17,okra,Nagercoil,238.9
2024-04-17,okra,Tuticorin,275.8
2024-04-17,okra,Tenkasi,284.8
2024-04-18,tomato,Tirunelveli,462.1
2024-04-18,tomato,Madurai,455.3
2024-04-18,tomato,Nagercoil,480.8
2024-04-18,tomato,Tuticorin,476.3
2024-04-18,tomato,Tenkasi,483.2
2024-04-18,brinjal,Tirunelveli,334.8
2024-04-18,brinjal,Madurai,296.6
2024-04-18,brinjal,Nagercoil,269.5
2024-04-18,brinjal,Tuticorin,294.6
2024-04-18,brinjal,Tenkasi,298.1
2024-04-18,onion,Tirunelveli,436.0
2024-04-18,onion,Madurai,406.7
2024-04-18,onion,Nagercoil,402.4
2024-04-18,onion,Tuticorin,383.2
2024-04-18,onion,Tenkasi,421.6
2024-04-18,carrot,Tirunelveli,301.6
2024-04-18,carrot,Madurai,230.2
2024-04-18,carrot,Nagercoil,243.7
2024-04-18,carrot,Tuticorin,223.7
2024-04-18,carrot,Tenkasi,209.0
2024-04-18,cabbage,Tirunelveli,219.9
2024-04-18,cabbage,Madurai,211.7
2024-04-18,cabbage,Nagercoil,163.5
2024-04-18,cabbage,Tuticorin,243.4
2024-04-18,cabbage,Tenkasi,219.5
2024-04-18,potato,Tirunelveli,353.4
2024-04-18,potato,Madurai,343.5
2024-04-18,potato,Nagercoil,360.1
2024-04-18,potato,Tuticorin,361.0
2024-04-18,potato,Tenkasi,360.0
2024-04-18,beans,Tirunelveli,197.3
2024-04-18,beans,Madurai,201.9
2024-04-18,beans,Nagercoil,216.1
2024-04-18,beans,Tuticorin,159.2
2024-04-18,beans,Tenkasi,164.5
2024-04-18,okra,Tirunelveli,265.3
2024-04-18,okra,Madurai,242.5
2024-04-18,okra,Nagercoil,245.7
2024-04-18,okra,Tuticorin,267.6
2024-04-18,okra,Tenkasi,276.1
2024-04-19,tomato,Tirunelveli,494.8
2024-04-19,tomato,Madurai,465.4
2024-04-19,tomato,Nagercoil,478.5
2024-04-19,tomato,Tuticorin,474.1
2024-04-19,tomato,Tenkasi,469.6
2024-04-19,brinjal,Tirunelveli,277.0
2024-04-19,brinjal,Madurai,274.4
2024-04-19,brinjal,Nagercoil,306.6
2024-04-19,brinjal,Tuticorin,276.6
2024-04-19,brinjal,Tenkasi,257.8
2024-04-19,onion,Tirunelveli,410.0
2024-04-19,onion,Madurai,439.7
2024-04-19,onion,Nagercoil,354.7
2024-04-19,onion,Tuticorin,404.9
2024-04-19,onion,Tenkasi,424.1
2024-04-19,carrot,Tirunelveli,198.2
2024-04-19,carrot,Madurai,230.4
2024-04-19,carrot,Nagercoil,211.9
2024-04-19,carrot,Tuticorin,214.5
2024-04-19,carrot,Tenkasi,226.6
2024-04-19,cabbage,Tirunelveli,188.7
2024-04-19,cabbage,Madurai,187.1
2024-04-19,cabbage,Nagercoil,210.0
2024-04-19,cabbage,Tuticorin,255.7
2024-04-19,cabbage,Tenkasi,226.3
2024-04-19,potato,Tirunelveli,372.2
2024-04-19,potato,Madurai,367.9
2024-04-19,potato,Nagercoil,338.0
2024-04-19,potato,Tuticorin,358.2
2024-04-19,potato,Tenkasi,373.9
2024-04-19,beans,Tirunelveli,192.5
2024-04-19,beans,Madurai,179.9
2024-04-19,beans,Nagercoil,186.4
2024-04-19,beans,Tuticorin,225.2
2024-04-19,beans,Tenkasi,192.8
2024-04-19,okra,Tirunelveli,251.8
2024-04-19,okra,Madurai,256.6
2024-04-19,okra,Nagercoil,237.0
2024-04-19,okra,Tuticorin,305.0
2024-04-19,okra,Tenkasi,290.2
2024-04-20,tomato,Tirunelveli,541.3
2024-04-20,tomato,Madurai,583.3
2024-04-20,tomato,Nagercoil,552.3
2024-04-20,tomato,Tuticorin,531.1
2024-04-20,tomato,Tenkasi,557.8
2024-04-20,brinjal,Tirunelveli,345.3
2024-04-20,brinjal,Madurai,354.1
2024-04-20,brinjal,Nagercoil,309.9
2024-04-20,brinjal,Tuticorin,321.1
2024-04-20,brinjal,Tenkasi,367.1
2024-04-20,onion,Tirunelveli,506.1
2024-04-20,onion,Madurai,500.5
2024-04-20,onion,Nagercoil,516.6
2024-04-20,onion,Tuticorin,483.8
2024-04-20,onion,Tenkasi,482.4
2024-04-20,carrot,Tirunelveli,251.6
2024-04-20,carrot,Madurai,258.2
2024-04-20,carrot,Nagercoil,230.1
2024-04-20,carrot,Tuticorin,263.4
2024-04-20,carrot,Tenkasi,228.7
2024-04-20,cabbage,Tirunelveli,264.5
2024-04-20,cabbage,Madurai,250.6
2024-04-20,cabbage,Nagercoil,202.3
2024-04-20,cabbage,Tuticorin,239.1
2024-04-20,cabbage,Tenkasi,282.2
2024-04-20,potato,Tirunelveli,402.2
2024-04-20,potato,Madurai,384.8
2024-04-20,potato,Nagercoil,369.0
2024-04-20,potato,Tuticorin,369.6
2024-04-20,potato,Tenkasi,415.5
2024-04-20,beans,Tirunelveli,193.7
2024-04-20,beans,Madurai,195.4
2024-04-20,beans,Nagercoil,193.8
2024-04-20,beans,Tuticorin,199.6
2024-04-20,beans,Tenkasi,177.8
2024-04-20,okra,Tirunelveli,303.1
2024-04-20,okra,Madurai,268.4
2024-04-20,okra,Nagercoil,281.7
2024-04-20,okra,Tuticorin,317.0
2024-04-20,okra,Tenkasi,304.3
2024-04-21,tomato,Tirunelveli,553.4
2024-04-21,tomato,Madurai,582.7
2024-04-21,tomato,Nagercoil,538.5
2024-04-21,tomato,Tuticorin,540.1
2024-04-21,tomato,Tenkasi,534.4
2024-04-21,brinjal,Tirunelveli,328.4
2024-04-21,brinjal,Madurai,317.1
2024-04-21,brinjal,Nagercoil,339.0
2024-04-21,brinjal,Tuticorin,344.4
2024-04-21,brinjal,Tenkasi,345.5
2024-04-21,onion,Tirunelveli,473.5
2024-04-21,onion,Madurai,490.7
2024-04-21,onion,Nagercoil,472.8
2024-04-21,onion,Tuticorin,464.0
2024-04-21,onion,Tenkasi,453.7
2024-04-21,carrot,Tirunelveli,238.9
2024-04-21,carrot,Madurai,299.0
2024-04-21,carrot,Nagercoil,255.9
2024-04-21,carrot,Tuticorin,251.3
2024-04-21,carrot,Tenkasi,261.5
2024-04-21,cabbage,Tirunelveli,237.3
2024-04-21,cabbage,Madurai,275.6
2024-04-21,cabbage,Nagercoil,236.3
2024-04-21,cabbage,Tuticorin,295.5
2024-04-21,cabbage,Tenkasi,244.1
2024-04-21,potato,Tirunelveli,445.9
2024-04-21,potato,Madurai,422.6
2024-04-21,potato,Nagercoil,412.0
2024-04-21,potato,Tuticorin,436.3
2024-04-21,potato,Tenkasi,427.2
2024-04-21,beans,Tirunelveli,215.1
2024-04-21,beans,Madurai,248.7
2024-04-21,beans,Nagercoil,192.4
2024-04-21,beans,Tuticorin,182.5
2024-04-21,beans,Tenkasi,188.9
2024-04-21,okra,Tirunelveli,331.9
2024-04-21,okra,Madurai,325.8
2024-04-21,okra,Nagercoil,286.3
2024-04-21,okra,Tuticorin,249.7
2024-04-21,okra,Tenkasi,292.7
2024-04-22,tomato,Tirunelveli,449.0
2024-04-22,tomato,Madurai,459.4
2024-04-22,tomato,Nagercoil,448.2
2024-04-22,tomato,Tuticorin,437.1
2024-04-22,tomato,Tenkasi,506.9
2024-04-22,brinjal,Tirunelveli,279.6
2024-04-22,brinjal,Madurai,321.6
2024-04-22,brinjal,Nagercoil,288.9
2024-04-22,brinjal,Tuticorin,270.7
2024-04-22,brinjal,Tenkasi,303.5
2024-04-22,onion,Tirunelveli,402.8
2024-04-22,onion,Madurai,406.5
2024-04-22,onion,Nagercoil,413.5
2024-04-22,onion,Tuticorin,394.4
2024-04-22,onion,Tenkasi,378.2
2024-04-22,carrot,Tirunelveli,233.6
2024-04-22,carrot,Madurai,253.9
2024-04-22,carrot,Nagercoil,216.6
2024-04-22,carrot,Tuticorin,237.7
2024-04-22,carrot,Tenkasi,264.8
2024-04-22,cabbage,Tirunelveli,209.4
2024-04-22,cabbage,Madurai,212.9
2024-04-22,cabbage,Nagercoil,212.3
2024-04-22,cabbage,Tuticorin,197.5
2024-04-22,cabbage,Tenkasi,191.3
2024-04-22,potato,Tirunelveli,332.2
2024-04-22,potato,Madurai,359.3
2024-04-22,potato,Nagercoil,367.1
2024-04-22,potato,Tuticorin,368.1
2024-04-22,potato,Tenkasi,344.4
2024-04-22,beans,Tirunelveli,197.8
2024-04-22,beans,Madurai,182.1
2024-04-22,beans,Nagercoil,177.4
2024-04-22,beans,Tuticorin,109.2
2024-04-22,beans,Tenkasi,159.6
2024-04-22,okra,Tirunelveli,227.7
2024-04-22,okra,Madurai,270.6
2024-04-22,okra,Nagercoil,260.0
2024-04-22,okra,Tuticorin,236.7
2024-04-22,okra,Tenkasi,264.2
2024-04-23,tomato,Tirunelveli,440.8
2024-04-23,tomato,Madurai,448.4
2024-04-23,tomato,Nagercoil,455.1
2024-04-23,tomato,Tuticorin,480.1
2024-04-23,tomato,Tenkasi,497.3
2024-04-23,brinjal,Tirunelveli,281.6
2024-04-23,brinjal,Madurai,319.8
2024-04-23,brinjal,Nagercoil,294.2
2024-04-23,brinjal,Tuticorin,298.0
2024-04-23,brinjal,Tenkasi,292.0
2024-04-23,onion,Tirunelveli,406.7
2024-04-23,onion,Madurai,419.4
2024-04-23,onion,Nagercoil,425.4
2024-04-23,onion,Tuticorin,392.9
2024-04-23,onion,Tenkasi,406.8
2024-04-23,carrot,Tirunelveli,268.0
2024-04-23,carrot,Madurai,238.2
2024-04-23,carrot,Nagercoil,240.4
2024-04-23,carrot,Tuticorin,258.0
2024-04-23,carrot,Tenkasi,224.6
2024-04-23,cabbage,Tirunelveli,210.5
2024-04-23,cabbage,Madurai,227.5
2024-04-23,cabbage,Nagercoil,236.0
2024-04-23,cabbage,Tuticorin,163.9
2024-04-23,cabbage,Tenkasi,196.4
2024-04-23,potato,Tirunelveli,332.0
2024-04-23,potato,Madurai,349.5
2024-04-23,potato,Nagercoil,333.5
2024-04-23,potato,Tuticorin,365.2
2024-04-23,potato,Tenkasi,355.4
2024-04-23,beans,Tirunelveli,193.8
2024-04-23,beans,Madurai,195.0
2024-04-23,beans,Nagercoil,189.6
2024-04-23,beans,Tuticorin,169.3
2024-04-23,beans,Tenkasi,178.1
2024-04-23,okra,Tirunelveli,248.9
2024-04-23,okra,Madurai,230.8
2024-04-23,okra,Nagercoil,277.2
2024-04-23,okra,Tuticorin,256.4
2024-04-23,okra,Tenkasi,228.1
2024-04-24,tomato,Tirunelveli,480.0
2024-04-24,tomato,Madurai,464.8
2024-04-24,tomato,Nagercoil,428.1
2024-04-24,tomato,Tuticorin,441.8
2024-04-24,tomato,Tenkasi,455.3
2024-04-24,brinjal,Tirunelveli,297.5
2024-04-24,brinjal,Madurai,309.1
2024-04-24,brinjal,Nagercoil,308.4
2024-04-24,brinjal,Tuticorin,305.4
2024-04-24,brinjal,Tenkasi,292.6
2024-04-24,onion,Tirunelveli,445.1
2024-04-24,onion,Madurai,424.6
2024-04-24,onion,Nagercoil,415.1
2024-04-24,onion,Tuticorin,422.0
2024-04-24,onion,Tenkasi,402.6
2024-04-24,carrot,Tirunelveli,233.5
2024-04-24,carrot,Madurai,193.0
2024-04-24,carrot,Nagercoil,226.9
2024-04-24,carrot,Tuticorin,269.8
2024-04-24,carrot,Tenkasi,237.6
2024-04-24,cabbage,Tirunelveli,213.3
2024-04-24,cabbage,Madurai,231.1
2024-04-24,cabbage,Nagercoil,218.3
2024-04-24,cabbage,Tuticorin,195.4
2024-04-24,cabbage,Tenkasi,211.7
2024-04-24,potato,Tirunelveli,329.3
2024-04-24,potato,Madurai,355.6
2024-04-24,potato,Nagercoil,335.2
2024-04-24,potato,Tuticorin,370.5
2024-04-24,potato,Tenkasi,341.8
2024-04-24,beans,Tirunelveli,159.5
2024-04-24,beans,Madurai,173.7
2024-04-24,beans,Nagercoil,183.3
2024-04-24,beans,Tuticorin,151.8
2024-04-24,beans,Tenkasi,165.6
2024-04-24,okra,Tirunelveli,260.2
2024-04-24,okra,Madurai,284.9
2024-04-24,okra,Nagercoil,207.5
2024-04-24,okra,Tuticorin,270.4
2024-04-24,okra,Tenkasi,250.4
2024-04-25,tomato,Tirunelveli,459.4
2024-04-25,tomato,Madurai,455.7
2024-04-25,tomato,Nagercoil,462.0
2024-04-25,tomato,Tuticorin,481.7
2024-04-25,tomato,Tenkasi,458.5
2024-04-25,brinjal,Tirunelveli,326.5
2024-04-25,brinjal,Madurai,305.8
2024-04-25,brinjal,Nagercoil,297.3
2024-04-25,brinjal,Tuticorin,290.0
2024-04-25,brinjal,Tenkasi,317.1
2024-04-25,onion,Tirunelveli,437.3
2024-04-25,onion,Madurai,387.4
2024-04-25,onion,Nagercoil,396.6
2024-04-25,onion,Tuticorin,423.3
2024-04-25,onion,Tenkasi,429.4
2024-04-25,carrot,Tirunelveli,228.6
2024-04-25,carrot,Madurai,219.8
2024-04-25,carrot,Nagercoil,236.2
2024-04-25,carrot,Tuticorin,264.2
2024-04-25,carrot,Tenkasi,235.5
2024-04-25,cabbage,Tirunelveli,185.9
2024-04-25,cabbage,Madurai,213.4
2024-04-25,cabbage,Nagercoil,226.8
2024-04-25,cabbage,Tuticorin,209.1
2024-04-25,cabbage,Tenkasi,236.3
2024-04-25,potato,Tirunelveli,369.3
2024-04-25,potato,Madurai,350.7
2024-04-25,potato,Nagercoil,352.8
2024-04-25,potato,Tuticorin,315.1
2024-04-25,potato,Tenkasi,376.2
2024-04-25,beans,Tirunelveli,169.4
2024-04-25,beans,Madurai,168.0
2024-04-25,beans,Nagercoil,165.0
2024-04-25,beans,Tuticorin,185.1
2024-04-25,beans,Tenkasi,153.4
2024-04-25,okra,Tirunelveli,238.4
2024-04-25,okra,Madurai,257.1
2024-04-25,okra,Nagercoil,245.6
2024-04-25,okra,Tuticorin,264.8
2024-04-25,okra,Tenkasi,246.3
2024-04-26,tomato,Tirunelveli,501.2
2024-04-26,tomato,Madurai,483.2
2024-04-26,tomato,Nagercoil,482.9
2024-04-26,tomato,Tuticorin,457.2
2024-04-26,tomato,Tenkasi,517.4
2024-04-26,brinjal,Tirunelveli,284.5
2024-04-26,brinjal,Madurai,279.0
2024-04-26,brinjal,Nagercoil,307.4
2024-04-26,brinjal,Tuticorin,297.2
2024-04-26,brinjal,Tenkasi,276.9
2024-04-26,onion,Tirunelveli,454.5
2024-04-26,onion,Madurai,430.1
2024-04-26,onion,Nagercoil,410.7
2024-04-26,onion,Tuticorin,458.6
2024-04-26,onion,Tenkasi,426.8
2024-04-26,carrot,Tirunelveli,234.4
2024-04-26,carrot,Madurai,280.3
2024-04-26,carrot,Nagercoil,247.8
2024-04-26,carrot,Tuticorin,246.9
2024-04-26,carrot,Tenkasi,226.9
2024-04-26,cabbage,Tirunelveli,212.2
2024-04-26,cabbage,Madurai,203.0
2024-04-26,cabbage,Nagercoil,240.0
2024-04-26,cabbage,Tuticorin,179.0
2024-04-26,cabbage,Tenkasi,238.5
2024-04-26,potato,Tirunelveli,334.4
2024-04-26,potato,Madurai,350.8
2024-04-26,potato,Nagercoil,346.1
2024-04-26,potato,Tuticorin,341.6
2024-04-26,potato,Tenkasi,365.8
2024-04-26,beans,Tirunelveli,175.9
2024-04-26,beans,Madurai,162.6
2024-04-26,beans,Nagercoil,179.1
2024-04-26,beans,Tuticorin,162.1
2024-04-26,beans,Tenkasi,165.2
2024-04-26,okra,Tirunelveli,228.2
2024-04-26,okra,Madurai,249.1
2024-04-26,okra,Nagercoil,268.0
2024-04-26,okra,Tuticorin,258.8
2024-04-26,okra,Tenkasi,294.4
2024-04-27,tomato,Tirunelveli,591.9
2024-04-27,tomato,Madurai,530.4
2024-04-27,tomato,Nagercoil,523.0
2024-04-27,tomato,Tuticorin,562.3
2024-04-27,tomato,Tenkasi,546.4
2024-04-27,brinjal,Tirunelveli,360.0
2024-04-27,brinjal,Madurai,345.3
2024-04-27,brinjal,Nagercoil,333.4
2024-04-27,brinjal,Tuticorin,333.5
2024-04-27,brinjal,Tenkasi,346.0
2024-04-27,onion,Tirunelveli,468.0
2024-04-27,onion,Madurai,496.6
2024-04-27,onion,Nagercoil,446.2
2024-04-27,onion,Tuticorin,496.5
2024-04-27,onion,Tenkasi,434.7
2024-04-27,carrot,Tirunelveli,272.7
2024-04-27,carrot,Madurai,263.2
2024-04-27,carrot,Nagercoil,239.5
2024-04-27,carrot,Tuticorin,228.6
2024-04-27,carrot,Tenkasi,247.9
2024-04-27,cabbage,Tirunelveli,243.8
2024-04-27,cabbage,Madurai,230.8
2024-04-27,cabbage,Nagercoil,222.0
2024-04-27,cabbage,Tuticorin,269.9
2024-04-27,cabbage,Tenkasi,218.2
2024-04-27,potato,Tirunelveli,418.3
2024-04-27,potato,Madurai,387.0
2024-04-27,potato,Nagercoil,382.3
2024-04-27,potato,Tuticorin,392.7
2024-04-27,potato,Tenkasi,417.2
2024-04-27,beans,Tirunelveli,174.9
2024-04-27,beans,Madurai,208.1
2024-04-27,beans,Nagercoil,183.2
2024-04-27,beans,Tuticorin,186.8
2024-04-27,beans,Tenkasi,210.4
2024-04-27,okra,Tirunelveli,340.3
2024-04-27,okra,Madurai,278.6
2024-04-27,okra,Nagercoil,311.2
2024-04-27,okra,Tuticorin,290.6
2024-04-27,okra,Tenkasi,287.3
2024-04-28,tomato,Tirunelveli,561.1
2024-04-28,tomato,Madurai,522.8
2024-04-28,tomato,Nagercoil,516.6
2024-04-28,tomato,Tuticorin,548.9
2024-04-28,tomato,Tenkasi,571.6
2024-04-28,brinjal,Tirunelveli,352.3
2024-04-28,brinjal,Madurai,309.2
2024-04-28,brinjal,Nagercoil,325.0
2024-04-28,brinjal,Tuticorin,356.9
2024-04-28,brinjal,Tenkasi,368.9
2024-04-28,onion,Tirunelveli,476.8
2024-04-28,onion,Madurai,460.6
2024-04-28,onion,Nagercoil,505.1
2024-04-28,onion,Tuticorin,470.7
2024-04-28,onion,Tenkasi,460.1
2024-04-28,carrot,Tirunelveli,254.3
2024-04-28,carrot,Madurai,245.9
2024-04-28,carrot,Nagercoil,326.5
2024-04-28,carrot,Tuticorin,298.3
2024-04-28,carrot,Tenkasi,256.7
2024-04-28,cabbage,Tirunelveli,277.5
2024-04-28,cabbage,Madurai,253.5
2024-04-28,cabbage,Nagercoil,252.3
2024-04-28,cabbage,Tuticorin,228.5
2024-04-28,cabbage,Tenkasi,232.6
2024-04-28,potato,Tirunelveli,403.9
2024-04-28,potato,Madurai,365.4
2024-04-28,potato,Nagercoil,395.0
2024-04-28,potato,Tuticorin,404.8
2024-04-28,potato,Tenkasi,430.9
2024-04-28,beans,Tirunelveli,190.0
2024-04-28,beans,Madurai,218.6
2024-04-28,beans,Nagercoil,161.2
2024-04-28,beans,Tuticorin,225.7
2024-04-28,beans,Tenkasi,184.4
2024-04-28,okra,Tirunelveli,299.4
2024-04-28,okra,Madurai,304.9
2024-04-28,okra,Nagercoil,301.0
2024-04-28,okra,Tuticorin,294.7
2024-04-28,okra,Tenkasi,272.0
2024-04-29,tomato,Tirunelveli,451.5
2024-04-29,tomato,Madurai,489.2
2024-04-29,tomato,Nagercoil,457.3
2024-04-29,tomato,Tuticorin,467.2
2024-04-29,tomato,Tenkasi,439.4
2024-04-29,brinjal,Tirunelveli,310.5
2024-04-29,brinjal,Madurai,266.9
2024-04-29,brinjal,Nagercoil,311.6
2024-04-29,brinjal,Tuticorin,272.0
2024-04-29,brinjal,Tenkasi,313.6
2024-04-29,onion,Tirunelveli,410.8
2024-04-29,onion,Madurai,399.4
2024-04-29,onion,Nagercoil,442.6
2024-04-29,onion,Tuticorin,409.2
2024-04-29,onion,Tenkasi,403.4
2024-04-29,carrot,Tirunelveli,252.8
2024-04-29,carrot,Madurai,205.0
2024-04-29,carrot,Nagercoil,184.1
2024-04-29,carrot,Tuticorin,257.8
2024-04-29,carrot,Tenkasi,217.9
2024-04-29,cabbage,Tirunelveli,228.5
2024-04-29,cabbage,Madurai,212.1
2024-04-29,cabbage,Nagercoil,187.9
2024-04-29,cabbage,Tuticorin,223.3
2024-04-29,cabbage,Tenkasi,203.0
2024-04-29,potato,Tirunelveli,330.4
2024-04-29,potato,Madurai,330.9
2024-04-29,potato,Nagercoil,317.3
2024-04-29,potato,Tuticorin,360.0
2024-04-29,potato,Tenkasi,333.3
2024-04-29,beans,Tirunelveli,175.3
2024-04-29,beans,Madurai,172.3
2024-04-29,beans,Nagercoil,157.1
2024-04-29,beans,Tuticorin,145.5
2024-04-29,beans,Tenkasi,226.7
2024-04-29,okra,Tirunelveli,257.1
2024-04-29,okra,Madurai,294.6
2024-04-29,okra,Nagercoil,281.4
2024-04-29,okra,Tuticorin,251.7
2024-04-29,okra,Tenkasi,261.7
2024-04-30,tomato,Tirunelveli,472.3
2024-04-30,tomato,Madurai,506.2
2024-04-30,tomato,Nagercoil,485.9
2024-04-30,tomato,Tuticorin,453.1
2024-04-30,tomato,Tenkasi,476.3
2024-04-30,brinjal,Tirunelveli,309.4
2024-04-30,brinjal,Madurai,269.8
2024-04-30,brinjal,Nagercoil,303.2
2024-04-30,brinjal,Tuticorin,320.2
2024-04-30,brinjal,Tenkasi,276.2
2024-04-30,onion,Tirunelveli,396.2
2024-04-30,onion,Madurai,433.8
2024-04-30,onion,Nagercoil,403.5
2024-04-30,onion,Tuticorin,391.0
2024-04-30,onion,Tenkasi,428.3
2024-04-30,carrot,Tirunelveli,246.2
2024-04-30,carrot,Madurai,236.5
2024-04-30,carrot,Nagercoil,257.1
2024-04-30,carrot,Tuticorin,258.6
2024-04-30,carrot,Tenkasi,233.0
2024-04-30,cabbage,Tirunelveli,250.7
2024-04-30,cabbage,Madurai,242.8
2024-04-30,cabbage,Nagercoil,171.5
2024-04-30,cabbage,Tuticorin,190.6
2024-04-30,cabbage,Tenkasi,166.1
2024-04-30,potato,Tirunelveli,345.5
2024-04-30,potato,Madurai,327.7
2024-04-30,potato,Nagercoil,335.7
2024-04-30,potato,Tuticorin,373.8
2024-04-30,potato,Tenkasi,316.9
2024-04-30,beans,Tirunelveli,178.6
2024-04-30,beans,Madurai,178.5
2024-04-30,beans,Nagercoil,174.3
2024-04-30,beans,Tuticorin,178.6
2024-04-30,beans,Tenkasi,131.3
2024-04-30,okra,Tirunelveli,241.9
2024-04-30,okra,Madurai,289.0
2024-04-30,okra,Nagercoil,234.2
2024-04-30,okra,Tuticorin,291.4
2024-04-30,okra,Tenkasi,230.0
2024-05-01,tomato,Tirunelveli,409.5
2024-05-01,tomato,Madurai,421.0
2024-05-01,tomato,Nagercoil,462.6
2024-05-01,tomato,Tuticorin,429.1
2024-05-01,tomato,Tenkasi,446.9
2024-05-01,brinjal,Tirunelveli,276.5
2024-05-01,brinjal,Madurai,273.9
2024-05-01,brinjal,Nagercoil,300.5
2024-05-01,brinjal,Tuticorin,290.4
2024-05-01,brinjal,Tenkasi,252.1
2024-05-01,onion,Tirunelveli,379.5
2024-05-01,onion,Madurai,419.9
2024-05-01,onion,Nagercoil,391.4
2024-05-01,onion,Tuticorin,354.8
2024-05-01,onion,Tenkasi,356.3
2024-05-01,carrot,Tirunelveli,237.8
2024-05-01,carrot,Madurai,234.0
2024-05-01,carrot,Nagercoil,201.6
2024-05-01,carrot,Tuticorin,235.0
2024-05-01,carrot,Tenkasi,252.0
2024-05-01,cabbage,Tirunelveli,227.2
2024-05-01,cabbage,Madurai,230.1
2024-05-01,cabbage,Nagercoil,209.1
2024-05-01,cabbage,Tuticorin,194.4
2024-05-01,cabbage,Tenkasi,190.0
2024-05-01,potato,Tirunelveli,329.7
2024-05-01,potato,Madurai,312.5
2024-05-01,potato,Nagercoil,322.8
2024-05-01,potato,Tuticorin,355.5
2024-05-01,potato,Tenkasi,297.8
2024-05-01,beans,Tirunelveli,134.2
2024-05-01,beans,Madurai,181.6
2024-05-01,beans,Nagercoil,158.0
2024-05-01,beans,Tuticorin,126.5
2024-05-01,beans,Tenkasi,163.8
2024-05-01,okra,Tirunelveli,237.9
2024-05-01,okra,Madurai,233.4
2024-05-01,okra,Nagercoil,255.7
2024-05-01,okra,Tuticorin,215.3
2024-05-01,okra,Tenkasi,242.3
2024-05-02,tomato,Tirunelveli,435.8
2024-05-02,tomato,Madurai,440.8
2024-05-02,tomato,Nagercoil,405.4
2024-05-02,tomato,Tuticorin,429.5
2024-05-02,tomato,Tenkasi,440.4
2024-05-02,brinjal,Tirunelveli,285.8
2024-05-02,brinjal,Madurai,311.9
2024-05-02,brinjal,Nagercoil,291.1
2024-05-02,brinjal,Tuticorin,284.2
2024-05-02,brinjal,Tenkasi,300.4
2024-05-02,onion,Tirunelveli,378.9
2024-05-02,onion,Madurai,416.1
2024-05-02,onion,Nagercoil,407.4
2024-05-02,onion,Tuticorin,376.1
2024-05-02,onion,Tenkasi,423.5
2024-05-02,carrot,Tirunelveli,228.9
2024-05-02,carrot,Madurai,263.9
2024-05-02,carrot,Nagercoil,226.1
2024-05-02,carrot,Tuticorin,208.8
2024-05-02,carrot,Tenkasi,204.6
2024-05-02,cabbage,Tirunelveli,190.9
2024-05-02,cabbage,Madurai,186.6
2024-05-02,cabbage,Nagercoil,223.4
2024-05-02,cabbage,Tuticorin,197.4
2024-05-02,cabbage,Tenkasi,165.7
2024-05-02,potato,Tirunelveli,334.3
2024-05-02,potato,Madurai,332.5
2024-05-02,potato,Nagercoil,320.6
2024-05-02,potato,Tuticorin,335.4
2024-05-02,potato,Tenkasi,329.1
2024-05-02,beans,Tirunelveli,177.7
2024-05-02,beans,Madurai,176.5
2024-05-02,beans,Nagercoil,172.3
2024-05-02,beans,Tuticorin,139.0
2024-05-02,beans,Tenkasi,207.4
2024-05-02,okra,Tirunelveli,210.9
2024-05-02,okra,Madurai,239.4
2024-05-02,okra,Nagercoil,220.1
2024-05-02,okra,Tuticorin,249.9
2024-05-02,okra,Tenkasi,244.8
2024-05-03,tomato,Tirunelveli,436.6
2024-05-03,tomato,Madurai,470.4
2024-05-03,tomato,Nagercoil,462.2
2024-05-03,tomato,Tuticorin,433.5
2024-05-03,tomato,Tenkasi,456.1
2024-05-03,brinjal,Tirunelveli,306.3
2024-05-03,brinjal,Madurai,297.0
2024-05-03,brinjal,Nagercoil,272.3
2024-05-03,brinjal,Tuticorin,243.2
2024-05-03,brinjal,Tenkasi,281.5
2024-05-03,onion,Tirunelveli,398.4
2024-05-03,onion,Madurai,369.6
2024-05-03,onion,Nagercoil,385.5
2024-05-03,onion,Tuticorin,383.3
2024-05-03,onion,Tenkasi,412.8
2024-05-03,carrot,Tirunelveli,257.1
2024-05-03,carrot,Madurai,243.5
2024-05-03,carrot,Nagercoil,218.3
2024-05-03,carrot,Tuticorin,243.0
2024-05-03,carrot,Tenkasi,233.0
2024-05-03,cabbage,Tirunelveli,196.5
2024-05-03,cabbage,Madurai,239.8
2024-05-03,cabbage,Nagercoil,183.2
2024-05-03,cabbage,Tuticorin,210.1
2024-05-03,cabbage,Tenkasi,214.8
2024-05-03,potato,Tirunelveli,324.3
2024-05-03,potato,Madurai,341.2
2024-05-03,potato,Nagercoil,348.9
2024-05-03,potato,Tuticorin,334.9
2024-05-03,potato,Tenkasi,339.4
2024-05-03,beans,Tirunelveli,167.1
2024-05-03,beans,Madurai,181.0
2024-05-03,beans,Nagercoil,160.4
2024-05-03,beans,Tuticorin,158.8
2024-05-03,beans,Tenkasi,165.4
2024-05-03,okra,Tirunelveli,265.7
2024-05-03,okra,Madurai,207.1
2024-05-03,okra,Nagercoil,223.8
2024-05-03,okra,Tuticorin,287.5
2024-05-03,okra,Tenkasi,247.5
2024-05-04,tomato,Tirunelveli,497.9
2024-05-04,tomato,Madurai,521.9
2024-05-04,tomato,Nagercoil,490.3
2024-05-04,tomato,Tuticorin,463.9
2024-05-04,tomato,Tenkasi,513.1
2024-05-04,brinjal,Tirunelveli,301.6
2024-05-04,brinjal,Madurai,318.3
2024-05-04,brinjal,Nagercoil,322.8
2024-05-04,brinjal,Tuticorin,319.1
2024-05-04,brinjal,Tenkasi,282.1
2024-05-04,onion,Tirunelveli,443.3
2024-05-04,onion,Madurai,451.6
2024-05-04,onion,Nagercoil,414.7
2024-05-04,onion,Tuticorin,412.4
2024-05-04,onion,Tenkasi,421.4
2024-05-04,carrot,Tirunelveli,267.9
2024-05-04,carrot,Madurai,213.0
2024-05-04,carrot,Nagercoil,269.6
2024-05-04,carrot,Tuticorin,260.8
2024-05-04,carrot,Tenkasi,247.8
2024-05-04,cabbage,Tirunelveli,198.1
2024-05-04,cabbage,Madurai,211.8
2024-05-04,cabbage,Nagercoil,243.3
2024-05-04,cabbage,Tuticorin,252.8
2024-05-04,cabbage,Tenkasi,207.1
2024-05-04,potato,Tirunelveli,402.3
2024-05-04,potato,Madurai,393.2
2024-05-04,potato,Nagercoil,379.4
2024-05-04,potato,Tuticorin,364.7
2024-05-04,potato,Tenkasi,367.9
2024-05-04,beans,Tirunelveli,226.2
2024-05-04,beans,Madurai,193.3
2024-05-04,beans,Nagercoil,216.3
2024-05-04,beans,Tuticorin,194.6
2024-05-04,beans,Tenkasi,180.7
2024-05-04,okra,Tirunelveli,290.0
2024-05-04,okra,Madurai,321.5
2024-05-04,okra,Nagercoil,265.4
2024-05-04,okra,Tuticorin,296.6
2024-05-04,okra,Tenkasi,282.1
2024-05-05,tomato,Tirunelveli,477.0
2024-05-05,tomato,Madurai,476.6
2024-05-05,tomato,Nagercoil,497.0
2024-05-05,tomato,Tuticorin,512.9
2024-05-05,tomato,Tenkasi,523.6
2024-05-05,brinjal,Tirunelveli,284.8
2024-05-05,brinjal,Madurai,329.3
2024-05-05,brinjal,Nagercoil,313.9
2024-05-05,brinjal,Tuticorin,316.3
2024-05-05,brinjal,Tenkasi,328.0
2024-05-05,onion,Tirunelveli,477.7
2024-05-05,onion,Madurai,448.8
2024-05-05,onion,Nagercoil,415.6
2024-05-05,onion,Tuticorin,439.0
2024-05-05,onion,Tenkasi,459.8
2024-05-05,carrot,Tirunelveli,270.7
2024-05-05,carrot,Madurai,266.3
2024-05-05,carrot,Nagercoil,242.8
2024-05-05,carrot,Tuticorin,225.6
2024-05-05,carrot,Tenkasi,264.8
2024-05-05,cabbage,Tirunelveli,203.4
2024-05-05,cabbage,Madurai,241.6
2024-05-05,cabbage,Nagercoil,241.6
2024-05-05,cabbage,Tuticorin,218.3
2024-05-05,cabbage,Tenkasi,225.5
2024-05-05,potato,Tirunelveli,383.5
2024-05-05,potato,Madurai,367.2
2024-05-05,potato,Nagercoil,351.9
2024-05-05,potato,Tuticorin,378.7
2024-05-05,potato,Tenkasi,380.8
2024-05-05,beans,Tirunelveli,217.0
2024-05-05,beans,Madurai,174.1
2024-05-05,beans,Nagercoil,211.1
2024-05-05,beans,Tuticorin,166.8
2024-05-05,beans,Tenkasi,162.9
2024-05-05,okra,Tirunelveli,272.3
2024-05-05,okra,Madurai,259.5
2024-05-05,okra,Nagercoil,251.1
2024-05-05,okra,Tuticorin,317.2
2024-05-05,okra,Tenkasi,269.3
2024-05-06,tomato,Tirunelveli,486.2
2024-05-06,tomato,Madurai,420.1
2024-05-06,tomato,Nagercoil,405.8
2024-05-06,tomato,Tuticorin,465.8
2024-05-06,tomato,Tenkasi,425.5
2024-05-06,brinjal,Tirunelveli,277.8
2024-05-06,brinjal,Madurai,247.9
2024-05-06,brinjal,Nagercoil,274.2
2024-05-06,brinjal,Tuticorin,247.6
2024-05-06,brinjal,Tenkasi,273.5
2024-05-06,onion,Tirunelveli,375.5
2024-05-06,onion,Madurai,389.6
2024-05-06,onion,Nagercoil,397.5
2024-05-06,onion,Tuticorin,389.8
2024-05-06,onion,Tenkasi,394.0
2024-05-06,carrot,Tirunelveli,217.8
2024-05-06,carrot,Madurai,211.3
2024-05-06,carrot,Nagercoil,229.4
2024-05-06,carrot,Tuticorin,217.8
2024-05-06,carrot,Tenkasi,218.5
2024-05-06,cabbage,Tirunelveli,206.0
2024-05-06,cabbage,Madurai,177.3
2024-05-06,cabbage,Nagercoil,226.6
2024-05-06,cabbage,Tuticorin,193.0
2024-05-06,cabbage,Tenkasi,200.5
2024-05-06,potato,Tirunelveli,329.1
2024-05-06,potato,Madurai,343.1
2024-05-06,potato,Nagercoil,336.8
2024-05-06,potato,Tuticorin,329.0
2024-05-06,potato,Tenkasi,359.0
2024-05-06,beans,Tirunelveli,100.9
2024-05-06,beans,Madurai,189.9
2024-05-06,beans,Nagercoil,183.4
2024-05-06,beans,Tuticorin,128.3
2024-05-06,beans,Tenkasi,183.6
2024-05-06,okra,Tirunelveli,263.2
2024-05-06,okra,Madurai,253.2
2024-05-06,okra,Nagercoil,210.8
2024-05-06,okra,Tuticorin,255.7
2024-05-06,okra,Tenkasi,262.1
2024-05-07,tomato,Tirunelveli,428.6
2024-05-07,tomato,Madurai,448.8
2024-05-07,tomato,Nagercoil,432.9
2024-05-07,tomato,Tuticorin,457.7
2024-05-07,tomato,Tenkasi,433.7
2024-05-07,brinjal,Tirunelveli,263.4
2024-05-07,brinjal,Madurai,274.2
2024-05-07,brinjal,Nagercoil,248.2
2024-05-07,brinjal,Tuticorin,272.2
2024-05-07,brinjal,Tenkasi,282.2
2024-05-07,onion,Tirunelveli,402.4
2024-05-07,onion,Madurai,390.0
2024-05-07,onion,Nagercoil,356.3
2024-05-07,onion,Tuticorin,412.0
2024-05-07,onion,Tenkasi,413.7
2024-05-07,carrot,Tirunelveli,222.3
2024-05-07,carrot,Madurai,205.0
2024-05-07,carrot,Nagercoil,209.4
2024-05-07,carrot,Tuticorin,215.9
2024-05-07,carrot,Tenkasi,225.6
2024-05-07,cabbage,Tirunelveli,191.9
2024-05-07,cabbage,Madurai,180.8
2024-05-07,cabbage,Nagercoil,218.5
2024-05-07,cabbage,Tuticorin,203.1
2024-05-07,cabbage,Tenkasi,177.0
2024-05-07,potato,Tirunelveli,335.8
2024-05-07,potato,Madurai,333.2
2024-05-07,potato,Nagercoil,315.6
2024-05-07,potato,Tuticorin,353.9
2024-05-07,potato,Tenkasi,332.7
2024-05-07,beans,Tirunelveli,160.7
2024-05-07,beans,Madurai,163.3
2024-05-07,beans,Nagercoil,173.9
2024-05-07,beans,Tuticorin,163.6
2024-05-07,beans,Tenkasi,163.4
2024-05-07,okra,Tirunelveli,263.3
2024-05-07,okra,Madurai,213.6
2024-05-07,okra,Nagercoil,217.0
2024-05-07,okra,Tuticorin,257.5
2024-05-07,okra,Tenkasi,290.3
2024-05-08,tomato,Tirunelveli,457.5
2024-05-08,tomato,Madurai,477.3
2024-05-08,tomato,Nagercoil,431.3
2024-05-08,tomato,Tuticorin,427.3
2024-05-08,tomato,Tenkasi,449.1
2024-05-08,brinjal,Tirunelveli,294.1
2024-05-08,brinjal,Madurai,248.8
2024-05-08,brinjal,Nagercoil,270.7
2024-05-08,brinjal,Tuticorin,274.5
2024-05-08,brinjal,Tenkasi,261.4
2024-05-08,onion,Tirunelveli,373.8
2024-05-08,onion,Madurai,401.9
2024-05-08,onion,Nagercoil,394.4
2024-05-08,onion,Tuticorin,401.0
2024-05-08,onion,Tenkasi,391.7
2024-05-08,carrot,Tirunelveli,202.5
2024-05-08,carrot,Madurai,228.5
2024-05-08,carrot,Nagercoil,201.0
2024-05-08,carrot,Tuticorin,213.8
2024-05-08,carrot,Tenkasi,199.3
2024-05-08,cabbage,Tirunelveli,185.8
2024-05-08,cabbage,Madurai,199.8
2024-05-08,cabbage,Nagercoil,188.9
2024-05-08,cabbage,Tuticorin,180.3
2024-05-08,cabbage,Tenkasi,220.8
2024-05-08,potato,Tirunelveli,327.6
2024-05-08,potato,Madurai,319.4
2024-05-08,potato,Nagercoil,308.4
2024-05-08,potato,Tuticorin,292.6
2024-05-08,potato,Tenkasi,325.6
2024-05-08,beans,Tirunelveli,137.4
2024-05-08,beans,Madurai,179.2
2024-05-08,beans,Nagercoil,165.6
2024-05-08,beans,Tuticorin,196.2
2024-05-08,beans,Tenkasi,169.5
2024-05-08,okra,Tirunelveli,227.5
2024-05-08,okra,Madurai,204.4
2024-05-08,okra,Nagercoil,258.1
2024-05-08,okra,Tuticorin,216.0
2024-05-08,okra,Tenkasi,233.8
2024-05-09,tomato,Tirunelveli,473.5
2024-05-09,tomato,Madurai,452.2
2024-05-09,tomato,Nagercoil,447.8
2024-05-09,tomato,Tuticorin,458.9
2024-05-09,tomato,Tenkasi,458.1
2024-05-09,brinjal,Tirunelveli,306.6
2024-05-09,brinjal,Madurai,263.0
2024-05-09,brinjal,Nagercoil,267.5
2024-05-09,brinjal,Tuticorin,256.6
2024-05-09,brinjal,Tenkasi,274.3
2024-05-09,onion,Tirunelveli,382.4
2024-05-09,onion,Madurai,349.9
2024-05-09,onion,Nagercoil,371.9
2024-05-09,onion,Tuticorin,413.8
2024-05-09,onion,Tenkasi,389.9
2024-05-09,carrot,Tirunelveli,234.3
2024-05-09,carrot,Madurai,217.6
2024-05-09,carrot,Nagercoil,182.3
2024-05-09,carrot,Tuticorin,217.4
2024-05-09,carrot,Tenkasi,240.8
2024-05-09,cabbage,Tirunelveli,174.3
2024-05-09,cabbage,Madurai,212.9
2024-05-09,cabbage,Nagercoil,164.0
2024-05-09,cabbage,Tuticorin,198.4
2024-05-09,cabbage,Tenkasi,208.9
2024-05-09,potato,Tirunelveli,323.8
2024-05-09,potato,Madurai,379.4
2024-05-09,potato,Nagercoil,320.1
2024-05-09,potato,Tuticorin,318.4
2024-05-09,potato,Tenkasi,334.1
2024-05-09,beans,Tirunelveli,149.9
2024-05-09,beans,Madurai,136.2
2024-05-09,beans,Nagercoil,143.0
2024-05-09,beans,Tuticorin,180.2
2024-05-09,beans,Tenkasi,158.9
2024-05-09,okra,Tirunelveli,276.0
2024-05-09,okra,Madurai,233.2
2024-05-09,okra,Nagercoil,256.2
2024-05-09,okra,Tuticorin,252.2
2024-05-09,okra,Tenkasi,232.9
2024-05-10,tomato,Tirunelveli,422.4
2024-05-10,tomato,Madurai,405.4
2024-05-10,tomato,Nagercoil,451.1
2024-05-10,tomato,Tuticorin,464.0
2024-05-10,tomato,Tenkasi,408.2
2024-05-10,brinjal,Tirunelveli,267.6
2024-05-10,brinjal,Madurai,261.7
2024-05-10,brinjal,Nagercoil,286.0
2024-05-10,brinjal,Tuticorin,268.4
2024-05-10,brinjal,Tenkasi,301.5
2024-05-10,onion,Tirunelveli,377.3
2024-05-10,onion,Madurai,360.3
2024-05-10,onion,Nagercoil,375.6
2024-05-10,onion,Tuticorin,377.8
2024-05-10,onion,Tenkasi,395.5
2024-05-10,carrot,Tirunelveli,212.5
2024-05-10,carrot,Madurai,228.8
2024-05-10,carrot,Nagercoil,204.2
2024-05-10,carrot,Tuticorin,214.1
2024-05-10,carrot,Tenkasi,204.3
2024-05-10,cabbage,Tirunelveli,181.1
2024-05-10,cabbage,Madurai,223.5
2024-05-10,cabbage,Nagercoil,183.7
2024-05-10,cabbage,Tuticorin,191.0
2024-05-10,cabbage,Tenkasi,218.9
2024-05-10,potato,Tirunelveli,345.0
2024-05-10,potato,Madurai,362.8
2024-05-10,potato,Nagercoil,339.7
2024-05-10,potato,Tuticorin,318.0
2024-05-10,potato,Tenkasi,371.1
2024-05-10,beans,Tirunelveli,176.6
2024-05-10,beans,Madurai,161.9
2024-05-10,beans,Nagercoil,166.1
2024-05-10,beans,Tuticorin,168.6
2024-05-10,beans,Tenkasi,160.3
2024-05-10,okra,Tirunelveli,214.5
2024-05-10,okra,Madurai,274.5
2024-05-10,okra,Nagercoil,241.6
2024-05-10,okra,Tuticorin,245.7
2024-05-10,okra,Tenkasi,283.6
2024-05-11,tomato,Tirunelveli,492.3
2024-05-11,tomato,Madurai,519.1
2024-05-11,tomato,Nagercoil,490.2
2024-05-11,tomato,Tuticorin,512.4
2024-05-11,tomato,Tenkasi,510.0
2024-05-11,brinjal,Tirunelveli,332.1
2024-05-11,brinjal,Madurai,340.4
2024-05-11,brinjal,Nagercoil,304.7
2024-05-11,brinjal,Tuticorin,344.6
2024-05-11,brinjal,Tenkasi,346.0
2024-05-11,onion,Tirunelveli,437.8
2024-05-11,onion,Madurai,442.6
2024-05-11,onion,Nagercoil,432.9
2024-05-11,onion,Tuticorin,436.6
2024-05-11,onion,Tenkasi,418.7
2024-05-11,carrot,Tirunelveli,268.6
2024-05-11,carrot,Madurai,212.0
2024-05-11,carrot,Nagercoil,239.1
2024-05-11,carrot,Tuticorin,252.1
2024-05-11,carrot,Tenkasi,279.0
2024-05-11,cabbage,Tirunelveli,216.8
2024-05-11,cabbage,Madurai,236.3
2024-05-11,cabbage,Nagercoil,226.1
2024-05-11,cabbage,Tuticorin,246.6
2024-05-11,cabbage,Tenkasi,235.2
2024-05-11,potato,Tirunelveli,396.1
2024-05-11,potato,Madurai,368.5
2024-05-11,potato,Nagercoil,359.2
2024-05-11,potato,Tuticorin,386.8
2024-05-11,potato,Tenkasi,369.7
2024-05-11,beans,Tirunelveli,190.4
2024-05-11,beans,Madurai,196.1
2024-05-11,beans,Nagercoil,214.6
2024-05-11,beans,Tuticorin,205.5
2024-05-11,beans,Tenkasi,176.1
2024-05-11,okra,Tirunelveli,255.4
2024-05-11,okra,Madurai,312.4
2024-05-11,okra,Nagercoil,246.6
2024-05-11,okra,Tuticorin,269.2
2024-05-11,okra,Tenkasi,291.2
2024-05-12,tomato,Tirunelveli,538.8
2024-05-12,tomato,Madurai,502.2
2024-05-12,tomato,Nagercoil,506.5
2024-05-12,tomato,Tuticorin,488.5
2024-05-12,tomato,Tenkasi,508.5
2024-05-12,brinjal,Tirunelveli,293.2
2024-05-12,brinjal,Madurai,301.2
2024-05-12,brinjal,Nagercoil,331.5
2024-05-12,brinjal,Tuticorin,307.6
2024-05-12,brinjal,Tenkasi,334.6
2024-05-12,onion,Tirunelveli,439.7
2024-05-12,onion,Madurai,415.4
2024-05-12,onion,Nagercoil,466.1
2024-05-12,onion,Tuticorin,416.4
2024-05-12,onion,Tenkasi,430.7
2024-05-12,carrot,Tirunelveli,249.0
2024-05-12,carrot,Madurai,273.1
2024-05-12,carrot,Nagercoil,242.5
2024-05-12,carrot,Tuticorin,234.5
2024-05-12,carrot,Tenkasi,256.3
2024-05-12,cabbage,Tirunelveli,223.4
2024-05-12,cabbage,Madurai,218.4
2024-05-12,cabbage,Nagercoil,232.0
2024-05-12,cabbage,Tuticorin,203.6
2024-05-12,cabbage,Tenkasi,193.3
2024-05-12,potato,Tirunelveli,422.3
2024-05-12,potato,Madurai,381.6
2024-05-12,potato,Nagercoil,383.0
2024-05-12,potato,Tuticorin,363.9
2024-05-12,potato,Tenkasi,397.5
2024-05-12,beans,Tirunelveli,179.1
2024-05-12,beans,Madurai,134.0
2024-05-12,beans,Nagercoil,178.4
2024-05-12,beans,Tuticorin,184.1
2024-05-12,beans,Tenkasi,186.3
2024-05-12,okra,Tirunelveli,274.3
2024-05-12,okra,Madurai,265.4
2024-05-12,okra,Nagercoil,263.5
2024-05-12,okra,Tuticorin,272.3
2024-05-12,okra,Tenkasi,245.4
2024-05-13,tomato,Tirunelveli,400.8
2024-05-13,tomato,Madurai,442.0
2024-05-13,tomato,Nagercoil,442.3
2024-05-13,tomato,Tuticorin,457.6
2024-05-13,tomato,Tenkasi,434.9
2024-05-13,brinjal,Tirunelveli,251.1
2024-05-13,brinjal,Madurai,236.2
2024-05-13,brinjal,Nagercoil,257.2
2024-05-13,brinjal,Tuticorin,283.5
2024-05-13,brinjal,Tenkasi,303.8
2024-05-13,onion,Tirunelveli,386.1
2024-05-13,onion,Madurai,360.7
2024-05-13,onion,Nagercoil,367.4
2024-05-13,onion,Tuticorin,368.0
2024-05-13,onion,Tenkasi,376.9
2024-05-13,carrot,Tirunelveli,242.4
2024-05-13,carrot,Madurai,244.0
2024-05-13,carrot,Nagercoil,216.6
2024-05-13,carrot,Tuticorin,223.7
2024-05-13,carrot,Tenkasi,204.0
2024-05-13,cabbage,Tirunelveli,163.8
2024-05-13,cabbage,Madurai,233.8
2024-05-13,cabbage,Nagercoil,151.6
2024-05-13,cabbage,Tuticorin,161.3
2024-05-13,cabbage,Tenkasi,233.9
2024-05-13,potato,Tirunelveli,330.3
2024-05-13,potato,Madurai,307.5
2024-05-13,potato,Nagercoil,343.7
2024-05-13,potato,Tuticorin,345.5
2024-05-13,potato,Tenkasi,303.3
2024-05-13,beans,Tirunelveli,154.3
2024-05-13,beans,Madurai,182.5
2024-05-13,beans,Nagercoil,148.7
2024-05-13,beans,Tuticorin,170.6
2024-05-13,beans,Tenkasi,193.5
2024-05-13,okra,Tirunelveli,194.2
2024-05-13,okra,Madurai,235.2
2024-05-13,okra,Nagercoil,247.2
2024-05-13,okra,Tuticorin,206.2
2024-05-13,okra,Tenkasi,231.4
2024-05-14,tomato,Tirunelveli,460.9
2024-05-14,tomato,Madurai,425.9
2024-05-14,tomato,Nagercoil,410.3
2024-05-14,tomato,Tuticorin,462.6
2024-05-14,tomato,Tenkasi,448.9
2024-05-14,brinjal,Tirunelveli,273.6
2024-05-14,brinjal,Madurai,273.0
2024-05-14,brinjal,Nagercoil,295.6
2024-05-14,brinjal,Tuticorin,280.9
2024-05-14,brinjal,Tenkasi,287.9
2024-05-14,onion,Tirunelveli,371.1
2024-05-14,onion,Madurai,346.7
2024-05-14,onion,Nagercoil,397.4
2024-05-14,onion,Tuticorin,407.0
2024-05-14,onion,Tenkasi,380.5
2024-05-14,carrot,Tirunelveli,237.8
2024-05-14,carrot,Madurai,213.3
2024-05-14,carrot,Nagercoil,218.2
2024-05-14,carrot,Tuticorin,255.0
2024-05-14,carrot,Tenkasi,214.2
2024-05-14,cabbage,Tirunelveli,191.0
2024-05-14,cabbage,Madurai,160.6
2024-05-14,cabbage,Nagercoil,211.8
2024-05-14,cabbage,Tuticorin,183.8
2024-05-14,cabbage,Tenkasi,200.9
2024-05-14,potato,Tirunelveli,323.7
2024-05-14,potato,Madurai,321.1
2024-05-14,potato,Nagercoil,327.6
2024-05-14,potato,Tuticorin,329.2
2024-05-14,potato,Tenkasi,353.5
2024-05-14,beans,Tirunelveli,195.4
2024-05-14,beans,Madurai,178.0
2024-05-14,beans,Nagercoil,190.4
2024-05-14,beans,Tuticorin,182.1
2024-05-14,beans,Tenkasi,174.9
2024-05-14,okra,Tirunelveli,271.1
2024-05-14,okra,Madurai,215.8
2024-05-14,okra,Nagercoil,228.3
2024-05-14,okra,Tuticorin,225.6
2024-05-14,okra,Tenkasi,236.0
2024-05-15,tomato,Tirunelveli,453.7
2024-05-15,tomato,Madurai,417.7
2024-05-15,tomato,Nagercoil,450.1
2024-05-15,tomato,Tuticorin,428.3
2024-05-15,tomato,Tenkasi,433.1
2024-05-15,brinjal,Tirunelveli,279.0
2024-05-15,brinjal,Madurai,308.6
2024-05-15,brinjal,Nagercoil,260.8
2024-05-15,brinjal,Tuticorin,273.4
2024-05-15,brinjal,Tenkasi,253.4
2024-05-15,onion,Tirunelveli,370.6
2024-05-15,onion,Madurai,363.3
2024-05-15,onion,Nagercoil,389.9
2024-05-15,onion,Tuticorin,393.5
2024-05-15,onion,Tenkasi,398.7
2024-05-15,carrot,Tirunelveli,204.9
2024-05-15,carrot,Madurai,230.2
2024-05-15,carrot,Nagercoil,222.3
2024-05-15,carrot,Tuticorin,218.8
2024-05-15,carrot,Tenkasi,195.2
2024-05-15,cabbage,Tirunelveli,201.1
2024-05-15,cabbage,Madurai,201.7
2024-05-15,cabbage,Nagercoil,200.0
2024-05-15,cabbage,Tuticorin,206.0
2024-05-15,cabbage,Tenkasi,211.9
2024-05-15,potato,Tirunelveli,308.0
2024-05-15,potato,Madurai,325.7
2024-05-15,potato,Nagercoil,340.3
2024-05-15,potato,Tuticorin,324.6
2024-05-15,potato,Tenkasi,349.2
2024-05-15,beans,Tirunelveli,166.8
2024-05-15,beans,Madurai,125.9
2024-05-15,beans,Nagercoil,181.8
2024-05-15,beans,Tuticorin,162.7
2024-05-15,beans,Tenkasi,129.6
2024-05-15,okra,Tirunelveli,237.0
2024-05-15,okra,Madurai,216.6
2024-05-15,okra,Nagercoil,257.1
2024-05-15,okra,Tuticorin,241.3
2024-05-15,okra,Tenkasi,223.5
2024-05-16,tomato,Tirunelveli,456.2
2024-05-16,tomato,Madurai,449.2
2024-05-16,tomato,Nagercoil,435.3
2024-05-16,tomato,Tuticorin,415.1
2024-05-16,tomato,Tenkasi,423.2
2024-05-16,brinjal,Tirunelveli,257.9
2024-05-16,brinjal,Madurai,289.9
2024-05-16,brinjal,Nagercoil,241.4
2024-05-16,brinjal,Tuticorin,274.1
2024-05-16,brinjal,Tenkasi,270.0
2024-05-16,onion,Tirunelveli,405.7
2024-05-16,onion,Madurai,389.7
2024-05-16,onion,Nagercoil,395.7
2024-05-16,onion,Tuticorin,374.5
2024-05-16,onion,Tenkasi,360.4
2024-05-16,carrot,Tirunelveli,213.5
2024-05-16,carrot,Madurai,235.5
2024-05-16,carrot,Nagercoil,235.5
2024-05-16,carrot,Tuticorin,211.4
2024-05-16,carrot,Tenkasi,202.8
2024-05-16,cabbage,Tirunelveli,176.9
2024-05-16,cabbage,Madurai,195.3
2024-05-16,cabbage,Nagercoil,200.7
2024-05-16,cabbage,Tuticorin,227.5
2024-05-16,cabbage,Tenkasi,200.5
2024-05-16,potato,Tirunelveli,342.3
2024-05-16,potato,Madurai,314.4
2024-05-16,potato,Nagercoil,330.8
2024-05-16,potato,Tuticorin,332.8
2024-05-16,potato,Tenkasi,327.2
2024-05-16,beans,Tirunelveli,164.6
2024-05-16,beans,Madurai,167.5
2024-05-16,beans,Nagercoil,174.6
2024-05-16,beans,Tuticorin,188.4
2024-05-16,beans,Tenkasi,119.7
2024-05-16,okra,Tirunelveli,264.3
2024-05-16,okra,Madurai,207.8
2024-05-16,okra,Nagercoil,248.2
2024-05-16,okra,Tuticorin,289.1
2024-05-16,okra,Tenkasi,241.1
2024-05-17,tomato,Tirunelveli,443.6
2024-05-17,tomato,Madurai,433.8
2024-05-17,tomato,Nagercoil,453.3
2024-05-17,tomato,Tuticorin,447.2
2024-05-17,tomato,Tenkasi,426.5
2024-05-17,brinjal,Tirunelveli,272.7
2024-05-17,brinjal,Madurai,252.6
2024-05-17,brinjal,Nagercoil,272.6
2024-05-17,brinjal,Tuticorin,266.6
2024-05-17,brinjal,Tenkasi,277.7
2024-05-17,onion,Tirunelveli,370.8
2024-05-17,onion,Madurai,380.7
2024-05-17,onion,Nagercoil,385.2
2024-05-17,onion,Tuticorin,386.6
2024-05-17,onion,Tenkasi,390.5
2024-05-17,carrot,Tirunelveli,216.5
2024-05-17,carrot,Madurai,204.3
2024-05-17,carrot,Nagercoil,221.6
2024-05-17,carrot,Tuticorin,216.4
2024-05-17,carrot,Tenkasi,240.5
2024-05-17,cabbage,Tirunelveli,221.0
2024-05-17,cabbage,Madurai,170.6
2024-05-17,cabbage,Nagercoil,210.3
2024-05-17,cabbage,Tuticorin,214.4
2024-05-17,cabbage,Tenkasi,171.1
2024-05-17,potato,Tirunelveli,341.6
2024-05-17,potato,Madurai,347.9
2024-05-17,potato,Nagercoil,311.0
2024-05-17,potato,Tuticorin,325.3
2024-05-17,potato,Tenkasi,333.7
2024-05-17,beans,Tirunelveli,176.4
2024-05-17,beans,Madurai,145.2
2024-05-17,beans,Nagercoil,188.1
2024-05-17,beans,Tuticorin,124.4
2024-05-17,beans,Tenkasi,191.5
2024-05-17,okra,Tirunelveli,253.0
2024-05-17,okra,Madurai,229.6
2024-05-17,okra,Nagercoil,259.3
2024-05-17,okra,Tuticorin,221.0
2024-05-17,okra,Tenkasi,244.3
2024-05-18,tomato,Tirunelveli,510.8
2024-05-18,tomato,Madurai,510.7
2024-05-18,tomato,Nagercoil,489.2
2024-05-18,tomato,Tuticorin,496.1
2024-05-18,tomato,Tenkasi,508.5
2024-05-18,brinjal,Tirunelveli,301.7
2024-05-18,brinjal,Madurai,321.7
2024-05-18,brinjal,Nagercoil,304.0
2024-05-18,brinjal,Tuticorin,336.3
2024-05-18,brinjal,Tenkasi,347.5
2024-05-18,onion,Tirunelveli,436.8
2024-05-18,onion,Madurai,461.2
2024-05-18,onion,Nagercoil,438.5
2024-05-18,onion,Tuticorin,424.0
2024-05-18,onion,Tenkasi,434.2
2024-05-18,carrot,Tirunelveli,254.7
2024-05-18,carrot,Madurai,217.3
2024-05-18,carrot,Nagercoil,265.5
2024-05-18,carrot,Tuticorin,254.7
2024-05-18,carrot,Tenkasi,273.0
2024-05-18,cabbage,Tirunelveli,239.9
2024-05-18,cabbage,Madurai,230.1
2024-05-18,cabbage,Nagercoil,220.6
2024-05-18,cabbage,Tuticorin,258.2
2024-05-18,cabbage,Tenkasi,271.1
2024-05-18,potato,Tirunelveli,372.7
2024-05-18,potato,Madurai,400.3
2024-05-18,potato,Nagercoil,365.4
2024-05-18,potato,Tuticorin,367.7
2024-05-18,potato,Tenkasi,371.8
2024-05-18,beans,Tirunelveli,203.4
2024-05-18,beans,Madurai,168.3
2024-05-18,beans,Nagercoil,220.7
2024-05-18,beans,Tuticorin,208.5
2024-05-18,beans,Tenkasi,203.0
2024-05-18,okra,Tirunelveli,272.4
2024-05-18,okra,Madurai,294.9
2024-05-18,okra,Nagercoil,220.0
2024-05-18,okra,Tuticorin,287.1
2024-05-18,okra,Tenkasi,281.5
2024-05-19,tomato,Tirunelveli,468.3
2024-05-19,tomato,Madurai,514.1
2024-05-19,tomato,Nagercoil,517.8
2024-05-19,tomato,Tuticorin,468.9
2024-05-19,tomato,Tenkasi,482.3
2024-05-19,brinjal,Tirunelveli,357.5
2024-05-19,brinjal,Madurai,312.5
2024-05-19,brinjal,Nagercoil,335.8
2024-05-19,brinjal,Tuticorin,338.8
2024-05-19,brinjal,Tenkasi,324.1
2024-05-19,onion,Tirunelveli,463.1
2024-05-19,onion,Madurai,400.5
2024-05-19,onion,Nagercoil,438.1
2024-05-19,onion,Tuticorin,381.1
2024-05-19,onion,Tenkasi,407.8
2024-05-19,carrot,Tirunelveli,242.1
2024-05-19,carrot,Madurai,239.7
2024-05-19,carrot,Nagercoil,253.8
2024-05-19,carrot,Tuticorin,252.6
2024-05-19,carrot,Tenkasi,255.7
2024-05-19,cabbage,Tirunelveli,231.2
2024-05-19,cabbage,Madurai,234.4
2024-05-19,cabbage,Nagercoil,208.5
2024-05-19,cabbage,Tuticorin,213.2
2024-05-19,cabbage,Tenkasi,227.0
2024-05-19,potato,Tirunelveli,379.1
2024-05-19,potato,Madurai,357.9
2024-05-19,potato,Nagercoil,401.1
2024-05-19,potato,Tuticorin,394.0
2024-05-19,potato,Tenkasi,362.3
2024-05-19,beans,Tirunelveli,185.6
2024-05-19,beans,Madurai,229.9
2024-05-19,beans,Nagercoil,193.0
2024-05-19,beans,Tuticorin,197.7
2024-05-19,beans,Tenkasi,177.6
2024-05-19,okra,Tirunelveli,272.0
2024-05-19,okra,Madurai,308.5
2024-05-19,okra,Nagercoil,280.6
2024-05-19,okra,Tuticorin,276.9
2024-05-19,okra,Tenkasi,278.5
2024-05-20,tomato,Tirunelveli,490.9
2024-05-20,tomato,Madurai,440.8
2024-05-20,tomato,Nagercoil,423.4
2024-05-20,tomato,Tuticorin,426.9
2024-05-20,tomato,Tenkasi,455.6
2024-05-20,brinjal,Tirunelveli,246.4
2024-05-20,brinjal,Madurai,284.0
2024-05-20,brinjal,Nagercoil,260.5
2024-05-20,brinjal,Tuticorin,237.8
2024-05-20,brinjal,Tenkasi,255.4
2024-05-20,onion,Tirunelveli,385.6
2024-05-20,onion,Madurai,412.9
2024-05-20,onion,Nagercoil,403.3
2024-05-20,onion,Tuticorin,379.1
2024-05-20,onion,Tenkasi,404.4
2024-05-20,carrot,Tirunelveli,212.9
2024-05-20,carrot,Madurai,190.7
2024-05-20,carrot,Nagercoil,220.4
2024-05-20,carrot,Tuticorin,189.9
2024-05-20,carrot,Tenkasi,235.8
2024-05-20,cabbage,Tirunelveli,214.1
2024-05-20,cabbage,Madurai,180.4
2024-05-20,cabbage,Nagercoil,200.9
2024-05-20,cabbage,Tuticorin,200.7
2024-05-20,cabbage,Tenkasi,215.4
2024-05-20,potato,Tirunelveli,305.1
2024-05-20,potato,Madurai,342.0
2024-05-20,potato,Nagercoil,303.7
2024-05-20,potato,Tuticorin,345.5
2024-05-20,potato,Tenkasi,351.3
2024-05-20,beans,Tirunelveli,151.6
2024-05-20,beans,Madurai,189.4
2024-05-20,beans,Nagercoil,133.5
2024-05-20,beans,Tuticorin,187.0
2024-05-20,beans,Tenkasi,193.8
2024-05-20,okra,Tirunelveli,248.9
2024-05-20,okra,Madurai,238.1
2024-05-20,okra,Nagercoil,248.2
2024-05-20,okra,Tuticorin,229.9
2024-05-20,okra,Tenkasi,294.5
2024-05-21,tomato,Tirunelveli,428.3
2024-05-21,tomato,Madurai,466.3
2024-05-21,tomato,Nagercoil,425.2
2024-05-21,tomato,Tuticorin,471.9
2024-05-21,tomato,Tenkasi,480.2
2024-05-21,brinjal,Tirunelveli,282.7
2024-05-21,brinjal,Madurai,280.7
2024-05-21,brinjal,Nagercoil,255.9
2024-05-21,brinjal,Tuticorin,253.5
2024-05-21,brinjal,Tenkasi,281.0
2024-05-21,onion,Tirunelveli,414.2
2024-05-21,onion,Madurai,374.0
2024-05-21,onion,Nagercoil,429.2
2024-05-21,onion,Tuticorin,372.8
2024-05-21,onion,Tenkasi,389.6
2024-05-21,carrot,Tirunelveli,224.6
2024-05-21,carrot,Madurai,218.0
2024-05-21,carrot,Nagercoil,179.1
2024-05-21,carrot,Tuticorin,207.6
2024-05-21,carrot,Tenkasi,224.0
2024-05-21,cabbage,Tirunelveli,196.1
2024-05-21,cabbage,Madurai,210.7
2024-05-21,cabbage,Nagercoil,213.1
2024-05-21,cabbage,Tuticorin,193.2
2024-05-21,cabbage,Tenkasi,178.8
2024-05-21,potato,Tirunelveli,361.0
2024-05-21,potato,Madurai,302.9
2024-05-21,potato,Nagercoil,318.1
2024-05-21,potato,Tuticorin,313.0
2024-05-21,potato,Tenkasi,344.9
2024-05-21,beans,Tirunelveli,191.3
2024-05-21,beans,Madurai,161.5
2024-05-21,beans,Nagercoil,169.6
2024-05-21,beans,Tuticorin,173.6
2024-05-21,beans,Tenkasi,201.1
2024-05-21,okra,Tirunelveli,206.5
2024-05-21,okra,Madurai,256.9
2024-05-21,okra,Nagercoil,249.5
2024-05-21,okra,Tuticorin,234.6
2024-05-21,okra,Tenkasi,248.5
2024-05-22,tomato,Tirunelveli,454.8
2024-05-22,tomato,Madurai,451.7
2024-05-22,tomato,Nagercoil,483.2
2024-05-22,tomato,Tuticorin,442.5
2024-05-22,tomato,Tenkasi,440.5
2024-05-22,brinjal,Tirunelveli,271.4
2024-05-22,brinjal,Madurai,286.1
2024-05-22,brinjal,Nagercoil,274.4
2024-05-22,brinjal,Tuticorin,275.3
2024-05-22,brinjal,Tenkasi,275.4
2024-05-22,onion,Tirunelveli,382.3
2024-05-22,onion,Madurai,372.8
2024-05-22,onion,Nagercoil,393.4
2024-05-22,onion,Tuticorin,379.3
2024-05-22,onion,Tenkasi,397.3
2024-05-22,carrot,Tirunelveli,222.2
2024-05-22,carrot,Madurai,212.3
2024-05-22,carrot,Nagercoil,251.3
2024-05-22,carrot,Tuticorin,218.0
2024-05-22,carrot,Tenkasi,232.5
2024-05-22,cabbage,Tirunelveli,184.0
2024-05-22,cabbage,Madurai,157.5
2024-05-22,cabbage,Nagercoil,186.7
2024-05-22,cabbage,Tuticorin,155.3
2024-05-22,cabbage,Tenkasi,193.3
2024-05-22,potato,Tirunelveli,359.4
2024-05-22,potato,Madurai,311.9
2024-05-22,potato,Nagercoil,287.9
2024-05-22,potato,Tuticorin,360.0
2024-05-22,potato,Tenkasi,320.5
2024-05-22,beans,Tirunelveli,164.7
2024-05-22,beans,Madurai,180.8
2024-05-22,beans,Nagercoil,175.5
2024-05-22,beans,Tuticorin,180.0
2024-05-22,beans,Tenkasi,183.0
2024-05-22,okra,Tirunelveli,207.1
2024-05-22,okra,Madurai,213.7
2024-05-22,okra,Nagercoil,265.4
2024-05-22,okra,Tuticorin,226.4
2024-05-22,okra,Tenkasi,228.5
2024-05-23,tomato,Tirunelveli,414.7
2024-05-23,tomato,Madurai,431.9
2024-05-23,tomato,Nagercoil,433.0
2024-05-23,tomato,Tuticorin,421.3
2024-05-23,tomato,Tenkasi,418.9
2024-05-23,brinjal,Tirunelveli,281.4
2024-05-23,brinjal,Madurai,258.8
2024-05-23,brinjal,Nagercoil,262.9
2024-05-23,brinjal,Tuticorin,231.3
2024-05-23,brinjal,Tenkasi,313.8
2024-05-23,onion,Tirunelveli,403.8
2024-05-23,onion,Madurai,375.1
2024-05-23,onion,Nagercoil,367.0
2024-05-23,onion,Tuticorin,385.2
2024-05-23,onion,Tenkasi,384.7
2024-05-23,carrot,Tirunelveli,194.5
2024-05-23,carrot,Madurai,169.0
2024-05-23,carrot,Nagercoil,209.5
2024-05-23,carrot,Tuticorin,188.7
2024-05-23,carrot,Tenkasi,223.4
2024-05-23,cabbage,Tirunelveli,201.6
2024-05-23,cabbage,Madurai,178.5
2024-05-23,cabbage,Nagercoil,187.3
2024-05-23,cabbage,Tuticorin,233.3
2024-05-23,cabbage,Tenkasi,213.5
2024-05-23,potato,Tirunelveli,321.0
2024-05-23,potato,Madurai,375.8
2024-05-23,potato,Nagercoil,306.1
2024-05-23,potato,Tuticorin,313.7
2024-05-23,potato,Tenkasi,327.8
2024-05-23,beans,Tirunelveli,134.4
2024-05-23,beans,Madurai,200.8
2024-05-23,beans,Nagercoil,168.7
2024-05-23,beans,Tuticorin,149.2
2024-05-23,beans,Tenkasi,174.0
2024-05-23,okra,Tirunelveli,244.9
2024-05-23,okra,Madurai,235.9
2024-05-23,okra,Nagercoil,217.8
2024-05-23,okra,Tuticorin,213.3
2024-05-23,okra,Tenkasi,285.7
2024-05-24,tomato,Tirunelveli,412.9
2024-05-24,tomato,Madurai,474.0
2024-05-24,tomato,Nagercoil,423.1
2024-05-24,tomato,Tuticorin,455.8
2024-05-24,tomato,Tenkasi,449.3
2024-05-24,brinjal,Tirunelveli,288.3
2024-05-24,brinjal,Madurai,289.6
2024-05-24,brinjal,Nagercoil,242.8
2024-05-24,brinjal,Tuticorin,261.5
2024-05-24,brinjal,Tenkasi,247.6
2024-05-24,onion,Tirunelveli,388.8
2024-05-24,onion,Madurai,358.5
2024-05-24,onion,Nagercoil,345.4
2024-05-24,onion,Tuticorin,380.3
2024-05-24,onion,Tenkasi,340.8
2024-05-24,carrot,Tirunelveli,225.2
2024-05-24,carrot,Madurai,194.8
2024-05-24,carrot,Nagercoil,203.2
2024-05-24,carrot,Tuticorin,174.4
2024-05-24,carrot,Tenkasi,253.0
2024-05-24,cabbage,Tirunelveli,168.7
2024-05-24,cabbage,Madurai,190.7
2024-05-24,cabbage,Nagercoil,162.2
2024-05-24,cabbage,Tuticorin,181.3
2024-05-24,cabbage,Tenkasi,233.0
2024-05-24,potato,Tirunelveli,335.9
2024-05-24,potato,Madurai,315.5
2024-05-24,potato,Nagercoil,329.3
2024-05-24,potato,Tuticorin,318.8
2024-05-24,potato,Tenkasi,328.2
2024-05-24,beans,Tirunelveli,179.9
2024-05-24,beans,Madurai,158.4
2024-05-24,beans,Nagercoil,169.4
2024-05-24,beans,Tuticorin,169.7
2024-05-24,beans,Tenkasi,158.5
2024-05-24,okra,Tirunelveli,227.3
2024-05-24,okra,Madurai,231.5
2024-05-24,okra,Nagercoil,256.0
2024-05-24,okra,Tuticorin,257.6
2024-05-24,okra,Tenkasi,219.2
2024-05-25,tomato,Tirunelveli,500.8
2024-05-25,tomato,Madurai,490.9
2024-05-25,tomato,Nagercoil,522.0
2024-05-25,tomato,Tuticorin,496.6
2024-05-25,tomato,Tenkasi,550.0
2024-05-25,brinjal,Tirunelveli,320.6
2024-05-25,brinjal,Madurai,339.9
2024-05-25,brinjal,Nagercoil,296.0
2024-05-25,brinjal,Tuticorin,316.5
2024-05-25,brinjal,Tenkasi,328.6
2024-05-25,onion,Tirunelveli,422.1
2024-05-25,onion,Madurai,443.2
2024-05-25,onion,Nagercoil,463.8
2024-05-25,onion,Tuticorin,436.2
2024-05-25,onion,Tenkasi,425.7
2024-05-25,carrot,Tirunelveli,289.1
2024-05-25,carrot,Madurai,229.6
2024-05-25,carrot,Nagercoil,256.1
2024-05-25,carrot,Tuticorin,238.8
2024-05-25,carrot,Tenkasi,234.3
2024-05-25,cabbage,Tirunelveli,242.5
2024-05-25,cabbage,Madurai,223.6
2024-05-25,cabbage,Nagercoil,235.8
2024-05-25,cabbage,Tuticorin,182.6
2024-05-25,cabbage,Tenkasi,237.8
2024-05-25,potato,Tirunelveli,365.1
2024-05-25,potato,Madurai,341.9
2024-05-25,potato,Nagercoil,417.2
2024-05-25,potato,Tuticorin,391.5
2024-05-25,potato,Tenkasi,384.0
2024-05-25,beans,Tirunelveli,214.7
2024-05-25,beans,Madurai,194.7
2024-05-25,beans,Nagercoil,173.8
2024-05-25,beans,Tuticorin,186.3
2024-05-25,beans,Tenkasi,176.2
2024-05-25,okra,Tirunelveli,268.3
2024-05-25,okra,Madurai,253.1
2024-05-25,okra,Nagercoil,258.9
2024-05-25,okra,Tuticorin,296.2
2024-05-25,okra,Tenkasi,284.9
2024-05-26,tomato,Tirunelveli,495.9
2024-05-26,tomato,Madurai,485.4
2024-05-26,tomato,Nagercoil,497.9
2024-05-26,tomato,Tuticorin,472.3
2024-05-26,tomato,Tenkasi,508.5
2024-05-26,brinjal,Tirunelveli,335.2
2024-05-26,brinjal,Madurai,363.6
2024-05-26,brinjal,Nagercoil,294.2
2024-05-26,brinjal,Tuticorin,334.3
2024-05-26,brinjal,Tenkasi,302.1
2024-05-26,onion,Tirunelveli,420.2
2024-05-26,onion,Madurai,420.2
2024-05-26,onion,Nagercoil,445.6
2024-05-26,onion,Tuticorin,424.1
2024-05-26,onion,Tenkasi,430.6
2024-05-26,carrot,Tirunelveli,244.2
2024-05-26,carrot,Madurai,238.2
2024-05-26,carrot,Nagercoil,236.7
2024-05-26,carrot,Tuticorin,204.4
2024-05-26,carrot,Tenkasi,254.7
2024-05-26,cabbage,Tirunelveli,229.1
2024-05-26,cabbage,Madurai,211.8
2024-05-26,cabbage,Nagercoil,234.9
2024-05-26,cabbage,Tuticorin,255.6
2024-05-26,cabbage,Tenkasi,228.2
2024-05-26,potato,Tirunelveli,406.1
2024-05-26,potato,Madurai,424.3
2024-05-26,potato,Nagercoil,430.1
2024-05-26,potato,Tuticorin,355.7
2024-05-26,potato,Tenkasi,355.8
2024-05-26,beans,Tirunelveli,180.9
2024-05-26,beans,Madurai,192.3
2024-05-26,beans,Nagercoil,221.5
2024-05-26,beans,Tuticorin,202.3
2024-05-26,beans,Tenkasi,165.7
2024-05-26,okra,Tirunelveli,266.1
2024-05-26,okra,Madurai,277.5
2024-05-26,okra,Nagercoil,248.5
2024-05-26,okra,Tuticorin,278.6
2024-05-26,okra,Tenkasi,254.5
2024-05-27,tomato,Tirunelveli,407.0
2024-05-27,tomato,Madurai,421.1
2024-05-27,tomato,Nagercoil,448.2
2024-05-27,tomato,Tuticorin,448.1
2024-05-27,tomato,Tenkasi,441.9
2024-05-27,brinjal,Tirunelveli,294.8
2024-05-27,brinjal,Madurai,292.7
2024-05-27,brinjal,Nagercoil,279.1
2024-05-27,brinjal,Tuticorin,276.3
2024-05-27,brinjal,Tenkasi,277.6
2024-05-27,onion,Tirunelveli,382.0
2024-05-27,onion,Madurai,341.5
2024-05-27,onion,Nagercoil,407.7
2024-05-27,onion,Tuticorin,393.0
2024-05-27,onion,Tenkasi,360.7
2024-05-27,carrot,Tirunelveli,248.6
2024-05-27,carrot,Madurai,208.2
2024-05-27,carrot,Nagercoil,217.8
2024-05-27,carrot,Tuticorin,240.5
2024-05-27,carrot,Tenkasi,224.4
2024-05-27,cabbage,Tirunelveli,224.7
2024-05-27,cabbage,Madurai,191.0
2024-05-27,cabbage,Nagercoil,231.8
2024-05-27,cabbage,Tuticorin,182.4
2024-05-27,cabbage,Tenkasi,224.4
2024-05-27,potato,Tirunelveli,284.7
2024-05-27,potato,Madurai,308.0
2024-05-27,potato,Nagercoil,336.0
2024-05-27,potato,Tuticorin,322.0
2024-05-27,potato,Tenkasi,328.5
2024-05-27,beans,Tirunelveli,165.8
2024-05-27,beans,Madurai,141.2
2024-05-27,beans,Nagercoil,142.7
2024-05-27,beans,Tuticorin,169.6
2024-05-27,beans,Tenkasi,151.7
2024-05-27,okra,Tirunelveli,268.8
2024-05-27,okra,Madurai,238.2
2024-05-27,okra,Nagercoil,256.4
2024-05-27,okra,Tuticorin,250.9
2024-05-27,okra,Tenkasi,230.0
2024-05-28,tomato,Tirunelveli,400.4
2024-05-28,tomato,Madurai,463.7
2024-05-28,tomato,Nagercoil,420.4
2024-05-28,tomato,Tuticorin,431.9
2024-05-28,tomato,Tenkasi,437.0
2024-05-28,brinjal,Tirunelveli,274.0
2024-05-28,brinjal,Madurai,294.2
2024-05-28,brinjal,Nagercoil,275.1
2024-05-28,brinjal,Tuticorin,272.5
2024-05-28,brinjal,Tenkasi,295.4
2024-05-28,onion,Tirunelveli,397.0
2024-05-28,onion,Madurai,370.3
2024-05-28,onion,Nagercoil,362.1
2024-05-28,onion,Tuticorin,368.5
2024-05-28,onion,Tenkasi,384.0
2024-05-28,carrot,Tirunelveli,195.1
2024-05-28,carrot,Madurai,221.8
2024-05-28,carrot,Nagercoil,217.4
2024-05-28,carrot,Tuticorin,169.1
2024-05-28,carrot,Tenkasi,191.9
2024-05-28,cabbage,Tirunelveli,140.3
2024-05-28,cabbage,Madurai,191.1
2024-05-28,cabbage,Nagercoil,219.5
2024-05-28,cabbage,Tuticorin,160.2
2024-05-28,cabbage,Tenkasi,171.6
2024-05-28,potato,Tirunelveli,326.7
2024-05-28,potato,Madurai,308.7
2024-05-28,potato,Nagercoil,308.6
2024-05-28,potato,Tuticorin,340.8
2024-05-28,potato,Tenkasi,320.1
2024-05-28,beans,Tirunelveli,135.3
2024-05-28,beans,Madurai,123.2
2024-05-28,beans,Nagercoil,209.2
2024-05-28,beans,Tuticorin,187.6
2024-05-28,beans,Tenkasi,156.0
2024-05-28,okra,Tirunelveli,243.8
2024-05-28,okra,Madurai,232.2
2024-05-28,okra,Nagercoil,252.2
2024-05-28,okra,Tuticorin,224.9
2024-05-28,okra,Tenkasi,231.1
2024-05-29,tomato,Tirunelveli,449.1
2024-05-29,tomato,Madurai,469.1
2024-05-29,tomato,Nagercoil,454.8
2024-05-29,tomato,Tuticorin,464.7
2024-05-29,tomato,Tenkasi,433.8
2024-05-29,brinjal,Tirunelveli,262.5
2024-05-29,brinjal,Madurai,236.2
2024-05-29,brinjal,Nagercoil,276.4
2024-05-29,brinjal,Tuticorin,282.6
2024-05-29,brinjal,Tenkasi,269.0
2024-05-29,onion,Tirunelveli,369.5
2024-05-29,onion,Madurai,409.9
2024-05-29,onion,Nagercoil,397.6
2024-05-29,onion,Tuticorin,411.3
2024-05-29,onion,Tenkasi,365.9
2024-05-29,carrot,Tirunelveli,205.8
2024-05-29,carrot,Madurai,244.1
2024-05-29,carrot,Nagercoil,219.1
2024-05-29,carrot,Tuticorin,208.6
2024-05-29,carrot,Tenkasi,210.0
2024-05-29,cabbage,Tirunelveli,197.8
2024-05-29,cabbage,Madurai,218.1
2024-05-29,cabbage,Nagercoil,194.8
2024-05-29,cabbage,Tuticorin,213.8
2024-05-29,cabbage,Tenkasi,207.3
2024-05-29,potato,Tirunelveli,312.4
2024-05-29,potato,Madurai,312.4
2024-05-29,potato,Nagercoil,321.0
2024-05-29,potato,Tuticorin,303.3
2024-05-29,potato,Tenkasi,319.7
2024-05-29,beans,Tirunelveli,195.3
2024-05-29,beans,Madurai,164.4
2024-05-29,beans,Nagercoil,149.7
2024-05-29,beans,Tuticorin,203.3
2024-05-29,beans,Tenkasi,146.4
2024-05-29,okra,Tirunelveli,222.8
2024-05-29,okra,Madurai,266.6
2024-05-29,okra,Nagercoil,255.2
2024-05-29,okra,Tuticorin,239.4
2024-05-29,okra,Tenkasi,258.6
2024-05-30,tomato,Tirunelveli,446.0
2024-05-30,tomato,Madurai,416.3
2024-05-30,tomato,Nagercoil,392.0
2024-05-30,tomato,Tuticorin,428.7
2024-05-30,tomato,Tenkasi,461.7
2024-05-30,brinjal,Tirunelveli,266.4
2024-05-30,brinjal,Madurai,284.2
2024-05-30,brinjal,Nagercoil,278.7
2024-05-30,brinjal,Tuticorin,241.1
2024-05-30,brinjal,Tenkasi,266.9
2024-05-30,onion,Tirunelveli,392.2
2024-05-30,onion,Madurai,369.3
2024-05-30,onion,Nagercoil,377.7
2024-05-30,onion,Tuticorin,392.8
2024-05-30,onion,Tenkasi,386.5
2024-05-30,carrot,Tirunelveli,240.9
2024-05-30,carrot,Madurai,227.7
2024-05-30,carrot,Nagercoil,200.9
2024-05-30,carrot,Tuticorin,210.4
2024-05-30,carrot,Tenkasi,220.4
2024-05-30,cabbage,Tirunelveli,224.8
2024-05-30,cabbage,Madurai,188.5
2024-05-30,cabbage,Nagercoil,163.3
2024-05-30,cabbage,Tuticorin,206.8
2024-05-30,cabbage,Tenkasi,182.9
2024-05-30,potato,Tirunelveli,304.3
2024-05-30,potato,Madurai,330.4
2024-05-30,potato,Nagercoil,349.5
2024-05-30,potato,Tuticorin,318.5
2024-05-30,potato,Tenkasi,339.9
2024-05-30,beans,Tirunelveli,178.6
2024-05-30,beans,Madurai,180.8
2024-05-30,beans,Nagercoil,150.4
2024-05-30,beans,Tuticorin,142.6
2024-05-30,beans,Tenkasi,145.3
2024-05-30,okra,Tirunelveli,257.8
2024-05-30,okra,Madurai,255.3
2024-05-30,okra,Nagercoil,222.9
2024-05-30,okra,Tuticorin,284.7
2024-05-30,okra,Tenkasi,220.5
2024-05-31,tomato,Tirunelveli,460.0
2024-05-31,tomato,Madurai,470.4
2024-05-31,tomato,Nagercoil,442.2
2024-05-31,tomato,Tuticorin,424.6
2024-05-31,tomato,Tenkasi,425.0
2024-05-31,brinjal,Tirunelveli,269.8
2024-05-31,brinjal,Madurai,296.6
2024-05-31,brinjal,Nagercoil,251.0
2024-05-31,brinjal,Tuticorin,238.2
2024-05-31,brinjal,Tenkasi,282.2
2024-05-31,onion,Tirunelveli,396.6
2024-05-31,onion,Madurai,424.4
2024-05-31,onion,Nagercoil,357.4
2024-05-31,onion,Tuticorin,382.3
2024-05-31,onion,Tenkasi,408.2
2024-05-31,carrot,Tirunelveli,222.4
2024-05-31,carrot,Madurai,216.1
2024-05-31,carrot,Nagercoil,235.8
2024-05-31,carrot,Tuticorin,208.0
2024-05-31,carrot,Tenkasi,237.0
2024-05-31,cabbage,Tirunelveli,172.9
2024-05-31,cabbage,Madurai,167.6
2024-05-31,cabbage,Nagercoil,192.5
2024-05-31,cabbage,Tuticorin,146.7
2024-05-31,cabbage,Tenkasi,199.7
2024-05-31,potato,Tirunelveli,295.3
2024-05-31,potato,Madurai,335.6
2024-05-31,potato,Nagercoil,333.7
2024-05-31,potato,Tuticorin,328.6
2024-05-31,potato,Tenkasi,338.7
2024-05-31,beans,Tirunelveli,169.1
2024-05-31,beans,Madurai,159.1
2024-05-31,beans,Nagercoil,201.6
2024-05-31,beans,Tuticorin,172.9
2024-05-31,beans,Tenkasi,180.4
2024-05-31,okra,Tirunelveli,263.5
2024-05-31,okra,Madurai,255.4
2024-05-31,okra,Nagercoil,283.3
2024-05-31,okra,Tuticorin,245.3
2024-05-31,okra,Tenkasi,241.9
2024-06-01,tomato,Tirunelveli,447.0
2024-06-01,tomato,Madurai,454.9
2024-06-01,tomato,Nagercoil,445.4
2024-06-01,tomato,Tuticorin,473.5
2024-06-01,tomato,Tenkasi,441.8
2024-06-01,brinjal,Tirunelveli,289.0
2024-06-01,brinjal,Madurai,298.7
2024-06-01,brinjal,Nagercoil,290.5
2024-06-01,brinjal,Tuticorin,269.6
2024-06-01,brinjal,Tenkasi,301.5
2024-06-01,onion,Tirunelveli,400.8
2024-06-01,onion,Madurai,345.0
2024-06-01,onion,Nagercoil,382.8
2024-06-01,onion,Tuticorin,430.5
2024-06-01,onion,Tenkasi,432.2
2024-06-01,carrot,Tirunelveli,240.5
2024-06-01,carrot,Madurai,245.7
2024-06-01,carrot,Nagercoil,214.4
2024-06-01,carrot,Tuticorin,224.8
2024-06-01,carrot,Tenkasi,254.7
2024-06-01,cabbage,Tirunelveli,215.5
2024-06-01,cabbage,Madurai,208.3
2024-06-01,cabbage,Nagercoil,203.3
2024-06-01,cabbage,Tuticorin,230.5
2024-06-01,cabbage,Tenkasi,229.4
2024-06-01,potato,Tirunelveli,358.0
2024-06-01,potato,Madurai,346.3
2024-06-01,potato,Nagercoil,337.9
2024-06-01,potato,Tuticorin,358.9
2024-06-01,potato,Tenkasi,323.0
2024-06-01,beans,Tirunelveli,154.6
2024-06-01,beans,Madurai,143.5
2024-06-01,beans,Nagercoil,197.2
2024-06-01,beans,Tuticorin,158.1
2024-06-01,beans,Tenkasi,180.6
2024-06-01,okra,Tirunelveli,250.5
2024-06-01,okra,Madurai,311.0
2024-06-01,okra,Nagercoil,261.8
2024-06-01,okra,Tuticorin,215.8
2024-06-01,okra,Tenkasi,276.5
2024-06-02,tomato,Tirunelveli,452.3
2024-06-02,tomato,Madurai,456.0
2024-06-02,tomato,Nagercoil,446.5
2024-06-02,tomato,Tuticorin,463.9
2024-06-02,tomato,Tenkasi,463.7
2024-06-02,brinjal,Tirunelveli,274.6
2024-06-02,brinjal,Madurai,277.3
2024-06-02,brinjal,Nagercoil,289.5
2024-06-02,brinjal,Tuticorin,240.6
2024-06-02,brinjal,Tenkasi,258.7
2024-06-02,onion,Tirunelveli,435.9
2024-06-02,onion,Madurai,409.1
2024-06-02,onion,Nagercoil,392.0
2024-06-02,onion,Tuticorin,368.6
2024-06-02,onion,Tenkasi,401.4
2024-06-02,carrot,Tirunelveli,249.7
2024-06-02,carrot,Madurai,282.8
2024-06-02,carrot,Nagercoil,267.8
2024-06-02,carrot,Tuticorin,212.3
2024-06-02,carrot,Tenkasi,220.1
2024-06-02,cabbage,Tirunelveli,177.6
2024-06-02,cabbage,Madurai,190.2
2024-06-02,cabbage,Nagercoil,202.7
2024-06-02,cabbage,Tuticorin,199.7
2024-06-02,cabbage,Tenkasi,248.1
2024-06-02,potato,Tirunelveli,318.7
2024-06-02,potato,Madurai,344.1
2024-06-02,potato,Nagercoil,303.7
2024-06-02,potato,Tuticorin,351.6
2024-06-02,potato,Tenkasi,318.2
2024-06-02,beans,Tirunelveli,194.6
2024-06-02,beans,Madurai,166.7
2024-06-02,beans,Nagercoil,144.5
2024-06-02,beans,Tuticorin,130.4
2024-06-02,beans,Tenkasi,152.9
2024-06-02,okra,Tirunelveli,257.8
2024-06-02,okra,Madurai,261.4
2024-06-02,okra,Nagercoil,243.0
2024-06-02,okra,Tuticorin,271.5
2024-06-02,okra,Tenkasi,230.3
2024-06-03,tomato,Tirunelveli,341.5
2024-06-03,tomato,Madurai,405.7
2024-06-03,tomato,Nagercoil,425.8
2024-06-03,tomato,Tuticorin,426.0
2024-06-03,tomato,Tenkasi,374.0
2024-06-03,brinjal,Tirunelveli,239.1
2024-06-03,brinjal,Madurai,264.5
2024-06-03,brinjal,Nagercoil,237.5
2024-06-03,brinjal,Tuticorin,252.1
2024-06-03,brinjal,Tenkasi,235.7
2024-06-03,onion,Tirunelveli,328.2
2024-06-03,onion,Madurai,332.1
2024-06-03,onion,Nagercoil,369.1
2024-06-03,onion,Tuticorin,350.3
2024-06-03,onion,Tenkasi,375.4
2024-06-03,carrot,Tirunelveli,210.4
2024-06-03,carrot,Madurai,232.1
2024-06-03,carrot,Nagercoil,216.4
2024-06-03,carrot,Tuticorin,215.2
2024-06-03,carrot,Tenkasi,197.6
2024-06-03,cabbage,Tirunelveli,240.2
2024-06-03,cabbage,Madurai,182.3
2024-06-03,cabbage,Nagercoil,140.5
2024-06-03,cabbage,Tuticorin,185.4
2024-06-03,cabbage,Tenkasi,160.4
2024-06-03,potato,Tirunelveli,320.3
2024-06-03,potato,Madurai,314.5
2024-06-03,potato,Nagercoil,296.2
2024-06-03,potato,Tuticorin,282.2
2024-06-03,potato,Tenkasi,302.9
2024-06-03,beans,Tirunelveli,137.2
2024-06-03,beans,Madurai,165.8
2024-06-03,beans,Nagercoil,161.1
2024-06-03,beans,Tuticorin,208.7
2024-06-03,beans,Tenkasi,141.1
2024-06-03,okra,Tirunelveli,213.9
2024-06-03,okra,Madurai,216.9
2024-06-03,okra,Nagercoil,217.8
2024-06-03,okra,Tuticorin,240.5
2024-06-03,okra,Tenkasi,214.5
2024-06-04,tomato,Tirunelveli,439.4
2024-06-04,tomato,Madurai,411.6
2024-06-04,tomato,Nagercoil,390.3
2024-06-04,tomato,Tuticorin,385.2
2024-06-04,tomato,Tenkasi,420.8
2024-06-04,brinjal,Tirunelveli,250.6
2024-06-04,brinjal,Madurai,250.2
2024-06-04,brinjal,Nagercoil,238.0
2024-06-04,brinjal,Tuticorin,248.8
2024-06-04,brinjal,Tenkasi,237.2
2024-06-04,onion,Tirunelveli,377.2
2024-06-04,onion,Madurai,364.3
2024-06-04,onion,Nagercoil,346.5
2024-06-04,onion,Tuticorin,346.2
2024-06-04,onion,Tenkasi,351.8
2024-06-04,carrot,Tirunelveli,199.9
2024-06-04,carrot,Madurai,180.9
2024-06-04,carrot,Nagercoil,162.0
2024-06-04,carrot,Tuticorin,184.0
2024-06-04,carrot,Tenkasi,197.4
2024-06-04,cabbage,Tirunelveli,165.2
2024-06-04,cabbage,Madurai,196.4
2024-06-04,cabbage,Nagercoil,175.4
2024-06-04,cabbage,Tuticorin,217.5
2024-06-04,cabbage,Tenkasi,168.8
2024-06-04,potato,Tirunelveli,302.8
2024-06-04,potato,Madurai,294.2
2024-06-04,potato,Nagercoil,308.8
2024-06-04,potato,Tuticorin,321.3
2024-06-04,potato,Tenkasi,312.2
2024-06-04,beans,Tirunelveli,109.4
2024-06-04,beans,Madurai,160.0
2024-06-04,beans,Nagercoil,129.8
2024-06-04,beans,Tuticorin,143.8
2024-06-04,beans,Tenkasi,163.8
2024-06-04,okra,Tirunelveli,197.6
2024-06-04,okra,Madurai,243.1
2024-06-04,okra,Nagercoil,212.9
2024-06-04,okra,Tuticorin,263.4
2024-06-04,okra,Tenkasi,221.4
2024-06-05,tomato,Tirunelveli,434.1
2024-06-05,tomato,Madurai,424.0
2024-06-05,tomato,Nagercoil,387.8
2024-06-05,tomato,Tuticorin,374.0
2024-06-05,tomato,Tenkasi,402.3
2024-06-05,brinjal,Tirunelveli,238.3
2024-06-05,brinjal,Madurai,281.6
2024-06-05,brinjal,Nagercoil,245.1
2024-06-05,brinjal,Tuticorin,244.0
2024-06-05,brinjal,Tenkasi,222.1
2024-06-05,onion,Tirunelveli,358.4
2024-06-05,onion,Madurai,326.5
2024-06-05,onion,Nagercoil,358.8
2024-06-05,onion,Tuticorin,361.6
2024-06-05,onion,Tenkasi,335.0
2024-06-05,carrot,Tirunelveli,219.1
2024-06-05,carrot,Madurai,194.5
2024-06-05,carrot,Nagercoil,170.6
2024-06-05,carrot,Tuticorin,230.9
2024-06-05,carrot,Tenkasi,181.5
2024-06-05,cabbage,Tirunelveli,190.1
2024-06-05,cabbage,Madurai,188.5
2024-06-05,cabbage,Nagercoil,187.8
2024-06-05,cabbage,Tuticorin,187.4
2024-06-05,cabbage,Tenkasi,160.6
2024-06-05,potato,Tirunelveli,333.8
2024-06-05,potato,Madurai,319.1
2024-06-05,potato,Nagercoil,309.5
2024-06-05,potato,Tuticorin,273.3
2024-06-05,potato,Tenkasi,280.4
2024-06-05,beans,Tirunelveli,163.1
2024-06-05,beans,Madurai,109.9
2024-06-05,beans,Nagercoil,156.8
2024-06-05,beans,Tuticorin,123.4
2024-06-05,beans,Tenkasi,132.6
2024-06-05,okra,Tirunelveli,191.8
2024-06-05,okra,Madurai,224.9
2024-06-05,okra,Nagercoil,242.3
2024-06-05,okra,Tuticorin,227.0
2024-06-05,okra,Tenkasi,229.2
2024-06-06,tomato,Tirunelveli,403.4
2024-06-06,tomato,Madurai,413.7
2024-06-06,tomato,Nagercoil,409.3
2024-06-06,tomato,Tuticorin,345.7
2024-06-06,tomato,Tenkasi,418.1
2024-06-06,brinjal,Tirunelveli,266.0
2024-06-06,brinjal,Madurai,242.8
2024-06-06,brinjal,Nagercoil,210.5
2024-06-06,brinjal,Tuticorin,254.8
2024-06-06,brinjal,Tenkasi,256.5
2024-06-06,onion,Tirunelveli,341.2
2024-06-06,onion,Madurai,353.7
2024-06-06,onion,Nagercoil,371.4
2024-06-06,onion,Tuticorin,398.0
2024-06-06,onion,Tenkasi,352.9
2024-06-06,carrot,Tirunelveli,206.7
2024-06-06,carrot,Madurai,183.5
2024-06-06,carrot,Nagercoil,190.0
2024-06-06,carrot,Tuticorin,197.3
2024-06-06,carrot,Tenkasi,223.6
2024-06-06,cabbage,Tirunelveli,196.4
2024-06-06,cabbage,Madurai,218.6
2024-06-06,cabbage,Nagercoil,150.2
2024-06-06,cabbage,Tuticorin,153.5
2024-06-06,cabbage,Tenkasi,202.0
2024-06-06,potato,Tirunelveli,329.0
2024-06-06,potato,Madurai,300.7
2024-06-06,potato,Nagercoil,210.7
2024-06-06,potato,Tuticorin,285.1
2024-06-06,potato,Tenkasi,306.7
2024-06-06,beans,Tirunelveli,132.0
2024-06-06,beans,Madurai,153.7
2024-06-06,beans,Nagercoil,188.0
2024-06-06,beans,Tuticorin,178.5
2024-06-06,beans,Tenkasi,166.2
2024-06-06,okra,Tirunelveli,218.7
2024-06-06,okra,Madurai,210.1
2024-06-06,okra,Nagercoil,235.2
2024-06-06,okra,Tuticorin,220.5
2024-06-06,okra,Tenkasi,221.2
2024-06-07,tomato,Tirunelveli,369.0
2024-06-07,tomato,Madurai,385.7
2024-06-07,tomato,Nagercoil,415.0
2024-06-07,tomato,Tuticorin,378.0
2024-06-07,tomato,Tenkasi,405.3
2024-06-07,brinjal,Tirunelveli,258.3
2024-06-07,brinjal,Madurai,259.4
2024-06-07,brinjal,Nagercoil,261.2
2024-06-07,brinjal,Tuticorin,262.6
2024-06-07,brinjal,Tenkasi,237.5
2024-06-07,onion,Tirunelveli,320.6
2024-06-07,onion,Madurai,332.5
2024-06-07,onion,Nagercoil,364.6
2024-06-07,onion,Tuticorin,326.0
2024-06-07,onion,Tenkasi,329.2
2024-06-07,carrot,Tirunelveli,179.1
2024-06-07,carrot,Madurai,163.1
2024-06-07,carrot,Nagercoil,177.1
2024-06-07,carrot,Tuticorin,220.0
2024-06-07,carrot,Tenkasi,185.7
2024-06-07,cabbage,Tirunelveli,145.0
2024-06-07,cabbage,Madurai,169.8
2024-06-07,cabbage,Nagercoil,190.2
2024-06-07,cabbage,Tuticorin,143.4
2024-06-07,cabbage,Tenkasi,199.1
2024-06-07,potato,Tirunelveli,271.2
2024-06-07,potato,Madurai,292.1
2024-06-07,potato,Nagercoil,291.8
2024-06-07,potato,Tuticorin,288.8
2024-06-07,potato,Tenkasi,298.7
2024-06-07,beans,Tirunelveli,165.6
2024-06-07,beans,Madurai,149.2
2024-06-07,beans,Nagercoil,137.9
2024-06-07,beans,Tuticorin,159.1
2024-06-07,beans,Tenkasi,154.1
2024-06-07,okra,Tirunelveli,206.6
2024-06-07,okra,Madurai,220.8
2024-06-07,okra,Nagercoil,205.0
2024-06-07,okra,Tuticorin,202.7
2024-06-07,okra,Tenkasi,236.1
2024-06-08,tomato,Tirunelveli,468.9
2024-06-08,tomato,Madurai,475.4
2024-06-08,tomato,Nagercoil,472.7
2024-06-08,tomato,Tuticorin,442.3
2024-06-08,tomato,Tenkasi,480.0
2024-06-08,brinjal,Tirunelveli,281.5
2024-06-08,brinjal,Madurai,306.1
2024-06-08,brinjal,Nagercoil,285.0
2024-06-08,brinjal,Tuticorin,293.8
2024-06-08,brinjal,Tenkasi,294.4
2024-06-08,onion,Tirunelveli,418.8
2024-06-08,onion,Madurai,369.8
2024-06-08,onion,Nagercoil,371.0
2024-06-08,onion,Tuticorin,415.9
2024-06-08,onion,Tenkasi,409.6
2024-06-08,carrot,Tirunelveli,214.5
2024-06-08,carrot,Madurai,237.3
2024-06-08,carrot,Nagercoil,201.8
2024-06-08,carrot,Tuticorin,295.3
2024-06-08,carrot,Tenkasi,256.2
2024-06-08,cabbage,Tirunelveli,219.4
2024-06-08,cabbage,Madurai,208.5
2024-06-08,cabbage,Nagercoil,194.6
2024-06-08,cabbage,Tuticorin,180.8
2024-06-08,cabbage,Tenkasi,204.7
2024-06-08,potato,Tirunelveli,327.8
2024-06-08,potato,Madurai,329.0
2024-06-08,potato,Nagercoil,316.7
2024-06-08,potato,Tuticorin,350.0
2024-06-08,potato,Tenkasi,337.5
2024-06-08,beans,Tirunelveli,183.2
2024-06-08,beans,Madurai,181.6
2024-06-08,beans,Nagercoil,177.1
2024-06-08,beans,Tuticorin,225.7
2024-06-08,beans,Tenkasi,189.0
2024-06-08,okra,Tirunelveli,227.8
2024-06-08,okra,Madurai,262.2
2024-06-08,okra,Nagercoil,251.9
2024-06-08,okra,Tuticorin,226.2
2024-06-08,okra,Tenkasi,224.6
2024-06-09,tomato,Tirunelveli,469.1
2024-06-09,tomato,Madurai,474.0
2024-06-09,tomato,Nagercoil,439.1
2024-06-09,tomato,Tuticorin,479.4
2024-06-09,tomato,Tenkasi,465.7
2024-06-09,brinjal,Tirunelveli,311.4
2024-06-09,brinjal,Madurai,309.3
2024-06-09,brinjal,Nagercoil,284.3
2024-06-09,brinjal,Tuticorin,320.2
2024-06-09,brinjal,Tenkasi,265.0
2024-06-09,onion,Tirunelveli,450.3
2024-06-09,onion,Madurai,384.9
2024-06-09,onion,Nagercoil,401.5
2024-06-09,onion,Tuticorin,391.2
2024-06-09,onion,Tenkasi,395.0
2024-06-09,carrot,Tirunelveli,288.5
2024-06-09,carrot,Madurai,220.7
2024-06-09,carrot,Nagercoil,247.0
2024-06-09,carrot,Tuticorin,225.3
2024-06-09,carrot,Tenkasi,248.7
2024-06-09,cabbage,Tirunelveli,196.1
2024-06-09,cabbage,Madurai,212.1
2024-06-09,cabbage,Nagercoil,219.6
2024-06-09,cabbage,Tuticorin,192.6
2024-06-09,cabbage,Tenkasi,262.2
2024-06-09,potato,Tirunelveli,358.6
2024-06-09,potato,Madurai,340.5
2024-06-09,potato,Nagercoil,331.1
2024-06-09,potato,Tuticorin,346.8
2024-06-09,potato,Tenkasi,320.7
2024-06-09,beans,Tirunelveli,208.1
2024-06-09,beans,Madurai,181.1
2024-06-09,beans,Nagercoil,170.7
2024-06-09,beans,Tuticorin,193.4
2024-06-09,beans,Tenkasi,158.1
2024-06-09,okra,Tirunelveli,229.9
2024-06-09,okra,Madurai,250.4
2024-06-09,okra,Nagercoil,255.6
2024-06-09,okra,Tuticorin,263.6
2024-06-09,okra,Tenkasi,223.5
2024-06-10,tomato,Tirunelveli,390.9
2024-06-10,tomato,Madurai,338.3
2024-06-10,tomato,Nagercoil,376.4
2024-06-10,tomato,Tuticorin,414.3
2024-06-10,tomato,Tenkasi,419.2
2024-06-10,brinjal,Tirunelveli,227.2
2024-06-10,brinjal,Madurai,243.5
2024-06-10,brinjal,Nagercoil,250.5
2024-06-10,brinjal,Tuticorin,271.6
2024-06-10,brinjal,Tenkasi,280.6
2024-06-10,onion,Tirunelveli,353.1
2024-06-10,onion,Madurai,344.8
2024-06-10,onion,Nagercoil,321.1
2024-06-10,onion,Tuticorin,352.2
2024-06-10,onion,Tenkasi,391.5
2024-06-10,carrot,Tirunelveli,225.8
2024-06-10,carrot,Madurai,203.5
2024-06-10,carrot,Nagercoil,206.1
2024-06-10,carrot,Tuticorin,186.2
2024-06-10,carrot,Tenkasi,192.9
2024-06-10,cabbage,Tirunelveli,183.0
2024-06-10,cabbage,Madurai,183.0
2024-06-10,cabbage,Nagercoil,200.2
2024-06-10,cabbage,Tuticorin,199.2
2024-06-10,cabbage,Tenkasi,190.4
2024-06-10,potato,Tirunelveli,280.0
2024-06-10,potato,Madurai,280.8
2024-06-10,potato,Nagercoil,282.2
2024-06-10,potato,Tuticorin,304.7
2024-06-10,potato,Tenkasi,259.5
2024-06-10,beans,Tirunelveli,149.9
2024-06-10,beans,Madurai,178.2
2024-06-10,beans,Nagercoil,163.3
2024-06-10,beans,Tuticorin,143.0
2024-06-10,beans,Tenkasi,136.0
2024-06-10,okra,Tirunelveli,236.1
2024-06-10,okra,Madurai,226.1
2024-06-10,okra,Nagercoil,215.1
2024-06-10,okra,Tuticorin,208.2
2024-06-10,okra,Tenkasi,221.5
2024-06-11,tomato,Tirunelveli,393.9
2024-06-11,tomato,Madurai,415.7
2024-06-11,tomato,Nagercoil,424.8
2024-06-11,tomato,Tuticorin,372.7
2024-06-11,tomato,Tenkasi,375.5
2024-06-11,brinjal,Tirunelveli,277.0
2024-06-11,brinjal,Madurai,253.3
2024-06-11,brinjal,Nagercoil,227.4
2024-06-11,brinjal,Tuticorin,269.7
2024-06-11,brinjal,Tenkasi,256.8
2024-06-11,onion,Tirunelveli,394.1
2024-06-11,onion,Madurai,345.3
2024-06-11,onion,Nagercoil,372.2
2024-06-11,onion,Tuticorin,321.0
2024-06-11,onion,Tenkasi,377.9
2024-06-11,carrot,Tirunelveli,218.9
2024-06-11,carrot,Madurai,232.1
2024-06-11,carrot,Nagercoil,222.2
2024-06-11,carrot,Tuticorin,198.0
2024-06-11,carrot,Tenkasi,176.6
2024-06-11,cabbage,Tirunelveli,168.0
2024-06-11,cabbage,Madurai,144.8
2024-06-11,cabbage,Nagercoil,161.6
2024-06-11,cabbage,Tuticorin,188.5
2024-06-11,cabbage,Tenkasi,179.0
2024-06-11,potato,Tirunelveli,295.5
2024-06-11,potato,Madurai,284.1
2024-06-11,potato,Nagercoil,264.6
2024-06-11,potato,Tuticorin,303.6
2024-06-11,potato,Tenkasi,307.6
2024-06-11,beans,Tirunelveli,130.2
2024-06-11,beans,Madurai,139.3
2024-06-11,beans,Nagercoil,180.8
2024-06-11,beans,Tuticorin,173.2
2024-06-11,beans,Tenkasi,120.3
2024-06-11,okra,Tirunelveli,218.3
2024-06-11,okra,Madurai,249.1
2024-06-11,okra,Nagercoil,215.7
2024-06-11,okra,Tuticorin,214.6
2024-06-11,okra,Tenkasi,241.9
2024-06-12,tomato,Tirunelveli,419.7
2024-06-12,tomato,Madurai,418.7
2024-06-12,tomato,Nagercoil,394.8
2024-06-12,tomato,Tuticorin,413.3
2024-06-12,tomato,Tenkasi,429.9
2024-06-12,brinjal,Tirunelveli,249.0
2024-06-12,brinjal,Madurai,241.9
2024-06-12,brinjal,Nagercoil,274.6
2024-06-12,brinjal,Tuticorin,290.9
2024-06-12,brinjal,Tenkasi,292.3
2024-06-12,onion,Tirunelveli,342.5
2024-06-12,onion,Madurai,344.5
2024-06-12,onion,Nagercoil,329.4
2024-06-12,onion,Tuticorin,352.4
2024-06-12,onion,Tenkasi,328.5
2024-06-12,carrot,Tirunelveli,189.5
2024-06-12,carrot,Madurai,214.0
2024-06-12,carrot,Nagercoil,207.8
2024-06-12,carrot,Tuticorin,163.8
2024-06-12,carrot,Tenkasi,231.4
2024-06-12,cabbage,Tirunelveli,158.3
2024-06-12,cabbage,Madurai,160.8
2024-06-12,cabbage,Nagercoil,155.2
2024-06-12,cabbage,Tuticorin,166.8
2024-06-12,cabbage,Tenkasi,162.1
2024-06-12,potato,Tirunelveli,282.6
2024-06-12,potato,Madurai,250.7
2024-06-12,potato,Nagercoil,302.6
2024-06-12,potato,Tuticorin,304.6
2024-06-12,potato,Tenkasi,344.9
2024-06-12,beans,Tirunelveli,159.7
2024-06-12,beans,Madurai,140.1
2024-06-12,beans,Nagercoil,126.0
2024-06-12,beans,Tuticorin,148.1
2024-06-12,beans,Tenkasi,159.0
2024-06-12,okra,Tirunelveli,209.9
2024-06-12,okra,Madurai,221.2
2024-06-12,okra,Nagercoil,257.9
2024-06-12,okra,Tuticorin,212.3
2024-06-12,okra,Tenkasi,182.3
2024-06-13,tomato,Tirunelveli,417.5
2024-06-13,tomato,Madurai,406.3
2024-06-13,tomato,Nagercoil,365.8
2024-06-13,tomato,Tuticorin,408.6
2024-06-13,tomato,Tenkasi,380.0
2024-06-13,brinjal,Tirunelveli,258.8
2024-06-13,brinjal,Madurai,288.1
2024-06-13,brinjal,Nagercoil,246.5
2024-06-13,brinjal,Tuticorin,271.7
2024-06-13,brinjal,Tenkasi,225.4
2024-06-13,onion,Tirunelveli,319.6
2024-06-13,onion,Madurai,390.3
2024-06-13,onion,Nagercoil,356.2
2024-06-13,onion,Tuticorin,362.7
2024-06-13,onion,Tenkasi,373.0
2024-06-13,carrot,Tirunelveli,189.4
2024-06-13,carrot,Madurai,216.5
2024-06-13,carrot,Nagercoil,213.5
2024-06-13,carrot,Tuticorin,174.1
2024-06-13,carrot,Tenkasi,230.3
2024-06-13,cabbage,Tirunelveli,206.1
2024-06-13,cabbage,Madurai,154.3
2024-06-13,cabbage,Nagercoil,184.0
2024-06-13,cabbage,Tuticorin,175.4
2024-06-13,cabbage,Tenkasi,208.4
2024-06-13,potato,Tirunelveli,271.8
2024-06-13,potato,Madurai,372.0
2024-06-13,potato,Nagercoil,296.5
2024-06-13,potato,Tuticorin,314.8
2024-06-13,potato,Tenkasi,327.7
2024-06-13,beans,Tirunelveli,146.1
2024-06-13,beans,Madurai,147.7
2024-06-13,beans,Nagercoil,139.9
2024-06-13,beans,Tuticorin,132.3
2024-06-13,beans,Tenkasi,155.4
2024-06-13,okra,Tirunelveli,217.3
2024-06-13,okra,Madurai,209.8
2024-06-13,okra,Nagercoil,211.0
2024-06-13,okra,Tuticorin,231.5
2024-06-13,okra,Tenkasi,204.0
2024-06-14,tomato,Tirunelveli,395.1
2024-06-14,tomato,Madurai,418.0
2024-06-14,tomato,Nagercoil,404.9
2024-06-14,tomato,Tuticorin,379.0
2024-06-14,tomato,Tenkasi,399.5
2024-06-14,brinjal,Tirunelveli,258.7
2024-06-14,brinjal,Madurai,269.8
2024-06-14,brinjal,Nagercoil,234.9
2024-06-14,brinjal,Tuticorin,238.8
2024-06-14,brinjal,Tenkasi,236.1
2024-06-14,onion,Tirunelveli,337.1
2024-06-14,onion,Madurai,358.1
2024-06-14,onion,Nagercoil,361.9
2024-06-14,onion,Tuticorin,371.0
2024-06-14,onion,Tenkasi,348.2
2024-06-14,carrot,Tirunelveli,171.9
2024-06-14,carrot,Madurai,213.4
2024-06-14,carrot,Nagercoil,203.2
2024-06-14,carrot,Tuticorin,201.2
2024-06-14,carrot,Tenkasi,174.3
2024-06-14,cabbage,Tirunelveli,176.1
2024-06-14,cabbage,Madurai,156.1
2024-06-14,cabbage,Nagercoil,189.6
2024-06-14,cabbage,Tuticorin,171.4
2024-06-14,cabbage,Tenkasi,169.6
2024-06-14,potato,Tirunelveli,269.3
2024-06-14,potato,Madurai,320.5
2024-06-14,potato,Nagercoil,294.8
2024-06-14,potato,Tuticorin,301.7
2024-06-14,potato,Tenkasi,285.3
2024-06-14,beans,Tirunelveli,117.0
2024-06-14,beans,Madurai,139.4
2024-06-14,beans,Nagercoil,142.6
2024-06-14,beans,Tuticorin,155.9
2024-06-14,beans,Tenkasi,142.9
2024-06-14,okra,Tirunelveli,205.6
2024-06-14,okra,Madurai,189.9
2024-06-14,okra,Nagercoil,221.0
2024-06-14,okra,Tuticorin,204.1
2024-06-14,okra,Tenkasi,246.4
2024-06-15,tomato,Tirunelveli,463.0
2024-06-15,tomato,Madurai,471.2
2024-06-15,tomato,Nagercoil,455.0
2024-06-15,tomato,Tuticorin,464.0
2024-06-15,tomato,Tenkasi,442.2
2024-06-15,brinjal,Tirunelveli,263.9
2024-06-15,brinjal,Madurai,287.8
2024-06-15,brinjal,Nagercoil,298.9
2024-06-15,brinjal,Tuticorin,248.6
2024-06-15,brinjal,Tenkasi,277.5
2024-06-15,onion,Tirunelveli,439.3
2024-06-15,onion,Madurai,412.1
2024-06-15,onion,Nagercoil,433.3
2024-06-15,onion,Tuticorin,389.8
2024-06-15,onion,Tenkasi,393.3
2024-06-15,carrot,Tirunelveli,249.3
2024-06-15,carrot,Madurai,242.5
2024-06-15,carrot,Nagercoil,228.1
2024-06-15,carrot,Tuticorin,204.7
2024-06-15,carrot,Tenkasi,253.1
2024-06-15,cabbage,Tirunelveli,257.2
2024-06-15,cabbage,Madurai,175.6
2024-06-15,cabbage,Nagercoil,235.1
2024-06-15,cabbage,Tuticorin,197.6
2024-06-15,cabbage,Tenkasi,200.3
2024-06-15,potato,Tirunelveli,350.4
2024-06-15,potato,Madurai,320.9
2024-06-15,potato,Nagercoil,344.3
2024-06-15,potato,Tuticorin,312.8
2024-06-15,potato,Tenkasi,354.5
2024-06-15,beans,Tirunelveli,217.2
2024-06-15,beans,Madurai,159.7
2024-06-15,beans,Nagercoil,169.1
2024-06-15,beans,Tuticorin,170.1
2024-06-15,beans,Tenkasi,192.2
2024-06-15,okra,Tirunelveli,261.1
2024-06-15,okra,Madurai,271.4
2024-06-15,okra,Nagercoil,242.9
2024-06-15,okra,Tuticorin,261.7
2024-06-15,okra,Tenkasi,185.6
2024-06-16,tomato,Tirunelveli,473.3
2024-06-16,tomato,Madurai,435.6
2024-06-16,tomato,Nagercoil,453.4
2024-06-16,tomato,Tuticorin,474.9
2024-06-16,tomato,Tenkasi,429.3
2024-06-16,brinjal,Tirunelveli,309.3
2024-06-16,brinjal,Madurai,285.0
2024-06-16,brinjal,Nagercoil,316.6
2024-06-16,brinjal,Tuticorin,269.4
2024-06-16,brinjal,Tenkasi,251.2
2024-06-16,onion,Tirunelveli,401.9
2024-06-16,onion,Madurai,414.2
2024-06-16,onion,Nagercoil,415.9
2024-06-16,onion,Tuticorin,379.8
2024-06-16,onion,Tenkasi,370.0
2024-06-16,carrot,Tirunelveli,223.8
2024-06-16,carrot,Madurai,240.3
2024-06-16,carrot,Nagercoil,239.3
2024-06-16,carrot,Tuticorin,261.4
2024-06-16,carrot,Tenkasi,222.5
2024-06-16,cabbage,Tirunelveli,170.1
2024-06-16,cabbage,Madurai,230.9
2024-06-16,cabbage,Nagercoil,210.9
2024-06-16,cabbage,Tuticorin,212.6
2024-06-16,cabbage,Tenkasi,222.3
2024-06-16,potato,Tirunelveli,370.3
2024-06-16,potato,Madurai,344.5
2024-06-16,potato,Nagercoil,368.5
2024-06-16,potato,Tuticorin,356.0
2024-06-16,potato,Tenkasi,331.9
2024-06-16,beans,Tirunelveli,167.8
2024-06-16,beans,Madurai,184.8
2024-06-16,beans,Nagercoil,158.3
2024-06-16,beans,Tuticorin,190.2
2024-06-16,beans,Tenkasi,175.7
2024-06-16,okra,Tirunelveli,260.6
2024-06-16,okra,Madurai,281.8
2024-06-16,okra,Nagercoil,260.1
2024-06-16,okra,Tuticorin,254.4
2024-06-16,okra,Tenkasi,251.3
2024-06-17,tomato,Tirunelveli,397.3
2024-06-17,tomato,Madurai,406.2
2024-06-17,tomato,Nagercoil,427.3
2024-06-17,tomato,Tuticorin,387.8
2024-06-17,tomato,Tenkasi,386.3
2024-06-17,brinjal,Tirunelveli,275.7
2024-06-17,brinjal,Madurai,238.7
2024-06-17,brinjal,Nagercoil,254.3
2024-06-17,brinjal,Tuticorin,238.2
2024-06-17,brinjal,Tenkasi,216.4
2024-06-17,onion,Tirunelveli,354.0
2024-06-17,onion,Madurai,372.3
2024-06-17,onion,Nagercoil,348.8
2024-06-17,onion,Tuticorin,320.4
2024-06-17,onion,Tenkasi,352.2
2024-06-17,carrot,Tirunelveli,184.9
2024-06-17,carrot,Madurai,147.6
2024-06-17,carrot,Nagercoil,198.4
2024-06-17,carrot,Tuticorin,210.4
2024-06-17,carrot,Tenkasi,223.6
2024-06-17,cabbage,Tirunelveli,215.1
2024-06-17,cabbage,Madurai,193.0
2024-06-17,cabbage,Nagercoil,198.7
2024-06-17,cabbage,Tuticorin,154.3
2024-06-17,cabbage,Tenkasi,212.4
2024-06-17,potato,Tirunelveli,325.3
2024-06-17,potato,Madurai,292.7
2024-06-17,potato,Nagercoil,313.6
2024-06-17,potato,Tuticorin,311.6
2024-06-17,potato,Tenkasi,329.4
2024-06-17,beans,Tirunelveli,147.0
2024-06-17,beans,Madurai,135.1
2024-06-17,beans,Nagercoil,140.2
2024-06-17,beans,Tuticorin,167.9
2024-06-17,beans,Tenkasi,111.6
2024-06-17,okra,Tirunelveli,160.1
2024-06-17,okra,Madurai,237.9
2024-06-17,okra,Nagercoil,225.5
2024-06-17,okra,Tuticorin,220.4
2024-06-17,okra,Tenkasi,193.9
2024-06-18,tomato,Tirunelveli,365.8
2024-06-18,tomato,Madurai,387.3
2024-06-18,tomato,Nagercoil,407.2
2024-06-18,tomato,Tuticorin,388.3
2024-06-18,tomato,Tenkasi,418.0
2024-06-18,brinjal,Tirunelveli,230.9
2024-06-18,brinjal,Madurai,239.6
2024-06-18,brinjal,Nagercoil,264.1
2024-06-18,brinjal,Tuticorin,242.5
2024-06-18,brinjal,Tenkasi,243.5
2024-06-18,onion,Tirunelveli,337.1
2024-06-18,onion,Madurai,333.4
2024-06-18,onion,Nagercoil,357.1
2024-06-18,onion,Tuticorin,359.7
2024-06-18,onion,Tenkasi,354.5
2024-06-18,carrot,Tirunelveli,187.7
2024-06-18,carrot,Madurai,196.0
2024-06-18,carrot,Nagercoil,231.9
2024-06-18,carrot,Tuticorin,171.6
2024-06-18,carrot,Tenkasi,237.7
2024-06-18,cabbage,Tirunelveli,182.0
2024-06-18,cabbage,Madurai,176.4
2024-06-18,cabbage,Nagercoil,199.1
2024-06-18,cabbage,Tuticorin,138.7
2024-06-18,cabbage,Tenkasi,207.6
2024-06-18,potato,Tirunelveli,337.2
2024-06-18,potato,Madurai,321.8
2024-06-18,potato,Nagercoil,258.0
2024-06-18,potato,Tuticorin,315.3
2024-06-18,potato,Tenkasi,332.9
2024-06-18,beans,Tirunelveli,180.9
2024-06-18,beans,Madurai,121.8
2024-06-18,beans,Nagercoil,170.3
2024-06-18,beans,Tuticorin,185.9
2024-06-18,beans,Tenkasi,150.6
2024-06-18,okra,Tirunelveli,190.9
2024-06-18,okra,Madurai,236.6
2024-06-18,okra,Nagercoil,241.1
2024-06-18,okra,Tuticorin,217.2
2024-06-18,okra,Tenkasi,196.2
2024-06-19,tomato,Tirunelveli,419.6
2024-06-19,tomato,Madurai,384.6
2024-06-19,tomato,Nagercoil,407.9
2024-06-19,tomato,Tuticorin,431.2
2024-06-19,tomato,Tenkasi,366.8
2024-06-19,brinjal,Tirunelveli,268.2
2024-06-19,brinjal,Madurai,245.9
2024-06-19,brinjal,Nagercoil,246.4
2024-06-19,brinjal,Tuticorin,260.3
2024-06-19,brinjal,Tenkasi,234.6
2024-06-19,onion,Tirunelveli,326.5
2024-06-19,onion,Madurai,314.3
2024-06-19,onion,Nagercoil,374.6
2024-06-19,onion,Tuticorin,342.6
2024-06-19,onion,Tenkasi,361.4
2024-06-19,carrot,Tirunelveli,190.3
2024-06-19,carrot,Madurai,176.8
2024-06-19,carrot,Nagercoil,213.0
2024-06-19,carrot,Tuticorin,206.6
2024-06-19,carrot,Tenkasi,195.3
2024-06-19,cabbage,Tirunelveli,186.0
2024-06-19,cabbage,Madurai,160.8
2024-06-19,cabbage,Nagercoil,201.2
2024-06-19,cabbage,Tuticorin,205.8
2024-06-19,cabbage,Tenkasi,195.2
2024-06-19,potato,Tirunelveli,292.6
2024-06-19,potato,Madurai,301.2
2024-06-19,potato,Nagercoil,331.4
2024-06-19,potato,Tuticorin,325.6
2024-06-19,potato,Tenkasi,339.9
2024-06-19,beans,Tirunelveli,134.4
2024-06-19,beans,Madurai,132.6
2024-06-19,beans,Nagercoil,152.7
2024-06-19,beans,Tuticorin,158.1
2024-06-19,beans,Tenkasi,147.2
2024-06-19,okra,Tirunelveli,212.2
2024-06-19,okra,Madurai,245.3
2024-06-19,okra,Nagercoil,218.2
2024-06-19,okra,Tuticorin,195.7
2024-06-19,okra,Tenkasi,198.0
2024-06-20,tomato,Tirunelveli,404.9
2024-06-20,tomato,Madurai,460.1
2024-06-20,tomato,Nagercoil,380.5
2024-06-20,tomato,Tuticorin,393.7
2024-06-20,tomato,Tenkasi,448.1
2024-06-20,brinjal,Tirunelveli,240.3
2024-06-20,brinjal,Madurai,259.1
2024-06-20,brinjal,Nagercoil,287.5
2024-06-20,brinjal,Tuticorin,231.0
2024-06-20,brinjal,Tenkasi,243.8
2024-06-20,onion,Tirunelveli,340.3
2024-06-20,onion,Madurai,319.6
2024-06-20,onion,Nagercoil,381.4
2024-06-20,onion,Tuticorin,338.3
2024-06-20,onion,Tenkasi,332.5
2024-06-20,carrot,Tirunelveli,191.1
2024-06-20,carrot,Madurai,218.6
2024-06-20,carrot,Nagercoil,202.3
2024-06-20,carrot,Tuticorin,184.2
2024-06-20,carrot,Tenkasi,208.2
2024-06-20,cabbage,Tirunelveli,196.3
2024-06-20,cabbage,Madurai,179.5
2024-06-20,cabbage,Nagercoil,175.3
2024-06-20,cabbage,Tuticorin,200.3
2024-06-20,cabbage,Tenkasi,176.4
2024-06-20,potato,Tirunelveli,332.2
2024-06-20,potato,Madurai,284.8
2024-06-20,potato,Nagercoil,284.4
2024-06-20,potato,Tuticorin,281.9
2024-06-20,potato,Tenkasi,295.2
2024-06-20,beans,Tirunelveli,150.1
2024-06-20,beans,Madurai,123.5
2024-06-20,beans,Nagercoil,151.9
2024-06-20,beans,Tuticorin,161.3
2024-06-20,beans,Tenkasi,120.7
2024-06-20,okra,Tirunelveli,209.6
2024-06-20,okra,Madurai,231.3
2024-06-20,okra,Nagercoil,198.2
2024-06-20,okra,Tuticorin,213.7
2024-06-20,okra,Tenkasi,241.8
2024-06-21,tomato,Tirunelveli,435.9
2024-06-21,tomato,Madurai,408.8
2024-06-21,tomato,Nagercoil,396.6
2024-06-21,tomato,Tuticorin,390.0
2024-06-21,tomato,Tenkasi,418.2
2024-06-21,brinjal,Tirunelveli,272.7
2024-06-21,brinjal,Madurai,226.9
2024-06-21,brinjal,Nagercoil,268.2
2024-06-21,brinjal,Tuticorin,237.9
2024-06-21,brinjal,Tenkasi,232.8
2024-06-21,onion,Tirunelveli,346.9
2024-06-21,onion,Madurai,369.8
2024-06-21,onion,Nagercoil,356.2
2024-06-21,onion,Tuticorin,355.6
2024-06-21,onion,Tenkasi,357.0
2024-06-21,carrot,Tirunelveli,209.4
2024-06-21,carrot,Madurai,197.7
2024-06-21,carrot,Nagercoil,212.6
2024-06-21,carrot,Tuticorin,186.8
2024-06-21,carrot,Tenkasi,213.0
2024-06-21,cabbage,Tirunelveli,197.1
2024-06-21,cabbage,Madurai,194.0
2024-06-21,cabbage,Nagercoil,195.0
2024-06-21,cabbage,Tuticorin,189.3
2024-06-21,cabbage,Tenkasi,203.5
2024-06-21,potato,Tirunelveli,254.6
2024-06-21,potato,Madurai,317.1
2024-06-21,potato,Nagercoil,339.5
2024-06-21,potato,Tuticorin,287.6
2024-06-21,potato,Tenkasi,285.3
2024-06-21,beans,Tirunelveli,175.7
2024-06-21,beans,Madurai,131.5
2024-06-21,beans,Nagercoil,136.7
2024-06-21,beans,Tuticorin,153.4
2024-06-21,beans,Tenkasi,134.0
2024-06-21,okra,Tirunelveli,237.5
2024-06-21,okra,Madurai,204.2
2024-06-21,okra,Nagercoil,227.2
2024-06-21,okra,Tuticorin,225.7
2024-06-21,okra,Tenkasi,253.3
2024-06-22,tomato,Tirunelveli,483.3
2024-06-22,tomato,Madurai,449.4
2024-06-22,tomato,Nagercoil,434.7
2024-06-22,tomato,Tuticorin,476.8
2024-06-22,tomato,Tenkasi,446.9
2024-06-22,brinjal,Tirunelveli,280.8
2024-06-22,brinjal,Madurai,266.3
2024-06-22,brinjal,Nagercoil,301.1
2024-06-22,brinjal,Tuticorin,274.6
2024-06-22,brinjal,Tenkasi,286.8
2024-06-22,onion,Tirunelveli,402.1
2024-06-22,onion,Madurai,406.2
2024-06-22,onion,Nagercoil,415.7
2024-06-22,onion,Tuticorin,397.6
2024-06-22,onion,Tenkasi,387.7
2024-06-22,carrot,Tirunelveli,192.8
2024-06-22,carrot,Madurai,232.1
2024-06-22,carrot,Nagercoil,226.9
2024-06-22,carrot,Tuticorin,215.8
2024-06-22,carrot,Tenkasi,231.3
2024-06-22,cabbage,Tirunelveli,224.1
2024-06-22,cabbage,Madurai,229.2
2024-06-22,cabbage,Nagercoil,176.3
2024-06-22,cabbage,Tuticorin,199.8
2024-06-22,cabbage,Tenkasi,226.2
2024-06-22,potato,Tirunelveli,376.9
2024-06-22,potato,Madurai,328.7
2024-06-22,potato,Nagercoil,372.6
2024-06-22,potato,Tuticorin,318.0
2024-06-22,potato,Tenkasi,368.0
2024-06-22,beans,Tirunelveli,166.9
2024-06-22,beans,Madurai,203.8
2024-06-22,beans,Nagercoil,163.2
2024-06-22,beans,Tuticorin,166.3
2024-06-22,beans,Tenkasi,169.8
2024-06-22,okra,Tirunelveli,222.3
2024-06-22,okra,Madurai,217.8
2024-06-22,okra,Nagercoil,263.2
2024-06-22,okra,Tuticorin,272.8
2024-06-22,okra,Tenkasi,265.2
2024-06-23,tomato,Tirunelveli,434.9
2024-06-23,tomato,Madurai,469.6
2024-06-23,tomato,Nagercoil,440.2
2024-06-23,tomato,Tuticorin,468.2
2024-06-23,tomato,Tenkasi,482.6
2024-06-23,brinjal,Tirunelveli,294.8
2024-06-23,brinjal,Madurai,316.9
2024-06-23,brinjal,Nagercoil,284.5
2024-06-23,brinjal,Tuticorin,283.2
2024-06-23,brinjal,Tenkasi,288.8
2024-06-23,onion,Tirunelveli,375.6
2024-06-23,onion,Madurai,394.4
2024-06-23,onion,Nagercoil,396.2
2024-06-23,onion,Tuticorin,396.8
2024-06-23,onion,Tenkasi,407.9
2024-06-23,carrot,Tirunelveli,200.4
2024-06-23,carrot,Madurai,207.1
2024-06-23,carrot,Nagercoil,252.6
2024-06-23,carrot,Tuticorin,189.9
2024-06-23,carrot,Tenkasi,242.3
2024-06-23,cabbage,Tirunelveli,199.5
2024-06-23,cabbage,Madurai,210.2
2024-06-23,cabbage,Nagercoil,238.2
2024-06-23,cabbage,Tuticorin,204.4
2024-06-23,cabbage,Tenkasi,219.5
2024-06-23,potato,Tirunelveli,346.2
2024-06-23,potato,Madurai,342.8
2024-06-23,potato,Nagercoil,340.3
2024-06-23,potato,Tuticorin,359.0
2024-06-23,potato,Tenkasi,330.4
2024-06-23,beans,Tirunelveli,149.9
2024-06-23,beans,Madurai,174.0
2024-06-23,beans,Nagercoil,176.4
2024-06-23,beans,Tuticorin,136.0
2024-06-23,beans,Tenkasi,172.3
2024-06-23,okra,Tirunelveli,228.5
2024-06-23,okra,Madurai,265.5
2024-06-23,okra,Nagercoil,216.9
2024-06-23,okra,Tuticorin,291.5
2024-06-23,okra,Tenkasi,246.2
2024-06-24,tomato,Tirunelveli,382.7
2024-06-24,tomato,Madurai,394.3
2024-06-24,tomato,Nagercoil,411.1
2024-06-24,tomato,Tuticorin,417.8
2024-06-24,tomato,Tenkasi,394.5
2024-06-24,brinjal,Tirunelveli,221.2
2024-06-24,brinjal,Madurai,225.8
2024-06-24,brinjal,Nagercoil,255.7
2024-06-24,brinjal,Tuticorin,269.7
2024-06-24,brinjal,Tenkasi,272.3
2024-06-24,onion,Tirunelveli,353.4
2024-06-24,onion,Madurai,369.3
2024-06-24,onion,Nagercoil,388.2
2024-06-24,onion,Tuticorin,373.8
2024-06-24,onion,Tenkasi,368.4
2024-06-24,carrot,Tirunelveli,183.9
2024-06-24,carrot,Madurai,219.3
2024-06-24,carrot,Nagercoil,209.2
2024-06-24,carrot,Tuticorin,213.0
2024-06-24,carrot,Tenkasi,225.2
2024-06-24,cabbage,Tirunelveli,187.2
2024-06-24,cabbage,Madurai,177.9
2024-06-24,cabbage,Nagercoil,158.6
2024-06-24,cabbage,Tuticorin,174.1
2024-06-24,cabbage,Tenkasi,184.3
2024-06-24,potato,Tirunelveli,305.6
2024-06-24,potato,Madurai,304.9
2024-06-24,potato,Nagercoil,319.2
2024-06-24,potato,Tuticorin,317.3
2024-06-24,potato,Tenkasi,298.8
2024-06-24,beans,Tirunelveli,133.1
2024-06-24,beans,Madurai,157.7
2024-06-24,beans,Nagercoil,194.9
2024-06-24,beans,Tuticorin,156.4
2024-06-24,beans,Tenkasi,144.1
2024-06-24,okra,Tirunelveli,230.7
2024-06-24,okra,Madurai,231.9
2024-06-24,okra,Nagercoil,231.7
2024-06-24,okra,Tuticorin,247.5
2024-06-24,okra,Tenkasi,227.7
2024-06-25,tomato,Tirunelveli,426.5
2024-06-25,tomato,Madurai,404.6
2024-06-25,tomato,Nagercoil,430.2
2024-06-25,tomato,Tuticorin,424.1
2024-06-25,tomato,Tenkasi,418.4
2024-06-25,brinjal,Tirunelveli,265.8
2024-06-25,brinjal,Madurai,296.0
2024-06-25,brinjal,Nagercoil,271.5
2024-06-25,brinjal,Tuticorin,233.0
2024-06-25,brinjal,Tenkasi,254.9
2024-06-25,onion,Tirunelveli,344.7
2024-06-25,onion,Madurai,391.3
2024-06-25,onion,Nagercoil,375.0
2024-06-25,onion,Tuticorin,390.6
2024-06-25,onion,Tenkasi,334.8
2024-06-25,carrot,Tirunelveli,222.0
2024-06-25,carrot,Madurai,172.7
2024-06-25,carrot,Nagercoil,168.2
2024-06-25,carrot,Tuticorin,192.1
2024-06-25,carrot,Tenkasi,230.2
2024-06-25,cabbage,Tirunelveli,160.1
2024-06-25,cabbage,Madurai,179.7
2024-06-25,cabbage,Nagercoil,203.8
2024-06-25,cabbage,Tuticorin,196.9
2024-06-25,cabbage,Tenkasi,224.3
2024-06-25,potato,Tirunelveli,300.1
2024-06-25,potato,Madurai,291.2
2024-06-25,potato,Nagercoil,278.1
2024-06-25,potato,Tuticorin,292.6
2024-06-25,potato,Tenkasi,277.9
2024-06-25,beans,Tirunelveli,114.1
2024-06-25,beans,Madurai,189.3
2024-06-25,beans,Nagercoil,151.0
2024-06-25,beans,Tuticorin,201.8
2024-06-25,beans,Tenkasi,133.2
2024-06-25,okra,Tirunelveli,211.4
2024-06-25,okra,Madurai,204.5
2024-06-25,okra,Nagercoil,207.2
2024-06-25,okra,Tuticorin,237.5
2024-06-25,okra,Tenkasi,231.3
2024-06-26,tomato,Tirunelveli,417.5
2024-06-26,tomato,Madurai,426.8
2024-06-26,tomato,Nagercoil,422.1
2024-06-26,tomato,Tuticorin,379.8
2024-06-26,tomato,Tenkasi,389.5
2024-06-26,brinjal,Tirunelveli,252.4
2024-06-26,brinjal,Madurai,324.6
2024-06-26,brinjal,Nagercoil,265.4
2024-06-26,brinjal,Tuticorin,252.1
2024-06-26,brinjal,Tenkasi,263.5
2024-06-26,onion,Tirunelveli,337.9
2024-06-26,onion,Madurai,355.2
2024-06-26,onion,Nagercoil,369.1
2024-06-26,onion,Tuticorin,349.4
2024-06-26,onion,Tenkasi,334.9
2024-06-26,carrot,Tirunelveli,198.4
2024-06-26,carrot,Madurai,193.6
2024-06-26,carrot,Nagercoil,172.9
2024-06-26,carrot,Tuticorin,188.6
2024-06-26,carrot,Tenkasi,172.1
2024-06-26,cabbage,Tirunelveli,155.3
2024-06-26,cabbage,Madurai,157.2
2024-06-26,cabbage,Nagercoil,199.1
2024-06-26,cabbage,Tuticorin,209.8
2024-06-26,cabbage,Tenkasi,149.3
2024-06-26,potato,Tirunelveli,331.6
2024-06-26,potato,Madurai,277.5
2024-06-26,potato,Nagercoil,314.9
2024-06-26,potato,Tuticorin,305.2
2024-06-26,potato,Tenkasi,312.7
2024-06-26,beans,Tirunelveli,126.7
2024-06-26,beans,Madurai,113.8
2024-06-26,beans,Nagercoil,133.9
2024-06-26,beans,Tuticorin,158.5
2024-06-26,beans,Tenkasi,189.1
2024-06-26,okra,Tirunelveli,199.4
2024-06-26,okra,Madurai,218.0
2024-06-26,okra,Nagercoil,205.0
2024-06-26,okra,Tuticorin,219.7
2024-06-26,okra,Tenkasi,181.4
2024-06-27,tomato,Tirunelveli,430.0
2024-06-27,tomato,Madurai,400.5
2024-06-27,tomato,Nagercoil,418.3
2024-06-27,tomato,Tuticorin,395.4
2024-06-27,tomato,Tenkasi,403.8
2024-06-27,brinjal,Tirunelveli,272.6
2024-06-27,brinjal,Madurai,252.6
2024-06-27,brinjal,Nagercoil,253.4
2024-06-27,brinjal,Tuticorin,234.1
2024-06-27,brinjal,Tenkasi,239.3
2024-06-27,onion,Tirunelveli,329.7
2024-06-27,onion,Madurai,335.2
2024-06-27,onion,Nagercoil,375.0
2024-06-27,onion,Tuticorin,386.2
2024-06-27,onion,Tenkasi,325.1
2024-06-27,carrot,Tirunelveli,207.9
2024-06-27,carrot,Madurai,193.6
2024-06-27,carrot,Nagercoil,227.9
2024-06-27,carrot,Tuticorin,202.7
2024-06-27,carrot,Tenkasi,199.9
2024-06-27,cabbage,Tirunelveli,165.1
2024-06-27,cabbage,Madurai,149.4
2024-06-27,cabbage,Nagercoil,195.2
2024-06-27,cabbage,Tuticorin,187.1
2024-06-27,cabbage,Tenkasi,187.5
2024-06-27,potato,Tirunelveli,288.0
2024-06-27,potato,Madurai,297.1
2024-06-27,potato,Nagercoil,315.8
2024-06-27,potato,Tuticorin,319.6
2024-06-27,potato,Tenkasi,276.4
2024-06-27,beans,Tirunelveli,137.3
2024-06-27,beans,Madurai,122.2
2024-06-27,beans,Nagercoil,154.0
2024-06-27,beans,Tuticorin,167.7
2024-06-27,beans,Tenkasi,144.4
2024-06-27,okra,Tirunelveli,206.7
2024-06-27,okra,Madurai,213.3
2024-06-27,okra,Nagercoil,266.1
2024-06-27,okra,Tuticorin,243.8
2024-06-27,okra,Tenkasi,234.6
2024-06-28,tomato,Tirunelveli,406.4
2024-06-28,tomato,Madurai,399.7
2024-06-28,tomato,Nagercoil,381.9
2024-06-28,tomato,Tuticorin,378.8
2024-06-28,tomato,Tenkasi,388.6
2024-06-28,brinjal,Tirunelveli,230.9
2024-06-28,brinjal,Madurai,237.8
2024-06-28,brinjal,Nagercoil,248.0
2024-06-28,brinjal,Tuticorin,249.5
2024-06-28,brinjal,Tenkasi,237.6
2024-06-28,onion,Tirunelveli,359.9
2024-06-28,onion,Madurai,346.2
2024-06-28,onion,Nagercoil,354.3
2024-06-28,onion,Tuticorin,335.1
2024-06-28,onion,Tenkasi,363.9
2024-06-28,carrot,Tirunelveli,189.3
2024-06-28,carrot,Madurai,232.2
2024-06-28,carrot,Nagercoil,195.5
2024-06-28,carrot,Tuticorin,198.1
2024-06-28,carrot,Tenkasi,211.9
2024-06-28,cabbage,Tirunelveli,196.2
2024-06-28,cabbage,Madurai,198.4
2024-06-28,cabbage,Nagercoil,215.5
2024-06-28,cabbage,Tuticorin,193.2
2024-06-28,cabbage,Tenkasi,178.7
2024-06-28,potato,Tirunelveli,289.4
2024-06-28,potato,Madurai,297.3
2024-06-28,potato,Nagercoil,329.7
2024-06-28,potato,Tuticorin,272.3
2024-06-28,potato,Tenkasi,283.6
2024-06-28,beans,Tirunelveli,145.6
2024-06-28,beans,Madurai,133.4
2024-06-28,beans,Nagercoil,141.8
2024-06-28,beans,Tuticorin,186.1
2024-06-28,beans,Tenkasi,144.0
2024-06-28,okra,Tirunelveli,228.2
2024-06-28,okra,Madurai,186.8
2024-06-28,okra,Nagercoil,198.0
2024-06-28,okra,Tuticorin,238.7
2024-06-28,okra,Tenkasi,253.4
2024-06-29,tomato,Tirunelveli,464.4
2024-06-29,tomato,Madurai,453.9
2024-06-29,tomato,Nagercoil,469.9
2024-06-29,tomato,Tuticorin,408.1
2024-06-29,tomato,Tenkasi,464.6
2024-06-29,brinjal,Tirunelveli,266.6
2024-06-29,brinjal,Madurai,303.4
2024-06-29,brinjal,Nagercoil,243.7
2024-06-29,brinjal,Tuticorin,274.9
2024-06-29,brinjal,Tenkasi,286.7
2024-06-29,onion,Tirunelveli,387.3
2024-06-29,onion,Madurai,395.0
2024-06-29,onion,Nagercoil,420.6
2024-06-29,onion,Tuticorin,402.0
2024-06-29,onion,Tenkasi,383.9
2024-06-29,carrot,Tirunelveli,248.8
2024-06-29,carrot,Madurai,235.0
2024-06-29,carrot,Nagercoil,235.8
2024-06-29,carrot,Tuticorin,212.1
2024-06-29,carrot,Tenkasi,179.0
2024-06-29,cabbage,Tirunelveli,188.9
2024-06-29,cabbage,Madurai,186.8
2024-06-29,cabbage,Nagercoil,194.7
2024-06-29,cabbage,Tuticorin,190.2
2024-06-29,cabbage,Tenkasi,209.3
2024-06-29,potato,Tirunelveli,362.6
2024-06-29,potato,Madurai,366.5
2024-06-29,potato,Nagercoil,361.7
2024-06-29,potato,Tuticorin,327.0
2024-06-29,potato,Tenkasi,346.2
2024-06-29,beans,Tirunelveli,203.8
2024-06-29,beans,Madurai,140.8
2024-06-29,beans,Nagercoil,199.5
2024-06-29,beans,Tuticorin,152.6
2024-06-29,beans,Tenkasi,178.4
2024-06-29,okra,Tirunelveli,261.3
2024-06-29,okra,Madurai,256.8
2024-06-29,okra,Nagercoil,297.6
2024-06-29,okra,Tuticorin,247.0
2024-06-29,okra,Tenkasi,220.2
2024-06-30,tomato,Tirunelveli,467.1
2024-06-30,tomato,Madurai,456.6
2024-06-30,tomato,Nagercoil,471.1
2024-06-30,tomato,Tuticorin,477.6
2024-06-30,tomato,Tenkasi,459.3
2024-06-30,brinjal,Tirunelveli,296.2
2024-06-30,brinjal,Madurai,290.4
2024-06-30,brinjal,Nagercoil,323.3
2024-06-30,brinjal,Tuticorin,280.1
2024-06-30,brinjal,Tenkasi,273.8
2024-06-30,onion,Tirunelveli,420.1
2024-06-30,onion,Madurai,383.9
2024-06-30,onion,Nagercoil,410.3
2024-06-30,onion,Tuticorin,399.1
2024-06-30,onion,Tenkasi,400.5
2024-06-30,carrot,Tirunelveli,278.7
2024-06-30,carrot,Madurai,254.7
2024-06-30,carrot,Nagercoil,250.4
2024-06-30,carrot,Tuticorin,240.6
2024-06-30,carrot,Tenkasi,216.2
2024-06-30,cabbage,Tirunelveli,212.2
2024-06-30,cabbage,Madurai,218.7
2024-06-30,cabbage,Nagercoil,211.0
2024-06-30,cabbage,Tuticorin,208.9
2024-06-30,cabbage,Tenkasi,199.1
2024-06-30,potato,Tirunelveli,350.5
2024-06-30,potato,Madurai,334.5
2024-06-30,potato,Nagercoil,359.1
2024-06-30,potato,Tuticorin,304.7
2024-06-30,potato,Tenkasi,372.2
2024-06-30,beans,Tirunelveli,146.3
2024-06-30,beans,Madurai,151.2
2024-06-30,beans,Nagercoil,180.7
2024-06-30,beans,Tuticorin,183.3
2024-06-30,beans,Tenkasi,214.1
2024-06-30,okra,Tirunelveli,258.9
2024-06-30,okra,Madurai,252.2
2024-06-30,okra,Nagercoil,256.8
2024-06-30,okra,Tuticorin,284.8
2024-06-30,okra,Tenkasi,301.5
2024-07-01,tomato,Tirunelveli,356.3
2024-07-01,tomato,Madurai,370.9
2024-07-01,tomato,Nagercoil,358.5
2024-07-01,tomato,Tuticorin,358.1
2024-07-01,tomato,Tenkasi,397.6
2024-07-01,brinjal,Tirunelveli,206.5
2024-07-01,brinjal,Madurai,178.3
2024-07-01,brinjal,Nagercoil,231.3
2024-07-01,brinjal,Tuticorin,249.0
2024-07-01,brinjal,Tenkasi,229.4
2024-07-01,onion,Tirunelveli,325.0
2024-07-01,onion,Madurai,330.0
2024-07-01,onion,Nagercoil,317.2
2024-07-01,onion,Tuticorin,326.1
2024-07-01,onion,Tenkasi,325.8
2024-07-01,carrot,Tirunelveli,140.8
2024-07-01,carrot,Madurai,182.3
2024-07-01,carrot,Nagercoil,148.5
2024-07-01,carrot,Tuticorin,179.2
2024-07-01,carrot,Tenkasi,170.1
2024-07-01,cabbage,Tirunelveli,182.7
2024-07-01,cabbage,Madurai,166.9
2024-07-01,cabbage,Nagercoil,171.5
2024-07-01,cabbage,Tuticorin,158.2
2024-07-01,cabbage,Tenkasi,183.0
2024-07-01,potato,Tirunelveli,238.1
2024-07-01,potato,Madurai,252.1
2024-07-01,potato,Nagercoil,295.7
2024-07-01,potato,Tuticorin,261.3
2024-07-01,potato,Tenkasi,227.1
2024-07-01,beans,Tirunelveli,164.1
2024-07-01,beans,Madurai,156.5
2024-07-01,beans,Nagercoil,149.2
2024-07-01,beans,Tuticorin,136.9
2024-07-01,beans,Tenkasi,168.2
2024-07-01,okra,Tirunelveli,223.2
2024-07-01,okra,Madurai,229.0
2024-07-01,okra,Nagercoil,211.9
2024-07-01,okra,Tuticorin,200.5
2024-07-01,okra,Tenkasi,190.0
2024-07-02,tomato,Tirunelveli,334.6
2024-07-02,tomato,Madurai,370.0
2024-07-02,tomato,Nagercoil,371.7
2024-07-02,tomato,Tuticorin,353.0
2024-07-02,tomato,Tenkasi,372.3
2024-07-02,brinjal,Tirunelveli,218.4
2024-07-02,brinjal,Madurai,242.3
2024-07-02,brinjal,Nagercoil,207.4
2024-07-02,brinjal,Tuticorin,203.9
2024-07-02,brinjal,Tenkasi,220.2
2024-07-02,onion,Tirunelveli,331.6
2024-07-02,onion,Madurai,291.8
2024-07-02,onion,Nagercoil,336.0
2024-07-02,onion,Tuticorin,282.1
2024-07-02,onion,Tenkasi,310.1
2024-07-02,carrot,Tirunelveli,151.7
2024-07-02,carrot,Madurai,127.8
2024-07-02,carrot,Nagercoil,187.3
2024-07-02,carrot,Tuticorin,176.4
2024-07-02,carrot,Tenkasi,152.1
2024-07-02,cabbage,Tirunelveli,151.7
2024-07-02,cabbage,Madurai,170.8
2024-07-02,cabbage,Nagercoil,154.6
2024-07-02,cabbage,Tuticorin,158.0
2024-07-02,cabbage,Tenkasi,154.0
2024-07-02,potato,Tirunelveli,258.4
2024-07-02,potato,Madurai,258.1
2024-07-02,potato,Nagercoil,257.5
2024-07-02,potato,Tuticorin,254.9
2024-07-02,potato,Tenkasi,249.7
2024-07-02,beans,Tirunelveli,127.4
2024-07-02,beans,Madurai,122.2
2024-07-02,beans,Nagercoil,113.6
2024-07-02,beans,Tuticorin,150.3
2024-07-02,beans,Tenkasi,159.7
2024-07-02,okra,Tirunelveli,198.0
2024-07-02,okra,Madurai,199.3
2024-07-02,okra,Nagercoil,184.1
2024-07-02,okra,Tuticorin,219.3
2024-07-02,okra,Tenkasi,232.8
2024-07-03,tomato,Tirunelveli,356.7
2024-07-03,tomato,Madurai,349.6
2024-07-03,tomato,Nagercoil,366.8
2024-07-03,tomato,Tuticorin,362.6
2024-07-03,tomato,Tenkasi,350.0
2024-07-03,brinjal,Tirunelveli,234.4
2024-07-03,brinjal,Madurai,243.8
2024-07-03,brinjal,Nagercoil,209.3
2024-07-03,brinjal,Tuticorin,275.8
2024-07-03,brinjal,Tenkasi,194.3
2024-07-03,onion,Tirunelveli,298.0
2024-07-03,onion,Madurai,319.7
2024-07-03,onion,Nagercoil,359.9
2024-07-03,onion,Tuticorin,303.7
2024-07-03,onion,Tenkasi,293.7
2024-07-03,carrot,Tirunelveli,191.0
2024-07-03,carrot,Madurai,175.0
2024-07-03,carrot,Nagercoil,193.3
2024-07-03,carrot,Tuticorin,178.6
2024-07-03,carrot,Tenkasi,162.9
2024-07-03,cabbage,Tirunelveli,209.0
2024-07-03,cabbage,Madurai,102.9
2024-07-03,cabbage,Nagercoil,198.4
2024-07-03,cabbage,Tuticorin,180.7
2024-07-03,cabbage,Tenkasi,147.1
2024-07-03,potato,Tirunelveli,307.4
2024-07-03,potato,Madurai,242.6
2024-07-03,potato,Nagercoil,290.2
2024-07-03,potato,Tuticorin,228.3
2024-07-03,potato,Tenkasi,247.1
2024-07-03,beans,Tirunelveli,112.0
2024-07-03,beans,Madurai,120.0
2024-07-03,beans,Nagercoil,135.2
2024-07-03,beans,Tuticorin,118.5
2024-07-03,beans,Tenkasi,94.3
2024-07-03,okra,Tirunelveli,207.3
2024-07-03,okra,Madurai,199.0
2024-07-03,okra,Nagercoil,206.2
2024-07-03,okra,Tuticorin,201.4
2024-07-03,okra,Tenkasi,217.1
2024-07-04,tomato,Tirunelveli,358.5
2024-07-04,tomato,Madurai,380.3
2024-07-04,tomato,Nagercoil,344.5
2024-07-04,tomato,Tuticorin,345.6
2024-07-04,tomato,Tenkasi,387.5
2024-07-04,brinjal,Tirunelveli,252.1
2024-07-04,brinjal,Madurai,236.5
2024-07-04,brinjal,Nagercoil,207.2
2024-07-04,brinjal,Tuticorin,205.6
2024-07-04,brinjal,Tenkasi,251.6
2024-07-04,onion,Tirunelveli,340.5
2024-07-04,onion,Madurai,313.7
2024-07-04,onion,Nagercoil,361.8
2024-07-04,onion,Tuticorin,324.2
2024-07-04,onion,Tenkasi,292.9
2024-07-04,carrot,Tirunelveli,174.5
2024-07-04,carrot,Madurai,180.1
2024-07-04,carrot,Nagercoil,181.7
2024-07-04,carrot,Tuticorin,205.0
2024-07-04,carrot,Tenkasi,160.9
2024-07-04,cabbage,Tirunelveli,135.4
2024-07-04,cabbage,Madurai,174.0
2024-07-04,cabbage,Nagercoil,151.9
2024-07-04,cabbage,Tuticorin,210.5
2024-07-04,cabbage,Tenkasi,180.9
2024-07-04,potato,Tirunelveli,259.5
2024-07-04,potato,Madurai,294.3
2024-07-04,potato,Nagercoil,284.6
2024-07-04,potato,Tuticorin,282.7
2024-07-04,potato,Tenkasi,267.6
2024-07-04,beans,Tirunelveli,143.4
2024-07-04,beans,Madurai,92.9
2024-07-04,beans,Nagercoil,161.3
2024-07-04,beans,Tuticorin,66.3
2024-07-04,beans,Tenkasi,126.2
2024-07-04,okra,Tirunelveli,166.1
2024-07-04,okra,Madurai,188.0
2024-07-04,okra,Nagercoil,196.5
2024-07-04,okra,Tuticorin,174.1
2024-07-04,okra,Tenkasi,142.5
2024-07-05,tomato,Tirunelveli,364.1
2024-07-05,tomato,Madurai,401.7
2024-07-05,tomato,Nagercoil,353.0
2024-07-05,tomato,Tuticorin,379.2
2024-07-05,tomato,Tenkasi,390.1
2024-07-05,brinjal,Tirunelveli,187.0
2024-07-05,brinjal,Madurai,215.9
2024-07-05,brinjal,Nagercoil,199.5
2024-07-05,brinjal,Tuticorin,208.9
2024-07-05,brinjal,Tenkasi,259.0
2024-07-05,onion,Tirunelveli,319.5
2024-07-05,onion,Madurai,330.8
2024-07-05,onion,Nagercoil,314.1
2024-07-05,onion,Tuticorin,290.8
2024-07-05,onion,Tenkasi,328.6
2024-07-05,carrot,Tirunelveli,205.1
2024-07-05,carrot,Madurai,186.3
2024-07-05,carrot,Nagercoil,189.8
2024-07-05,carrot,Tuticorin,155.3
2024-07-05,carrot,Tenkasi,194.1
2024-07-05,cabbage,Tirunelveli,188.9
2024-07-05,cabbage,Madurai,170.1
2024-07-05,cabbage,Nagercoil,126.1
2024-07-05,cabbage,Tuticorin,194.7
2024-07-05,cabbage,Tenkasi,143.1
2024-07-05,potato,Tirunelveli,277.8
2024-07-05,potato,Madurai,289.1
2024-07-05,potato,Nagercoil,291.6
2024-07-05,potato,Tuticorin,234.0
2024-07-05,potato,Tenkasi,272.3
2024-07-05,beans,Tirunelveli,136.0
2024-07-05,beans,Madurai,163.8
2024-07-05,beans,Nagercoil,144.2
2024-07-05,beans,Tuticorin,164.0
2024-07-05,beans,Tenkasi,145.8
2024-07-05,okra,Tirunelveli,196.5
2024-07-05,okra,Madurai,201.9
2024-07-05,okra,Nagercoil,228.5
2024-07-05,okra,Tuticorin,172.1
2024-07-05,okra,Tenkasi,216.1
2024-07-06,tomato,Tirunelveli,401.4
2024-07-06,tomato,Madurai,397.2
2024-07-06,tomato,Nagercoil,434.5
2024-07-06,tomato,Tuticorin,396.3
2024-07-06,tomato,Tenkasi,421.5
2024-07-06,brinjal,Tirunelveli,249.0
2024-07-06,brinjal,Madurai,211.6
2024-07-06,brinjal,Nagercoil,268.3
2024-07-06,brinjal,Tuticorin,261.3
2024-07-06,brinjal,Tenkasi,220.5
2024-07-06,onion,Tirunelveli,348.3
2024-07-06,onion,Madurai,326.1
2024-07-06,onion,Nagercoil,376.9
2024-07-06,onion,Tuticorin,390.0
2024-07-06,onion,Tenkasi,379.2
2024-07-06,carrot,Tirunelveli,226.8
2024-07-06,carrot,Madurai,196.6
2024-07-06,carrot,Nagercoil,217.9
2024-07-06,carrot,Tuticorin,206.8
2024-07-06,carrot,Tenkasi,210.7
2024-07-06,cabbage,Tirunelveli,205.4
2024-07-06,cabbage,Madurai,209.8
2024-07-06,cabbage,Nagercoil,178.5
2024-07-06,cabbage,Tuticorin,158.1
2024-07-06,cabbage,Tenkasi,182.6
2024-07-06,potato,Tirunelveli,306.1
2024-07-06,potato,Madurai,316.2
2024-07-06,potato,Nagercoil,327.2
2024-07-06,potato,Tuticorin,272.2
2024-07-06,potato,Tenkasi,297.1
2024-07-06,beans,Tirunelveli,136.0
2024-07-06,beans,Madurai,180.3
2024-07-06,beans,Nagercoil,151.1
2024-07-06,beans,Tuticorin,145.0
2024-07-06,beans,Tenkasi,166.0
2024-07-06,okra,Tirunelveli,215.8
2024-07-06,okra,Madurai,227.4
2024-07-06,okra,Nagercoil,264.0
2024-07-06,okra,Tuticorin,263.4
2024-07-06,okra,Tenkasi,219.6
2024-07-07,tomato,Tirunelveli,410.4
2024-07-07,tomato,Madurai,401.6
2024-07-07,tomato,Nagercoil,375.5
2024-07-07,tomato,Tuticorin,434.7
2024-07-07,tomato,Tenkasi,462.4
2024-07-07,brinjal,Tirunelveli,249.9
2024-07-07,brinjal,Madurai,242.4
2024-07-07,brinjal,Nagercoil,253.3
2024-07-07,brinjal,Tuticorin,260.5
2024-07-07,brinjal,Tenkasi,236.0
2024-07-07,onion,Tirunelveli,353.1
2024-07-07,onion,Madurai,382.5
2024-07-07,onion,Nagercoil,364.8
2024-07-07,onion,Tuticorin,387.7
2024-07-07,onion,Tenkasi,369.5
2024-07-07,carrot,Tirunelveli,185.2
2024-07-07,carrot,Madurai,195.5
2024-07-07,carrot,Nagercoil,212.0
2024-07-07,carrot,Tuticorin,184.5
2024-07-07,carrot,Tenkasi,182.0
2024-07-07,cabbage,Tirunelveli,162.5
2024-07-07,cabbage,Madurai,196.6
2024-07-07,cabbage,Nagercoil,179.0
2024-07-07,cabbage,Tuticorin,209.9
2024-07-07,cabbage,Tenkasi,168.4
2024-07-07,potato,Tirunelveli,261.4
2024-07-07,potato,Madurai,307.9
2024-07-07,potato,Nagercoil,343.5
2024-07-07,potato,Tuticorin,311.2
2024-07-07,potato,Tenkasi,283.1
2024-07-07,beans,Tirunelveli,122.8
2024-07-07,beans,Madurai,179.2
2024-07-07,beans,Nagercoil,139.1
2024-07-07,beans,Tuticorin,186.1
2024-07-07,beans,Tenkasi,168.3
2024-07-07,okra,Tirunelveli,212.3
2024-07-07,okra,Madurai,251.0
2024-07-07,okra,Nagercoil,209.2
2024-07-07,okra,Tuticorin,198.8
2024-07-07,okra,Tenkasi,210.4
2024-07-08,tomato,Tirunelveli,375.4
2024-07-08,tomato,Madurai,382.8
2024-07-08,tomato,Nagercoil,352.1
2024-07-08,tomato,Tuticorin,322.6
2024-07-08,tomato,Tenkasi,328.9
2024-07-08,brinjal,Tirunelveli,203.6
2024-07-08,brinjal,Madurai,199.1
2024-07-08,brinjal,Nagercoil,230.3
2024-07-08,brinjal,Tuticorin,263.8
2024-07-08,brinjal,Tenkasi,240.9
2024-07-08,onion,Tirunelveli,292.4
2024-07-08,onion,Madurai,301.1
2024-07-08,onion,Nagercoil,305.0
2024-07-08,onion,Tuticorin,322.8
2024-07-08,onion,Tenkasi,346.4
2024-07-08,carrot,Tirunelveli,170.7
2024-07-08,carrot,Madurai,210.8
2024-07-08,carrot,Nagercoil,222.1
2024-07-08,carrot,Tuticorin,173.0
2024-07-08,carrot,Tenkasi,172.5
2024-07-08,cabbage,Tirunelveli,154.8
2024-07-08,cabbage,Madurai,163.2
2024-07-08,cabbage,Nagercoil,154.8
2024-07-08,cabbage,Tuticorin,179.7
2024-07-08,cabbage,Tenkasi,131.0
2024-07-08,potato,Tirunelveli,259.3
2024-07-08,potato,Madurai,276.6
2024-07-08,potato,Nagercoil,287.4
2024-07-08,potato,Tuticorin,313.9
2024-07-08,potato,Tenkasi,244.2
2024-07-08,beans,Tirunelveli,122.0
2024-07-08,beans,Madurai,89.7
2024-07-08,beans,Nagercoil,112.8
2024-07-08,beans,Tuticorin,99.6
2024-07-08,beans,Tenkasi,124.6
2024-07-08,okra,Tirunelveli,193.4
2024-07-08,okra,Madurai,207.4
2024-07-08,okra,Nagercoil,192.0
2024-07-08,okra,Tuticorin,207.4
2024-07-08,okra,Tenkasi,200.3
2024-07-09,tomato,Tirunelveli,339.3
2024-07-09,tomato,Madurai,326.3
2024-07-09,tomato,Nagercoil,371.7
2024-07-09,tomato,Tuticorin,392.9
2024-07-09,tomato,Tenkasi,410.7
2024-07-09,brinjal,Tirunelveli,243.7
2024-07-09,brinjal,Madurai,254.2
2024-07-09,brinjal,Nagercoil,234.2
2024-07-09,brinjal,Tuticorin,231.0
2024-07-09,brinjal,Tenkasi,227.2
2024-07-09,onion,Tirunelveli,312.9
2024-07-09,onion,Madurai,327.1
2024-07-09,onion,Nagercoil,304.6
2024-07-09,onion,Tuticorin,312.1
2024-07-09,onion,Tenkasi,291.4
2024-07-09,carrot,Tirunelveli,189.5
2024-07-09,carrot,Madurai,160.8
2024-07-09,carrot,Nagercoil,180.7
2024-07-09,carrot,Tuticorin,190.0
2024-07-09,carrot,Tenkasi,191.7
2024-07-09,cabbage,Tirunelveli,177.4
2024-07-09,cabbage,Madurai,157.7
2024-07-09,cabbage,Nagercoil,171.7
2024-07-09,cabbage,Tuticorin,152.3
2024-07-09,cabbage,Tenkasi,122.6
2024-07-09,potato,Tirunelveli,280.6
2024-07-09,potato,Madurai,276.0
2024-07-09,potato,Nagercoil,290.3
2024-07-09,potato,Tuticorin,269.5
2024-07-09,potato,Tenkasi,237.9
2024-07-09,beans,Tirunelveli,133.2
2024-07-09,beans,Madurai,152.7
2024-07-09,beans,Nagercoil,144.5
2024-07-09,beans,Tuticorin,132.1
2024-07-09,beans,Tenkasi,101.7
2024-07-09,okra,Tirunelveli,177.5
2024-07-09,okra,Madurai,207.5
2024-07-09,okra,Nagercoil,164.7
2024-07-09,okra,Tuticorin,191.6
2024-07-09,okra,Tenkasi,198.8
2024-07-10,tomato,Tirunelveli,383.0
2024-07-10,tomato,Madurai,372.3
2024-07-10,tomato,Nagercoil,379.3
2024-07-10,tomato,Tuticorin,366.0
2024-07-10,tomato,Tenkasi,343.1
2024-07-10,brinjal,Tirunelveli,212.7
2024-07-10,brinjal,Madurai,206.3
2024-07-10,brinjal,Nagercoil,236.8
2024-07-10,brinjal,Tuticorin,211.1
2024-07-10,brinjal,Tenkasi,217.1
2024-07-10,onion,Tirunelveli,315.4
2024-07-10,onion,Madurai,347.8
2024-07-10,onion,Nagercoil,328.1
2024-07-10,onion,Tuticorin,299.5
2024-07-10,onion,Tenkasi,318.0
2024-07-10,carrot,Tirunelveli,213.0
2024-07-10,carrot,Madurai,192.3
2024-07-10,carrot,Nagercoil,148.0
2024-07-10,carrot,Tuticorin,161.7
2024-07-10,carrot,Tenkasi,160.2
2024-07-10,cabbage,Tirunelveli,190.8
2024-07-10,cabbage,Madurai,187.1
2024-07-10,cabbage,Nagercoil,149.5
2024-07-10,cabbage,Tuticorin,149.1
2024-07-10,cabbage,Tenkasi,162.9
2024-07-10,potato,Tirunelveli,271.5
2024-07-10,potato,Madurai,250.8
2024-07-10,potato,Nagercoil,265.0
2024-07-10,potato,Tuticorin,240.9
2024-07-10,potato,Tenkasi,295.4
2024-07-10,beans,Tirunelveli,99.8
2024-07-10,beans,Madurai,99.6
2024-07-10,beans,Nagercoil,143.7
2024-07-10,beans,Tuticorin,110.3
2024-07-10,beans,Tenkasi,125.0
2024-07-10,okra,Tirunelveli,199.3
2024-07-10,okra,Madurai,211.5
2024-07-10,okra,Nagercoil,193.6
2024-07-10,okra,Tuticorin,233.6
2024-07-10,okra,Tenkasi,198.0
2024-07-11,tomato,Tirunelveli,383.8
2024-07-11,tomato,Madurai,365.6
2024-07-11,tomato,Nagercoil,402.6
2024-07-11,tomato,Tuticorin,381.2
2024-07-11,tomato,Tenkasi,360.9
2024-07-11,brinjal,Tirunelveli,237.6
2024-07-11,brinjal,Madurai,219.8
2024-07-11,brinjal,Nagercoil,219.6
2024-07-11,brinjal,Tuticorin,198.9
2024-07-11,brinjal,Tenkasi,208.8
2024-07-11,onion,Tirunelveli,356.2
2024-07-11,onion,Madurai,290.9
2024-07-11,onion,Nagercoil,301.9
2024-07-11,onion,Tuticorin,313.1
2024-07-11,onion,Tenkasi,313.8
2024-07-11,carrot,Tirunelveli,187.7
2024-07-11,carrot,Madurai,170.6
2024-07-11,carrot,Nagercoil,188.9
2024-07-11,carrot,Tuticorin,202.8
2024-07-11,carrot,Tenkasi,205.3
2024-07-11,cabbage,Tirunelveli,156.6
2024-07-11,cabbage,Madurai,174.2
2024-07-11,cabbage,Nagercoil,139.1
2024-07-11,cabbage,Tuticorin,147.6
2024-07-11,cabbage,Tenkasi,138.5
2024-07-11,potato,Tirunelveli,269.1
2024-07-11,potato,Madurai,252.8
2024-07-11,potato,Nagercoil,239.6
2024-07-11,potato,Tuticorin,262.3
2024-07-11,potato,Tenkasi,235.4
2024-07-11,beans,Tirunelveli,161.5
2024-07-11,beans,Madurai,123.8
2024-07-11,beans,Nagercoil,154.7
2024-07-11,beans,Tuticorin,125.2
2024-07-11,beans,Tenkasi,111.1
2024-07-11,okra,Tirunelveli,221.5
2024-07-11,okra,Madurai,199.8
2024-07-11,okra,Nagercoil,235.7
2024-07-11,okra,Tuticorin,188.7
2024-07-11,okra,Tenkasi,189.1
2024-07-12,tomato,Tirunelveli,380.1
2024-07-12,tomato,Madurai,380.2
2024-07-12,tomato,Nagercoil,363.1
2024-07-12,tomato,Tuticorin,426.7
2024-07-12,tomato,Tenkasi,354.4
2024-07-12,brinjal,Tirunelveli,199.6
2024-07-12,brinjal,Madurai,204.9
2024-07-12,brinjal,Nagercoil,219.5
2024-07-12,brinjal,Tuticorin,255.4
2024-07-12,brinjal,Tenkasi,221.3
2024-07-12,onion,Tirunelveli,346.3
2024-07-12,onion,Madurai,323.7
2024-07-12,onion,Nagercoil,336.7
2024-07-12,onion,Tuticorin,322.7
2024-07-12,onion,Tenkasi,322.6
2024-07-12,carrot,Tirunelveli,195.1
2024-07-12,carrot,Madurai,168.7
2024-07-12,carrot,Nagercoil,168.9
2024-07-12,carrot,Tuticorin,187.0
2024-07-12,carrot,Tenkasi,218.8
2024-07-12,cabbage,Tirunelveli,131.2
2024-07-12,cabbage,Madurai,121.4
2024-07-12,cabbage,Nagercoil,156.7
2024-07-12,cabbage,Tuticorin,182.6
2024-07-12,cabbage,Tenkasi,163.0
2024-07-12,potato,Tirunelveli,246.6
2024-07-12,potato,Madurai,271.6
2024-07-12,potato,Nagercoil,235.3
2024-07-12,potato,Tuticorin,282.6
2024-07-12,potato,Tenkasi,263.8
2024-07-12,beans,Tirunelveli,133.4
2024-07-12,beans,Madurai,143.5
2024-07-12,beans,Nagercoil,139.1
2024-07-12,beans,Tuticorin,124.2
2024-07-12,beans,Tenkasi,155.7
2024-07-12,okra,Tirunelveli,213.9
2024-07-12,okra,Madurai,162.5
2024-07-12,okra,Nagercoil,193.4
2024-07-12,okra,Tuticorin,176.4
2024-07-12,okra,Tenkasi,172.6
2024-07-13,tomato,Tirunelveli,424.7
2024-07-13,tomato,Madurai,405.6
2024-07-13,tomato,Nagercoil,411.1
2024-07-13,tomato,Tuticorin,400.6
2024-07-13,tomato,Tenkasi,421.4
2024-07-13,brinjal,Tirunelveli,272.3
2024-07-13,brinjal,Madurai,302.2
2024-07-13,brinjal,Nagercoil,255.1
2024-07-13,brinjal,Tuticorin,229.8
2024-07-13,brinjal,Tenkasi,248.7
2024-07-13,onion,Tirunelveli,379.2
2024-07-13,onion,Madurai,346.8
2024-07-13,onion,Nagercoil,332.6
2024-07-13,onion,Tuticorin,347.2
2024-07-13,onion,Tenkasi,351.6
2024-07-13,carrot,Tirunelveli,185.3
2024-07-13,carrot,Madurai,211.3
2024-07-13,carrot,Nagercoil,205.4
2024-07-13,carrot,Tuticorin,222.8
2024-07-13,carrot,Tenkasi,198.1
2024-07-13,cabbage,Tirunelveli,197.5
2024-07-13,cabbage,Madurai,176.5
2024-07-13,cabbage,Nagercoil,163.7
2024-07-13,cabbage,Tuticorin,175.4
2024-07-13,cabbage,Tenkasi,153.9
2024-07-13,potato,Tirunelveli,346.3
2024-07-13,potato,Madurai,313.3
2024-07-13,potato,Nagercoil,294.6
2024-07-13,potato,Tuticorin,302.9
2024-07-13,potato,Tenkasi,261.5
2024-07-13,beans,Tirunelveli,183.9
2024-07-13,beans,Madurai,182.0
2024-07-13,beans,Nagercoil,157.4
2024-07-13,beans,Tuticorin,161.6
2024-07-13,beans,Tenkasi,129.9
2024-07-13,okra,Tirunelveli,203.8
2024-07-13,okra,Madurai,193.8
2024-07-13,okra,Nagercoil,224.5
2024-07-13,okra,Tuticorin,248.9
2024-07-13,okra,Tenkasi,220.0
2024-07-14,tomato,Tirunelveli,421.0
2024-07-14,tomato,Madurai,433.6
2024-07-14,tomato,Nagercoil,381.5
2024-07-14,tomato,Tuticorin,450.9
2024-07-14,tomato,Tenkasi,437.1
2024-07-14,brinjal,Tirunelveli,269.0
2024-07-14,brinjal,Madurai,277.2
2024-07-14,brinjal,Nagercoil,278.2
2024-07-14,brinjal,Tuticorin,264.6
2024-07-14,brinjal,Tenkasi,287.3
2024-07-14,onion,Tirunelveli,353.2
2024-07-14,onion,Madurai,371.5
2024-07-14,onion,Nagercoil,388.7
2024-07-14,onion,Tuticorin,308.4
2024-07-14,onion,Tenkasi,371.0
2024-07-14,carrot,Tirunelveli,221.5
2024-07-14,carrot,Madurai,172.8
2024-07-14,carrot,Nagercoil,212.6
2024-07-14,carrot,Tuticorin,191.1
2024-07-14,carrot,Tenkasi,214.9
2024-07-14,cabbage,Tirunelveli,184.4
2024-07-14,cabbage,Madurai,167.4
2024-07-14,cabbage,Nagercoil,208.5
2024-07-14,cabbage,Tuticorin,177.9
2024-07-14,cabbage,Tenkasi,191.7
2024-07-14,potato,Tirunelveli,336.8
2024-07-14,potato,Madurai,292.2
2024-07-14,potato,Nagercoil,310.7
2024-07-14,potato,Tuticorin,300.6
2024-07-14,potato,Tenkasi,305.1
2024-07-14,beans,Tirunelveli,198.4
2024-07-14,beans,Madurai,164.4
2024-07-14,beans,Nagercoil,161.5
2024-07-14,beans,Tuticorin,165.7
2024-07-14,beans,Tenkasi,163.9
2024-07-14,okra,Tirunelveli,191.2
2024-07-14,okra,Madurai,273.6
2024-07-14,okra,Nagercoil,198.4
2024-07-14,okra,Tuticorin,262.4
2024-07-14,okra,Tenkasi,240.1
2024-07-15,tomato,Tirunelveli,363.6
2024-07-15,tomato,Madurai,353.9
2024-07-15,tomato,Nagercoil,412.1
2024-07-15,tomato,Tuticorin,372.1
2024-07-15,tomato,Tenkasi,360.4
2024-07-15,brinjal,Tirunelveli,214.3
2024-07-15,brinjal,Madurai,211.9
2024-07-15,brinjal,Nagercoil,226.0
2024-07-15,brinjal,Tuticorin,206.4
2024-07-15,brinjal,Tenkasi,238.6
2024-07-15,onion,Tirunelveli,302.1
2024-07-15,onion,Madurai,335.1
2024-07-15,onion,Nagercoil,334.7
2024-07-15,onion,Tuticorin,313.9
2024-07-15,onion,Tenkasi,326.6
2024-07-15,carrot,Tirunelveli,192.6
2024-07-15,carrot,Madurai,150.8
2024-07-15,carrot,Nagercoil,214.6
2024-07-15,carrot,Tuticorin,174.9
2024-07-15,carrot,Tenkasi,193.9
2024-07-15,cabbage,Tirunelveli,176.5
2024-07-15,cabbage,Madurai,112.2
2024-07-15,cabbage,Nagercoil,148.9
2024-07-15,cabbage,Tuticorin,178.8
2024-07-15,cabbage,Tenkasi,163.2
2024-07-15,potato,Tirunelveli,283.8
2024-07-15,potato,Madurai,271.8
2024-07-15,potato,Nagercoil,294.6
2024-07-15,potato,Tuticorin,272.3
2024-07-15,potato,Tenkasi,298.5
2024-07-15,beans,Tirunelveli,115.4
2024-07-15,beans,Madurai,132.4
2024-07-15,beans,Nagercoil,123.1
2024-07-15,beans,Tuticorin,142.8
2024-07-15,beans,Tenkasi,129.4
2024-07-15,okra,Tirunelveli,193.4
2024-07-15,okra,Madurai,183.9
2024-07-15,okra,Nagercoil,188.8
2024-07-15,okra,Tuticorin,197.8
2024-07-15,okra,Tenkasi,157.6
2024-07-16,tomato,Tirunelveli,314.0
2024-07-16,tomato,Madurai,361.2
2024-07-16,tomato,Nagercoil,304.6
2024-07-16,tomato,Tuticorin,356.1
2024-07-16,tomato,Tenkasi,352.5
2024-07-16,brinjal,Tirunelveli,235.8
2024-07-16,brinjal,Madurai,211.6
2024-07-16,brinjal,Nagercoil,256.4
2024-07-16,brinjal,Tuticorin,242.0
2024-07-16,brinjal,Tenkasi,194.8
2024-07-16,onion,Tirunelveli,309.3
2024-07-16,onion,Madurai,345.5
2024-07-16,onion,Nagercoil,301.0
2024-07-16,onion,Tuticorin,313.9
2024-07-16,onion,Tenkasi,343.1
2024-07-16,carrot,Tirunelveli,169.2
2024-07-16,carrot,Madurai,202.5
2024-07-16,carrot,Nagercoil,161.8
2024-07-16,carrot,Tuticorin,122.2
2024-07-16,carrot,Tenkasi,204.6
2024-07-16,cabbage,Tirunelveli,170.8
2024-07-16,cabbage,Madurai,172.1
2024-07-16,cabbage,Nagercoil,140.1
2024-07-16,cabbage,Tuticorin,141.7
2024-07-16,cabbage,Tenkasi,185.0
2024-07-16,potato,Tirunelveli,274.9
2024-07-16,potato,Madurai,267.7
2024-07-16,potato,Nagercoil,274.4
2024-07-16,potato,Tuticorin,300.2
2024-07-16,potato,Tenkasi,284.5
2024-07-16,beans,Tirunelveli,125.5
2024-07-16,beans,Madurai,106.9
2024-07-16,beans,Nagercoil,146.8
2024-07-16,beans,Tuticorin,116.5
2024-07-16,beans,Tenkasi,111.4
2024-07-16,okra,Tirunelveli,224.3
2024-07-16,okra,Madurai,215.4
2024-07-16,okra,Nagercoil,205.7
2024-07-16,okra,Tuticorin,173.2
2024-07-16,okra,Tenkasi,233.8
2024-07-17,tomato,Tirunelveli,380.6
2024-07-17,tomato,Madurai,353.9
2024-07-17,tomato,Nagercoil,349.7
2024-07-17,tomato,Tuticorin,361.6
2024-07-17,tomato,Tenkasi,350.4
2024-07-17,brinjal,Tirunelveli,269.2
2024-07-17,brinjal,Madurai,217.3
2024-07-17,brinjal,Nagercoil,203.6
2024-07-17,brinjal,Tuticorin,256.8
2024-07-17,brinjal,Tenkasi,213.6
2024-07-17,onion,Tirunelveli,330.7
2024-07-17,onion,Madurai,328.5
2024-07-17,onion,Nagercoil,313.8
2024-07-17,onion,Tuticorin,295.5
2024-07-17,onion,Tenkasi,314.0
2024-07-17,carrot,Tirunelveli,156.6
2024-07-17,carrot,Madurai,179.5
2024-07-17,carrot,Nagercoil,195.5
2024-07-17,carrot,Tuticorin,214.4
2024-07-17,carrot,Tenkasi,158.2
2024-07-17,cabbage,Tirunelveli,157.0
2024-07-17,cabbage,Madurai,151.5
2024-07-17,cabbage,Nagercoil,167.5
2024-07-17,cabbage,Tuticorin,131.6
2024-07-17,cabbage,Tenkasi,143.4
2024-07-17,potato,Tirunelveli,236.2
2024-07-17,potato,Madurai,241.2
2024-07-17,potato,Nagercoil,256.8
2024-07-17,potato,Tuticorin,303.4
2024-07-17,potato,Tenkasi,277.0
2024-07-17,beans,Tirunelveli,136.3
2024-07-17,beans,Madurai,161.9
2024-07-17,beans,Nagercoil,142.7
2024-07-17,beans,Tuticorin,144.6
2024-07-17,beans,Tenkasi,125.5
2024-07-17,okra,Tirunelveli,185.3
2024-07-17,okra,Madurai,171.8
2024-07-17,okra,Nagercoil,186.0
2024-07-17,okra,Tuticorin,192.4
2024-07-17,okra,Tenkasi,204.9
2024-07-18,tomato,Tirunelveli,359.3
2024-07-18,tomato,Madurai,352.7
2024-07-18,tomato,Nagercoil,341.8
2024-07-18,tomato,Tuticorin,368.0
2024-07-18,tomato,Tenkasi,350.0
2024-07-18,brinjal,Tirunelveli,232.1
2024-07-18,brinjal,Madurai,186.7
2024-07-18,brinjal,Nagercoil,231.7
2024-07-18,brinjal,Tuticorin,239.9
2024-07-18,brinjal,Tenkasi,237.4
2024-07-18,onion,Tirunelveli,311.1
2024-07-18,onion,Madurai,333.3
2024-07-18,onion,Nagercoil,289.5
2024-07-18,onion,Tuticorin,313.2
2024-07-18,onion,Tenkasi,311.1
2024-07-18,carrot,Tirunelveli,200.7
2024-07-18,carrot,Madurai,139.6
2024-07-18,carrot,Nagercoil,158.8
2024-07-18,carrot,Tuticorin,214.9
2024-07-18,carrot,Tenkasi,131.4
2024-07-18,cabbage,Tirunelveli,178.3
2024-07-18,cabbage,Madurai,148.0
2024-07-18,cabbage,Nagercoil,167.1
2024-07-18,cabbage,Tuticorin,190.3
2024-07-18,cabbage,Tenkasi,167.9
2024-07-18,potato,Tirunelveli,298.7
2024-07-18,potato,Madurai,260.2
2024-07-18,potato,Nagercoil,262.8
2024-07-18,potato,Tuticorin,285.7
2024-07-18,potato,Tenkasi,261.2
2024-07-18,beans,Tirunelveli,146.9
2024-07-18,beans,Madurai,158.7
2024-07-18,beans,Nagercoil,152.4
2024-07-18,beans,Tuticorin,103.4
2024-07-18,beans,Tenkasi,128.2
2024-07-18,okra,Tirunelveli,203.6
2024-07-18,okra,Madurai,193.1
2024-07-18,okra,Nagercoil,199.6
2024-07-18,okra,Tuticorin,203.9
2024-07-18,okra,Tenkasi,187.5
2024-07-19,tomato,Tirunelveli,356.1
2024-07-19,tomato,Madurai,336.4
2024-07-19,tomato,Nagercoil,350.4
2024-07-19,tomato,Tuticorin,329.5
2024-07-19,tomato,Tenkasi,362.3
2024-07-19,brinjal,Tirunelveli,221.1
2024-07-19,brinjal,Madurai,206.7
2024-07-19,brinjal,Nagercoil,260.7
2024-07-19,brinjal,Tuticorin,220.1
2024-07-19,brinjal,Tenkasi,230.7
2024-07-19,onion,Tirunelveli,302.2
2024-07-19,onion,Madurai,306.7
2024-07-19,onion,Nagercoil,321.5
2024-07-19,onion,Tuticorin,308.4
2024-07-19,onion,Tenkasi,315.1
2024-07-19,carrot,Tirunelveli,196.1
2024-07-19,carrot,Madurai,169.6
2024-07-19,carrot,Nagercoil,153.4
2024-07-19,carrot,Tuticorin,149.5
2024-07-19,carrot,Tenkasi,208.8
2024-07-19,cabbage,Tirunelveli,180.6
2024-07-19,cabbage,Madurai,175.1
2024-07-19,cabbage,Nagercoil,153.3
2024-07-19,cabbage,Tuticorin,135.3
2024-07-19,cabbage,Tenkasi,156.4
2024-07-19,potato,Tirunelveli,268.1
2024-07-19,potato,Madurai,247.4
2024-07-19,potato,Nagercoil,240.6
2024-07-19,potato,Tuticorin,235.4
2024-07-19,potato,Tenkasi,283.1
2024-07-19,beans,Tirunelveli,110.9
2024-07-19,beans,Madurai,141.2
2024-07-19,beans,Nagercoil,127.0
2024-07-19,beans,Tuticorin,146.8
2024-07-19,beans,Tenkasi,141.7
2024-07-19,okra,Tirunelveli,193.4
2024-07-19,okra,Madurai,200.6
2024-07-19,okra,Nagercoil,195.8
2024-07-19,okra,Tuticorin,185.7
2024-07-19,okra,Tenkasi,217.6
2024-07-20,tomato,Tirunelveli,405.5
2024-07-20,tomato,Madurai,412.3
2024-07-20,tomato,Nagercoil,385.7
2024-07-20,tomato,Tuticorin,419.5
2024-07-20,tomato,Tenkasi,401.8
2024-07-20,brinjal,Tirunelveli,249.2
2024-07-20,brinjal,Madurai,242.0
2024-07-20,brinjal,Nagercoil,256.3
2024-07-20,brinjal,Tuticorin,218.6
2024-07-20,brinjal,Tenkasi,272.4
2024-07-20,onion,Tirunelveli,361.5
2024-07-20,onion,Madurai,352.9
2024-07-20,onion,Nagercoil,331.3
2024-07-20,onion,Tuticorin,370.9
2024-07-20,onion,Tenkasi,349.6
2024-07-20,carrot,Tirunelveli,233.1
2024-07-20,carrot,Madurai,216.7
2024-07-20,carrot,Nagercoil,237.7
2024-07-20,carrot,Tuticorin,209.7
2024-07-20,carrot,Tenkasi,228.6
2024-07-20,cabbage,Tirunelveli,195.6
2024-07-20,cabbage,Madurai,177.3
2024-07-20,cabbage,Nagercoil,190.0
2024-07-20,cabbage,Tuticorin,169.6
2024-07-20,cabbage,Tenkasi,227.7
2024-07-20,potato,Tirunelveli,308.5
2024-07-20,potato,Madurai,311.0
2024-07-20,potato,Nagercoil,318.3
2024-07-20,potato,Tuticorin,288.8
2024-07-20,potato,Tenkasi,336.9
2024-07-20,beans,Tirunelveli,134.7
2024-07-20,beans,Madurai,130.2
2024-07-20,beans,Nagercoil,151.9
2024-07-20,beans,Tuticorin,129.7
2024-07-20,beans,Tenkasi,186.5
2024-07-20,okra,Tirunelveli,223.1
2024-07-20,okra,Madurai,163.3
2024-07-20,okra,Nagercoil,231.7
2024-07-20,okra,Tuticorin,238.8
2024-07-20,okra,Tenkasi,219.3
2024-07-21,tomato,Tirunelveli,386.9
2024-07-21,tomato,Madurai,411.9
2024-07-21,tomato,Nagercoil,404.4
2024-07-21,tomato,Tuticorin,394.5
2024-07-21,tomato,Tenkasi,392.7
2024-07-21,brinjal,Tirunelveli,261.9
2024-07-21,brinjal,Madurai,276.8
2024-07-21,brinjal,Nagercoil,268.0
2024-07-21,brinjal,Tuticorin,224.2
2024-07-21,brinjal,Tenkasi,271.1
2024-07-21,onion,Tirunelveli,377.7
2024-07-21,onion,Madurai,390.1
2024-07-21,onion,Nagercoil,343.3
2024-07-21,onion,Tuticorin,361.1
2024-07-21,onion,Tenkasi,373.6
2024-07-21,carrot,Tirunelveli,196.4
2024-07-21,carrot,Madurai,218.0
2024-07-21,carrot,Nagercoil,206.5
2024-07-21,carrot,Tuticorin,190.1
2024-07-21,carrot,Tenkasi,191.8
2024-07-21,cabbage,Tirunelveli,211.3
2024-07-21,cabbage,Madurai,166.4
2024-07-21,cabbage,Nagercoil,162.9
2024-07-21,cabbage,Tuticorin,193.2
2024-07-21,cabbage,Tenkasi,185.7
2024-07-21,potato,Tirunelveli,284.3
2024-07-21,potato,Madurai,300.1
2024-07-21,potato,Nagercoil,294.2
2024-07-21,potato,Tuticorin,297.7
2024-07-21,potato,Tenkasi,361.0
2024-07-21,beans,Tirunelveli,149.2
2024-07-21,beans,Madurai,137.6
2024-07-21,beans,Nagercoil,195.7
2024-07-21,beans,Tuticorin,173.0
2024-07-21,beans,Tenkasi,169.7
2024-07-21,okra,Tirunelveli,211.0
2024-07-21,okra,Madurai,251.5
2024-07-21,okra,Nagercoil,244.0
2024-07-21,okra,Tuticorin,230.6
2024-07-21,okra,Tenkasi,193.4
2024-07-22,tomato,Tirunelveli,359.6
2024-07-22,tomato,Madurai,394.6
2024-07-22,tomato,Nagercoil,364.4
2024-07-22,tomato,Tuticorin,352.5
2024-07-22,tomato,Tenkasi,355.4
2024-07-22,brinjal,Tirunelveli,221.8
2024-07-22,brinjal,Madurai,209.0
2024-07-22,brinjal,Nagercoil,224.2
2024-07-22,brinjal,Tuticorin,253.9
2024-07-22,brinjal,Tenkasi,251.6
2024-07-22,onion,Tirunelveli,299.9
2024-07-22,onion,Madurai,340.5
2024-07-22,onion,Nagercoil,330.2
2024-07-22,onion,Tuticorin,327.7
2024-07-22,onion,Tenkasi,323.6
2024-07-22,carrot,Tirunelveli,161.4
2024-07-22,carrot,Madurai,171.9
2024-07-22,carrot,Nagercoil,196.7
2024-07-22,carrot,Tuticorin,155.9
2024-07-22,carrot,Tenkasi,159.2
2024-07-22,cabbage,Tirunelveli,168.1
2024-07-22,cabbage,Madurai,146.2
2024-07-22,cabbage,Nagercoil,178.5
2024-07-22,cabbage,Tuticorin,146.9
2024-07-22,cabbage,Tenkasi,166.9
2024-07-22,potato,Tirunelveli,276.6
2024-07-22,potato,Madurai,260.4
2024-07-22,potato,Nagercoil,265.2
2024-07-22,potato,Tuticorin,256.4
2024-07-22,potato,Tenkasi,269.6
2024-07-22,beans,Tirunelveli,115.8
2024-07-22,beans,Madurai,130.5
2024-07-22,beans,Nagercoil,150.0
2024-07-22,beans,Tuticorin,112.3
2024-07-22,beans,Tenkasi,125.3
2024-07-22,okra,Tirunelveli,208.4
2024-07-22,okra,Madurai,156.4
2024-07-22,okra,Nagercoil,235.1
2024-07-22,okra,Tuticorin,218.9
2024-07-22,okra,Tenkasi,167.2
2024-07-23,tomato,Tirunelveli,317.9
2024-07-23,tomato,Madurai,360.6
2024-07-23,tomato,Nagercoil,337.6
2024-07-23,tomato,Tuticorin,379.2
2024-07-23,tomato,Tenkasi,367.9
2024-07-23,brinjal,Tirunelveli,227.5
2024-07-23,brinjal,Madurai,213.6
2024-07-23,brinjal,Nagercoil,257.0
2024-07-23,brinjal,Tuticorin,240.1
2024-07-23,brinjal,Tenkasi,237.1
2024-07-23,onion,Tirunelveli,339.0
2024-07-23,onion,Madurai,294.6
2024-07-23,onion,Nagercoil,340.7
2024-07-23,onion,Tuticorin,309.7
2024-07-23,onion,Tenkasi,321.7
2024-07-23,carrot,Tirunelveli,176.9
2024-07-23,carrot,Madurai,142.4
2024-07-23,carrot,Nagercoil,199.1
2024-07-23,carrot,Tuticorin,143.5
2024-07-23,carrot,Tenkasi,160.7
2024-07-23,cabbage,Tirunelveli,152.9
2024-07-23,cabbage,Madurai,122.9
2024-07-23,cabbage,Nagercoil,140.0
2024-07-23,cabbage,Tuticorin,166.9
2024-07-23,cabbage,Tenkasi,155.1
2024-07-23,potato,Tirunelveli,264.7
2024-07-23,potato,Madurai,251.7
2024-07-23,potato,Nagercoil,270.9
2024-07-23,potato,Tuticorin,263.5
2024-07-23,potato,Tenkasi,237.2
2024-07-23,beans,Tirunelveli,131.0
2024-07-23,beans,Madurai,110.2
2024-07-23,beans,Nagercoil,153.0
2024-07-23,beans,Tuticorin,127.2
2024-07-23,beans,Tenkasi,185.4
2024-07-23,okra,Tirunelveli,217.3
2024-07-23,okra,Madurai,195.4
2024-07-23,okra,Nagercoil,209.6
2024-07-23,okra,Tuticorin,156.2
2024-07-23,okra,Tenkasi,217.2
2024-07-24,tomato,Tirunelveli,343.6
2024-07-24,tomato,Madurai,361.8
2024-07-24,tomato,Nagercoil,345.4
2024-07-24,tomato,Tuticorin,347.6
2024-07-24,tomato,Tenkasi,356.4
2024-07-24,brinjal,Tirunelveli,226.5
2024-07-24,brinjal,Madurai,224.5
2024-07-24,brinjal,Nagercoil,225.0
2024-07-24,brinjal,Tuticorin,192.5
2024-07-24,brinjal,Tenkasi,271.6
2024-07-24,onion,Tirunelveli,319.6
2024-07-24,onion,Madurai,323.8
2024-07-24,onion,Nagercoil,308.2
2024-07-24,onion,Tuticorin,297.5
2024-07-24,onion,Tenkasi,318.0
2024-07-24,carrot,Tirunelveli,185.8
2024-07-24,carrot,Madurai,206.0
2024-07-24,carrot,Nagercoil,221.6
2024-07-24,carrot,Tuticorin,209.5
2024-07-24,carrot,Tenkasi,144.7
2024-07-24,cabbage,Tirunelveli,152.8
2024-07-24,cabbage,Madurai,168.7
2024-07-24,cabbage,Nagercoil,154.0
2024-07-24,cabbage,Tuticorin,161.1
2024-07-24,cabbage,Tenkasi,119.1
2024-07-24,potato,Tirunelveli,288.3
2024-07-24,potato,Madurai,232.5
2024-07-24,potato,Nagercoil,238.6
2024-07-24,potato,Tuticorin,249.7
2024-07-24,potato,Tenkasi,268.0
2024-07-24,beans,Tirunelveli,102.5
2024-07-24,beans,Madurai,113.8
2024-07-24,beans,Nagercoil,158.0
2024-07-24,beans,Tuticorin,132.8
2024-07-24,beans,Tenkasi,143.7
2024-07-24,okra,Tirunelveli,173.3
2024-07-24,okra,Madurai,196.9
2024-07-24,okra,Nagercoil,195.3
2024-07-24,okra,Tuticorin,182.1
2024-07-24,okra,Tenkasi,197.0
2024-07-25,tomato,Tirunelveli,322.2
2024-07-25,tomato,Madurai,368.8
2024-07-25,tomato,Nagercoil,352.0
2024-07-25,tomato,Tuticorin,354.9
2024-07-25,tomato,Tenkasi,377.0
2024-07-25,brinjal,Tirunelveli,233.6
2024-07-25,brinjal,Madurai,218.6
2024-07-25,brinjal,Nagercoil,202.7
2024-07-25,brinjal,Tuticorin,251.6
2024-07-25,brinjal,Tenkasi,198.2
2024-07-25,onion,Tirunelveli,327.6
2024-07-25,onion,Madurai,283.1
2024-07-25,onion,Nagercoil,333.4
2024-07-25,onion,Tuticorin,335.2
2024-07-25,onion,Tenkasi,276.7
2024-07-25,carrot,Tirunelveli,189.0
2024-07-25,carrot,Madurai,187.3
2024-07-25,carrot,Nagercoil,194.1
2024-07-25,carrot,Tuticorin,187.3
2024-07-25,carrot,Tenkasi,160.8
2024-07-25,cabbage,Tirunelveli,157.7
2024-07-25,cabbage,Madurai,195.3
2024-07-25,cabbage,Nagercoil,139.8
2024-07-25,cabbage,Tuticorin,168.5
2024-07-25,cabbage,Tenkasi,185.0
2024-07-25,potato,Tirunelveli,250.2
2024-07-25,potato,Madurai,241.7
2024-07-25,potato,Nagercoil,244.7
2024-07-25,potato,Tuticorin,277.9
2024-07-25,potato,Tenkasi,244.5
2024-07-25,beans,Tirunelveli,132.3
2024-07-25,beans,Madurai,162.4
2024-07-25,beans,Nagercoil,134.0
2024-07-25,beans,Tuticorin,119.4
2024-07-25,beans,Tenkasi,137.5
2024-07-25,okra,Tirunelveli,196.6
2024-07-25,okra,Madurai,207.1
2024-07-25,okra,Nagercoil,230.4
2024-07-25,okra,Tuticorin,205.9
2024-07-25,okra,Tenkasi,238.7
2024-07-26,tomato,Tirunelveli,369.1
2024-07-26,tomato,Madurai,344.7
2024-07-26,tomato,Nagercoil,405.8
2024-07-26,tomato,Tuticorin,357.5
2024-07-26,tomato,Tenkasi,338.9
2024-07-26,brinjal,Tirunelveli,271.5
2024-07-26,brinjal,Madurai,210.3
2024-07-26,brinjal,Nagercoil,209.6
2024-07-26,brinjal,Tuticorin,214.0
2024-07-26,brinjal,Tenkasi,228.3
2024-07-26,onion,Tirunelveli,333.6
2024-07-26,onion,Madurai,262.0
2024-07-26,onion,Nagercoil,333.5
2024-07-26,onion,Tuticorin,303.9
2024-07-26,onion,Tenkasi,306.7
2024-07-26,carrot,Tirunelveli,214.3
2024-07-26,carrot,Madurai,184.3
2024-07-26,carrot,Nagercoil,189.0
2024-07-26,carrot,Tuticorin,179.0
2024-07-26,carrot,Tenkasi,195.3
2024-07-26,cabbage,Tirunelveli,194.4
2024-07-26,cabbage,Madurai,112.5
2024-07-26,cabbage,Nagercoil,183.7
2024-07-26,cabbage,Tuticorin,192.9
2024-07-26,cabbage,Tenkasi,172.0
2024-07-26,potato,Tirunelveli,256.5
2024-07-26,potato,Madurai,247.0
2024-07-26,potato,Nagercoil,317.2
2024-07-26,potato,Tuticorin,251.9
2024-07-26,potato,Tenkasi,300.4
2024-07-26,beans,Tirunelveli,142.8
2024-07-26,beans,Madurai,175.9
2024-07-26,beans,Nagercoil,128.6
2024-07-26,beans,Tuticorin,102.8
2024-07-26,beans,Tenkasi,135.0
2024-07-26,okra,Tirunelveli,168.3
2024-07-26,okra,Madurai,251.5
2024-07-26,okra,Nagercoil,210.6
2024-07-26,okra,Tuticorin,213.6
2024-07-26,okra,Tenkasi,213.6
2024-07-27,tomato,Tirunelveli,400.1
2024-07-27,tomato,Madurai,411.4
2024-07-27,tomato,Nagercoil,416.2
2024-07-27,tomato,Tuticorin,452.9
2024-07-27,tomato,Tenkasi,390.9
2024-07-27,brinjal,Tirunelveli,244.2
2024-07-27,brinjal,Madurai,251.5
2024-07-27,brinjal,Nagercoil,245.3
2024-07-27,brinjal,Tuticorin,229.6
2024-07-27,brinjal,Tenkasi,204.7
2024-07-27,onion,Tirunelveli,325.7
2024-07-27,onion,Madurai,384.2
2024-07-27,onion,Nagercoil,362.1
2024-07-27,onion,Tuticorin,379.0
2024-07-27,onion,Tenkasi,350.6
2024-07-27,carrot,Tirunelveli,205.0
2024-07-27,carrot,Madurai,239.3
2024-07-27,carrot,Nagercoil,238.1
2024-07-27,carrot,Tuticorin,225.8
2024-07-27,carrot,Tenkasi,211.0
2024-07-27,cabbage,Tirunelveli,196.7
2024-07-27,cabbage,Madurai,193.7
2024-07-27,cabbage,Nagercoil,183.0
2024-07-27,cabbage,Tuticorin,178.2
2024-07-27,cabbage,Tenkasi,208.7
2024-07-27,potato,Tirunelveli,284.6
2024-07-27,potato,Madurai,340.2
2024-07-27,potato,Nagercoil,305.0
2024-07-27,potato,Tuticorin,284.2
2024-07-27,potato,Tenkasi,299.6
2024-07-27,beans,Tirunelveli,137.8
2024-07-27,beans,Madurai,143.7
2024-07-27,beans,Nagercoil,143.4
2024-07-27,beans,Tuticorin,142.6
2024-07-27,beans,Tenkasi,149.1
2024-07-27,okra,Tirunelveli,226.4
2024-07-27,okra,Madurai,243.0
2024-07-27,okra,Nagercoil,222.8
2024-07-27,okra,Tuticorin,234.2
2024-07-27,okra,Tenkasi,227.9
2024-07-28,tomato,Tirunelveli,424.8
2024-07-28,tomato,Madurai,414.9
2024-07-28,tomato,Nagercoil,401.1
2024-07-28,tomato,Tuticorin,395.6
2024-07-28,tomato,Tenkasi,418.2
2024-07-28,brinjal,Tirunelveli,284.2
2024-07-28,brinjal,Madurai,254.2
2024-07-28,brinjal,Nagercoil,244.7
2024-07-28,brinjal,Tuticorin,253.6
2024-07-28,brinjal,Tenkasi,247.5
2024-07-28,onion,Tirunelveli,348.9
2024-07-28,onion,Madurai,333.4
2024-07-28,onion,Nagercoil,357.4
2024-07-28,onion,Tuticorin,367.0
2024-07-28,onion,Tenkasi,340.6
2024-07-28,carrot,Tirunelveli,189.4
2024-07-28,carrot,Madurai,188.0
2024-07-28,carrot,Nagercoil,179.3
2024-07-28,carrot,Tuticorin,187.9
2024-07-28,carrot,Tenkasi,203.0
2024-07-28,cabbage,Tirunelveli,159.5
2024-07-28,cabbage,Madurai,183.5
2024-07-28,cabbage,Nagercoil,172.2
2024-07-28,cabbage,Tuticorin,167.7
2024-07-28,cabbage,Tenkasi,193.8
2024-07-28,potato,Tirunelveli,297.7
2024-07-28,potato,Madurai,301.1
2024-07-28,potato,Nagercoil,336.5
2024-07-28,potato,Tuticorin,292.1
2024-07-28,potato,Tenkasi,341.8
2024-07-28,beans,Tirunelveli,148.3
2024-07-28,beans,Madurai,132.5
2024-07-28,beans,Nagercoil,144.2
2024-07-28,beans,Tuticorin,156.6
2024-07-28,beans,Tenkasi,180.3
2024-07-28,okra,Tirunelveli,243.7
2024-07-28,okra,Madurai,229.0
2024-07-28,okra,Nagercoil,252.9
2024-07-28,okra,Tuticorin,190.1
2024-07-28,okra,Tenkasi,232.7
2024-07-29,tomato,Tirunelveli,366.2
2024-07-29,tomato,Madurai,366.4
2024-07-29,tomato,Nagercoil,327.8
2024-07-29,tomato,Tuticorin,339.7
2024-07-29,tomato,Tenkasi,356.7
2024-07-29,brinjal,Tirunelveli,247.3
2024-07-29,brinjal,Madurai,263.3
2024-07-29,brinjal,Nagercoil,211.7
2024-07-29,brinjal,Tuticorin,198.8
2024-07-29,brinjal,Tenkasi,241.3
2024-07-29,onion,Tirunelveli,367.3
2024-07-29,onion,Madurai,337.1
2024-07-29,onion,Nagercoil,300.0
2024-07-29,onion,Tuticorin,372.2
2024-07-29,onion,Tenkasi,328.7
2024-07-29,carrot,Tirunelveli,164.2
2024-07-29,carrot,Madurai,218.7
2024-07-29,carrot,Nagercoil,162.6
2024-07-29,carrot,Tuticorin,167.6
2024-07-29,carrot,Tenkasi,194.5
2024-07-29,cabbage,Tirunelveli,161.5
2024-07-29,cabbage,Madurai,162.7
2024-07-29,cabbage,Nagercoil,162.8
2024-07-29,cabbage,Tuticorin,184.3
2024-07-29,cabbage,Tenkasi,115.5
2024-07-29,potato,Tirunelveli,275.7
2024-07-29,potato,Madurai,264.2
2024-07-29,potato,Nagercoil,255.0
2024-07-29,potato,Tuticorin,254.9
2024-07-29,potato,Tenkasi,217.3
2024-07-29,beans,Tirunelveli,119.0
2024-07-29,beans,Madurai,160.8
2024-07-29,beans,Nagercoil,151.6
2024-07-29,beans,Tuticorin,131.2
2024-07-29,beans,Tenkasi,106.8
2024-07-29,okra,Tirunelveli,214.4
2024-07-29,okra,Madurai,224.2
2024-07-29,okra,Nagercoil,218.7
2024-07-29,okra,Tuticorin,178.6
2024-07-29,okra,Tenkasi,180.7
2024-07-30,tomato,Tirunelveli,393.1
2024-07-30,tomato,Madurai,335.8
2024-07-30,tomato,Nagercoil,369.6
2024-07-30,tomato,Tuticorin,324.4
2024-07-30,tomato,Tenkasi,354.0
2024-07-30,brinjal,Tirunelveli,236.7
2024-07-30,brinjal,Madurai,224.4
2024-07-30,brinjal,Nagercoil,235.5
2024-07-30,brinjal,Tuticorin,200.5
2024-07-30,brinjal,Tenkasi,208.6
2024-07-30,onion,Tirunelveli,324.6
2024-07-30,onion,Madurai,328.9
2024-07-30,onion,Nagercoil,319.4
2024-07-30,onion,Tuticorin,333.9
2024-07-30,onion,Tenkasi,281.9
2024-07-30,carrot,Tirunelveli,170.7
2024-07-30,carrot,Madurai,216.5
2024-07-30,carrot,Nagercoil,205.7
2024-07-30,carrot,Tuticorin,192.7
2024-07-30,carrot,Tenkasi,176.9
2024-07-30,cabbage,Tirunelveli,182.7
2024-07-30,cabbage,Madurai,170.6
2024-07-30,cabbage,Nagercoil,131.7
2024-07-30,cabbage,Tuticorin,181.9
2024-07-30,cabbage,Tenkasi,144.7
2024-07-30,potato,Tirunelveli,285.2
2024-07-30,potato,Madurai,237.7
2024-07-30,potato,Nagercoil,302.0
2024-07-30,potato,Tuticorin,264.5
2024-07-30,potato,Tenkasi,247.8
2024-07-30,beans,Tirunelveli,121.2
2024-07-30,beans,Madurai,128.3
2024-07-30,beans,Nagercoil,134.9
2024-07-30,beans,Tuticorin,161.4
2024-07-30,beans,Tenkasi,136.4
2024-07-30,okra,Tirunelveli,154.6
2024-07-30,okra,Madurai,173.4
2024-07-30,okra,Nagercoil,253.2
2024-07-30,okra,Tuticorin,200.7
2024-07-30,okra,Tenkasi,217.0
2024-07-31,tomato,Tirunelveli,353.8
2024-07-31,tomato,Madurai,339.9
2024-07-31,tomato,Nagercoil,350.4
2024-07-31,tomato,Tuticorin,362.6
2024-07-31,tomato,Tenkasi,350.8
2024-07-31,brinjal,Tirunelveli,263.4
2024-07-31,brinjal,Madurai,212.7
2024-07-31,brinjal,Nagercoil,203.9
2024-07-31,brinjal,Tuticorin,241.2
2024-07-31,brinjal,Tenkasi,243.6
2024-07-31,onion,Tirunelveli,315.6
2024-07-31,onion,Madurai,303.0
2024-07-31,onion,Nagercoil,277.0
2024-07-31,onion,Tuticorin,339.4
2024-07-31,onion,Tenkasi,332.4
2024-07-31,carrot,Tirunelveli,171.2
2024-07-31,carrot,Madurai,181.2
2024-07-31,carrot,Nagercoil,175.5
2024-07-31,carrot,Tuticorin,212.6
2024-07-31,carrot,Tenkasi,159.2
2024-07-31,cabbage,Tirunelveli,149.6
2024-07-31,cabbage,Madurai,147.7
2024-07-31,cabbage,Nagercoil,168.2
2024-07-31,cabbage,Tuticorin,163.1
2024-07-31,cabbage,Tenkasi,166.0
2024-07-31,potato,Tirunelveli,252.4
2024-07-31,potato,Madurai,299.7
2024-07-31,potato,Nagercoil,260.9
2024-07-31,potato,Tuticorin,293.8
2024-07-31,potato,Tenkasi,332.8
2024-07-31,beans,Tirunelveli,117.5
2024-07-31,beans,Madurai,141.8
2024-07-31,beans,Nagercoil,132.4
2024-07-31,beans,Tuticorin,175.6
2024-07-31,beans,Tenkasi,129.4
2024-07-31,okra,Tirunelveli,203.0
2024-07-31,okra,Madurai,202.5
2024-07-31,okra,Nagercoil,196.0
2024-07-31,okra,Tuticorin,213.1
2024-07-31,okra,Tenkasi,199.9
2024-08-01,tomato,Tirunelveli,340.4
2024-08-01,tomato,Madurai,335.0
2024-08-01,tomato,Nagercoil,318.6
2024-08-01,tomato,Tuticorin,325.3
2024-08-01,tomato,Tenkasi,341.8
2024-08-01,brinjal,Tirunelveli,217.7
2024-08-01,brinjal,Madurai,231.6
2024-08-01,brinjal,Nagercoil,243.9
2024-08-01,brinjal,Tuticorin,196.3
2024-08-01,brinjal,Tenkasi,209.4
2024-08-01,onion,Tirunelveli,285.5
2024-08-01,onion,Madurai,267.2
2024-08-01,onion,Nagercoil,300.7
2024-08-01,onion,Tuticorin,304.9
2024-08-01,onion,Tenkasi,267.8
2024-08-01,carrot,Tirunelveli,157.9
2024-08-01,carrot,Madurai,155.9
2024-08-01,carrot,Nagercoil,135.2
2024-08-01,carrot,Tuticorin,164.6
2024-08-01,carrot,Tenkasi,142.5
2024-08-01,cabbage,Tirunelveli,152.0
2024-08-01,cabbage,Madurai,154.2
2024-08-01,cabbage,Nagercoil,156.7
2024-08-01,cabbage,Tuticorin,157.6
2024-08-01,cabbage,Tenkasi,179.4
2024-08-01,potato,Tirunelveli,231.9
2024-08-01,potato,Madurai,232.9
2024-08-01,potato,Nagercoil,261.1
2024-08-01,potato,Tuticorin,245.4
2024-08-01,potato,Tenkasi,270.5
2024-08-01,beans,Tirunelveli,135.3
2024-08-01,beans,Madurai,162.4
2024-08-01,beans,Nagercoil,122.2
2024-08-01,beans,Tuticorin,94.4
2024-08-01,beans,Tenkasi,130.8
2024-08-01,okra,Tirunelveli,180.5
2024-08-01,okra,Madurai,192.6
2024-08-01,okra,Nagercoil,195.1
2024-08-01,okra,Tuticorin,171.2
2024-08-01,okra,Tenkasi,161.7
2024-08-02,tomato,Tirunelveli,327.8
2024-08-02,tomato,Madurai,283.1
2024-08-02,tomato,Nagercoil,332.3
2024-08-02,tomato,Tuticorin,322.6
2024-08-02,tomato,Tenkasi,348.0
2024-08-02,brinjal,Tirunelveli,167.0
2024-08-02,brinjal,Madurai,206.8
2024-08-02,brinjal,Nagercoil,238.2
2024-08-02,brinjal,Tuticorin,220.2
2024-08-02,brinjal,Tenkasi,226.3
2024-08-02,onion,Tirunelveli,296.2
2024-08-02,onion,Madurai,256.1
2024-08-02,onion,Nagercoil,292.7
2024-08-02,onion,Tuticorin,297.5
2024-08-02,onion,Tenkasi,267.8
2024-08-02,carrot,Tirunelveli,162.8
2024-08-02,carrot,Madurai,107.3
2024-08-02,carrot,Nagercoil,158.7
2024-08-02,carrot,Tuticorin,156.6
2024-08-02,carrot,Tenkasi,193.4
2024-08-02,cabbage,Tirunelveli,136.8
2024-08-02,cabbage,Madurai,143.5
2024-08-02,cabbage,Nagercoil,147.2
2024-08-02,cabbage,Tuticorin,137.0
2024-08-02,cabbage,Tenkasi,163.2
2024-08-02,potato,Tirunelveli,208.2
2024-08-02,potato,Madurai,270.8
2024-08-02,potato,Nagercoil,247.8
2024-08-02,potato,Tuticorin,274.1
2024-08-02,potato,Tenkasi,193.1
2024-08-02,beans,Tirunelveli,75.3
2024-08-02,beans,Madurai,118.2
2024-08-02,beans,Nagercoil,134.1
2024-08-02,beans,Tuticorin,112.9
2024-08-02,beans,Tenkasi,135.7
2024-08-02,okra,Tirunelveli,201.5
2024-08-02,okra,Madurai,195.2
2024-08-02,okra,Nagercoil,184.0
2024-08-02,okra,Tuticorin,183.8
2024-08-02,okra,Tenkasi,169.6
2024-08-03,tomato,Tirunelveli,379.2
2024-08-03,tomato,Madurai,359.8
2024-08-03,tomato,Nagercoil,364.6
2024-08-03,tomato,Tuticorin,390.6
2024-08-03,tomato,Tenkasi,371.1
2024-08-03,brinjal,Tirunelveli,223.0
2024-08-03,brinjal,Madurai,246.7
2024-08-03,brinjal,Nagercoil,245.3
2024-08-03,brinjal,Tuticorin,233.4
2024-08-03,brinjal,Tenkasi,234.7
2024-08-03,onion,Tirunelveli,341.1
2024-08-03,onion,Madurai,352.2
2024-08-03,onion,Nagercoil,336.8
2024-08-03,onion,Tuticorin,308.9
2024-08-03,onion,Tenkasi,328.4
2024-08-03,carrot,Tirunelveli,182.0
2024-08-03,carrot,Madurai,169.1
2024-08-03,carrot,Nagercoil,200.1
2024-08-03,carrot,Tuticorin,201.7
2024-08-03,carrot,Tenkasi,204.7
2024-08-03,cabbage,Tirunelveli,151.3
2024-08-03,cabbage,Madurai,174.3
2024-08-03,cabbage,Nagercoil,171.0
2024-08-03,cabbage,Tuticorin,177.3
2024-08-03,cabbage,Tenkasi,173.7
2024-08-03,potato,Tirunelveli,285.0
2024-08-03,potato,Madurai,282.6
2024-08-03,potato,Nagercoil,307.4
2024-08-03,potato,Tuticorin,268.0
2024-08-03,potato,Tenkasi,281.8
2024-08-03,beans,Tirunelveli,164.2
2024-08-03,beans,Madurai,126.4
2024-08-03,beans,Nagercoil,127.4
2024-08-03,beans,Tuticorin,157.3
2024-08-03,beans,Tenkasi,114.1
2024-08-03,okra,Tirunelveli,222.4
2024-08-03,okra,Madurai,199.4
2024-08-03,okra,Nagercoil,217.4
2024-08-03,okra,Tuticorin,184.8
2024-08-03,okra,Tenkasi,232.9
2024-08-04,tomato,Tirunelveli,356.0
2024-08-04,tomato,Madurai,394.8
2024-08-04,tomato,Nagercoil,356.8
2024-08-04,tomato,Tuticorin,416.5
2024-08-04,tomato,Tenkasi,378.9
2024-08-04,brinjal,Tirunelveli,276.7
2024-08-04,brinjal,Madurai,221.3
2024-08-04,brinjal,Nagercoil,228.9
2024-08-04,brinjal,Tuticorin,261.9
2024-08-04,brinjal,Tenkasi,209.2
2024-08-04,onion,Tirunelveli,318.8
2024-08-04,onion,Madurai,342.7
2024-08-04,onion,Nagercoil,312.4
2024-08-04,onion,Tuticorin,343.2
2024-08-04,onion,Tenkasi,336.2
2024-08-04,carrot,Tirunelveli,159.9
2024-08-04,carrot,Madurai,209.5
2024-08-04,carrot,Nagercoil,164.9
2024-08-04,carrot,Tuticorin,205.6
2024-08-04,carrot,Tenkasi,192.7
2024-08-04,cabbage,Tirunelveli,162.0
2024-08-04,cabbage,Madurai,149.0
2024-08-04,cabbage,Nagercoil,177.7
2024-08-04,cabbage,Tuticorin,153.7
2024-08-04,cabbage,Tenkasi,195.3
2024-08-04,potato,Tirunelveli,310.1
2024-08-04,potato,Madurai,318.1
2024-08-04,potato,Nagercoil,290.9
2024-08-04,potato,Tuticorin,277.2
2024-08-04,potato,Tenkasi,279.3
2024-08-04,beans,Tirunelveli,135.2
2024-08-04,beans,Madurai,147.6
2024-08-04,beans,Nagercoil,151.4
2024-08-04,beans,Tuticorin,167.3
2024-08-04,beans,Tenkasi,143.0
2024-08-04,okra,Tirunelveli,181.1
2024-08-04,okra,Madurai,201.0
2024-08-04,okra,Nagercoil,240.3
2024-08-04,okra,Tuticorin,178.0
2024-08-04,okra,Tenkasi,224.0
2024-08-05,tomato,Tirunelveli,322.9
2024-08-05,tomato,Madurai,313.0
2024-08-05,tomato,Nagercoil,338.6
2024-08-05,tomato,Tuticorin,361.9
2024-08-05,tomato,Tenkasi,337.5
2024-08-05,brinjal,Tirunelveli,201.4
2024-08-05,brinjal,Madurai,180.8
2024-08-05,brinjal,Nagercoil,204.7
2024-08-05,brinjal,Tuticorin,180.1
2024-08-05,brinjal,Tenkasi,200.5
2024-08-05,onion,Tirunelveli,288.1
2024-08-05,onion,Madurai,242.2
2024-08-05,onion,Nagercoil,317.1
2024-08-05,onion,Tuticorin,264.6
2024-08-05,onion,Tenkasi,285.7
2024-08-05,carrot,Tirunelveli,176.0
2024-08-05,carrot,Madurai,191.5
2024-08-05,carrot,Nagercoil,149.5
2024-08-05,carrot,Tuticorin,115.2
2024-08-05,carrot,Tenkasi,186.9
2024-08-05,cabbage,Tirunelveli,123.8
2024-08-05,cabbage,Madurai,156.0
2024-08-05,cabbage,Nagercoil,157.3
2024-08-05,cabbage,Tuticorin,83.8
2024-08-05,cabbage,Tenkasi,116.5
2024-08-05,potato,Tirunelveli,238.8
2024-08-05,potato,Madurai,196.4
2024-08-05,potato,Nagercoil,221.3
2024-08-05,potato,Tuticorin,250.5
2024-08-05,potato,Tenkasi,246.3
2024-08-05,beans,Tirunelveli,130.1
2024-08-05,beans,Madurai,133.0
2024-08-05,beans,Nagercoil,90.4
2024-08-05,beans,Tuticorin,98.3
2024-08-05,beans,Tenkasi,139.2
2024-08-05,okra,Tirunelveli,212.4
2024-08-05,okra,Madurai,162.5
2024-08-05,okra,Nagercoil,187.1
2024-08-05,okra,Tuticorin,198.0
2024-08-05,okra,Tenkasi,186.6
2024-08-06,tomato,Tirunelveli,325.7
2024-08-06,tomato,Madurai,317.9
2024-08-06,tomato,Nagercoil,370.4
2024-08-06,tomato,Tuticorin,332.6
2024-08-06,tomato,Tenkasi,338.5
2024-08-06,brinjal,Tirunelveli,213.2
2024-08-06,brinjal,Madurai,190.5
2024-08-06,brinjal,Nagercoil,207.7
2024-08-06,brinjal,Tuticorin,200.3
2024-08-06,brinjal,Tenkasi,199.9
2024-08-06,onion,Tirunelveli,295.7
2024-08-06,onion,Madurai,271.1
2024-08-06,onion,Nagercoil,265.3
2024-08-06,onion,Tuticorin,299.4
2024-08-06,onion,Tenkasi,278.7
2024-08-06,carrot,Tirunelveli,158.5
2024-08-06,carrot,Madurai,126.8
2024-08-06,carrot,Nagercoil,184.6
2024-08-06,carrot,Tuticorin,175.8
2024-08-06,carrot,Tenkasi,179.5
2024-08-06,cabbage,Tirunelveli,156.6
2024-08-06,cabbage,Madurai,118.5
2024-08-06,cabbage,Nagercoil,153.4
2024-08-06,cabbage,Tuticorin,136.6
2024-08-06,cabbage,Tenkasi,129.6
2024-08-06,potato,Tirunelveli,258.0
2024-08-06,potato,Madurai,281.2
2024-08-06,potato,Nagercoil,277.9
2024-08-06,potato,Tuticorin,260.5
2024-08-06,potato,Tenkasi,247.4
2024-08-06,beans,Tirunelveli,119.7
2024-08-06,beans,Madurai,105.9
2024-08-06,beans,Nagercoil,118.6
2024-08-06,beans,Tuticorin,142.2
2024-08-06,beans,Tenkasi,160.5
2024-08-06,okra,Tirunelveli,165.6
2024-08-06,okra,Madurai,142.0
2024-08-06,okra,Nagercoil,171.3
2024-08-06,okra,Tuticorin,200.0
2024-08-06,okra,Tenkasi,223.3
2024-08-07,tomato,Tirunelveli,356.9
2024-08-07,tomato,Madurai,356.4
2024-08-07,tomato,Nagercoil,313.7
2024-08-07,tomato,Tuticorin,314.3
2024-08-07,tomato,Tenkasi,304.2
2024-08-07,brinjal,Tirunelveli,193.4
2024-08-07,brinjal,Madurai,225.0
2024-08-07,brinjal,Nagercoil,239.2
2024-08-07,brinjal,Tuticorin,213.6
2024-08-07,brinjal,Tenkasi,201.6
2024-08-07,onion,Tirunelveli,268.0
2024-08-07,onion,Madurai,287.1
2024-08-07,onion,Nagercoil,293.4
2024-08-07,onion,Tuticorin,260.1
2024-08-07,onion,Tenkasi,307.8
2024-08-07,carrot,Tirunelveli,156.9
2024-08-07,carrot,Madurai,182.6
2024-08-07,carrot,Nagercoil,165.1
2024-08-07,carrot,Tuticorin,171.3
2024-08-07,carrot,Tenkasi,151.3
2024-08-07,cabbage,Tirunelveli,141.9
2024-08-07,cabbage,Madurai,161.7
2024-08-07,cabbage,Nagercoil,146.2
2024-08-07,cabbage,Tuticorin,126.7
2024-08-07,cabbage,Tenkasi,151.1
2024-08-07,potato,Tirunelveli,255.8
2024-08-07,potato,Madurai,275.5
2024-08-07,potato,Nagercoil,271.1
2024-08-07,potato,Tuticorin,246.7
2024-08-07,potato,Tenkasi,237.1
2024-08-07,beans,Tirunelveli,119.5
2024-08-07,beans,Madurai,113.5
2024-08-07,beans,Nagercoil,134.1
2024-08-07,beans,Tuticorin,144.9
2024-08-07,beans,Tenkasi,148.8
2024-08-07,okra,Tirunelveli,173.7
2024-08-07,okra,Madurai,171.7
2024-08-07,okra,Nagercoil,173.5
2024-08-07,okra,Tuticorin,143.3
2024-08-07,okra,Tenkasi,157.8
2024-08-08,tomato,Tirunelveli,330.0
2024-08-08,tomato,Madurai,338.3
2024-08-08,tomato,Nagercoil,340.5
2024-08-08,tomato,Tuticorin,315.1
2024-08-08,tomato,Tenkasi,320.9
2024-08-08,brinjal,Tirunelveli,201.3
2024-08-08,brinjal,Madurai,199.1
2024-08-08,brinjal,Nagercoil,220.5
2024-08-08,brinjal,Tuticorin,180.5
2024-08-08,brinjal,Tenkasi,183.7
2024-08-08,onion,Tirunelveli,283.4
2024-08-08,onion,Madurai,262.1
2024-08-08,onion,Nagercoil,251.4
2024-08-08,onion,Tuticorin,259.5
2024-08-08,onion,Tenkasi,284.5
2024-08-08,carrot,Tirunelveli,178.0
2024-08-08,carrot,Madurai,178.4
2024-08-08,carrot,Nagercoil,197.1
2024-08-08,carrot,Tuticorin,167.4
2024-08-08,carrot,Tenkasi,170.1
2024-08-08,cabbage,Tirunelveli,143.8
2024-08-08,cabbage,Madurai,144.8
2024-08-08,cabbage,Nagercoil,190.4
2024-08-08,cabbage,Tuticorin,154.1
2024-08-08,cabbage,Tenkasi,155.8
2024-08-08,potato,Tirunelveli,225.1
2024-08-08,potato,Madurai,256.2
2024-08-08,potato,Nagercoil,261.2
2024-08-08,potato,Tuticorin,270.2
2024-08-08,potato,Tenkasi,260.6
2024-08-08,beans,Tirunelveli,121.5
2024-08-08,beans,Madurai,120.6
2024-08-08,beans,Nagercoil,122.6
2024-08-08,beans,Tuticorin,126.2
2024-08-08,beans,Tenkasi,149.4
2024-08-08,okra,Tirunelveli,203.3
2024-08-08,okra,Madurai,197.0
2024-08-08,okra,Nagercoil,222.5
2024-08-08,okra,Tuticorin,128.8
2024-08-08,okra,Tenkasi,172.7
2024-08-09,tomato,Tirunelveli,330.5
2024-08-09,tomato,Madurai,317.3
2024-08-09,tomato,Nagercoil,312.1
2024-08-09,tomato,Tuticorin,296.4
2024-08-09,tomato,Tenkasi,324.5
2024-08-09,brinjal,Tirunelveli,224.6
2024-08-09,brinjal,Madurai,222.2
2024-08-09,brinjal,Nagercoil,191.7
2024-08-09,brinjal,Tuticorin,211.1
2024-08-09,brinjal,Tenkasi,233.9
2024-08-09,onion,Tirunelveli,259.0
2024-08-09,onion,Madurai,286.2
2024-08-09,onion,Nagercoil,295.1
2024-08-09,onion,Tuticorin,289.6
2024-08-09,onion,Tenkasi,306.4
2024-08-09,carrot,Tirunelveli,135.4
2024-08-09,carrot,Madurai,145.2
2024-08-09,carrot,Nagercoil,179.0
2024-08-09,carrot,Tuticorin,131.3
2024-08-09,carrot,Tenkasi,181.6
2024-08-09,cabbage,Tirunelveli,157.8
2024-08-09,cabbage,Madurai,163.7
2024-08-09,cabbage,Nagercoil,139.4
2024-08-09,cabbage,Tuticorin,159.0
2024-08-09,cabbage,Tenkasi,125.4
2024-08-09,potato,Tirunelveli,239.7
2024-08-09,potato,Madurai,248.8
2024-08-09,potato,Nagercoil,230.1
2024-08-09,potato,Tuticorin,252.4
2024-08-09,potato,Tenkasi,225.2
2024-08-09,beans,Tirunelveli,129.4
2024-08-09,beans,Madurai,158.9
2024-08-09,beans,Nagercoil,98.9
2024-08-09,beans,Tuticorin,123.6
2024-08-09,beans,Tenkasi,91.7
2024-08-09,okra,Tirunelveli,165.2
2024-08-09,okra,Madurai,195.9
2024-08-09,okra,Nagercoil,173.3
2024-08-09,okra,Tuticorin,196.7
2024-08-09,okra,Tenkasi,189.0
2024-08-10,tomato,Tirunelveli,379.0
2024-08-10,tomato,Madurai,359.7
2024-08-10,tomato,Nagercoil,394.0
2024-08-10,tomato,Tuticorin,386.4
2024-08-10,tomato,Tenkasi,349.8
2024-08-10,brinjal,Tirunelveli,218.4
2024-08-10,brinjal,Madurai,182.3
2024-08-10,brinjal,Nagercoil,210.4
2024-08-10,brinjal,Tuticorin,231.4
2024-08-10,brinjal,Tenkasi,216.6
2024-08-10,onion,Tirunelveli,316.2
2024-08-10,onion,Madurai,360.6
2024-08-10,onion,Nagercoil,353.4
2024-08-10,onion,Tuticorin,318.9
2024-08-10,onion,Tenkasi,348.7
2024-08-10,carrot,Tirunelveli,214.5
2024-08-10,carrot,Madurai,202.5
2024-08-10,carrot,Nagercoil,196.1
2024-08-10,carrot,Tuticorin,212.1
2024-08-10,carrot,Tenkasi,205.6
2024-08-10,cabbage,Tirunelveli,146.9
2024-08-10,cabbage,Madurai,167.4
2024-08-10,cabbage,Nagercoil,160.1
2024-08-10,cabbage,Tuticorin,194.2
2024-08-10,cabbage,Tenkasi,159.5
2024-08-10,potato,Tirunelveli,270.2
2024-08-10,potato,Madurai,305.8
2024-08-10,potato,Nagercoil,290.4
2024-08-10,potato,Tuticorin,327.5
2024-08-10,potato,Tenkasi,268.0
2024-08-10,beans,Tirunelveli,132.2
2024-08-10,beans,Madurai,165.1
2024-08-10,beans,Nagercoil,117.0
2024-08-10,beans,Tuticorin,169.0
2024-08-10,beans,Tenkasi,118.5
2024-08-10,okra,Tirunelveli,221.4
2024-08-10,okra,Madurai,172.3
2024-08-10,okra,Nagercoil,210.1
2024-08-10,okra,Tuticorin,181.8
2024-08-10,okra,Tenkasi,247.7
2024-08-11,tomato,Tirunelveli,358.9
2024-08-11,tomato,Madurai,363.7
2024-08-11,tomato,Nagercoil,391.0
2024-08-11,tomato,Tuticorin,368.3
2024-08-11,tomato,Tenkasi,394.3
2024-08-11,brinjal,Tirunelveli,223.5
2024-08-11,brinjal,Madurai,221.9
2024-08-11,brinjal,Nagercoil,237.2
2024-08-11,brinjal,Tuticorin,213.4
2024-08-11,brinjal,Tenkasi,245.6
2024-08-11,onion,Tirunelveli,350.3
2024-08-11,onion,Madurai,343.8
2024-08-11,onion,Nagercoil,345.7
2024-08-11,onion,Tuticorin,294.3
2024-08-11,onion,Tenkasi,323.6
2024-08-11,carrot,Tirunelveli,185.6
2024-08-11,carrot,Madurai,219.3
2024-08-11,carrot,Nagercoil,178.5
2024-08-11,carrot,Tuticorin,144.1
2024-08-11,carrot,Tenkasi,170.1
2024-08-11,cabbage,Tirunelveli,157.9
2024-08-11,cabbage,Madurai,128.0
2024-08-11,cabbage,Nagercoil,190.5
2024-08-11,cabbage,Tuticorin,139.8
2024-08-11,cabbage,Tenkasi,180.1
2024-08-11,potato,Tirunelveli,263.4
2024-08-11,potato,Madurai,315.4
2024-08-11,potato,Nagercoil,279.7
2024-08-11,potato,Tuticorin,275.7
2024-08-11,potato,Tenkasi,295.8
2024-08-11,beans,Tirunelveli,122.5
2024-08-11,beans,Madurai,154.1
2024-08-11,beans,Nagercoil,133.0
2024-08-11,beans,Tuticorin,130.7
2024-08-11,beans,Tenkasi,140.9
2024-08-11,okra,Tirunelveli,187.4
2024-08-11,okra,Madurai,205.4
2024-08-11,okra,Nagercoil,216.0
2024-08-11,okra,Tuticorin,163.0
2024-08-11,okra,Tenkasi,231.0
2024-08-12,tomato,Tirunelveli,347.0
2024-08-12,tomato,Madurai,293.6
2024-08-12,tomato,Nagercoil,290.5
2024-08-12,tomato,Tuticorin,347.6
2024-08-12,tomato,Tenkasi,346.0
2024-08-12,brinjal,Tirunelveli,219.2
2024-08-12,brinjal,Madurai,178.2
2024-08-12,brinjal,Nagercoil,243.3
2024-08-12,brinjal,Tuticorin,191.6
2024-08-12,brinjal,Tenkasi,211.5
2024-08-12,onion,Tirunelveli,294.4
2024-08-12,onion,Madurai,321.2
2024-08-12,onion,Nagercoil,291.9
2024-08-12,onion,Tuticorin,297.7
2024-08-12,onion,Tenkasi,287.8
2024-08-12,carrot,Tirunelveli,141.4
2024-08-12,carrot,Madurai,119.0
2024-08-12,carrot,Nagercoil,166.0
2024-08-12,carrot,Tuticorin,137.1
2024-08-12,carrot,Tenkasi,172.4
2024-08-12,cabbage,Tirunelveli,151.8
2024-08-12,cabbage,Madurai,151.3
2024-08-12,cabbage,Nagercoil,127.8
2024-08-12,cabbage,Tuticorin,169.6
2024-08-12,cabbage,Tenkasi,158.3
2024-08-12,potato,Tirunelveli,224.4
2024-08-12,potato,Madurai,289.4
2024-08-12,potato,Nagercoil,243.8
2024-08-12,potato,Tuticorin,221.4
2024-08-12,potato,Tenkasi,232.9
2024-08-12,beans,Tirunelveli,93.8
2024-08-12,beans,Madurai,151.2
2024-08-12,beans,Nagercoil,145.6
2024-08-12,beans,Tuticorin,138.8
2024-08-12,beans,Tenkasi,135.0
2024-08-12,okra,Tirunelveli,206.9
2024-08-12,okra,Madurai,177.1
2024-08-12,okra,Nagercoil,190.3
2024-08-12,okra,Tuticorin,165.7
2024-08-12,okra,Tenkasi,178.8
2024-08-13,tomato,Tirunelveli,339.7
2024-08-13,tomato,Madurai,269.1
2024-08-13,tomato,Nagercoil,318.3
2024-08-13,tomato,Tuticorin,334.0
2024-08-13,tomato,Tenkasi,329.2
2024-08-13,brinjal,Tirunelveli,197.7
2024-08-13,brinjal,Madurai,218.5
2024-08-13,brinjal,Nagercoil,192.5
2024-08-13,brinjal,Tuticorin,182.3
2024-08-13,brinjal,Tenkasi,230.4
2024-08-13,onion,Tirunelveli,310.2
2024-08-13,onion,Madurai,277.4
2024-08-13,onion,Nagercoil,288.0
2024-08-13,onion,Tuticorin,306.3
2024-08-13,onion,Tenkasi,290.3
2024-08-13,carrot,Tirunelveli,176.0
2024-08-13,carrot,Madurai,174.9
2024-08-13,carrot,Nagercoil,159.0
2024-08-13,carrot,Tuticorin,175.7
2024-08-13,carrot,Tenkasi,146.1
2024-08-13,cabbage,Tirunelveli,156.7
2024-08-13,cabbage,Madurai,147.3
2024-08-13,cabbage,Nagercoil,141.6
2024-08-13,cabbage,Tuticorin,123.9
2024-08-13,cabbage,Tenkasi,151.5
2024-08-13,potato,Tirunelveli,248.8
2024-08-13,potato,Madurai,231.2
2024-08-13,potato,Nagercoil,216.1
2024-08-13,potato,Tuticorin,215.1
2024-08-13,potato,Tenkasi,243.0
2024-08-13,beans,Tirunelveli,130.1
2024-08-13,beans,Madurai,161.0
2024-08-13,beans,Nagercoil,123.1
2024-08-13,beans,Tuticorin,91.5
2024-08-13,beans,Tenkasi,119.9
2024-08-13,okra,Tirunelveli,206.9
2024-08-13,okra,Madurai,168.2
2024-08-13,okra,Nagercoil,204.3
2024-08-13,okra,Tuticorin,185.4
2024-08-13,okra,Tenkasi,194.8
2024-08-14,tomato,Tirunelveli,367.9
2024-08-14,tomato,Madurai,294.0
2024-08-14,tomato,Nagercoil,348.6
2024-08-14,tomato,Tuticorin,328.8
2024-08-14,tomato,Tenkasi,311.7
2024-08-14,brinjal,Tirunelveli,204.7
2024-08-14,brinjal,Madurai,240.5
2024-08-14,brinjal,Nagercoil,233.4
2024-08-14,brinjal,Tuticorin,166.7
2024-08-14,brinjal,Tenkasi,191.3
2024-08-14,onion,Tirunelveli,308.2
2024-08-14,onion,Madurai,288.9
2024-08-14,onion,Nagercoil,289.0
2024-08-14,onion,Tuticorin,258.0
2024-08-14,onion,Tenkasi,274.5
2024-08-14,carrot,Tirunelveli,138.2
2024-08-14,carrot,Madurai,132.3
2024-08-14,carrot,Nagercoil,140.2
2024-08-14,carrot,Tuticorin,146.8
2024-08-14,carrot,Tenkasi,150.1
2024-08-14,cabbage,Tirunelveli,132.0
2024-08-14,cabbage,Madurai,169.2
2024-08-14,cabbage,Nagercoil,130.7
2024-08-14,cabbage,Tuticorin,177.3
2024-08-14,cabbage,Tenkasi,139.1
2024-08-14,potato,Tirunelveli,256.8
2024-08-14,potato,Madurai,257.5
2024-08-14,potato,Nagercoil,230.1
2024-08-14,potato,Tuticorin,241.5
2024-08-14,potato,Tenkasi,238.0
2024-08-14,beans,Tirunelveli,131.5
2024-08-14,beans,Madurai,121.4
2024-08-14,beans,Nagercoil,109.1
2024-08-14,beans,Tuticorin,126.4
2024-08-14,beans,Tenkasi,130.8
2024-08-14,okra,Tirunelveli,218.9
2024-08-14,okra,Madurai,183.3
2024-08-14,okra,Nagercoil,182.1
2024-08-14,okra,Tuticorin,190.5
2024-08-14,okra,Tenkasi,162.9
2024-08-15,tomato,Tirunelveli,296.2
2024-08-15,tomato,Madurai,324.5
2024-08-15,tomato,Nagercoil,352.2
2024-08-15,tomato,Tuticorin,355.4
2024-08-15,tomato,Tenkasi,293.1
2024-08-15,brinjal,Tirunelveli,220.0
2024-08-15,brinjal,Madurai,163.0
2024-08-15,brinjal,Nagercoil,215.9
2024-08-15,brinjal,Tuticorin,214.7
2024-08-15,brinjal,Tenkasi,172.2
2024-08-15,onion,Tirunelveli,309.4
2024-08-15,onion,Madurai,324.3
2024-08-15,onion,Nagercoil,288.1
2024-08-15,onion,Tuticorin,292.2
2024-08-15,onion,Tenkasi,319.0
2024-08-15,carrot,Tirunelveli,142.8
2024-08-15,carrot,Madurai,143.3
2024-08-15,carrot,Nagercoil,148.6
2024-08-15,carrot,Tuticorin,166.1
2024-08-15,carrot,Tenkasi,166.0
2024-08-15,cabbage,Tirunelveli,137.8
2024-08-15,cabbage,Madurai,142.8
2024-08-15,cabbage,Nagercoil,138.0
2024-08-15,cabbage,Tuticorin,139.0
2024-08-15,cabbage,Tenkasi,133.5
2024-08-15,potato,Tirunelveli,232.8
2024-08-15,potato,Madurai,208.0
2024-08-15,potato,Nagercoil,243.6
2024-08-15,potato,Tuticorin,208.9
2024-08-15,potato,Tenkasi,263.0
2024-08-15,beans,Tirunelveli,112.8
2024-08-15,beans,Madurai,121.6
2024-08-15,beans,Nagercoil,116.6
2024-08-15,beans,Tuticorin,119.1
2024-08-15,beans,Tenkasi,149.3
2024-08-15,okra,Tirunelveli,154.9
2024-08-15,okra,Madurai,149.4
2024-08-15,okra,Nagercoil,184.3
2024-08-15,okra,Tuticorin,172.0
2024-08-15,okra,Tenkasi,189.1
2024-08-16,tomato,Tirunelveli,345.0
2024-08-16,tomato,Madurai,308.6
2024-08-16,tomato,Nagercoil,342.8
2024-08-16,tomato,Tuticorin,310.3
2024-08-16,tomato,Tenkasi,332.2
2024-08-16,brinjal,Tirunelveli,182.0
2024-08-16,brinjal,Madurai,209.3
2024-08-16,brinjal,Nagercoil,206.3
2024-08-16,brinjal,Tuticorin,184.6
2024-08-16,brinjal,Tenkasi,179.5
2024-08-16,onion,Tirunelveli,304.4
2024-08-16,onion,Madurai,280.3
2024-08-16,onion,Nagercoil,309.6
2024-08-16,onion,Tuticorin,278.5
2024-08-16,onion,Tenkasi,315.4
2024-08-16,carrot,Tirunelveli,146.4
2024-08-16,carrot,Madurai,194.8
2024-08-16,carrot,Nagercoil,168.8
2024-08-16,carrot,Tuticorin,173.4
2024-08-16,carrot,Tenkasi,145.3
2024-08-16,cabbage,Tirunelveli,163.4
2024-08-16,cabbage,Madurai,164.1
2024-08-16,cabbage,Nagercoil,142.3
2024-08-16,cabbage,Tuticorin,106.1
2024-08-16,cabbage,Tenkasi,126.6
2024-08-16,potato,Tirunelveli,225.8
2024-08-16,potato,Madurai,257.0
2024-08-16,potato,Nagercoil,238.7
2024-08-16,potato,Tuticorin,239.1
2024-08-16,potato,Tenkasi,236.7
2024-08-16,beans,Tirunelveli,153.4
2024-08-16,beans,Madurai,124.9
2024-08-16,beans,Nagercoil,128.0
2024-08-16,beans,Tuticorin,111.6
2024-08-16,beans,Tenkasi,123.4
2024-08-16,okra,Tirunelveli,162.4
2024-08-16,okra,Madurai,188.8
2024-08-16,okra,Nagercoil,159.0
2024-08-16,okra,Tuticorin,196.8
2024-08-16,okra,Tenkasi,167.2
2024-08-17,tomato,Tirunelveli,399.3
2024-08-17,tomato,Madurai,418.5
2024-08-17,tomato,Nagercoil,380.3
2024-08-17,tomato,Tuticorin,406.6
2024-08-17,tomato,Tenkasi,395.4
2024-08-17,brinjal,Tirunelveli,209.0
2024-08-17,brinjal,Madurai,239.9
2024-08-17,brinjal,Nagercoil,247.7
2024-08-17,brinjal,Tuticorin,249.7
2024-08-17,brinjal,Tenkasi,241.3
2024-08-17,onion,Tirunelveli,336.1
2024-08-17,onion,Madurai,332.9
2024-08-17,onion,Nagercoil,335.4
2024-08-17,onion,Tuticorin,308.3
2024-08-17,onion,Tenkasi,328.1
2024-08-17,carrot,Tirunelveli,161.1
2024-08-17,carrot,Madurai,180.2
2024-08-17,carrot,Nagercoil,178.3
2024-08-17,carrot,Tuticorin,177.1
2024-08-17,carrot,Tenkasi,169.1
2024-08-17,cabbage,Tirunelveli,176.5
2024-08-17,cabbage,Madurai,164.8
2024-08-17,cabbage,Nagercoil,162.7
2024-08-17,cabbage,Tuticorin,143.0
2024-08-17,cabbage,Tenkasi,165.2
2024-08-17,potato,Tirunelveli,308.2
2024-08-17,potato,Madurai,308.5
2024-08-17,potato,Nagercoil,292.7
2024-08-17,potato,Tuticorin,279.3
2024-08-17,potato,Tenkasi,296.4
2024-08-17,beans,Tirunelveli,129.3
2024-08-17,beans,Madurai,136.6
2024-08-17,beans,Nagercoil,127.8
2024-08-17,beans,Tuticorin,160.8
2024-08-17,beans,Tenkasi,158.2
2024-08-17,okra,Tirunelveli,208.5
2024-08-17,okra,Madurai,243.8
2024-08-17,okra,Nagercoil,217.4
2024-08-17,okra,Tuticorin,216.3
2024-08-17,okra,Tenkasi,214.2
2024-08-18,tomato,Tirunelveli,355.1
2024-08-18,tomato,Madurai,362.4
2024-08-18,tomato,Nagercoil,379.2
2024-08-18,tomato,Tuticorin,379.4
2024-08-18,tomato,Tenkasi,392.1
2024-08-18,brinjal,Tirunelveli,224.3
2024-08-18,brinjal,Madurai,239.1
2024-08-18,brinjal,Nagercoil,239.5
2024-08-18,brinjal,Tuticorin,240.3
2024-08-18,brinjal,Tenkasi,238.0
2024-08-18,onion,Tirunelveli,304.7
2024-08-18,onion,Madurai,287.6
2024-08-18,onion,Nagercoil,313.9
2024-08-18,onion,Tuticorin,322.2
2024-08-18,onion,Tenkasi,309.2
2024-08-18,carrot,Tirunelveli,189.0
2024-08-18,carrot,Madurai,212.0
2024-08-18,carrot,Nagercoil,204.7
2024-08-18,carrot,Tuticorin,199.5
2024-08-18,carrot,Tenkasi,209.9
2024-08-18,cabbage,Tirunelveli,152.7
2024-08-18,cabbage,Madurai,162.0
2024-08-18,cabbage,Nagercoil,183.4
2024-08-18,cabbage,Tuticorin,161.7
2024-08-18,cabbage,Tenkasi,162.8
2024-08-18,potato,Tirunelveli,322.5
2024-08-18,potato,Madurai,287.2
2024-08-18,potato,Nagercoil,320.5
2024-08-18,potato,Tuticorin,248.8
2024-08-18,potato,Tenkasi,272.6
2024-08-18,beans,Tirunelveli,150.8
2024-08-18,beans,Madurai,144.5
2024-08-18,beans,Nagercoil,101.5
2024-08-18,beans,Tuticorin,138.0
2024-08-18,beans,Tenkasi,192.1
2024-08-18,okra,Tirunelveli,214.1
2024-08-18,okra,Madurai,221.3
2024-08-18,okra,Nagercoil,196.3
2024-08-18,okra,Tuticorin,214.0
2024-08-18,okra,Tenkasi,208.9
2024-08-19,tomato,Tirunelveli,353.1
2024-08-19,tomato,Madurai,352.5
2024-08-19,tomato,Nagercoil,338.9
2024-08-19,tomato,Tuticorin,332.1
2024-08-19,tomato,Tenkasi,297.1
2024-08-19,brinjal,Tirunelveli,172.4
2024-08-19,brinjal,Madurai,208.3
2024-08-19,brinjal,Nagercoil,224.2
2024-08-19,brinjal,Tuticorin,233.3
2024-08-19,brinjal,Tenkasi,188.9
2024-08-19,onion,Tirunelveli,259.2
2024-08-19,onion,Madurai,308.0
2024-08-19,onion,Nagercoil,273.1
2024-08-19,onion,Tuticorin,257.8
2024-08-19,onion,Tenkasi,279.5
2024-08-19,carrot,Tirunelveli,155.1
2024-08-19,carrot,Madurai,191.8
2024-08-19,carrot,Nagercoil,182.7
2024-08-19,carrot,Tuticorin,150.6
2024-08-19,carrot,Tenkasi,193.3
2024-08-19,cabbage,Tirunelveli,151.3
2024-08-19,cabbage,Madurai,170.0
2024-08-19,cabbage,Nagercoil,175.4
2024-08-19,cabbage,Tuticorin,143.6
2024-08-19,cabbage,Tenkasi,160.2
2024-08-19,potato,Tirunelveli,239.9
2024-08-19,potato,Madurai,266.6
2024-08-19,potato,Nagercoil,249.8
2024-08-19,potato,Tuticorin,267.2
2024-08-19,potato,Tenkasi,278.5
2024-08-19,beans,Tirunelveli,135.0
2024-08-19,beans,Madurai,122.2
2024-08-19,beans,Nagercoil,122.5
2024-08-19,beans,Tuticorin,64.9
2024-08-19,beans,Tenkasi,109.8
2024-08-19,okra,Tirunelveli,200.5
2024-08-19,okra,Madurai,201.3
2024-08-19,okra,Nagercoil,167.2
2024-08-19,okra,Tuticorin,185.2
2024-08-19,okra,Tenkasi,178.1
2024-08-20,tomato,Tirunelveli,344.5
2024-08-20,tomato,Madurai,374.9
2024-08-20,tomato,Nagercoil,344.9
2024-08-20,tomato,Tuticorin,317.3
2024-08-20,tomato,Tenkasi,329.1
2024-08-20,brinjal,Tirunelveli,234.7
2024-08-20,brinjal,Madurai,178.5
2024-08-20,brinjal,Nagercoil,194.4
2024-08-20,brinjal,Tuticorin,220.9
2024-08-20,brinjal,Tenkasi,232.6
2024-08-20,onion,Tirunelveli,301.6
2024-08-20,onion,Madurai,277.2
2024-08-20,onion,Nagercoil,300.1
2024-08-20,onion,Tuticorin,297.7
2024-08-20,onion,Tenkasi,296.4
2024-08-20,carrot,Tirunelveli,163.4
2024-08-20,carrot,Madurai,166.4
2024-08-20,carrot,Nagercoil,147.2
2024-08-20,carrot,Tuticorin,215.0
2024-08-20,carrot,Tenkasi,168.5
2024-08-20,cabbage,Tirunelveli,159.8
2024-08-20,cabbage,Madurai,144.5
2024-08-20,cabbage,Nagercoil,165.7
2024-08-20,cabbage,Tuticorin,122.9
2024-08-20,cabbage,Tenkasi,113.9
2024-08-20,potato,Tirunelveli,247.4
2024-08-20,potato,Madurai,289.1
2024-08-20,potato,Nagercoil,272.2
2024-08-20,potato,Tuticorin,231.9
2024-08-20,potato,Tenkasi,258.4
2024-08-20,beans,Tirunelveli,111.3
2024-08-20,beans,Madurai,132.5
2024-08-20,beans,Nagercoil,134.1
2024-08-20,beans,Tuticorin,142.5
2024-08-20,beans,Tenkasi,92.7
2024-08-20,okra,Tirunelveli,156.6
2024-08-20,okra,Madurai,180.4
2024-08-20,okra,Nagercoil,161.2
2024-08-20,okra,Tuticorin,159.7
2024-08-20,okra,Tenkasi,187.3
2024-08-21,tomato,Tirunelveli,312.4
2024-08-21,tomato,Madurai,375.9
2024-08-21,tomato,Nagercoil,320.1
2024-08-21,tomato,Tuticorin,325.3
2024-08-21,tomato,Tenkasi,336.7
2024-08-21,brinjal,Tirunelveli,176.5
2024-08-21,brinjal,Madurai,216.9
2024-08-21,brinjal,Nagercoil,213.5
2024-08-21,brinjal,Tuticorin,199.7
2024-08-21,brinjal,Tenkasi,212.2
2024-08-21,onion,Tirunelveli,297.9
2024-08-21,onion,Madurai,318.1
2024-08-21,onion,Nagercoil,339.4
2024-08-21,onion,Tuticorin,268.1
2024-08-21,onion,Tenkasi,263.4
2024-08-21,carrot,Tirunelveli,167.4
2024-08-21,carrot,Madurai,123.8
2024-08-21,carrot,Nagercoil,178.3
2024-08-21,carrot,Tuticorin,167.6
2024-08-21,carrot,Tenkasi,172.7
2024-08-21,cabbage,Tirunelveli,142.8
2024-08-21,cabbage,Madurai,153.9
2024-08-21,cabbage,Nagercoil,158.3
2024-08-21,cabbage,Tuticorin,152.8
2024-08-21,cabbage,Tenkasi,121.9
2024-08-21,potato,Tirunelveli,251.5
2024-08-21,potato,Madurai,285.1
2024-08-21,potato,Nagercoil,252.9
2024-08-21,potato,Tuticorin,250.8
2024-08-21,potato,Tenkasi,279.2
2024-08-21,beans,Tirunelveli,109.1
2024-08-21,beans,Madurai,141.8
2024-08-21,beans,Nagercoil,113.4
2024-08-21,beans,Tuticorin,145.8
2024-08-21,beans,Tenkasi,140.0
2024-08-21,okra,Tirunelveli,173.6
2024-08-21,okra,Madurai,176.6
2024-08-21,okra,Nagercoil,201.5
2024-08-21,okra,Tuticorin,144.8
2024-08-21,okra,Tenkasi,173.1
2024-08-22,tomato,Tirunelveli,343.1
2024-08-22,tomato,Madurai,324.6
2024-08-22,tomato,Nagercoil,333.4
2024-08-22,tomato,Tuticorin,289.9
2024-08-22,tomato,Tenkasi,313.6
2024-08-22,brinjal,Tirunelveli,220.3
2024-08-22,brinjal,Madurai,191.7
2024-08-22,brinjal,Nagercoil,180.6
2024-08-22,brinjal,Tuticorin,227.9
2024-08-22,brinjal,Tenkasi,217.0
2024-08-22,onion,Tirunelveli,267.6
2024-08-22,onion,Madurai,292.1
2024-08-22,onion,Nagercoil,268.3
2024-08-22,onion,Tuticorin,286.3
2024-08-22,onion,Tenkasi,292.9
2024-08-22,carrot,Tirunelveli,149.2
2024-08-22,carrot,Madurai,180.2
2024-08-22,carrot,Nagercoil,183.3
2024-08-22,carrot,Tuticorin,170.6
2024-08-22,carrot,Tenkasi,173.6
2024-08-22,cabbage,Tirunelveli,119.8
2024-08-22,cabbage,Madurai,176.1
2024-08-22,cabbage,Nagercoil,147.0
2024-08-22,cabbage,Tuticorin,130.1
2024-08-22,cabbage,Tenkasi,151.7
2024-08-22,potato,Tirunelveli,262.9
2024-08-22,potato,Madurai,258.3
2024-08-22,potato,Nagercoil,226.3
2024-08-22,potato,Tuticorin,263.2
2024-08-22,potato,Tenkasi,246.8
2024-08-22,beans,Tirunelveli,134.0
2024-08-22,beans,Madurai,108.0
2024-08-22,beans,Nagercoil,144.9
2024-08-22,beans,Tuticorin,127.7
2024-08-22,beans,Tenkasi,147.8
2024-08-22,okra,Tirunelveli,151.2
2024-08-22,okra,Madurai,153.9
2024-08-22,okra,Nagercoil,177.1
2024-08-22,okra,Tuticorin,211.2
2024-08-22,okra,Tenkasi,221.2
2024-08-23,tomato,Tirunelveli,312.9
2024-08-23,tomato,Madurai,331.8
2024-08-23,tomato,Nagercoil,333.8
2024-08-23,tomato,Tuticorin,345.1
2024-08-23,tomato,Tenkasi,348.4
2024-08-23,brinjal,Tirunelveli,184.4
2024-08-23,brinjal,Madurai,208.0
2024-08-23,brinjal,Nagercoil,166.5
2024-08-23,brinjal,Tuticorin,222.9
2024-08-23,brinjal,Tenkasi,199.9
2024-08-23,onion,Tirunelveli,265.3
2024-08-23,onion,Madurai,296.0
2024-08-23,onion,Nagercoil,282.0
2024-08-23,onion,Tuticorin,314.6
2024-08-23,onion,Tenkasi,271.5
2024-08-23,carrot,Tirunelveli,209.8
2024-08-23,carrot,Madurai,182.5
2024-08-23,carrot,Nagercoil,191.1
2024-08-23,carrot,Tuticorin,144.8
2024-08-23,carrot,Tenkasi,201.1
2024-08-23,cabbage,Tirunelveli,124.6
2024-08-23,cabbage,Madurai,144.6
2024-08-23,cabbage,Nagercoil,174.9
2024-08-23,cabbage,Tuticorin,159.0
2024-08-23,cabbage,Tenkasi,124.0
2024-08-23,potato,Tirunelveli,270.7
2024-08-23,potato,Madurai,254.8
2024-08-23,potato,Nagercoil,239.7
2024-08-23,potato,Tuticorin,217.2
2024-08-23,potato,Tenkasi,256.7
2024-08-23,beans,Tirunelveli,120.8
2024-08-23,beans,Madurai,127.1
2024-08-23,beans,Nagercoil,92.3
2024-08-23,beans,Tuticorin,115.6
2024-08-23,beans,Tenkasi,133.6
2024-08-23,okra,Tirunelveli,219.4
2024-08-23,okra,Madurai,177.8
2024-08-23,okra,Nagercoil,210.8
2024-08-23,okra,Tuticorin,197.6
2024-08-23,okra,Tenkasi,186.6
2024-08-24,tomato,Tirunelveli,360.1
2024-08-24,tomato,Madurai,360.9
2024-08-24,tomato,Nagercoil,392.7
2024-08-24,tomato,Tuticorin,369.8
2024-08-24,tomato,Tenkasi,368.0
2024-08-24,brinjal,Tirunelveli,234.1
2024-08-24,brinjal,Madurai,234.4
2024-08-24,brinjal,Nagercoil,255.7
2024-08-24,brinjal,Tuticorin,227.6
2024-08-24,brinjal,Tenkasi,253.7
2024-08-24,onion,Tirunelveli,341.6
2024-08-24,onion,Madurai,299.3
2024-08-24,onion,Nagercoil,338.7
2024-08-24,onion,Tuticorin,279.4
2024-08-24,onion,Tenkasi,314.9
2024-08-24,carrot,Tirunelveli,199.4
2024-08-24,carrot,Madurai,189.9
2024-08-24,carrot,Nagercoil,154.8
2024-08-24,carrot,Tuticorin,167.8
2024-08-24,carrot,Tenkasi,138.0
2024-08-24,cabbage,Tirunelveli,144.3
2024-08-24,cabbage,Madurai,182.7
2024-08-24,cabbage,Nagercoil,160.0
2024-08-24,cabbage,Tuticorin,174.5
2024-08-24,cabbage,Tenkasi,171.4
2024-08-24,potato,Tirunelveli,285.9
2024-08-24,potato,Madurai,305.7
2024-08-24,potato,Nagercoil,281.2
2024-08-24,potato,Tuticorin,303.5
2024-08-24,potato,Tenkasi,235.7
2024-08-24,beans,Tirunelveli,164.9
2024-08-24,beans,Madurai,116.8
2024-08-24,beans,Nagercoil,121.2
2024-08-24,beans,Tuticorin,128.5
2024-08-24,beans,Tenkasi,164.3
2024-08-24,okra,Tirunelveli,191.4
2024-08-24,okra,Madurai,196.1
2024-08-24,okra,Nagercoil,189.9
2024-08-24,okra,Tuticorin,214.3
2024-08-24,okra,Tenkasi,224.1
2024-08-25,tomato,Tirunelveli,414.4
2024-08-25,tomato,Madurai,428.3
2024-08-25,tomato,Nagercoil,393.3
2024-08-25,tomato,Tuticorin,387.6
2024-08-25,tomato,Tenkasi,356.0
2024-08-25,brinjal,Tirunelveli,275.9
2024-08-25,brinjal,Madurai,242.0
2024-08-25,brinjal,Nagercoil,231.9
2024-08-25,brinjal,Tuticorin,245.5
2024-08-25,brinjal,Tenkasi,225.0
2024-08-25,onion,Tirunelveli,286.0
2024-08-25,onion,Madurai,344.2
2024-08-25,onion,Nagercoil,359.6
2024-08-25,onion,Tuticorin,343.9
2024-08-25,onion,Tenkasi,332.6
2024-08-25,carrot,Tirunelveli,190.4
2024-08-25,carrot,Madurai,193.6
2024-08-25,carrot,Nagercoil,193.0
2024-08-25,carrot,Tuticorin,188.9
2024-08-25,carrot,Tenkasi,190.7
2024-08-25,cabbage,Tirunelveli,202.2
2024-08-25,cabbage,Madurai,180.6
2024-08-25,cabbage,Nagercoil,173.2
2024-08-25,cabbage,Tuticorin,184.3
2024-08-25,cabbage,Tenkasi,184.3
2024-08-25,potato,Tirunelveli,304.2
2024-08-25,potato,Madurai,270.1
2024-08-25,potato,Nagercoil,275.6
2024-08-25,potato,Tuticorin,269.0
2024-08-25,potato,Tenkasi,300.6
2024-08-25,beans,Tirunelveli,157.0
2024-08-25,beans,Madurai,117.2
2024-08-25,beans,Nagercoil,150.4
2024-08-25,beans,Tuticorin,170.1
2024-08-25,beans,Tenkasi,137.9
2024-08-25,okra,Tirunelveli,215.5
2024-08-25,okra,Madurai,223.8
2024-08-25,okra,Nagercoil,182.8
2024-08-25,okra,Tuticorin,212.2
2024-08-25,okra,Tenkasi,234.6
2024-08-26,tomato,Tirunelveli,318.9
2024-08-26,tomato,Madurai,347.4
2024-08-26,tomato,Nagercoil,331.3
2024-08-26,tomato,Tuticorin,317.2
2024-08-26,tomato,Tenkasi,328.8
2024-08-26,brinjal,Tirunelveli,196.2
2024-08-26,brinjal,Madurai,188.9
2024-08-26,brinjal,Nagercoil,201.6
2024-08-26,brinjal,Tuticorin,208.1
2024-08-26,brinjal,Tenkasi,203.4
2024-08-26,onion,Tirunelveli,284.1
2024-08-26,onion,Madurai,293.9
2024-08-26,onion,Nagercoil,300.0
2024-08-26,onion,Tuticorin,266.5
2024-08-26,onion,Tenkasi,284.3
2024-08-26,carrot,Tirunelveli,125.9
2024-08-26,carrot,Madurai,162.1
2024-08-26,carrot,Nagercoil,168.4
2024-08-26,carrot,Tuticorin,176.8
2024-08-26,carrot,Tenkasi,168.4
2024-08-26,cabbage,Tirunelveli,159.8
2024-08-26,cabbage,Madurai,150.1
2024-08-26,cabbage,Nagercoil,135.3
2024-08-26,cabbage,Tuticorin,126.5
2024-08-26,cabbage,Tenkasi,143.6
2024-08-26,potato,Tirunelveli,232.7
2024-08-26,potato,Madurai,245.6
2024-08-26,potato,Nagercoil,238.2
2024-08-26,potato,Tuticorin,256.4
2024-08-26,potato,Tenkasi,249.0
2024-08-26,beans,Tirunelveli,133.0
2024-08-26,beans,Madurai,132.9
2024-08-26,beans,Nagercoil,120.4
2024-08-26,beans,Tuticorin,121.7
2024-08-26,beans,Tenkasi,134.1
2024-08-26,okra,Tirunelveli,230.8
2024-08-26,okra,Madurai,162.1
2024-08-26,okra,Nagercoil,182.7
2024-08-26,okra,Tuticorin,158.0
2024-08-26,okra,Tenkasi,181.5
2024-08-27,tomato,Tirunelveli,317.2
2024-08-27,tomato,Madurai,328.3
2024-08-27,tomato,Nagercoil,333.8
2024-08-27,tomato,Tuticorin,320.9
2024-08-27,tomato,Tenkasi,295.0
2024-08-27,brinjal,Tirunelveli,235.2
2024-08-27,brinjal,Madurai,223.5
2024-08-27,brinjal,Nagercoil,204.1
2024-08-27,brinjal,Tuticorin,188.8
2024-08-27,brinjal,Tenkasi,208.4
2024-08-27,onion,Tirunelveli,296.6
2024-08-27,onion,Madurai,304.8
2024-08-27,onion,Nagercoil,306.6
2024-08-27,onion,Tuticorin,310.4
2024-08-27,onion,Tenkasi,254.6
2024-08-27,carrot,Tirunelveli,159.3
2024-08-27,carrot,Madurai,185.2
2024-08-27,carrot,Nagercoil,146.9
2024-08-27,carrot,Tuticorin,189.7
2024-08-27,carrot,Tenkasi,201.6
2024-08-27,cabbage,Tirunelveli,172.6
2024-08-27,cabbage,Madurai,162.1
2024-08-27,cabbage,Nagercoil,139.9
2024-08-27,cabbage,Tuticorin,154.5
2024-08-27,cabbage,Tenkasi,121.9
2024-08-27,potato,Tirunelveli,232.4
2024-08-27,potato,Madurai,233.8
2024-08-27,potato,Nagercoil,249.3
2024-08-27,potato,Tuticorin,240.2
2024-08-27,potato,Tenkasi,253.3
2024-08-27,beans,Tirunelveli,141.6
2024-08-27,beans,Madurai,109.8
2024-08-27,beans,Nagercoil,127.0
2024-08-27,beans,Tuticorin,115.7
2024-08-27,beans,Tenkasi,127.8
2024-08-27,okra,Tirunelveli,195.6
2024-08-27,okra,Madurai,200.3
2024-08-27,okra,Nagercoil,195.3
2024-08-27,okra,Tuticorin,190.2
2024-08-27,okra,Tenkasi,153.5
2024-08-28,tomato,Tirunelveli,309.1
2024-08-28,tomato,Madurai,314.2
2024-08-28,tomato,Nagercoil,337.9
2024-08-28,tomato,Tuticorin,304.9
2024-08-28,tomato,Tenkasi,337.5
2024-08-28,brinjal,Tirunelveli,212.0
2024-08-28,brinjal,Madurai,168.0
2024-08-28,brinjal,Nagercoil,184.9
2024-08-28,brinjal,Tuticorin,227.6
2024-08-28,brinjal,Tenkasi,220.6
2024-08-28,onion,Tirunelveli,272.4
2024-08-28,onion,Madurai,268.7
2024-08-28,onion,Nagercoil,240.4
2024-08-28,onion,Tuticorin,318.8
2024-08-28,onion,Tenkasi,290.2
2024-08-28,carrot,Tirunelveli,203.0
2024-08-28,carrot,Madurai,161.5
2024-08-28,carrot,Nagercoil,171.0
2024-08-28,carrot,Tuticorin,183.2
2024-08-28,carrot,Tenkasi,198.1
2024-08-28,cabbage,Tirunelveli,158.8
2024-08-28,cabbage,Madurai,148.9
2024-08-28,cabbage,Nagercoil,149.4
2024-08-28,cabbage,Tuticorin,127.9
2024-08-28,cabbage,Tenkasi,141.2
2024-08-28,potato,Tirunelveli,249.1
2024-08-28,potato,Madurai,275.7
2024-08-28,potato,Nagercoil,239.4
2024-08-28,potato,Tuticorin,269.3
2024-08-28,potato,Tenkasi,246.4
2024-08-28,beans,Tirunelveli,148.9
2024-08-28,beans,Madurai,137.6
2024-08-28,beans,Nagercoil,136.2
2024-08-28,beans,Tuticorin,143.6
2024-08-28,beans,Tenkasi,140.7
2024-08-28,okra,Tirunelveli,203.2
2024-08-28,okra,Madurai,224.5
2024-08-28,okra,Nagercoil,214.2
2024-08-28,okra,Tuticorin,191.2
2024-08-28,okra,Tenkasi,173.1
2024-08-29,tomato,Tirunelveli,338.0
2024-08-29,tomato,Madurai,292.2
2024-08-29,tomato,Nagercoil,347.3
2024-08-29,tomato,Tuticorin,309.5
2024-08-29,tomato,Tenkasi,353.2
2024-08-29,brinjal,Tirunelveli,246.3
2024-08-29,brinjal,Madurai,177.7
2024-08-29,brinjal,Nagercoil,205.7
2024-08-29,brinjal,Tuticorin,185.4
2024-08-29,brinjal,Tenkasi,172.1
2024-08-29,onion,Tirunelveli,287.3
2024-08-29,onion,Madurai,302.1
2024-08-29,onion,Nagercoil,304.5
2024-08-29,onion,Tuticorin,292.5
2024-08-29,onion,Tenkasi,256.1
2024-08-29,carrot,Tirunelveli,167.8
2024-08-29,carrot,Madurai,135.5
2024-08-29,carrot,Nagercoil,136.8
2024-08-29,carrot,Tuticorin,145.4
2024-08-29,carrot,Tenkasi,186.4
2024-08-29,cabbage,Tirunelveli,159.7
2024-08-29,cabbage,Madurai,155.3
2024-08-29,cabbage,Nagercoil,131.6
2024-08-29,cabbage,Tuticorin,141.1
2024-08-29,cabbage,Tenkasi,121.4
2024-08-29,potato,Tirunelveli,275.3
2024-08-29,potato,Madurai,292.0
2024-08-29,potato,Nagercoil,259.2
2024-08-29,potato,Tuticorin,262.7
2024-08-29,potato,Tenkasi,244.9
2024-08-29,beans,Tirunelveli,91.6
2024-08-29,beans,Madurai,107.1
2024-08-29,beans,Nagercoil,114.7
2024-08-29,beans,Tuticorin,116.3
2024-08-29,beans,Tenkasi,111.7
2024-08-29,okra,Tirunelveli,182.8
2024-08-29,okra,Madurai,164.9
2024-08-29,okra,Nagercoil,225.2
2024-08-29,okra,Tuticorin,154.6
2024-08-29,okra,Tenkasi,199.6
2024-08-30,tomato,Tirunelveli,325.5
2024-08-30,tomato,Madurai,340.0
2024-08-30,tomato,Nagercoil,340.9
2024-08-30,tomato,Tuticorin,333.9
2024-08-30,tomato,Tenkasi,308.1
2024-08-30,brinjal,Tirunelveli,200.1
2024-08-30,brinjal,Madurai,210.1
2024-08-30,brinjal,Nagercoil,208.8
2024-08-30,brinjal,Tuticorin,186.2
2024-08-30,brinjal,Tenkasi,232.5
2024-08-30,onion,Tirunelveli,239.5
2024-08-30,onion,Madurai,284.4
2024-08-30,onion,Nagercoil,271.0
2024-08-30,onion,Tuticorin,293.0
2024-08-30,onion,Tenkasi,309.7
2024-08-30,carrot,Tirunelveli,137.2
2024-08-30,carrot,Madurai,212.4
2024-08-30,carrot,Nagercoil,169.4
2024-08-30,carrot,Tuticorin,173.0
2024-08-30,carrot,Tenkasi,136.6
2024-08-30,cabbage,Tirunelveli,147.9
2024-08-30,cabbage,Madurai,168.3
2024-08-30,cabbage,Nagercoil,153.0
2024-08-30,cabbage,Tuticorin,151.6
2024-08-30,cabbage,Tenkasi,147.8
2024-08-30,potato,Tirunelveli,220.5
2024-08-30,potato,Madurai,220.4
2024-08-30,potato,Nagercoil,271.4
2024-08-30,potato,Tuticorin,265.7
2024-08-30,potato,Tenkasi,268.6
2024-08-30,beans,Tirunelveli,107.6
2024-08-30,beans,Madurai,120.9
2024-08-30,beans,Nagercoil,148.7
2024-08-30,beans,Tuticorin,99.4
2024-08-30,beans,Tenkasi,146.6
2024-08-30,okra,Tirunelveli,170.2
2024-08-30,okra,Madurai,164.8
2024-08-30,okra,Nagercoil,181.3
2024-08-30,okra,Tuticorin,159.6
2024-08-30,okra,Tenkasi,144.0
2024-08-31,tomato,Tirunelveli,381.8
2024-08-31,tomato,Madurai,391.0
2024-08-31,tomato,Nagercoil,404.6
2024-08-31,tomato,Tuticorin,392.5
2024-08-31,tomato,Tenkasi,419.6
2024-08-31,brinjal,Tirunelveli,264.9
2024-08-31,brinjal,Madurai,252.5
2024-08-31,brinjal,Nagercoil,247.1
2024-08-31,brinjal,Tuticorin,262.3
2024-08-31,brinjal,Tenkasi,193.4
2024-08-31,onion,Tirunelveli,323.2
2024-08-31,onion,Madurai,295.6
2024-08-31,onion,Nagercoil,346.0
2024-08-31,onion,Tuticorin,317.9
2024-08-31,onion,Tenkasi,393.2
2024-08-31,carrot,Tirunelveli,179.8
2024-08-31,carrot,Madurai,192.3
2024-08-31,carrot,Nagercoil,182.1
2024-08-31,carrot,Tuticorin,180.4
2024-08-31,carrot,Tenkasi,165.2
2024-08-31,cabbage,Tirunelveli,145.5
2024-08-31,cabbage,Madurai,127.6
2024-08-31,cabbage,Nagercoil,182.1
2024-08-31,cabbage,Tuticorin,162.7
2024-08-31,cabbage,Tenkasi,209.8
2024-08-31,potato,Tirunelveli,260.4
2024-08-31,potato,Madurai,314.8
2024-08-31,potato,Nagercoil,316.7
2024-08-31,potato,Tuticorin,310.8
2024-08-31,potato,Tenkasi,289.9
2024-08-31,beans,Tirunelveli,135.9
2024-08-31,beans,Madurai,168.1
2024-08-31,beans,Nagercoil,126.8
2024-08-31,beans,Tuticorin,148.0
2024-08-31,beans,Tenkasi,141.7
2024-08-31,okra,Tirunelveli,191.4
2024-08-31,okra,Madurai,214.7
2024-08-31,okra,Nagercoil,224.0
2024-08-31,okra,Tuticorin,190.6
2024-08-31,okra,Tenkasi,218.4
2024-09-01,tomato,Tirunelveli,323.4
2024-09-01,tomato,Madurai,347.0
2024-09-01,tomato,Nagercoil,358.9
2024-09-01,tomato,Tuticorin,375.1
2024-09-01,tomato,Tenkasi,385.4
2024-09-01,brinjal,Tirunelveli,231.7
2024-09-01,brinjal,Madurai,241.3
2024-09-01,brinjal,Nagercoil,226.8
2024-09-01,brinjal,Tuticorin,238.1
2024-09-01,brinjal,Tenkasi,237.0
2024-09-01,onion,Tirunelveli,311.8
2024-09-01,onion,Madurai,314.9
2024-09-01,onion,Nagercoil,334.0
2024-09-01,onion,Tuticorin,358.2
2024-09-01,onion,Tenkasi,346.1
2024-09-01,carrot,Tirunelveli,161.4
2024-09-01,carrot,Madurai,161.5
2024-09-01,carrot,Nagercoil,173.3
2024-09-01,carrot,Tuticorin,186.0
2024-09-01,carrot,Tenkasi,185.0
2024-09-01,cabbage,Tirunelveli,190.4
2024-09-01,cabbage,Madurai,191.5
2024-09-01,cabbage,Nagercoil,165.7
2024-09-01,cabbage,Tuticorin,161.0
2024-09-01,cabbage,Tenkasi,175.9
2024-09-01,potato,Tirunelveli,297.3
2024-09-01,potato,Madurai,287.0
2024-09-01,potato,Nagercoil,267.4
2024-09-01,potato,Tuticorin,263.8
2024-09-01,potato,Tenkasi,253.8
2024-09-01,beans,Tirunelveli,141.9
2024-09-01,beans,Madurai,150.5
2024-09-01,beans,Nagercoil,152.7
2024-09-01,beans,Tuticorin,161.0
2024-09-01,beans,Tenkasi,167.6
2024-09-01,okra,Tirunelveli,174.9
2024-09-01,okra,Madurai,210.5
2024-09-01,okra,Nagercoil,211.2
2024-09-01,okra,Tuticorin,200.9
2024-09-01,okra,Tenkasi,185.8
2024-09-02,tomato,Tirunelveli,348.9
2024-09-02,tomato,Madurai,308.2
2024-09-02,tomato,Nagercoil,276.1
2024-09-02,tomato,Tuticorin,320.4
2024-09-02,tomato,Tenkasi,315.2
2024-09-02,brinjal,Tirunelveli,237.2
2024-09-02,brinjal,Madurai,209.8
2024-09-02,brinjal,Nagercoil,193.9
2024-09-02,brinjal,Tuticorin,196.1
2024-09-02,brinjal,Tenkasi,195.8
2024-09-02,onion,Tirunelveli,324.3
2024-09-02,onion,Madurai,293.5
2024-09-02,onion,Nagercoil,251.9
2024-09-02,onion,Tuticorin,275.1
2024-09-02,onion,Tenkasi,279.5
2024-09-02,carrot,Tirunelveli,137.8
2024-09-02,carrot,Madurai,124.3
2024-09-02,carrot,Nagercoil,171.9
2024-09-02,carrot,Tuticorin,143.9
2024-09-02,carrot,Tenkasi,185.0
2024-09-02,cabbage,Tirunelveli,144.2
2024-09-02,cabbage,Madurai,134.5
2024-09-02,cabbage,Nagercoil,95.7
2024-09-02,cabbage,Tuticorin,168.4
2024-09-02,cabbage,Tenkasi,149.9
2024-09-02,potato,Tirunelveli,231.0
2024-09-02,potato,Madurai,222.2
2024-09-02,potato,Nagercoil,272.0
2024-09-02,potato,Tuticorin,218.7
2024-09-02,potato,Tenkasi,232.6
2024-09-02,beans,Tirunelveli,131.4
2024-09-02,beans,Madurai,149.0
2024-09-02,beans,Nagercoil,115.7
2024-09-02,beans,Tuticorin,105.3
2024-09-02,beans,Tenkasi,117.9
2024-09-02,okra,Tirunelveli,194.1
2024-09-02,okra,Madurai,198.6
2024-09-02,okra,Nagercoil,148.5
2024-09-02,okra,Tuticorin,178.3
2024-09-02,okra,Tenkasi,147.3
2024-09-03,tomato,Tirunelveli,337.7
2024-09-03,tomato,Madurai,328.4
2024-09-03,tomato,Nagercoil,301.6
2024-09-03,tomato,Tuticorin,350.7
2024-09-03,tomato,Tenkasi,326.7
2024-09-03,brinjal,Tirunelveli,204.5
2024-09-03,brinjal,Madurai,196.4
2024-09-03,brinjal,Nagercoil,199.8
2024-09-03,brinjal,Tuticorin,192.4
2024-09-03,brinjal,Tenkasi,185.2
2024-09-03,onion,Tirunelveli,304.6
2024-09-03,onion,Madurai,270.1
2024-09-03,onion,Nagercoil,269.5
2024-09-03,onion,Tuticorin,277.4
2024-09-03,onion,Tenkasi,308.5
2024-09-03,carrot,Tirunelveli,182.6
2024-09-03,carrot,Madurai,152.1
2024-09-03,carrot,Nagercoil,184.5
2024-09-03,carrot,Tuticorin,162.2
2024-09-03,carrot,Tenkasi,143.1
2024-09-03,cabbage,Tirunelveli,134.5
2024-09-03,cabbage,Madurai,171.5
2024-09-03,cabbage,Nagercoil,185.7
2024-09-03,cabbage,Tuticorin,150.4
2024-09-03,cabbage,Tenkasi,132.7
2024-09-03,potato,Tirunelveli,237.5
2024-09-03,potato,Madurai,224.8
2024-09-03,potato,Nagercoil,227.7
2024-09-03,potato,Tuticorin,225.7
2024-09-03,potato,Tenkasi,238.4
2024-09-03,beans,Tirunelveli,122.4
2024-09-03,beans,Madurai,117.0
2024-09-03,beans,Nagercoil,115.6
2024-09-03,beans,Tuticorin,135.2
2024-09-03,beans,Tenkasi,115.4
2024-09-03,okra,Tirunelveli,172.7
2024-09-03,okra,Madurai,172.5
2024-09-03,okra,Nagercoil,206.9
2024-09-03,okra,Tuticorin,166.2
2024-09-03,okra,Tenkasi,187.9
2024-09-04,tomato,Tirunelveli,305.0
2024-09-04,tomato,Madurai,327.0
2024-09-04,tomato,Nagercoil,330.9
2024-09-04,tomato,Tuticorin,341.7
2024-09-04,tomato,Tenkasi,312.3
2024-09-04,brinjal,Tirunelveli,177.7
2024-09-04,brinjal,Madurai,184.3
2024-09-04,brinjal,Nagercoil,219.3
2024-09-04,brinjal,Tuticorin,241.6
2024-09-04,brinjal,Tenkasi,216.7
2024-09-04,onion,Tirunelveli,254.8
2024-09-04,onion,Madurai,296.0
2024-09-04,onion,Nagercoil,261.1
2024-09-04,onion,Tuticorin,273.0
2024-09-04,onion,Tenkasi,283.7
2024-09-04,carrot,Tirunelveli,167.1
2024-09-04,carrot,Madurai,161.3
2024-09-04,carrot,Nagercoil,148.0
2024-09-04,carrot,Tuticorin,181.2
2024-09-04,carrot,Tenkasi,149.4
2024-09-04,cabbage,Tirunelveli,169.1
2024-09-04,cabbage,Madurai,116.8
2024-09-04,cabbage,Nagercoil,148.3
2024-09-04,cabbage,Tuticorin,119.5
2024-09-04,cabbage,Tenkasi,127.3
2024-09-04,potato,Tirunelveli,229.7
2024-09-04,potato,Madurai,270.4
2024-09-04,potato,Nagercoil,266.2
2024-09-04,potato,Tuticorin,257.5
2024-09-04,potato,Tenkasi,240.7
2024-09-04,beans,Tirunelveli,123.8
2024-09-04,beans,Madurai,145.3
2024-09-04,beans,Nagercoil,134.0
2024-09-04,beans,Tuticorin,120.4
2024-09-04,beans,Tenkasi,149.7
2024-09-04,okra,Tirunelveli,192.3
2024-09-04,okra,Madurai,180.8
2024-09-04,okra,Nagercoil,166.8
2024-09-04,okra,Tuticorin,165.0
2024-09-04,okra,Tenkasi,169.3
2024-09-05,tomato,Tirunelveli,329.1
2024-09-05,tomato,Madurai,336.7
2024-09-05,tomato,Nagercoil,291.1
2024-09-05,tomato,Tuticorin,281.1
2024-09-05,tomato,Tenkasi,301.0
2024-09-05,brinjal,Tirunelveli,191.8
2024-09-05,brinjal,Madurai,223.9
2024-09-05,brinjal,Nagercoil,194.4
2024-09-05,brinjal,Tuticorin,205.1
2024-09-05,brinjal,Tenkasi,208.4
2024-09-05,onion,Tirunelveli,259.5
2024-09-05,onion,Madurai,309.2
2024-09-05,onion,Nagercoil,266.7
2024-09-05,onion,Tuticorin,311.2
2024-09-05,onion,Tenkasi,277.5
2024-09-05,carrot,Tirunelveli,153.2
2024-09-05,carrot,Madurai,137.8
2024-09-05,carrot,Nagercoil,163.9
2024-09-05,carrot,Tuticorin,205.1
2024-09-05,carrot,Tenkasi,168.3
2024-09-05,cabbage,Tirunelveli,149.4
2024-09-05,cabbage,Madurai,130.7
2024-09-05,cabbage,Nagercoil,155.8
2024-09-05,cabbage,Tuticorin,147.2
2024-09-05,cabbage,Tenkasi,142.7
2024-09-05,potato,Tirunelveli,249.9
2024-09-05,potato,Madurai,203.7
2024-09-05,potato,Nagercoil,238.0
2024-09-05,potato,Tuticorin,216.1
2024-09-05,potato,Tenkasi,240.6
2024-09-05,beans,Tirunelveli,105.5
2024-09-05,beans,Madurai,106.9
2024-09-05,beans,Nagercoil,93.3
2024-09-05,beans,Tuticorin,142.3
2024-09-05,beans,Tenkasi,106.4
2024-09-05,okra,Tirunelveli,163.5
2024-09-05,okra,Madurai,206.6
2024-09-05,okra,Nagercoil,187.4
2024-09-05,okra,Tuticorin,135.3
2024-09-05,okra,Tenkasi,203.7
2024-09-06,tomato,Tirunelveli,353.0
2024-09-06,tomato,Madurai,351.1
2024-09-06,tomato,Nagercoil,333.4
2024-09-06,tomato,Tuticorin,298.0
2024-09-06,tomato,Tenkasi,319.0
2024-09-06,brinjal,Tirunelveli,171.0
2024-09-06,brinjal,Madurai,182.7
2024-09-06,brinjal,Nagercoil,177.8
2024-09-06,brinjal,Tuticorin,187.5
2024-09-06,brinjal,Tenkasi,203.3
2024-09-06,onion,Tirunelveli,271.1
2024-09-06,onion,Madurai,270.2
2024-09-06,onion,Nagercoil,274.2
2024-09-06,onion,Tuticorin,310.0
2024-09-06,onion,Tenkasi,323.3
2024-09-06,carrot,Tirunelveli,151.0
2024-09-06,carrot,Madurai,166.7
2024-09-06,carrot,Nagercoil,143.2
2024-09-06,carrot,Tuticorin,175.4
2024-09-06,carrot,Tenkasi,150.5
2024-09-06,cabbage,Tirunelveli,129.8
2024-09-06,cabbage,Madurai,184.0
2024-09-06,cabbage,Nagercoil,116.9
2024-09-06,cabbage,Tuticorin,94.9
2024-09-06,cabbage,Tenkasi,158.7
2024-09-06,potato,Tirunelveli,232.6
2024-09-06,potato,Madurai,227.1
2024-09-06,potato,Nagercoil,294.6
2024-09-06,potato,Tuticorin,254.6
2024-09-06,potato,Tenkasi,238.8
2024-09-06,beans,Tirunelveli,105.8
2024-09-06,beans,Madurai,128.9
2024-09-06,beans,Nagercoil,85.3
2024-09-06,beans,Tuticorin,109.7
2024-09-06,beans,Tenkasi,119.3
2024-09-06,okra,Tirunelveli,180.3
2024-09-06,okra,Madurai,173.2
2024-09-06,okra,Nagercoil,162.1
2024-09-06,okra,Tuticorin,194.4
2024-09-06,okra,Tenkasi,143.0
2024-09-07,tomato,Tirunelveli,362.4
2024-09-07,tomato,Madurai,357.6
2024-09-07,tomato,Nagercoil,388.2
2024-09-07,tomato,Tuticorin,358.8
2024-09-07,tomato,Tenkasi,376.8
2024-09-07,brinjal,Tirunelveli,236.7
2024-09-07,brinjal,Madurai,193.3
2024-09-07,brinjal,Nagercoil,228.7
2024-09-07,brinjal,Tuticorin,195.1
2024-09-07,brinjal,Tenkasi,237.0
2024-09-07,onion,Tirunelveli,307.4
2024-09-07,onion,Madurai,345.7
2024-09-07,onion,Nagercoil,318.4
2024-09-07,onion,Tuticorin,306.6
2024-09-07,onion,Tenkasi,346.0
2024-09-07,carrot,Tirunelveli,166.6
2024-09-07,carrot,Madurai,201.9
2024-09-07,carrot,Nagercoil,193.4
2024-09-07,carrot,Tuticorin,176.7
2024-09-07,carrot,Tenkasi,157.3
2024-09-07,cabbage,Tirunelveli,190.4
2024-09-07,cabbage,Madurai,175.6
2024-09-07,cabbage,Nagercoil,150.2
2024-09-07,cabbage,Tuticorin,170.5
2024-09-07,cabbage,Tenkasi,185.7
2024-09-07,potato,Tirunelveli,278.2
2024-09-07,potato,Madurai,280.8
2024-09-07,potato,Nagercoil,296.6
2024-09-07,potato,Tuticorin,306.7
2024-09-07,potato,Tenkasi,273.6
2024-09-07,beans,Tirunelveli,111.3
2024-09-07,beans,Madurai,111.9
2024-09-07,beans,Nagercoil,124.2
2024-09-07,beans,Tuticorin,119.3
2024-09-07,beans,Tenkasi,104.4
2024-09-07,okra,Tirunelveli,239.4
2024-09-07,okra,Madurai,213.0
2024-09-07,okra,Nagercoil,191.9
2024-09-07,okra,Tuticorin,201.7
2024-09-07,okra,Tenkasi,166.7
2024-09-08,tomato,Tirunelveli,391.1
2024-09-08,tomato,Madurai,329.0
2024-09-08,tomato,Nagercoil,378.2
2024-09-08,tomato,Tuticorin,331.2
2024-09-08,tomato,Tenkasi,359.7
2024-09-08,brinjal,Tirunelveli,254.9
2024-09-08,brinjal,Madurai,197.3
2024-09-08,brinjal,Nagercoil,227.0
2024-09-08,brinjal,Tuticorin,242.6
2024-09-08,brinjal,Tenkasi,239.3
2024-09-08,onion,Tirunelveli,323.4
2024-09-08,onion,Madurai,331.9
2024-09-08,onion,Nagercoil,309.8
2024-09-08,onion,Tuticorin,360.7
2024-09-08,onion,Tenkasi,289.8
2024-09-08,carrot,Tirunelveli,207.2
2024-09-08,carrot,Madurai,187.8
2024-09-08,carrot,Nagercoil,196.3
2024-09-08,carrot,Tuticorin,199.9
2024-09-08,carrot,Tenkasi,195.1
2024-09-08,cabbage,Tirunelveli,149.4
2024-09-08,cabbage,Madurai,159.9
2024-09-08,cabbage,Nagercoil,136.6
2024-09-08,cabbage,Tuticorin,159.6
2024-09-08,cabbage,Tenkasi,172.1
2024-09-08,potato,Tirunelveli,288.1
2024-09-08,potato,Madurai,283.8
2024-09-08,potato,Nagercoil,240.9
2024-09-08,potato,Tuticorin,264.8
2024-09-08,potato,Tenkasi,262.8
2024-09-08,beans,Tirunelveli,111.8
2024-09-08,beans,Madurai,121.3
2024-09-08,beans,Nagercoil,138.0
2024-09-08,beans,Tuticorin,166.3
2024-09-08,beans,Tenkasi,118.9
2024-09-08,okra,Tirunelveli,179.8
2024-09-08,okra,Madurai,190.4
2024-09-08,okra,Nagercoil,209.1
2024-09-08,okra,Tuticorin,226.9
2024-09-08,okra,Tenkasi,200.7
2024-09-09,tomato,Tirunelveli,291.1
2024-09-09,tomato,Madurai,295.3
2024-09-09,tomato,Nagercoil,323.8
2024-09-09,tomato,Tuticorin,339.9
2024-09-09,tomato,Tenkasi,356.3
2024-09-09,brinjal,Tirunelveli,176.4
2024-09-09,brinjal,Madurai,202.8
2024-09-09,brinjal,Nagercoil,179.4
2024-09-09,brinjal,Tuticorin,182.0
2024-09-09,brinjal,Tenkasi,180.3
2024-09-09,onion,Tirunelveli,273.3
2024-09-09,onion,Madurai,262.4
2024-09-09,onion,Nagercoil,329.6
2024-09-09,onion,Tuticorin,270.8
2024-09-09,onion,Tenkasi,299.8
2024-09-09,carrot,Tirunelveli,146.8
2024-09-09,carrot,Madurai,204.7
2024-09-09,carrot,Nagercoil,166.8
2024-09-09,carrot,Tuticorin,176.7
2024-09-09,carrot,Tenkasi,148.2
2024-09-09,cabbage,Tirunelveli,163.5
2024-09-09,cabbage,Madurai,150.7
2024-09-09,cabbage,Nagercoil,136.4
2024-09-09,cabbage,Tuticorin,122.4
2024-09-09,cabbage,Tenkasi,139.2
2024-09-09,potato,Tirunelveli,233.5
2024-09-09,potato,Madurai,257.4
2024-09-09,potato,Nagercoil,235.4
2024-09-09,potato,Tuticorin,201.6
2024-09-09,potato,Tenkasi,252.9
2024-09-09,beans,Tirunelveli,145.9
2024-09-09,beans,Madurai,86.7
2024-09-09,beans,Nagercoil,156.1
2024-09-09,beans,Tuticorin,147.9
2024-09-09,beans,Tenkasi,107.4
2024-09-09,okra,Tirunelveli,153.7
2024-09-09,okra,Madurai,197.1
2024-09-09,okra,Nagercoil,148.6
2024-09-09,okra,Tuticorin,162.6
2024-09-09,okra,Tenkasi,149.7
2024-09-10,tomato,Tirunelveli,320.1
2024-09-10,tomato,Madurai,349.3
2024-09-10,tomato,Nagercoil,327.5
2024-09-10,tomato,Tuticorin,340.4
2024-09-10,tomato,Tenkasi,313.0
2024-09-10,brinjal,Tirunelveli,201.9
2024-09-10,brinjal,Madurai,175.5
2024-09-10,brinjal,Nagercoil,198.1
2024-09-10,brinjal,Tuticorin,185.1
2024-09-10,brinjal,Tenkasi,196.8
2024-09-10,onion,Tirunelveli,275.4
2024-09-10,onion,Madurai,273.7
2024-09-10,onion,Nagercoil,322.2
2024-09-10,onion,Tuticorin,315.4
2024-09-10,onion,Tenkasi,308.3
2024-09-10,carrot,Tirunelveli,195.9
2024-09-10,carrot,Madurai,188.4
2024-09-10,carrot,Nagercoil,159.6
2024-09-10,carrot,Tuticorin,157.5
2024-09-10,carrot,Tenkasi,164.7
2024-09-10,cabbage,Tirunelveli,139.8
2024-09-10,cabbage,Madurai,123.2
2024-09-10,cabbage,Nagercoil,149.9
2024-09-10,cabbage,Tuticorin,112.7
2024-09-10,cabbage,Tenkasi,146.8
2024-09-10,potato,Tirunelveli,220.1
2024-09-10,potato,Madurai,238.4
2024-09-10,potato,Nagercoil,243.8
2024-09-10,potato,Tuticorin,232.9
2024-09-10,potato,Tenkasi,207.2
2024-09-10,beans,Tirunelveli,96.2
2024-09-10,beans,Madurai,129.2
2024-09-10,beans,Nagercoil,108.9
2024-09-10,beans,Tuticorin,131.2
2024-09-10,beans,Tenkasi,120.2
2024-09-10,okra,Tirunelveli,172.0
2024-09-10,okra,Madurai,183.0
2024-09-10,okra,Nagercoil,162.5
2024-09-10,okra,Tuticorin,184.0
2024-09-10,okra,Tenkasi,167.6
2024-09-11,tomato,Tirunelveli,370.7
2024-09-11,tomato,Madurai,297.3
2024-09-11,tomato,Nagercoil,312.9
2024-09-11,tomato,Tuticorin,313.7
2024-09-11,tomato,Tenkasi,293.0
2024-09-11,brinjal,Tirunelveli,214.5
2024-09-11,brinjal,Madurai,191.4
2024-09-11,brinjal,Nagercoil,152.4
2024-09-11,brinjal,Tuticorin,213.9
2024-09-11,brinjal,Tenkasi,187.3
2024-09-11,onion,Tirunelveli,277.9
2024-09-11,onion,Madurai,293.5
2024-09-11,onion,Nagercoil,272.7
2024-09-11,onion,Tuticorin,272.5
2024-09-11,onion,Tenkasi,329.3
2024-09-11,carrot,Tirunelveli,116.9
2024-09-11,carrot,Madurai,134.3
2024-09-11,carrot,Nagercoil,138.2
2024-09-11,carrot,Tuticorin,195.8
2024-09-11,carrot,Tenkasi,147.1
2024-09-11,cabbage,Tirunelveli,148.8
2024-09-11,cabbage,Madurai,134.5
2024-09-11,cabbage,Nagercoil,156.1
2024-09-11,cabbage,Tuticorin,143.7
2024-09-11,cabbage,Tenkasi,149.1
2024-09-11,potato,Tirunelveli,265.7
2024-09-11,potato,Madurai,248.8
2024-09-11,potato,Nagercoil,225.3
2024-09-11,potato,Tuticorin,246.2
2024-09-11,potato,Tenkasi,288.4
2024-09-11,beans,Tirunelveli,131.3
2024-09-11,beans,Madurai,123.0
2024-09-11,beans,Nagercoil,92.6
2024-09-11,beans,Tuticorin,134.5
2024-09-11,beans,Tenkasi,137.4
2024-09-11,okra,Tirunelveli,182.3
2024-09-11,okra,Madurai,178.3
2024-09-11,okra,Nagercoil,232.7
2024-09-11,okra,Tuticorin,193.1
2024-09-11,okra,Tenkasi,200.8
2024-09-12,tomato,Tirunelveli,321.3
2024-09-12,tomato,Madurai,317.4
2024-09-12,tomato,Nagercoil,332.6
2024-09-12,tomato,Tuticorin,317.3
2024-09-12,tomato,Tenkasi,319.0
2024-09-12,brinjal,Tirunelveli,209.3
2024-09-12,brinjal,Madurai,189.7
2024-09-12,brinjal,Nagercoil,204.4
2024-09-12,brinjal,Tuticorin,201.6
2024-09-12,brinjal,Tenkasi,219.3
2024-09-12,onion,Tirunelveli,267.8
2024-09-12,onion,Madurai,240.0
2024-09-12,onion,Nagercoil,273.8
2024-09-12,onion,Tuticorin,287.9
2024-09-12,onion,Tenkasi,299.3
2024-09-12,carrot,Tirunelveli,146.1
2024-09-12,carrot,Madurai,170.8
2024-09-12,carrot,Nagercoil,182.7
2024-09-12,carrot,Tuticorin,175.0
2024-09-12,carrot,Tenkasi,144.2
2024-09-12,cabbage,Tirunelveli,130.3
2024-09-12,cabbage,Madurai,152.7
2024-09-12,cabbage,Nagercoil,176.5
2024-09-12,cabbage,Tuticorin,144.3
2024-09-12,cabbage,Tenkasi,140.7
2024-09-12,potato,Tirunelveli,212.6
2024-09-12,potato,Madurai,232.7
2024-09-12,potato,Nagercoil,225.7
2024-09-12,potato,Tuticorin,240.5
2024-09-12,potato,Tenkasi,209.7
2024-09-12,beans,Tirunelveli,113.4
2024-09-12,beans,Madurai,99.8
2024-09-12,beans,Nagercoil,138.8
2024-09-12,beans,Tuticorin,102.8
2024-09-12,beans,Tenkasi,108.6
2024-09-12,okra,Tirunelveli,181.6
2024-09-12,okra,Madurai,166.9
2024-09-12,okra,Nagercoil,223.2
2024-09-12,okra,Tuticorin,194.6
2024-09-12,okra,Tenkasi,176.3
2024-09-13,tomato,Tirunelveli,327.4
2024-09-13,tomato,Madurai,272.9
2024-09-13,tomato,Nagercoil,344.6
2024-09-13,tomato,Tuticorin,330.2
2024-09-13,tomato,Tenkasi,318.5
2024-09-13,brinjal,Tirunelveli,211.3
2024-09-13,brinjal,Madurai,213.8
2024-09-13,brinjal,Nagercoil,191.7
2024-09-13,brinjal,Tuticorin,207.6
2024-09-13,brinjal,Tenkasi,221.0
2024-09-13,onion,Tirunelveli,289.1
2024-09-13,onion,Madurai,274.9
2024-09-13,onion,Nagercoil,285.9
2024-09-13,onion,Tuticorin,307.6
2024-09-13,onion,Tenkasi,295.7
2024-09-13,carrot,Tirunelveli,136.7
2024-09-13,carrot,Madurai,171.7
2024-09-13,carrot,Nagercoil,169.1
2024-09-13,carrot,Tuticorin,183.3
2024-09-13,carrot,Tenkasi,160.7
2024-09-13,cabbage,Tirunelveli,136.6
2024-09-13,cabbage,Madurai,116.6
2024-09-13,cabbage,Nagercoil,130.1
2024-09-13,cabbage,Tuticorin,168.2
2024-09-13,cabbage,Tenkasi,148.0
2024-09-13,potato,Tirunelveli,238.0
2024-09-13,potato,Madurai,265.9
2024-09-13,potato,Nagercoil,261.8
2024-09-13,potato,Tuticorin,225.3
2024-09-13,potato,Tenkasi,264.0
2024-09-13,beans,Tirunelveli,86.8
2024-09-13,beans,Madurai,129.2
2024-09-13,beans,Nagercoil,126.8
2024-09-13,beans,Tuticorin,143.0
2024-09-13,beans,Tenkasi,127.6
2024-09-13,okra,Tirunelveli,171.1
2024-09-13,okra,Madurai,172.7
2024-09-13,okra,Nagercoil,229.9
2024-09-13,okra,Tuticorin,177.7
2024-09-13,okra,Tenkasi,187.9
2024-09-14,tomato,Tirunelveli,327.6
2024-09-14,tomato,Madurai,351.5
2024-09-14,tomato,Nagercoil,378.4
2024-09-14,tomato,Tuticorin,335.7
2024-09-14,tomato,Tenkasi,379.0
2024-09-14,brinjal,Tirunelveli,215.5
2024-09-14,brinjal,Madurai,209.3
2024-09-14,brinjal,Nagercoil,215.4
2024-09-14,brinjal,Tuticorin,260.6
2024-09-14,brinjal,Tenkasi,236.7
2024-09-14,onion,Tirunelveli,303.8
2024-09-14,onion,Madurai,337.5
2024-09-14,onion,Nagercoil,338.6
2024-09-14,onion,Tuticorin,314.4
2024-09-14,onion,Tenkasi,341.2
2024-09-14,carrot,Tirunelveli,204.1
2024-09-14,carrot,Madurai,201.0
2024-09-14,carrot,Nagercoil,170.5
2024-09-14,carrot,Tuticorin,160.4
2024-09-14,carrot,Tenkasi,150.1
2024-09-14,cabbage,Tirunelveli,152.5
2024-09-14,cabbage,Madurai,158.2
2024-09-14,cabbage,Nagercoil,159.9
2024-09-14,cabbage,Tuticorin,164.7
2024-09-14,cabbage,Tenkasi,200.3
2024-09-14,potato,Tirunelveli,269.2
2024-09-14,potato,Madurai,275.0
2024-09-14,potato,Nagercoil,239.6
2024-09-14,potato,Tuticorin,320.6
2024-09-14,potato,Tenkasi,249.7
2024-09-14,beans,Tirunelveli,123.9
2024-09-14,beans,Madurai,151.9
2024-09-14,beans,Nagercoil,142.9
2024-09-14,beans,Tuticorin,170.9
2024-09-14,beans,Tenkasi,152.4
2024-09-14,okra,Tirunelveli,200.8
2024-09-14,okra,Madurai,223.3
2024-09-14,okra,Nagercoil,225.6
2024-09-14,okra,Tuticorin,189.2
2024-09-14,okra,Tenkasi,221.7
2024-09-15,tomato,Tirunelveli,363.6
2024-09-15,tomato,Madurai,365.9
2024-09-15,tomato,Nagercoil,370.9
2024-09-15,tomato,Tuticorin,360.4
2024-09-15,tomato,Tenkasi,359.3
2024-09-15,brinjal,Tirunelveli,249.7
2024-09-15,brinjal,Madurai,199.4
2024-09-15,brinjal,Nagercoil,208.8
2024-09-15,brinjal,Tuticorin,243.5
2024-09-15,brinjal,Tenkasi,228.5
2024-09-15,onion,Tirunelveli,341.8
2024-09-15,onion,Madurai,329.2
2024-09-15,onion,Nagercoil,295.3
2024-09-15,onion,Tuticorin,323.3
2024-09-15,onion,Tenkasi,332.7
2024-09-15,carrot,Tirunelveli,188.7
2024-09-15,carrot,Madurai,174.6
2024-09-15,carrot,Nagercoil,178.5
2024-09-15,carrot,Tuticorin,172.8
2024-09-15,carrot,Tenkasi,157.5
2024-09-15,cabbage,Tirunelveli,136.3
2024-09-15,cabbage,Madurai,173.4
2024-09-15,cabbage,Nagercoil,148.2
2024-09-15,cabbage,Tuticorin,177.1
2024-09-15,cabbage,Tenkasi,153.7
2024-09-15,potato,Tirunelveli,249.7
2024-09-15,potato,Madurai,267.8
2024-09-15,potato,Nagercoil,317.9
2024-09-15,potato,Tuticorin,274.1
2024-09-15,potato,Tenkasi,288.9
2024-09-15,beans,Tirunelveli,141.4
2024-09-15,beans,Madurai,109.9
2024-09-15,beans,Nagercoil,167.0
2024-09-15,beans,Tuticorin,133.0
2024-09-15,beans,Tenkasi,111.8
2024-09-15,okra,Tirunelveli,192.2
2024-09-15,okra,Madurai,198.3
2024-09-15,okra,Nagercoil,217.4
2024-09-15,okra,Tuticorin,188.8
2024-09-15,okra,Tenkasi,254.8
2024-09-16,tomato,Tirunelveli,301.3
2024-09-16,tomato,Madurai,332.2
2024-09-16,tomato,Nagercoil,280.5
2024-09-16,tomato,Tuticorin,317.5
2024-09-16,tomato,Tenkasi,327.3
2024-09-16,brinjal,Tirunelveli,177.6
2024-09-16,brinjal,Madurai,230.0
2024-09-16,brinjal,Nagercoil,208.7
2024-09-16,brinjal,Tuticorin,193.6
2024-09-16,brinjal,Tenkasi,208.5
2024-09-16,onion,Tirunelveli,268.1
2024-09-16,onion,Madurai,305.0
2024-09-16,onion,Nagercoil,300.3
2024-09-16,onion,Tuticorin,287.5
2024-09-16,onion,Tenkasi,292.2
2024-09-16,carrot,Tirunelveli,130.5
2024-09-16,carrot,Madurai,189.3
2024-09-16,carrot,Nagercoil,158.0
2024-09-16,carrot,Tuticorin,180.5
2024-09-16,carrot,Tenkasi,175.0
2024-09-16,cabbage,Tirunelveli,164.2
2024-09-16,cabbage,Madurai,123.0
2024-09-16,cabbage,Nagercoil,125.6
2024-09-16,cabbage,Tuticorin,189.0
2024-09-16,cabbage,Tenkasi,113.6
2024-09-16,potato,Tirunelveli,218.0
2024-09-16,potato,Madurai,240.9
2024-09-16,potato,Nagercoil,240.9
2024-09-16,potato,Tuticorin,229.2
2024-09-16,potato,Tenkasi,252.3
2024-09-16,beans,Tirunelveli,138.0
2024-09-16,beans,Madurai,119.6
2024-09-16,beans,Nagercoil,114.6
2024-09-16,beans,Tuticorin,119.6
2024-09-16,beans,Tenkasi,110.1
2024-09-16,okra,Tirunelveli,142.0
2024-09-16,okra,Madurai,182.0
2024-09-16,okra,Nagercoil,191.3
2024-09-16,okra,Tuticorin,172.9
2024-09-16,okra,Tenkasi,130.7
2024-09-17,tomato,Tirunelveli,308.6
2024-09-17,tomato,Madurai,338.1
2024-09-17,tomato,Nagercoil,291.2
2024-09-17,tomato,Tuticorin,333.9
2024-09-17,tomato,Tenkasi,311.1
2024-09-17,brinjal,Tirunelveli,199.6
2024-09-17,brinjal,Madurai,186.3
2024-09-17,brinjal,Nagercoil,177.3
2024-09-17,brinjal,Tuticorin,228.7
2024-09-17,brinjal,Tenkasi,216.3
2024-09-17,onion,Tirunelveli,292.9
2024-09-17,onion,Madurai,298.2
2024-09-17,onion,Nagercoil,290.1
2024-09-17,onion,Tuticorin,298.9
2024-09-17,onion,Tenkasi,266.7
2024-09-17,carrot,Tirunelveli,187.6
2024-09-17,carrot,Madurai,185.8
2024-09-17,carrot,Nagercoil,167.6
2024-09-17,carrot,Tuticorin,154.2
2024-09-17,carrot,Tenkasi,135.5
2024-09-17,cabbage,Tirunelveli,148.6
2024-09-17,cabbage,Madurai,177.7
2024-09-17,cabbage,Nagercoil,120.8
2024-09-17,cabbage,Tuticorin,164.4
2024-09-17,cabbage,Tenkasi,134.6
2024-09-17,potato,Tirunelveli,232.3
2024-09-17,potato,Madurai,216.5
2024-09-17,potato,Nagercoil,225.0
2024-09-17,potato,Tuticorin,252.9
2024-09-17,potato,Tenkasi,255.4
2024-09-17,beans,Tirunelveli,124.7
2024-09-17,beans,Madurai,110.0
2024-09-17,beans,Nagercoil,97.9
2024-09-17,beans,Tuticorin,121.2
2024-09-17,beans,Tenkasi,112.7
2024-09-17,okra,Tirunelveli,180.2
2024-09-17,okra,Madurai,169.6
2024-09-17,okra,Nagercoil,170.1
2024-09-17,okra,Tuticorin,179.2
2024-09-17,okra,Tenkasi,183.0
2024-09-18,tomato,Tirunelveli,344.5
2024-09-18,tomato,Madurai,313.3
2024-09-18,tomato,Nagercoil,330.9
2024-09-18,tomato,Tuticorin,356.1
2024-09-18,tomato,Tenkasi,331.4
2024-09-18,brinjal,Tirunelveli,223.3
2024-09-18,brinjal,Madurai,187.6
2024-09-18,brinjal,Nagercoil,185.6
2024-09-18,brinjal,Tuticorin,196.8
2024-09-18,brinjal,Tenkasi,198.9
2024-09-18,onion,Tirunelveli,301.4
2024-09-18,onion,Madurai,265.4
2024-09-18,onion,Nagercoil,278.2
2024-09-18,onion,Tuticorin,301.5
2024-09-18,onion,Tenkasi,284.3
2024-09-18,carrot,Tirunelveli,159.8
2024-09-18,carrot,Madurai,164.8
2024-09-18,carrot,Nagercoil,137.4
2024-09-18,carrot,Tuticorin,137.1
2024-09-18,carrot,Tenkasi,128.2
2024-09-18,cabbage,Tirunelveli,148.1
2024-09-18,cabbage,Madurai,162.4
2024-09-18,cabbage,Nagercoil,159.3
2024-09-18,cabbage,Tuticorin,166.9
2024-09-18,cabbage,Tenkasi,173.1
2024-09-18,potato,Tirunelveli,242.9
2024-09-18,potato,Madurai,238.7
2024-09-18,potato,Nagercoil,269.5
2024-09-18,potato,Tuticorin,226.0
2024-09-18,potato,Tenkasi,216.4
2024-09-18,beans,Tirunelveli,113.2
2024-09-18,beans,Madurai,110.9
2024-09-18,beans,Nagercoil,121.0
2024-09-18,beans,Tuticorin,103.0
2024-09-18,beans,Tenkasi,127.4
2024-09-18,okra,Tirunelveli,164.6
2024-09-18,okra,Madurai,200.6
2024-09-18,okra,Nagercoil,152.1
2024-09-18,okra,Tuticorin,173.2
2024-09-18,okra,Tenkasi,169.3
2024-09-19,tomato,Tirunelveli,324.6
2024-09-19,tomato,Madurai,338.5
2024-09-19,tomato,Nagercoil,325.3
2024-09-19,tomato,Tuticorin,317.4
2024-09-19,tomato,Tenkasi,333.8
2024-09-19,brinjal,Tirunelveli,216.9
2024-09-19,brinjal,Madurai,205.4
2024-09-19,brinjal,Nagercoil,207.8
2024-09-19,brinjal,Tuticorin,212.9
2024-09-19,brinjal,Tenkasi,167.1
2024-09-19,onion,Tirunelveli,273.0
2024-09-19,onion,Madurai,287.5
2024-09-19,onion,Nagercoil,274.2
2024-09-19,onion,Tuticorin,274.2
2024-09-19,onion,Tenkasi,287.5
2024-09-19,carrot,Tirunelveli,168.0
2024-09-19,carrot,Madurai,169.3
2024-09-19,carrot,Nagercoil,144.2
2024-09-19,carrot,Tuticorin,131.6
2024-09-19,carrot,Tenkasi,176.1
2024-09-19,cabbage,Tirunelveli,129.2
2024-09-19,cabbage,Madurai,127.8
2024-09-19,cabbage,Nagercoil,126.0
2024-09-19,cabbage,Tuticorin,167.0
2024-09-19,cabbage,Tenkasi,148.2
2024-09-19,potato,Tirunelveli,246.9
2024-09-19,potato,Madurai,253.8
2024-09-19,potato,Nagercoil,239.2
2024-09-19,potato,Tuticorin,260.3
2024-09-19,potato,Tenkasi,216.1
2024-09-19,beans,Tirunelveli,98.3
2024-09-19,beans,Madurai,97.2
2024-09-19,beans,Nagercoil,128.4
2024-09-19,beans,Tuticorin,130.1
2024-09-19,beans,Tenkasi,110.5
2024-09-19,okra,Tirunelveli,171.4
2024-09-19,okra,Madurai,201.4
2024-09-19,okra,Nagercoil,162.1
2024-09-19,okra,Tuticorin,181.9
2024-09-19,okra,Tenkasi,162.3
2024-09-20,tomato,Tirunelveli,341.9
2024-09-20,tomato,Madurai,332.6
2024-09-20,tomato,Nagercoil,292.0
2024-09-20,tomato,Tuticorin,314.8
2024-09-20,tomato,Tenkasi,278.4
2024-09-20,brinjal,Tirunelveli,218.0
2024-09-20,brinjal,Madurai,240.9
2024-09-20,brinjal,Nagercoil,156.4
2024-09-20,brinjal,Tuticorin,171.5
2024-09-20,brinjal,Tenkasi,203.3
2024-09-20,onion,Tirunelveli,279.6
2024-09-20,onion,Madurai,271.8
2024-09-20,onion,Nagercoil,245.2
2024-09-20,onion,Tuticorin,286.5
2024-09-20,onion,Tenkasi,297.8
2024-09-20,carrot,Tirunelveli,216.9
2024-09-20,carrot,Madurai,186.1
2024-09-20,carrot,Nagercoil,134.0
2024-09-20,carrot,Tuticorin,159.8
2024-09-20,carrot,Tenkasi,171.8
2024-09-20,cabbage,Tirunelveli,130.2
2024-09-20,cabbage,Madurai,159.6
2024-09-20,cabbage,Nagercoil,158.1
2024-09-20,cabbage,Tuticorin,168.7
2024-09-20,cabbage,Tenkasi,160.0
2024-09-20,potato,Tirunelveli,245.7
2024-09-20,potato,Madurai,227.2
2024-09-20,potato,Nagercoil,214.1
2024-09-20,potato,Tuticorin,244.4
2024-09-20,potato,Tenkasi,231.9
2024-09-20,beans,Tirunelveli,113.9
2024-09-20,beans,Madurai,142.4
2024-09-20,beans,Nagercoil,147.4
2024-09-20,beans,Tuticorin,95.3
2024-09-20,beans,Tenkasi,115.8
2024-09-20,okra,Tirunelveli,167.3
2024-09-20,okra,Madurai,182.3
2024-09-20,okra,Nagercoil,130.7
2024-09-20,okra,Tuticorin,146.8
2024-09-20,okra,Tenkasi,173.7
2024-09-21,tomato,Tirunelveli,383.7
2024-09-21,tomato,Madurai,369.5
2024-09-21,tomato,Nagercoil,381.4
2024-09-21,tomato,Tuticorin,371.9
2024-09-21,tomato,Tenkasi,393.5
2024-09-21,brinjal,Tirunelveli,259.7
2024-09-21,brinjal,Madurai,214.8
2024-09-21,brinjal,Nagercoil,247.7
2024-09-21,brinjal,Tuticorin,240.2
2024-09-21,brinjal,Tenkasi,280.1
2024-09-21,onion,Tirunelveli,306.0
2024-09-21,onion,Madurai,319.7
2024-09-21,onion,Nagercoil,301.4
2024-09-21,onion,Tuticorin,302.5
2024-09-21,onion,Tenkasi,329.7
2024-09-21,carrot,Tirunelveli,188.1
2024-09-21,carrot,Madurai,194.8
2024-09-21,carrot,Nagercoil,194.4
2024-09-21,carrot,Tuticorin,179.3
2024-09-21,carrot,Tenkasi,179.1
2024-09-21,cabbage,Tirunelveli,146.2
2024-09-21,cabbage,Madurai,151.6
2024-09-21,cabbage,Nagercoil,164.5
2024-09-21,cabbage,Tuticorin,169.5
2024-09-21,cabbage,Tenkasi,179.8
2024-09-21,potato,Tirunelveli,288.2
2024-09-21,potato,Madurai,307.1
2024-09-21,potato,Nagercoil,256.5
2024-09-21,potato,Tuticorin,271.3
2024-09-21,potato,Tenkasi,258.3
2024-09-21,beans,Tirunelveli,163.5
2024-09-21,beans,Madurai,128.0
2024-09-21,beans,Nagercoil,161.1
2024-09-21,beans,Tuticorin,167.1
2024-09-21,beans,Tenkasi,146.3
2024-09-21,okra,Tirunelveli,208.3
2024-09-21,okra,Madurai,203.2
2024-09-21,okra,Nagercoil,196.1
2024-09-21,okra,Tuticorin,193.7
2024-09-21,okra,Tenkasi,199.5
2024-09-22,tomato,Tirunelveli,404.5
2024-09-22,tomato,Madurai,347.2
2024-09-22,tomato,Nagercoil,372.1
2024-09-22,tomato,Tuticorin,382.2
2024-09-22,tomato,Tenkasi,362.3
2024-09-22,brinjal,Tirunelveli,238.3
2024-09-22,brinjal,Madurai,199.9
2024-09-22,brinjal,Nagercoil,256.5
2024-09-22,brinjal,Tuticorin,252.6
2024-09-22,brinjal,Tenkasi,228.0
2024-09-22,onion,Tirunelveli,304.4
2024-09-22,onion,Madurai,337.9
2024-09-22,onion,Nagercoil,299.0
2024-09-22,onion,Tuticorin,301.9
2024-09-22,onion,Tenkasi,320.9
2024-09-22,carrot,Tirunelveli,214.4
2024-09-22,carrot,Madurai,196.8
2024-09-22,carrot,Nagercoil,171.1
2024-09-22,carrot,Tuticorin,150.4
2024-09-22,carrot,Tenkasi,184.8
2024-09-22,cabbage,Tirunelveli,170.6
2024-09-22,cabbage,Madurai,164.1
2024-09-22,cabbage,Nagercoil,201.7
2024-09-22,cabbage,Tuticorin,163.0
2024-09-22,cabbage,Tenkasi,120.0
2024-09-22,potato,Tirunelveli,267.9
2024-09-22,potato,Madurai,285.1
2024-09-22,potato,Nagercoil,283.7
2024-09-22,potato,Tuticorin,272.5
2024-09-22,potato,Tenkasi,269.2
2024-09-22,beans,Tirunelveli,98.0
2024-09-22,beans,Madurai,139.7
2024-09-22,beans,Nagercoil,131.2
2024-09-22,beans,Tuticorin,143.0
2024-09-22,beans,Tenkasi,147.8
2024-09-22,okra,Tirunelveli,227.2
2024-09-22,okra,Madurai,183.3
2024-09-22,okra,Nagercoil,176.5
2024-09-22,okra,Tuticorin,190.9
2024-09-22,okra,Tenkasi,187.7
2024-09-23,tomato,Tirunelveli,303.5
2024-09-23,tomato,Madurai,348.9
2024-09-23,tomato,Nagercoil,323.0
2024-09-23,tomato,Tuticorin,359.4
2024-09-23,tomato,Tenkasi,319.9
2024-09-23,brinjal,Tirunelveli,176.6
2024-09-23,brinjal,Madurai,183.8
2024-09-23,brinjal,Nagercoil,220.5
2024-09-23,brinjal,Tuticorin,177.3
2024-09-23,brinjal,Tenkasi,211.2
2024-09-23,onion,Tirunelveli,272.9
2024-09-23,onion,Madurai,261.4
2024-09-23,onion,Nagercoil,307.7
2024-09-23,onion,Tuticorin,268.2
2024-09-23,onion,Tenkasi,263.4
2024-09-23,carrot,Tirunelveli,158.4
2024-09-23,carrot,Madurai,149.8
2024-09-23,carrot,Nagercoil,204.3
2024-09-23,carrot,Tuticorin,181.2
2024-09-23,carrot,Tenkasi,148.2
2024-09-23,cabbage,Tirunelveli,134.5
2024-09-23,cabbage,Madurai,103.6
2024-09-23,cabbage,Nagercoil,146.7
2024-09-23,cabbage,Tuticorin,129.1
2024-09-23,cabbage,Tenkasi,145.8
2024-09-23,potato,Tirunelveli,200.7
2024-09-23,potato,Madurai,239.5
2024-09-23,potato,Nagercoil,274.0
2024-09-23,potato,Tuticorin,241.1
2024-09-23,potato,Tenkasi,224.5
2024-09-23,beans,Tirunelveli,119.6
2024-09-23,beans,Madurai,118.7
2024-09-23,beans,Nagercoil,163.8
2024-09-23,beans,Tuticorin,113.3
2024-09-23,beans,Tenkasi,95.9
2024-09-23,okra,Tirunelveli,176.4
2024-09-23,okra,Madurai,179.9
2024-09-23,okra,Nagercoil,187.2
2024-09-23,okra,Tuticorin,191.1
2024-09-23,okra,Tenkasi,215.1
2024-09-24,tomato,Tirunelveli,308.1
2024-09-24,tomato,Madurai,306.3
2024-09-24,tomato,Nagercoil,282.9
2024-09-24,tomato,Tuticorin,333.2
2024-09-24,tomato,Tenkasi,302.3
2024-09-24,brinjal,Tirunelveli,217.8
2024-09-24,brinjal,Madurai,190.2
2024-09-24,brinjal,Nagercoil,234.5
2024-09-24,brinjal,Tuticorin,171.3
2024-09-24,brinjal,Tenkasi,220.5
2024-09-24,onion,Tirunelveli,298.1
2024-09-24,onion,Madurai,290.5
2024-09-24,onion,Nagercoil,257.7
2024-09-24,onion,Tuticorin,290.6
2024-09-24,onion,Tenkasi,282.5
2024-09-24,carrot,Tirunelveli,123.4
2024-09-24,carrot,Madurai,191.2
2024-09-24,carrot,Nagercoil,153.1
2024-09-24,carrot,Tuticorin,189.6
2024-09-24,carrot,Tenkasi,158.6
2024-09-24,cabbage,Tirunelveli,163.6
2024-09-24,cabbage,Madurai,126.8
2024-09-24,cabbage,Nagercoil,148.3
2024-09-24,cabbage,Tuticorin,146.9
2024-09-24,cabbage,Tenkasi,137.5
2024-09-24,potato,Tirunelveli,222.6
2024-09-24,potato,Madurai,178.7
2024-09-24,potato,Nagercoil,223.1
2024-09-24,potato,Tuticorin,254.0
2024-09-24,potato,Tenkasi,212.1
2024-09-24,beans,Tirunelveli,96.2
2024-09-24,beans,Madurai,91.3
2024-09-24,beans,Nagercoil,124.2
2024-09-24,beans,Tuticorin,102.1
2024-09-24,beans,Tenkasi,144.4
2024-09-24,okra,Tirunelveli,190.7
2024-09-24,okra,Madurai,180.0
2024-09-24,okra,Nagercoil,182.1
2024-09-24,okra,Tuticorin,160.7
2024-09-24,okra,Tenkasi,160.7
2024-09-25,tomato,Tirunelveli,334.2
2024-09-25,tomato,Madurai,338.3
2024-09-25,tomato,Nagercoil,334.0
2024-09-25,tomato,Tuticorin,310.6
2024-09-25,tomato,Tenkasi,312.2
2024-09-25,brinjal,Tirunelveli,181.4
2024-09-25,brinjal,Madurai,215.4
2024-09-25,brinjal,Nagercoil,160.8
2024-09-25,brinjal,Tuticorin,155.9
2024-09-25,brinjal,Tenkasi,159.9
2024-09-25,onion,Tirunelveli,237.1
2024-09-25,onion,Madurai,307.1
2024-09-25,onion,Nagercoil,295.7
2024-09-25,onion,Tuticorin,256.0
2024-09-25,onion,Tenkasi,277.9
2024-09-25,carrot,Tirunelveli,189.3
2024-09-25,carrot,Madurai,170.0
2024-09-25,carrot,Nagercoil,202.3
2024-09-25,carrot,Tuticorin,157.7
2024-09-25,carrot,Tenkasi,146.9
2024-09-25,cabbage,Tirunelveli,122.4
2024-09-25,cabbage,Madurai,144.5
2024-09-25,cabbage,Nagercoil,162.7
2024-09-25,cabbage,Tuticorin,146.0
2024-09-25,cabbage,Tenkasi,136.8
2024-09-25,potato,Tirunelveli,265.1
2024-09-25,potato,Madurai,250.6
2024-09-25,potato,Nagercoil,237.7
2024-09-25,potato,Tuticorin,224.7
2024-09-25,potato,Tenkasi,234.9
2024-09-25,beans,Tirunelveli,129.5
2024-09-25,beans,Madurai,104.4
2024-09-25,beans,Nagercoil,95.3
2024-09-25,beans,Tuticorin,110.4
2024-09-25,beans,Tenkasi,119.0
2024-09-25,okra,Tirunelveli,203.3
2024-09-25,okra,Madurai,152.8
2024-09-25,okra,Nagercoil,180.5
2024-09-25,okra,Tuticorin,170.4
2024-09-25,okra,Tenkasi,171.4
2024-09-26,tomato,Tirunelveli,350.8
2024-09-26,tomato,Madurai,321.6
2024-09-26,tomato,Nagercoil,301.7
2024-09-26,tomato,Tuticorin,337.8
2024-09-26,tomato,Tenkasi,336.3
2024-09-26,brinjal,Tirunelveli,180.0
2024-09-26,brinjal,Madurai,176.1
2024-09-26,brinjal,Nagercoil,208.2
2024-09-26,brinjal,Tuticorin,199.3
2024-09-26,brinjal,Tenkasi,190.6
2024-09-26,onion,Tirunelveli,301.1
2024-09-26,onion,Madurai,268.2
2024-09-26,onion,Nagercoil,288.4
2024-09-26,onion,Tuticorin,303.5
2024-09-26,onion,Tenkasi,273.2
2024-09-26,carrot,Tirunelveli,123.4
2024-09-26,carrot,Madurai,151.9
2024-09-26,carrot,Nagercoil,163.8
2024-09-26,carrot,Tuticorin,180.1
2024-09-26,carrot,Tenkasi,149.6
2024-09-26,cabbage,Tirunelveli,178.5
2024-09-26,cabbage,Madurai,118.0
2024-09-26,cabbage,Nagercoil,147.3
2024-09-26,cabbage,Tuticorin,139.2
2024-09-26,cabbage,Tenkasi,170.9
2024-09-26,potato,Tirunelveli,210.5
2024-09-26,potato,Madurai,248.5
2024-09-26,potato,Nagercoil,235.1
2024-09-26,potato,Tuticorin,270.6
2024-09-26,potato,Tenkasi,223.4
2024-09-26,beans,Tirunelveli,128.3
2024-09-26,beans,Madurai,103.2
2024-09-26,beans,Nagercoil,123.8
2024-09-26,beans,Tuticorin,112.6
2024-09-26,beans,Tenkasi,112.3
2024-09-26,okra,Tirunelveli,136.3
2024-09-26,okra,Madurai,184.3
2024-09-26,okra,Nagercoil,154.4
2024-09-26,okra,Tuticorin,153.7
2024-09-26,okra,Tenkasi,144.9
2024-09-27,tomato,Tirunelveli,298.9
2024-09-27,tomato,Madurai,330.0
2024-09-27,tomato,Nagercoil,329.0
2024-09-27,tomato,Tuticorin,333.3
2024-09-27,tomato,Tenkasi,299.5
2024-09-27,brinjal,Tirunelveli,204.3
2024-09-27,brinjal,Madurai,187.7
2024-09-27,brinjal,Nagercoil,219.1
2024-09-27,brinjal,Tuticorin,208.5
2024-09-27,brinjal,Tenkasi,186.9
2024-09-27,onion,Tirunelveli,300.8
2024-09-27,onion,Madurai,290.1
2024-09-27,onion,Nagercoil,252.3
2024-09-27,onion,Tuticorin,246.6
2024-09-27,onion,Tenkasi,253.0
2024-09-27,carrot,Tirunelveli,193.0
2024-09-27,carrot,Madurai,139.7
2024-09-27,carrot,Nagercoil,197.5
2024-09-27,carrot,Tuticorin,138.7
2024-09-27,carrot,Tenkasi,136.5
2024-09-27,cabbage,Tirunelveli,161.6
2024-09-27,cabbage,Madurai,162.5
2024-09-27,cabbage,Nagercoil,155.1
2024-09-27,cabbage,Tuticorin,157.5
2024-09-27,cabbage,Tenkasi,128.0
2024-09-27,potato,Tirunelveli,256.7
2024-09-27,potato,Madurai,244.8
2024-09-27,potato,Nagercoil,232.7
2024-09-27,potato,Tuticorin,241.9
2024-09-27,potato,Tenkasi,261.2
2024-09-27,beans,Tirunelveli,127.8
2024-09-27,beans,Madurai,76.8
2024-09-27,beans,Nagercoil,137.8
2024-09-27,beans,Tuticorin,136.3
2024-09-27,beans,Tenkasi,112.4
2024-09-27,okra,Tirunelveli,178.3
2024-09-27,okra,Madurai,178.3
2024-09-27,okra,Nagercoil,136.4
2024-09-27,okra,Tuticorin,168.0
2024-09-27,okra,Tenkasi,168.7
2024-09-28,tomato,Tirunelveli,364.8
2024-09-28,tomato,Madurai,357.5
2024-09-28,tomato,Nagercoil,381.3
2024-09-28,tomato,Tuticorin,351.8
2024-09-28,tomato,Tenkasi,386.2
2024-09-28,brinjal,Tirunelveli,242.3
2024-09-28,brinjal,Madurai,257.2
2024-09-28,brinjal,Nagercoil,264.7
2024-09-28,brinjal,Tuticorin,264.8
2024-09-28,brinjal,Tenkasi,206.3
2024-09-28,onion,Tirunelveli,328.9
2024-09-28,onion,Madurai,307.6
2024-09-28,onion,Nagercoil,387.6
2024-09-28,onion,Tuticorin,334.3
2024-09-28,onion,Tenkasi,350.3
2024-09-28,carrot,Tirunelveli,192.7
2024-09-28,carrot,Madurai,131.3
2024-09-28,carrot,Nagercoil,168.3
2024-09-28,carrot,Tuticorin,170.3
2024-09-28,carrot,Tenkasi,176.2
2024-09-28,cabbage,Tirunelveli,172.8
2024-09-28,cabbage,Madurai,175.6
2024-09-28,cabbage,Nagercoil,113.1
2024-09-28,cabbage,Tuticorin,160.9
2024-09-28,cabbage,Tenkasi,155.9
2024-09-28,potato,Tirunelveli,303.6
2024-09-28,potato,Madurai,287.8
2024-09-28,potato,Nagercoil,272.3
2024-09-28,potato,Tuticorin,280.5
2024-09-28,potato,Tenkasi,242.3
2024-09-28,beans,Tirunelveli,151.2
2024-09-28,beans,Madurai,130.1
2024-09-28,beans,Nagercoil,121.9
2024-09-28,beans,Tuticorin,164.3
2024-09-28,beans,Tenkasi,143.5
2024-09-28,okra,Tirunelveli,189.1
2024-09-28,okra,Madurai,190.3
2024-09-28,okra,Nagercoil,209.7
2024-09-28,okra,Tuticorin,208.2
2024-09-28,okra,Tenkasi,203.0
2024-09-29,tomato,Tirunelveli,343.9
2024-09-29,tomato,Madurai,346.9
2024-09-29,tomato,Nagercoil,353.0
2024-09-29,tomato,Tuticorin,364.1
2024-09-29,tomato,Tenkasi,367.2
2024-09-29,brinjal,Tirunelveli,226.8
2024-09-29,brinjal,Madurai,227.7
2024-09-29,brinjal,Nagercoil,267.6
2024-09-29,brinjal,Tuticorin,247.0
2024-09-29,brinjal,Tenkasi,253.8
2024-09-29,onion,Tirunelveli,331.3
2024-09-29,onion,Madurai,323.4
2024-09-29,onion,Nagercoil,330.2
2024-09-29,onion,Tuticorin,326.5
2024-09-29,onion,Tenkasi,338.2
2024-09-29,carrot,Tirunelveli,164.5
2024-09-29,carrot,Madurai,198.5
2024-09-29,carrot,Nagercoil,187.3
2024-09-29,carrot,Tuticorin,147.9
2024-09-29,carrot,Tenkasi,185.7
2024-09-29,cabbage,Tirunelveli,139.5
2024-09-29,cabbage,Madurai,154.9
2024-09-29,cabbage,Nagercoil,162.4
2024-09-29,cabbage,Tuticorin,135.5
2024-09-29,cabbage,Tenkasi,164.5
2024-09-29,potato,Tirunelveli,277.4
2024-09-29,potato,Madurai,291.1
2024-09-29,potato,Nagercoil,266.9
2024-09-29,potato,Tuticorin,281.5
2024-09-29,potato,Tenkasi,274.1
2024-09-29,beans,Tirunelveli,129.6
2024-09-29,beans,Madurai,104.6
2024-09-29,beans,Nagercoil,135.8
2024-09-29,beans,Tuticorin,152.9
2024-09-29,beans,Tenkasi,119.3
2024-09-29,okra,Tirunelveli,198.0
2024-09-29,okra,Madurai,201.0
2024-09-29,okra,Nagercoil,224.4
2024-09-29,okra,Tuticorin,203.0
2024-09-29,okra,Tenkasi,208.2
2024-09-30,tomato,Tirunelveli,319.8
2024-09-30,tomato,Madurai,310.2
2024-09-30,tomato,Nagercoil,297.3
2024-09-30,tomato,Tuticorin,314.3
2024-09-30,tomato,Tenkasi,327.9
2024-09-30,brinjal,Tirunelveli,202.5
2024-09-30,brinjal,Madurai,229.6
2024-09-30,brinjal,Nagercoil,218.9
2024-09-30,brinjal,Tuticorin,224.8
2024-09-30,brinjal,Tenkasi,159.4
2024-09-30,onion,Tirunelveli,311.6
2024-09-30,onion,Madurai,285.3
2024-09-30,onion,Nagercoil,288.2
2024-09-30,onion,Tuticorin,297.9
2024-09-30,onion,Tenkasi,280.4
2024-09-30,carrot,Tirunelveli,138.6
2024-09-30,carrot,Madurai,188.9
2024-09-30,carrot,Nagercoil,144.6
2024-09-30,carrot,Tuticorin,140.3
2024-09-30,carrot,Tenkasi,155.3
2024-09-30,cabbage,Tirunelveli,136.3
2024-09-30,cabbage,Madurai,144.1
2024-09-30,cabbage,Nagercoil,142.0
2024-09-30,cabbage,Tuticorin,170.9
2024-09-30,cabbage,Tenkasi,153.2
2024-09-30,potato,Tirunelveli,222.8
2024-09-30,potato,Madurai,225.6
2024-09-30,potato,Nagercoil,232.2
2024-09-30,potato,Tuticorin,232.3
2024-09-30,potato,Tenkasi,229.7
2024-09-30,beans,Tirunelveli,98.0
2024-09-30,beans,Madurai,125.8
2024-09-30,beans,Nagercoil,110.9
2024-09-30,beans,Tuticorin,101.0
2024-09-30,beans,Tenkasi,129.7
2024-09-30,okra,Tirunelveli,193.0
2024-09-30,okra,Madurai,171.1
2024-09-30,okra,Nagercoil,211.6
2024-09-30,okra,Tuticorin,220.3
2024-09-30,okra,Tenkasi,185.9
2024-10-01,tomato,Tirunelveli,321.3
2024-10-01,tomato,Madurai,336.1
2024-10-01,tomato,Nagercoil,306.2
2024-10-01,tomato,Tuticorin,313.3
2024-10-01,tomato,Tenkasi,297.1
2024-10-01,brinjal,Tirunelveli,194.1
2024-10-01,brinjal,Madurai,182.0
2024-10-01,brinjal,Nagercoil,219.2
2024-10-01,brinjal,Tuticorin,191.7
2024-10-01,brinjal,Tenkasi,212.2
2024-10-01,onion,Tirunelveli,304.3
2024-10-01,onion,Madurai,312.8
2024-10-01,onion,Nagercoil,282.3
2024-10-01,onion,Tuticorin,295.6
2024-10-01,onion,Tenkasi,296.2
2024-10-01,carrot,Tirunelveli,190.8
2024-10-01,carrot,Madurai,181.0
2024-10-01,carrot,Nagercoil,191.4
2024-10-01,carrot,Tuticorin,132.1
2024-10-01,carrot,Tenkasi,152.1
2024-10-01,cabbage,Tirunelveli,169.5
2024-10-01,cabbage,Madurai,160.4
2024-10-01,cabbage,Nagercoil,146.3
2024-10-01,cabbage,Tuticorin,139.3
2024-10-01,cabbage,Tenkasi,164.6
2024-10-01,potato,Tirunelveli,208.4
2024-10-01,potato,Madurai,263.9
2024-10-01,potato,Nagercoil,249.9
2024-10-01,potato,Tuticorin,238.3
2024-10-01,potato,Tenkasi,258.1
2024-10-01,beans,Tirunelveli,116.3
2024-10-01,beans,Madurai,124.6
2024-10-01,beans,Nagercoil,123.1
2024-10-01,beans,Tuticorin,138.9
2024-10-01,beans,Tenkasi,127.2
2024-10-01,okra,Tirunelveli,143.7
2024-10-01,okra,Madurai,154.1
2024-10-01,okra,Nagercoil,160.2
2024-10-01,okra,Tuticorin,191.0
2024-10-01,okra,Tenkasi,193.0
2024-10-02,tomato,Tirunelveli,364.1
2024-10-02,tomato,Madurai,310.4
2024-10-02,tomato,Nagercoil,356.9
2024-10-02,tomato,Tuticorin,292.0
2024-10-02,tomato,Tenkasi,331.1
2024-10-02,brinjal,Tirunelveli,211.6
2024-10-02,brinjal,Madurai,211.5
2024-10-02,brinjal,Nagercoil,200.5
2024-10-02,brinjal,Tuticorin,209.1
2024-10-02,brinjal,Tenkasi,182.0
2024-10-02,onion,Tirunelveli,306.7
2024-10-02,onion,Madurai,294.4
2024-10-02,onion,Nagercoil,296.6
2024-10-02,onion,Tuticorin,283.8
2024-10-02,onion,Tenkasi,282.8
2024-10-02,carrot,Tirunelveli,175.9
2024-10-02,carrot,Madurai,197.2
2024-10-02,carrot,Nagercoil,137.5
2024-10-02,carrot,Tuticorin,136.5
2024-10-02,carrot,Tenkasi,170.7
2024-10-02,cabbage,Tirunelveli,142.2
2024-10-02,cabbage,Madurai,151.3
2024-10-02,cabbage,Nagercoil,148.3
2024-10-02,cabbage,Tuticorin,161.3
2024-10-02,cabbage,Tenkasi,143.1
2024-10-02,potato,Tirunelveli,223.9
2024-10-02,potato,Madurai,232.2
2024-10-02,potato,Nagercoil,244.8
2024-10-02,potato,Tuticorin,222.9
2024-10-02,potato,Tenkasi,247.3
2024-10-02,beans,Tirunelveli,125.2
2024-10-02,beans,Madurai,116.9
2024-10-02,beans,Nagercoil,128.2
2024-10-02,beans,Tuticorin,91.7
2024-10-02,beans,Tenkasi,105.0
2024-10-02,okra,Tirunelveli,159.0
2024-10-02,okra,Madurai,199.5
2024-10-02,okra,Nagercoil,228.0
2024-10-02,okra,Tuticorin,164.3
2024-10-02,okra,Tenkasi,177.2
2024-10-03,tomato,Tirunelveli,316.8
2024-10-03,tomato,Madurai,335.1
2024-10-03,tomato,Nagercoil,318.5
2024-10-03,tomato,Tuticorin,336.4
2024-10-03,tomato,Tenkasi,344.0
2024-10-03,brinjal,Tirunelveli,182.2
2024-10-03,brinjal,Madurai,212.1
2024-10-03,brinjal,Nagercoil,170.8
2024-10-03,brinjal,Tuticorin,201.6
2024-10-03,brinjal,Tenkasi,200.2
2024-10-03,onion,Tirunelveli,284.8
2024-10-03,onion,Madurai,283.1
2024-10-03,onion,Nagercoil,279.5
2024-10-03,onion,Tuticorin,284.1
2024-10-03,onion,Tenkasi,294.1
2024-10-03,carrot,Tirunelveli,170.7
2024-10-03,carrot,Madurai,167.7
2024-10-03,carrot,Nagercoil,153.9
2024-10-03,carrot,Tuticorin,187.0
2024-10-03,carrot,Tenkasi,195.9
2024-10-03,cabbage,Tirunelveli,123.1
2024-10-03,cabbage,Madurai,152.1
2024-10-03,cabbage,Nagercoil,139.5
2024-10-03,cabbage,Tuticorin,167.3
2024-10-03,cabbage,Tenkasi,148.6
2024-10-03,potato,Tirunelveli,249.1
2024-10-03,potato,Madurai,257.9
2024-10-03,potato,Nagercoil,242.1
2024-10-03,potato,Tuticorin,281.6
2024-10-03,potato,Tenkasi,258.2
2024-10-03,beans,Tirunelveli,142.7
2024-10-03,beans,Madurai,119.6
2024-10-03,beans,Nagercoil,121.6
2024-10-03,beans,Tuticorin,140.3
2024-10-03,beans,Tenkasi,138.2
2024-10-03,okra,Tirunelveli,156.9
2024-10-03,okra,Madurai,184.4
2024-10-03,okra,Nagercoil,191.4
2024-10-03,okra,Tuticorin,179.3
2024-10-03,okra,Tenkasi,189.5
2024-10-04,tomato,Tirunelveli,329.0
2024-10-04,tomato,Madurai,285.8
2024-10-04,tomato,Nagercoil,304.5
2024-10-04,tomato,Tuticorin,350.2
2024-10-04,tomato,Tenkasi,325.8
2024-10-04,brinjal,Tirunelveli,210.5
2024-10-04,brinjal,Madurai,206.6
2024-10-04,brinjal,Nagercoil,190.2
2024-10-04,brinjal,Tuticorin,197.4
2024-10-04,brinjal,Tenkasi,213.3
2024-10-04,onion,Tirunelveli,298.0
2024-10-04,onion,Madurai,333.1
2024-10-04,onion,Nagercoil,279.8
2024-10-04,onion,Tuticorin,322.8
2024-10-04,onion,Tenkasi,272.2
2024-10-04,carrot,Tirunelveli,175.1
2024-10-04,carrot,Madurai,168.9
2024-10-04,carrot,Nagercoil,162.8
2024-10-04,carrot,Tuticorin,165.2
2024-10-04,carrot,Tenkasi,152.9
2024-10-04,cabbage,Tirunelveli,166.9
2024-10-04,cabbage,Madurai,132.0
2024-10-04,cabbage,Nagercoil,155.2
2024-10-04,cabbage,Tuticorin,163.9
2024-10-04,cabbage,Tenkasi,176.5
2024-10-04,potato,Tirunelveli,267.5
2024-10-04,potato,Madurai,259.5
2024-10-04,potato,Nagercoil,235.3
2024-10-04,potato,Tuticorin,232.3
2024-10-04,potato,Tenkasi,225.3
2024-10-04,beans,Tirunelveli,99.3
2024-10-04,beans,Madurai,124.0
2024-10-04,beans,Nagercoil,109.5
2024-10-04,beans,Tuticorin,148.0
2024-10-04,beans,Tenkasi,112.4
2024-10-04,okra,Tirunelveli,183.8
2024-10-04,okra,Madurai,176.6
2024-10-04,okra,Nagercoil,153.8
2024-10-04,okra,Tuticorin,203.7
2024-10-04,okra,Tenkasi,195.8
2024-10-05,tomato,Tirunelveli,396.5
2024-10-05,tomato,Madurai,392.2
2024-10-05,tomato,Nagercoil,365.1
2024-10-05,tomato,Tuticorin,365.5
2024-10-05,tomato,Tenkasi,389.4
2024-10-05,brinjal,Tirunelveli,268.6
2024-10-05,brinjal,Madurai,245.4
2024-10-05,brinjal,Nagercoil,257.3
2024-10-05,brinjal,Tuticorin,227.2
2024-10-05,brinjal,Tenkasi,259.7
2024-10-05,onion,Tirunelveli,324.4
2024-10-05,onion,Madurai,337.6
2024-10-05,onion,Nagercoil,325.5
2024-10-05,onion,Tuticorin,350.6
2024-10-05,onion,Tenkasi,350.8
2024-10-05,carrot,Tirunelveli,160.6
2024-10-05,carrot,Madurai,216.7
2024-10-05,carrot,Nagercoil,237.7
2024-10-05,carrot,Tuticorin,183.1
2024-10-05,carrot,Tenkasi,187.6
2024-10-05,cabbage,Tirunelveli,195.9
2024-10-05,cabbage,Madurai,172.5
2024-10-05,cabbage,Nagercoil,171.1
2024-10-05,cabbage,Tuticorin,209.1
2024-10-05,cabbage,Tenkasi,144.1
2024-10-05,potato,Tirunelveli,269.5
2024-10-05,potato,Madurai,293.6
2024-10-05,potato,Nagercoil,252.9
2024-10-05,potato,Tuticorin,277.8
2024-10-05,potato,Tenkasi,277.6
2024-10-05,beans,Tirunelveli,161.9
2024-10-05,beans,Madurai,156.5
2024-10-05,beans,Nagercoil,109.0
2024-10-05,beans,Tuticorin,128.8
2024-10-05,beans,Tenkasi,128.8
2024-10-05,okra,Tirunelveli,204.8
2024-10-05,okra,Madurai,187.2
2024-10-05,okra,Nagercoil,218.2
2024-10-05,okra,Tuticorin,195.3
2024-10-05,okra,Tenkasi,221.0
2024-10-06,tomato,Tirunelveli,380.3
2024-10-06,tomato,Madurai,360.9
2024-10-06,tomato,Nagercoil,408.1
2024-10-06,tomato,Tuticorin,408.7
2024-10-06,tomato,Tenkasi,386.1
2024-10-06,brinjal,Tirunelveli,232.9
2024-10-06,brinjal,Madurai,216.6
2024-10-06,brinjal,Nagercoil,259.1
2024-10-06,brinjal,Tuticorin,254.2
2024-10-06,brinjal,Tenkasi,221.4
2024-10-06,onion,Tirunelveli,319.0
2024-10-06,onion,Madurai,341.9
2024-10-06,onion,Nagercoil,309.3
2024-10-06,onion,Tuticorin,320.3
2024-10-06,onion,Tenkasi,312.0
2024-10-06,carrot,Tirunelveli,170.0
2024-10-06,carrot,Madurai,175.8
2024-10-06,carrot,Nagercoil,208.3
2024-10-06,carrot,Tuticorin,155.1
2024-10-06,carrot,Tenkasi,198.8
2024-10-06,cabbage,Tirunelveli,176.3
2024-10-06,cabbage,Madurai,190.5
2024-10-06,cabbage,Nagercoil,176.3
2024-10-06,cabbage,Tuticorin,163.6
2024-10-06,cabbage,Tenkasi,154.8
2024-10-06,potato,Tirunelveli,305.1
2024-10-06,potato,Madurai,295.2
2024-10-06,potato,Nagercoil,275.4
2024-10-06,potato,Tuticorin,303.4
2024-10-06,potato,Tenkasi,276.3
2024-10-06,beans,Tirunelveli,142.6
2024-10-06,beans,Madurai,130.5
2024-10-06,beans,Nagercoil,153.3
2024-10-06,beans,Tuticorin,122.7
2024-10-06,beans,Tenkasi,136.7
2024-10-06,okra,Tirunelveli,196.1
2024-10-06,okra,Madurai,214.5
2024-10-06,okra,Nagercoil,216.9
2024-10-06,okra,Tuticorin,187.1
2024-10-06,okra,Tenkasi,217.3
2024-10-07,tomato,Tirunelveli,301.2
2024-10-07,tomato,Madurai,374.6
2024-10-07,tomato,Nagercoil,320.5
2024-10-07,tomato,Tuticorin,351.7
2024-10-07,tomato,Tenkasi,334.7
2024-10-07,brinjal,Tirunelveli,211.5
2024-10-07,brinjal,Madurai,183.4
2024-10-07,brinjal,Nagercoil,223.6
2024-10-07,brinjal,Tuticorin,207.7
2024-10-07,brinjal,Tenkasi,216.1
2024-10-07,onion,Tirunelveli,287.6
2024-10-07,onion,Madurai,292.0
2024-10-07,onion,Nagercoil,271.6
2024-10-07,onion,Tuticorin,286.3
2024-10-07,onion,Tenkasi,281.0
2024-10-07,carrot,Tirunelveli,151.2
2024-10-07,carrot,Madurai,168.0
2024-10-07,carrot,Nagercoil,172.6
2024-10-07,carrot,Tuticorin,170.4
2024-10-07,carrot,Tenkasi,163.3
2024-10-07,cabbage,Tirunelveli,157.0
2024-10-07,cabbage,Madurai,153.7
2024-10-07,cabbage,Nagercoil,150.8
2024-10-07,cabbage,Tuticorin,152.1
2024-10-07,cabbage,Tenkasi,172.5
2024-10-07,potato,Tirunelveli,223.9
2024-10-07,potato,Madurai,241.7
2024-10-07,potato,Nagercoil,254.8
2024-10-07,potato,Tuticorin,216.4
2024-10-07,potato,Tenkasi,275.7
2024-10-07,beans,Tirunelveli,129.1
2024-10-07,beans,Madurai,143.2
2024-10-07,beans,Nagercoil,146.4
2024-10-07,beans,Tuticorin,132.3
2024-10-07,beans,Tenkasi,79.4
2024-10-07,okra,Tirunelveli,184.8
2024-10-07,okra,Madurai,186.1
2024-10-07,okra,Nagercoil,160.2
2024-10-07,okra,Tuticorin,146.1
2024-10-07,okra,Tenkasi,191.1
2024-10-08,tomato,Tirunelveli,305.7
2024-10-08,tomato,Madurai,371.9
2024-10-08,tomato,Nagercoil,336.0
2024-10-08,tomato,Tuticorin,357.7
2024-10-08,tomato,Tenkasi,331.3
2024-10-08,brinjal,Tirunelveli,221.7
2024-10-08,brinjal,Madurai,207.8
2024-10-08,brinjal,Nagercoil,226.8
2024-10-08,brinjal,Tuticorin,165.9
2024-10-08,brinjal,Tenkasi,224.5
2024-10-08,onion,Tirunelveli,302.8
2024-10-08,onion,Madurai,286.3
2024-10-08,onion,Nagercoil,281.2
2024-10-08,onion,Tuticorin,283.4
2024-10-08,onion,Tenkasi,295.0
2024-10-08,carrot,Tirunelveli,189.6
2024-10-08,carrot,Madurai,154.7
2024-10-08,carrot,Nagercoil,131.3
2024-10-08,carrot,Tuticorin,215.1
2024-10-08,carrot,Tenkasi,178.8
2024-10-08,cabbage,Tirunelveli,141.0
2024-10-08,cabbage,Madurai,172.6
2024-10-08,cabbage,Nagercoil,167.5
2024-10-08,cabbage,Tuticorin,158.7
2024-10-08,cabbage,Tenkasi,139.3
2024-10-08,potato,Tirunelveli,261.4
2024-10-08,potato,Madurai,269.8
2024-10-08,potato,Nagercoil,213.6
2024-10-08,potato,Tuticorin,252.5
2024-10-08,potato,Tenkasi,254.0
2024-10-08,beans,Tirunelveli,129.3
2024-10-08,beans,Madurai,124.9
2024-10-08,beans,Nagercoil,147.7
2024-10-08,beans,Tuticorin,119.8
2024-10-08,beans,Tenkasi,124.0
2024-10-08,okra,Tirunelveli,188.2
2024-10-08,okra,Madurai,178.3
2024-10-08,okra,Nagercoil,154.2
2024-10-08,okra,Tuticorin,186.2
2024-10-08,okra,Tenkasi,186.4
2024-10-09,tomato,Tirunelveli,323.4
2024-10-09,tomato,Madurai,328.1
2024-10-09,tomato,Nagercoil,267.1
2024-10-09,tomato,Tuticorin,354.9
2024-10-09,tomato,Tenkasi,348.7
2024-10-09,brinjal,Tirunelveli,179.9
2024-10-09,brinjal,Madurai,193.2
2024-10-09,brinjal,Nagercoil,235.7
2024-10-09,brinjal,Tuticorin,183.6
2024-10-09,brinjal,Tenkasi,216.3
2024-10-09,onion,Tirunelveli,279.5
2024-10-09,onion,Madurai,297.6
2024-10-09,onion,Nagercoil,290.4
2024-10-09,onion,Tuticorin,283.7
2024-10-09,onion,Tenkasi,297.1
2024-10-09,carrot,Tirunelveli,155.5
2024-10-09,carrot,Madurai,129.7
2024-10-09,carrot,Nagercoil,146.8
2024-10-09,carrot,Tuticorin,144.4
2024-10-09,carrot,Tenkasi,133.3
2024-10-09,cabbage,Tirunelveli,156.2
2024-10-09,cabbage,Madurai,145.4
2024-10-09,cabbage,Nagercoil,155.9
2024-10-09,cabbage,Tuticorin,159.2
2024-10-09,cabbage,Tenkasi,164.0
2024-10-09,potato,Tirunelveli,256.2
2024-10-09,potato,Madurai,228.4
2024-10-09,potato,Nagercoil,259.6
2024-10-09,potato,Tuticorin,252.5
2024-10-09,potato,Tenkasi,291.8
2024-10-09,beans,Tirunelveli,124.2
2024-10-09,beans,Madurai,131.7
2024-10-09,beans,Nagercoil,122.1
2024-10-09,beans,Tuticorin,125.0
2024-10-09,beans,Tenkasi,123.6
2024-10-09,okra,Tirunelveli,173.2
2024-10-09,okra,Madurai,185.4
2024-10-09,okra,Nagercoil,194.3
2024-10-09,okra,Tuticorin,173.5
2024-10-09,okra,Tenkasi,198.6
2024-10-10,tomato,Tirunelveli,345.0
2024-10-10,tomato,Madurai,313.1
2024-10-10,tomato,Nagercoil,311.4
2024-10-10,tomato,Tuticorin,339.7
2024-10-10,tomato,Tenkasi,319.0
2024-10-10,brinjal,Tirunelveli,185.8
2024-10-10,brinjal,Madurai,241.0
2024-10-10,brinjal,Nagercoil,187.4
2024-10-10,brinjal,Tuticorin,176.2
2024-10-10,brinjal,Tenkasi,191.0
2024-10-10,onion,Tirunelveli,294.0
2024-10-10,onion,Madurai,290.8
2024-10-10,onion,Nagercoil,327.1
2024-10-10,onion,Tuticorin,274.0
2024-10-10,onion,Tenkasi,294.1
2024-10-10,carrot,Tirunelveli,187.9
2024-10-10,carrot,Madurai,152.2
2024-10-10,carrot,Nagercoil,179.4
2024-10-10,carrot,Tuticorin,128.7
2024-10-10,carrot,Tenkasi,200.5
2024-10-10,cabbage,Tirunelveli,168.7
2024-10-10,cabbage,Madurai,135.2
2024-10-10,cabbage,Nagercoil,165.4
2024-10-10,cabbage,Tuticorin,175.1
2024-10-10,cabbage,Tenkasi,123.0
2024-10-10,potato,Tirunelveli,236.0
2024-10-10,potato,Madurai,275.0
2024-10-10,potato,Nagercoil,249.4
2024-10-10,potato,Tuticorin,256.8
2024-10-10,potato,Tenkasi,249.4
2024-10-10,beans,Tirunelveli,141.8
2024-10-10,beans,Madurai,134.3
2024-10-10,beans,Nagercoil,126.1
2024-10-10,beans,Tuticorin,82.0
2024-10-10,beans,Tenkasi,136.8
2024-10-10,okra,Tirunelveli,196.5
2024-10-10,okra,Madurai,157.1
2024-10-10,okra,Nagercoil,158.5
2024-10-10,okra,Tuticorin,192.2
2024-10-10,okra,Tenkasi,185.8
2024-10-11,tomato,Tirunelveli,291.2
2024-10-11,tomato,Madurai,314.3
2024-10-11,tomato,Nagercoil,337.0
2024-10-11,tomato,Tuticorin,344.3
2024-10-11,tomato,Tenkasi,319.0
2024-10-11,brinjal,Tirunelveli,203.7
2024-10-11,brinjal,Madurai,189.1
2024-10-11,brinjal,Nagercoil,233.2
2024-10-11,brinjal,Tuticorin,210.2
2024-10-11,brinjal,Tenkasi,193.3
2024-10-11,onion,Tirunelveli,266.3
2024-10-11,onion,Madurai,264.0
2024-10-11,onion,Nagercoil,325.6
2024-10-11,onion,Tuticorin,285.9
2024-10-11,onion,Tenkasi,281.4
2024-10-11,carrot,Tirunelveli,161.1
2024-10-11,carrot,Madurai,152.8
2024-10-11,carrot,Nagercoil,163.2
2024-10-11,carrot,Tuticorin,166.1
2024-10-11,carrot,Tenkasi,165.7
2024-10-11,cabbage,Tirunelveli,123.6
2024-10-11,cabbage,Madurai,166.7
2024-10-11,cabbage,Nagercoil,137.8
2024-10-11,cabbage,Tuticorin,135.6
2024-10-11,cabbage,Tenkasi,134.7
2024-10-11,potato,Tirunelveli,227.0
2024-10-11,potato,Madurai,253.4
2024-10-11,potato,Nagercoil,265.9
2024-10-11,potato,Tuticorin,233.6
2024-10-11,potato,Tenkasi,211.2
2024-10-11,beans,Tirunelveli,103.5
2024-10-11,beans,Madurai,115.1
2024-10-11,beans,Nagercoil,99.4
2024-10-11,beans,Tuticorin,112.0
2024-10-11,beans,Tenkasi,113.0
2024-10-11,okra,Tirunelveli,181.6
2024-10-11,okra,Madurai,152.8
2024-10-11,okra,Nagercoil,193.5
2024-10-11,okra,Tuticorin,215.1
2024-10-11,okra,Tenkasi,210.5
2024-10-12,tomato,Tirunelveli,368.6
2024-10-12,tomato,Madurai,393.7
2024-10-12,tomato,Nagercoil,391.3
2024-10-12,tomato,Tuticorin,379.5
2024-10-12,tomato,Tenkasi,383.9
2024-10-12,brinjal,Tirunelveli,251.4
2024-10-12,brinjal,Madurai,255.4
2024-10-12,brinjal,Nagercoil,221.5
2024-10-12,brinjal,Tuticorin,252.7
2024-10-12,brinjal,Tenkasi,271.0
2024-10-12,onion,Tirunelveli,350.4
2024-10-12,onion,Madurai,363.5
2024-10-12,onion,Nagercoil,281.1
2024-10-12,onion,Tuticorin,344.7
2024-10-12,onion,Tenkasi,338.1
2024-10-12,carrot,Tirunelveli,210.7
2024-10-12,carrot,Madurai,167.7
2024-10-12,carrot,Nagercoil,180.0
2024-10-12,carrot,Tuticorin,208.2
2024-10-12,carrot,Tenkasi,169.0
2024-10-12,cabbage,Tirunelveli,176.0
2024-10-12,cabbage,Madurai,170.8
2024-10-12,cabbage,Nagercoil,167.2
2024-10-12,cabbage,Tuticorin,182.6
2024-10-12,cabbage,Tenkasi,148.8
2024-10-12,potato,Tirunelveli,269.6
2024-10-12,potato,Madurai,282.5
2024-10-12,potato,Nagercoil,261.2
2024-10-12,potato,Tuticorin,309.9
2024-10-12,potato,Tenkasi,269.3
2024-10-12,beans,Tirunelveli,158.3
2024-10-12,beans,Madurai,125.1
2024-10-12,beans,Nagercoil,156.7
2024-10-12,beans,Tuticorin,110.4
2024-10-12,beans,Tenkasi,170.8
2024-10-12,okra,Tirunelveli,231.9
2024-10-12,okra,Madurai,198.1
2024-10-12,okra,Nagercoil,192.7
2024-10-12,okra,Tuticorin,218.3
2024-10-12,okra,Tenkasi,178.7
2024-10-13,tomato,Tirunelveli,381.0
2024-10-13,tomato,Madurai,364.2
2024-10-13,tomato,Nagercoil,375.2
2024-10-13,tomato,Tuticorin,367.4
2024-10-13,tomato,Tenkasi,364.4
2024-10-13,brinjal,Tirunelveli,271.8
2024-10-13,brinjal,Madurai,253.3
2024-10-13,brinjal,Nagercoil,208.1
2024-10-13,brinjal,Tuticorin,220.2
2024-10-13,brinjal,Tenkasi,254.9
2024-10-13,onion,Tirunelveli,352.2
2024-10-13,onion,Madurai,305.1
2024-10-13,onion,Nagercoil,346.8
2024-10-13,onion,Tuticorin,338.1
2024-10-13,onion,Tenkasi,294.0
2024-10-13,carrot,Tirunelveli,182.1
2024-10-13,carrot,Madurai,187.4
2024-10-13,carrot,Nagercoil,191.1
2024-10-13,carrot,Tuticorin,163.8
2024-10-13,carrot,Tenkasi,174.9
2024-10-13,cabbage,Tirunelveli,158.7
2024-10-13,cabbage,Madurai,160.4
2024-10-13,cabbage,Nagercoil,160.8
2024-10-13,cabbage,Tuticorin,168.5
2024-10-13,cabbage,Tenkasi,177.3
2024-10-13,potato,Tirunelveli,320.7
2024-10-13,potato,Madurai,302.7
2024-10-13,potato,Nagercoil,311.6
2024-10-13,potato,Tuticorin,275.6
2024-10-13,potato,Tenkasi,265.2
2024-10-13,beans,Tirunelveli,158.7
2024-10-13,beans,Madurai,142.3
2024-10-13,beans,Nagercoil,157.2
2024-10-13,beans,Tuticorin,125.0
2024-10-13,beans,Tenkasi,155.6
2024-10-13,okra,Tirunelveli,205.7
2024-10-13,okra,Madurai,200.0
2024-10-13,okra,Nagercoil,201.8
2024-10-13,okra,Tuticorin,219.0
2024-10-13,okra,Tenkasi,224.7
2024-10-14,tomato,Tirunelveli,323.4
2024-10-14,tomato,Madurai,337.6
2024-10-14,tomato,Nagercoil,337.5
2024-10-14,tomato,Tuticorin,345.5
2024-10-14,tomato,Tenkasi,350.5
2024-10-14,brinjal,Tirunelveli,242.9
2024-10-14,brinjal,Madurai,197.4
2024-10-14,brinjal,Nagercoil,235.9
2024-10-14,brinjal,Tuticorin,209.0
2024-10-14,brinjal,Tenkasi,184.8
2024-10-14,onion,Tirunelveli,276.4
2024-10-14,onion,Madurai,298.7
2024-10-14,onion,Nagercoil,303.9
2024-10-14,onion,Tuticorin,269.1
2024-10-14,onion,Tenkasi,274.1
2024-10-14,carrot,Tirunelveli,154.7
2024-10-14,carrot,Madurai,148.1
2024-10-14,carrot,Nagercoil,127.8
2024-10-14,carrot,Tuticorin,121.0
2024-10-14,carrot,Tenkasi,157.7
2024-10-14,cabbage,Tirunelveli,153.9
2024-10-14,cabbage,Madurai,161.9
2024-10-14,cabbage,Nagercoil,121.6
2024-10-14,cabbage,Tuticorin,121.9
2024-10-14,cabbage,Tenkasi,138.3
2024-10-14,potato,Tirunelveli,248.1
2024-10-14,potato,Madurai,268.2
2024-10-14,potato,Nagercoil,262.4
2024-10-14,potato,Tuticorin,240.7
2024-10-14,potato,Tenkasi,255.2
2024-10-14,beans,Tirunelveli,107.1
2024-10-14,beans,Madurai,125.5
2024-10-14,beans,Nagercoil,122.8
2024-10-14,beans,Tuticorin,152.1
2024-10-14,beans,Tenkasi,133.9
2024-10-14,okra,Tirunelveli,166.5
2024-10-14,okra,Madurai,166.7
2024-10-14,okra,Nagercoil,175.2
2024-10-14,okra,Tuticorin,150.6
2024-10-14,okra,Tenkasi,177.3
2024-10-15,tomato,Tirunelveli,327.8
2024-10-15,tomato,Madurai,340.0
2024-10-15,tomato,Nagercoil,343.0
2024-10-15,tomato,Tuticorin,332.7
2024-10-15,tomato,Tenkasi,298.1
2024-10-15,brinjal,Tirunelveli,182.3
2024-10-15,brinjal,Madurai,194.6
2024-10-15,brinjal,Nagercoil,219.7
2024-10-15,brinjal,Tuticorin,219.1
2024-10-15,brinjal,Tenkasi,201.7
2024-10-15,onion,Tirunelveli,336.6
2024-10-15,onion,Madurai,320.6
2024-10-15,onion,Nagercoil,314.2
2024-10-15,onion,Tuticorin,303.4
2024-10-15,onion,Tenkasi,298.5
2024-10-15,carrot,Tirunelveli,173.1
2024-10-15,carrot,Madurai,129.3
2024-10-15,carrot,Nagercoil,144.3
2024-10-15,carrot,Tuticorin,160.9
2024-10-15,carrot,Tenkasi,167.9
2024-10-15,cabbage,Tirunelveli,146.3
2024-10-15,cabbage,Madurai,154.3
2024-10-15,cabbage,Nagercoil,106.8
2024-10-15,cabbage,Tuticorin,158.9
2024-10-15,cabbage,Tenkasi,150.1
2024-10-15,potato,Tirunelveli,244.3
2024-10-15,potato,Madurai,266.6
2024-10-15,potato,Nagercoil,227.1
2024-10-15,potato,Tuticorin,243.3
2024-10-15,potato,Tenkasi,253.7
2024-10-15,beans,Tirunelveli,107.0
2024-10-15,beans,Madurai,84.0
2024-10-15,beans,Nagercoil,101.0
2024-10-15,beans,Tuticorin,122.7
2024-10-15,beans,Tenkasi,119.0
2024-10-15,okra,Tirunelveli,181.5
2024-10-15,okra,Madurai,168.7
2024-10-15,okra,Nagercoil,155.6
2024-10-15,okra,Tuticorin,184.6
2024-10-15,okra,Tenkasi,178.6
2024-10-16,tomato,Tirunelveli,343.5
2024-10-16,tomato,Madurai,315.8
2024-10-16,tomato,Nagercoil,290.3
2024-10-16,tomato,Tuticorin,278.6
2024-10-16,tomato,Tenkasi,322.7
2024-10-16,brinjal,Tirunelveli,209.3
2024-10-16,brinjal,Madurai,202.1
2024-10-16,brinjal,Nagercoil,195.4
2024-10-16,brinjal,Tuticorin,174.9
2024-10-16,brinjal,Tenkasi,168.9
2024-10-16,onion,Tirunelveli,296.7
2024-10-16,onion,Madurai,284.8
2024-10-16,onion,Nagercoil,282.1
2024-10-16,onion,Tuticorin,258.5
2024-10-16,onion,Tenkasi,270.1
2024-10-16,carrot,Tirunelveli,166.3
2024-10-16,carrot,Madurai,171.1
2024-10-16,carrot,Nagercoil,162.1
2024-10-16,carrot,Tuticorin,192.9
2024-10-16,carrot,Tenkasi,153.8
2024-10-16,cabbage,Tirunelveli,174.6
2024-10-16,cabbage,Madurai,153.2
2024-10-16,cabbage,Nagercoil,151.0
2024-10-16,cabbage,Tuticorin,167.5
2024-10-16,cabbage,Tenkasi,136.3
2024-10-16,potato,Tirunelveli,241.5
2024-10-16,potato,Madurai,223.6
2024-10-16,potato,Nagercoil,266.7
2024-10-16,potato,Tuticorin,254.7
2024-10-16,potato,Tenkasi,270.0
2024-10-16,beans,Tirunelveli,128.1
2024-10-16,beans,Madurai,146.1
2024-10-16,beans,Nagercoil,109.1
2024-10-16,beans,Tuticorin,143.8
2024-10-16,beans,Tenkasi,116.1
2024-10-16,okra,Tirunelveli,181.9
2024-10-16,okra,Madurai,196.5
2024-10-16,okra,Nagercoil,228.5
2024-10-16,okra,Tuticorin,198.3
2024-10-16,okra,Tenkasi,200.2
2024-10-17,tomato,Tirunelveli,319.8
2024-10-17,tomato,Madurai,333.9
2024-10-17,tomato,Nagercoil,328.8
2024-10-17,tomato,Tuticorin,358.9
2024-10-17,tomato,Tenkasi,327.8
2024-10-17,brinjal,Tirunelveli,233.3
2024-10-17,brinjal,Madurai,180.7
2024-10-17,brinjal,Nagercoil,234.7
2024-10-17,brinjal,Tuticorin,189.5
2024-10-17,brinjal,Tenkasi,223.8
2024-10-17,onion,Tirunelveli,272.1
2024-10-17,onion,Madurai,301.7
2024-10-17,onion,Nagercoil,270.1
2024-10-17,onion,Tuticorin,310.1
2024-10-17,onion,Tenkasi,306.3
2024-10-17,carrot,Tirunelveli,153.3
2024-10-17,carrot,Madurai,176.9
2024-10-17,carrot,Nagercoil,184.3
2024-10-17,carrot,Tuticorin,146.9
2024-10-17,carrot,Tenkasi,144.7
2024-10-17,cabbage,Tirunelveli,127.4
2024-10-17,cabbage,Madurai,124.6
2024-10-17,cabbage,Nagercoil,127.3
2024-10-17,cabbage,Tuticorin,167.3
2024-10-17,cabbage,Tenkasi,160.0
2024-10-17,potato,Tirunelveli,214.1
2024-10-17,potato,Madurai,237.8
2024-10-17,potato,Nagercoil,224.9
2024-10-17,potato,Tuticorin,265.3
2024-10-17,potato,Tenkasi,239.0
2024-10-17,beans,Tirunelveli,93.1
2024-10-17,beans,Madurai,127.4
2024-10-17,beans,Nagercoil,136.1
2024-10-17,beans,Tuticorin,104.9
2024-10-17,beans,Tenkasi,118.7
2024-10-17,okra,Tirunelveli,163.8
2024-10-17,okra,Madurai,206.8
2024-10-17,okra,Nagercoil,173.3
2024-10-17,okra,Tuticorin,167.5
2024-10-17,okra,Tenkasi,180.9
2024-10-18,tomato,Tirunelveli,326.6
2024-10-18,tomato,Madurai,344.5
2024-10-18,tomato,Nagercoil,355.0
2024-10-18,tomato,Tuticorin,355.2
2024-10-18,tomato,Tenkasi,323.1
2024-10-18,brinjal,Tirunelveli,212.8
2024-10-18,brinjal,Madurai,236.5
2024-10-18,brinjal,Nagercoil,237.2
2024-10-18,brinjal,Tuticorin,189.2
2024-10-18,brinjal,Tenkasi,218.5
2024-10-18,onion,Tirunelveli,297.8
2024-10-18,onion,Madurai,307.9
2024-10-18,onion,Nagercoil,314.3
2024-10-18,onion,Tuticorin,268.6
2024-10-18,onion,Tenkasi,275.6
2024-10-18,carrot,Tirunelveli,183.5
2024-10-18,carrot,Madurai,168.3
2024-10-18,carrot,Nagercoil,120.8
2024-10-18,carrot,Tuticorin,132.0
2024-10-18,carrot,Tenkasi,178.6
2024-10-18,cabbage,Tirunelveli,165.6
2024-10-18,cabbage,Madurai,121.8
2024-10-18,cabbage,Nagercoil,170.8
2024-10-18,cabbage,Tuticorin,144.9
2024-10-18,cabbage,Tenkasi,128.4
2024-10-18,potato,Tirunelveli,236.8
2024-10-18,potato,Madurai,223.6
2024-10-18,potato,Nagercoil,235.7
2024-10-18,potato,Tuticorin,210.7
2024-10-18,potato,Tenkasi,246.6
2024-10-18,beans,Tirunelveli,135.8
2024-10-18,beans,Madurai,97.1
2024-10-18,beans,Nagercoil,124.4
2024-10-18,beans,Tuticorin,107.9
2024-10-18,beans,Tenkasi,137.4
2024-10-18,okra,Tirunelveli,135.6
2024-10-18,okra,Madurai,196.1
2024-10-18,okra,Nagercoil,145.5
2024-10-18,okra,Tuticorin,177.7
2024-10-18,okra,Tenkasi,167.7
2024-10-19,tomato,Tirunelveli,373.1
2024-10-19,tomato,Madurai,349.7
2024-10-19,tomato,Nagercoil,413.5
2024-10-19,tomato,Tuticorin,354.6
2024-10-19,tomato,Tenkasi,356.2
2024-10-19,brinjal,Tirunelveli,273.6
2024-10-19,brinjal,Madurai,244.2
2024-10-19,brinjal,Nagercoil,212.6
2024-10-19,brinjal,Tuticorin,235.1
2024-10-19,brinjal,Tenkasi,233.0
2024-10-19,onion,Tirunelveli,299.0
2024-10-19,onion,Madurai,317.6
2024-10-19,onion,Nagercoil,332.3
2024-10-19,onion,Tuticorin,358.1
2024-10-19,onion,Tenkasi,329.0
2024-10-19,carrot,Tirunelveli,187.9
2024-10-19,carrot,Madurai,173.9
2024-10-19,carrot,Nagercoil,212.1
2024-10-19,carrot,Tuticorin,208.2
2024-10-19,carrot,Tenkasi,205.9
2024-10-19,cabbage,Tirunelveli,173.4
2024-10-19,cabbage,Madurai,139.2
2024-10-19,cabbage,Nagercoil,192.9
2024-10-19,cabbage,Tuticorin,172.3
2024-10-19,cabbage,Tenkasi,165.0
2024-10-19,potato,Tirunelveli,294.2
2024-10-19,potato,Madurai,289.7
2024-10-19,potato,Nagercoil,263.9
2024-10-19,potato,Tuticorin,278.8
2024-10-19,potato,Tenkasi,247.2
2024-10-19,beans,Tirunelveli,144.3
2024-10-19,beans,Madurai,169.2
2024-10-19,beans,Nagercoil,106.7
2024-10-19,beans,Tuticorin,145.2
2024-10-19,beans,Tenkasi,156.0
2024-10-19,okra,Tirunelveli,225.5
2024-10-19,okra,Madurai,194.3
2024-10-19,okra,Nagercoil,187.1
2024-10-19,okra,Tuticorin,197.4
2024-10-19,okra,Tenkasi,233.0
2024-10-20,tomato,Tirunelveli,346.1
2024-10-20,tomato,Madurai,356.0
2024-10-20,tomato,Nagercoil,371.2
2024-10-20,tomato,Tuticorin,360.8
2024-10-20,tomato,Tenkasi,379.5
2024-10-20,brinjal,Tirunelveli,266.0
2024-10-20,brinjal,Madurai,213.6
2024-10-20,brinjal,Nagercoil,234.8
2024-10-20,brinjal,Tuticorin,237.5
2024-10-20,brinjal,Tenkasi,231.0
2024-10-20,onion,Tirunelveli,301.2
2024-10-20,onion,Madurai,320.0
2024-10-20,onion,Nagercoil,320.1
2024-10-20,onion,Tuticorin,345.5
2024-10-20,onion,Tenkasi,341.2
2024-10-20,carrot,Tirunelveli,159.1
2024-10-20,carrot,Madurai,182.4
2024-10-20,carrot,Nagercoil,180.2
2024-10-20,carrot,Tuticorin,229.3
2024-10-20,carrot,Tenkasi,196.0
2024-10-20,cabbage,Tirunelveli,149.6
2024-10-20,cabbage,Madurai,155.6
2024-10-20,cabbage,Nagercoil,163.6
2024-10-20,cabbage,Tuticorin,178.4
2024-10-20,cabbage,Tenkasi,180.8
2024-10-20,potato,Tirunelveli,289.3
2024-10-20,potato,Madurai,281.0
2024-10-20,potato,Nagercoil,282.5
2024-10-20,potato,Tuticorin,282.7
2024-10-20,potato,Tenkasi,249.6
2024-10-20,beans,Tirunelveli,141.4
2024-10-20,beans,Madurai,131.1
2024-10-20,beans,Nagercoil,109.6
2024-10-20,beans,Tuticorin,191.0
2024-10-20,beans,Tenkasi,148.8
2024-10-20,okra,Tirunelveli,209.4
2024-10-20,okra,Madurai,201.8
2024-10-20,okra,Nagercoil,223.8
2024-10-20,okra,Tuticorin,185.9
2024-10-20,okra,Tenkasi,202.9
2024-10-21,tomato,Tirunelveli,311.7
2024-10-21,tomato,Madurai,345.1
2024-10-21,tomato,Nagercoil,314.2
2024-10-21,tomato,Tuticorin,352.7
2024-10-21,tomato,Tenkasi,328.7
2024-10-21,brinjal,Tirunelveli,222.2
2024-10-21,brinjal,Madurai,214.7
2024-10-21,brinjal,Nagercoil,227.9
2024-10-21,brinjal,Tuticorin,188.0
2024-10-21,brinjal,Tenkasi,224.8
2024-10-21,onion,Tirunelveli,252.1
2024-10-21,onion,Madurai,290.2
2024-10-21,onion,Nagercoil,278.5
2024-10-21,onion,Tuticorin,261.3
2024-10-21,onion,Tenkasi,271.5
2024-10-21,carrot,Tirunelveli,152.5
2024-10-21,carrot,Madurai,161.4
2024-10-21,carrot,Nagercoil,154.9
2024-10-21,carrot,Tuticorin,167.0
2024-10-21,carrot,Tenkasi,148.8
2024-10-21,cabbage,Tirunelveli,139.3
2024-10-21,cabbage,Madurai,143.0
2024-10-21,cabbage,Nagercoil,152.5
2024-10-21,cabbage,Tuticorin,165.8
2024-10-21,cabbage,Tenkasi,165.9
2024-10-21,potato,Tirunelveli,252.8
2024-10-21,potato,Madurai,256.6
2024-10-21,potato,Nagercoil,254.3
2024-10-21,potato,Tuticorin,241.7
2024-10-21,potato,Tenkasi,266.1
2024-10-21,beans,Tirunelveli,105.7
2024-10-21,beans,Madurai,83.1
2024-10-21,beans,Nagercoil,103.2
2024-10-21,beans,Tuticorin,152.1
2024-10-21,beans,Tenkasi,118.1
2024-10-21,okra,Tirunelveli,187.4
2024-10-21,okra,Madurai,176.4
2024-10-21,okra,Nagercoil,193.1
2024-10-21,okra,Tuticorin,183.3
2024-10-21,okra,Tenkasi,180.5
2024-10-22,tomato,Tirunelveli,343.0
2024-10-22,tomato,Madurai,321.4
2024-10-22,tomato,Nagercoil,338.2
2024-10-22,tomato,Tuticorin,327.2
2024-10-22,tomato,Tenkasi,328.6
2024-10-22,brinjal,Tirunelveli,190.3
2024-10-22,brinjal,Madurai,202.4
2024-10-22,brinjal,Nagercoil,195.9
2024-10-22,brinjal,Tuticorin,229.3
2024-10-22,brinjal,Tenkasi,173.0
2024-10-22,onion,Tirunelveli,307.2
2024-10-22,onion,Madurai,254.5
2024-10-22,onion,Nagercoil,300.1
2024-10-22,onion,Tuticorin,272.6
2024-10-22,onion,Tenkasi,300.7
2024-10-22,carrot,Tirunelveli,162.9
2024-10-22,carrot,Madurai,136.7
2024-10-22,carrot,Nagercoil,192.5
2024-10-22,carrot,Tuticorin,180.9
2024-10-22,carrot,Tenkasi,175.4
2024-10-22,cabbage,Tirunelveli,136.0
2024-10-22,cabbage,Madurai,165.0
2024-10-22,cabbage,Nagercoil,123.2
2024-10-22,cabbage,Tuticorin,104.3
2024-10-22,cabbage,Tenkasi,117.6
2024-10-22,potato,Tirunelveli,229.6
2024-10-22,potato,Madurai,232.9
2024-10-22,potato,Nagercoil,239.3
2024-10-22,potato,Tuticorin,240.2
2024-10-22,potato,Tenkasi,235.0
2024-10-22,beans,Tirunelveli,81.7
2024-10-22,beans,Madurai,127.9
2024-10-22,beans,Nagercoil,118.7
2024-10-22,beans,Tuticorin,110.1
2024-10-22,beans,Tenkasi,152.0
2024-10-22,okra,Tirunelveli,177.1
2024-10-22,okra,Madurai,183.1
2024-10-22,okra,Nagercoil,197.8
2024-10-22,okra,Tuticorin,152.1
2024-10-22,okra,Tenkasi,181.4
2024-10-23,tomato,Tirunelveli,346.6
2024-10-23,tomato,Madurai,328.9
2024-10-23,tomato,Nagercoil,304.7
2024-10-23,tomato,Tuticorin,321.1
2024-10-23,tomato,Tenkasi,334.5
2024-10-23,brinjal,Tirunelveli,164.6
2024-10-23,brinjal,Madurai,179.6
2024-10-23,brinjal,Nagercoil,246.2
2024-10-23,brinjal,Tuticorin,216.4
2024-10-23,brinjal,Tenkasi,236.4
2024-10-23,onion,Tirunelveli,306.7
2024-10-23,onion,Madurai,297.3
2024-10-23,onion,Nagercoil,283.2
2024-10-23,onion,Tuticorin,297.0
2024-10-23,onion,Tenkasi,318.4
2024-10-23,carrot,Tirunelveli,181.9
2024-10-23,carrot,Madurai,168.7
2024-10-23,carrot,Nagercoil,161.9
2024-10-23,carrot,Tuticorin,175.3
2024-10-23,carrot,Tenkasi,154.7
2024-10-23,cabbage,Tirunelveli,158.8
2024-10-23,cabbage,Madurai,134.9
2024-10-23,cabbage,Nagercoil,141.7
2024-10-23,cabbage,Tuticorin,128.3
2024-10-23,cabbage,Tenkasi,140.0
2024-10-23,potato,Tirunelveli,234.4
2024-10-23,potato,Madurai,281.9
2024-10-23,potato,Nagercoil,230.1
2024-10-23,potato,Tuticorin,255.7
2024-10-23,potato,Tenkasi,229.1
2024-10-23,beans,Tirunelveli,125.0
2024-10-23,beans,Madurai,129.8
2024-10-23,beans,Nagercoil,87.0
2024-10-23,beans,Tuticorin,96.1
2024-10-23,beans,Tenkasi,104.9
2024-10-23,okra,Tirunelveli,155.8
2024-10-23,okra,Madurai,183.6
2024-10-23,okra,Nagercoil,186.7
2024-10-23,okra,Tuticorin,160.6
2024-10-23,okra,Tenkasi,184.4
2024-10-24,tomato,Tirunelveli,322.2
2024-10-24,tomato,Madurai,328.7
2024-10-24,tomato,Nagercoil,318.1
2024-10-24,tomato,Tuticorin,340.5
2024-10-24,tomato,Tenkasi,363.4
2024-10-24,brinjal,Tirunelveli,222.2
2024-10-24,brinjal,Madurai,234.6
2024-10-24,brinjal,Nagercoil,178.6
2024-10-24,brinjal,Tuticorin,193.2
2024-10-24,brinjal,Tenkasi,218.0
2024-10-24,onion,Tirunelveli,319.5
2024-10-24,onion,Madurai,302.4
2024-10-24,onion,Nagercoil,268.9
2024-10-24,onion,Tuticorin,280.7
2024-10-24,onion,Tenkasi,296.0
2024-10-24,carrot,Tirunelveli,162.1
2024-10-24,carrot,Madurai,149.4
2024-10-24,carrot,Nagercoil,159.6
2024-10-24,carrot,Tuticorin,165.1
2024-10-24,carrot,Tenkasi,143.7
2024-10-24,cabbage,Tirunelveli,168.5
2024-10-24,cabbage,Madurai,140.0
2024-10-24,cabbage,Nagercoil,147.4
2024-10-24,cabbage,Tuticorin,169.5
2024-10-24,cabbage,Tenkasi,146.3
2024-10-24,potato,Tirunelveli,267.6
2024-10-24,potato,Madurai,227.5
2024-10-24,potato,Nagercoil,256.7
2024-10-24,potato,Tuticorin,264.8
2024-10-24,potato,Tenkasi,231.4
2024-10-24,beans,Tirunelveli,120.5
2024-10-24,beans,Madurai,120.9
2024-10-24,beans,Nagercoil,128.2
2024-10-24,beans,Tuticorin,133.5
2024-10-24,beans,Tenkasi,105.8
2024-10-24,okra,Tirunelveli,180.7
2024-10-24,okra,Madurai,213.7
2024-10-24,okra,Nagercoil,203.0
2024-10-24,okra,Tuticorin,197.8
2024-10-24,okra,Tenkasi,178.0
2024-10-25,tomato,Tirunelveli,373.3
2024-10-25,tomato,Madurai,351.3
2024-10-25,tomato,Nagercoil,331.5
2024-10-25,tomato,Tuticorin,335.1
2024-10-25,tomato,Tenkasi,321.5
2024-10-25,brinjal,Tirunelveli,214.6
2024-10-25,brinjal,Madurai,218.6
2024-10-25,brinjal,Nagercoil,220.8
2024-10-25,brinjal,Tuticorin,203.1
2024-10-25,brinjal,Tenkasi,177.2
2024-10-25,onion,Tirunelveli,294.2
2024-10-25,onion,Madurai,303.5
2024-10-25,onion,Nagercoil,269.8
2024-10-25,onion,Tuticorin,287.6
2024-10-25,onion,Tenkasi,316.2
2024-10-25,carrot,Tirunelveli,141.3
2024-10-25,carrot,Madurai,159.7
2024-10-25,carrot,Nagercoil,195.1
2024-10-25,carrot,Tuticorin,168.5
2024-10-25,carrot,Tenkasi,154.8
2024-10-25,cabbage,Tirunelveli,148.7
2024-10-25,cabbage,Madurai,165.3
2024-10-25,cabbage,Nagercoil,144.8
2024-10-25,cabbage,Tuticorin,160.8
2024-10-25,cabbage,Tenkasi,153.5
2024-10-25,potato,Tirunelveli,254.4
2024-10-25,potato,Madurai,261.3
2024-10-25,potato,Nagercoil,242.1
2024-10-25,potato,Tuticorin,229.1
2024-10-25,potato,Tenkasi,257.5
2024-10-25,beans,Tirunelveli,121.4
2024-10-25,beans,Madurai,115.1
2024-10-25,beans,Nagercoil,134.5
2024-10-25,beans,Tuticorin,149.6
2024-10-25,beans,Tenkasi,120.9
2024-10-25,okra,Tirunelveli,182.1
2024-10-25,okra,Madurai,158.3
2024-10-25,okra,Nagercoil,177.4
2024-10-25,okra,Tuticorin,186.3
2024-10-25,okra,Tenkasi,181.5
2024-10-26,tomato,Tirunelveli,373.1
2024-10-26,tomato,Madurai,394.8
2024-10-26,tomato,Nagercoil,381.5
2024-10-26,tomato,Tuticorin,432.1
2024-10-26,tomato,Tenkasi,384.5
2024-10-26,brinjal,Tirunelveli,182.8
2024-10-26,brinjal,Madurai,215.5
2024-10-26,brinjal,Nagercoil,248.3
2024-10-26,brinjal,Tuticorin,224.8
2024-10-26,brinjal,Tenkasi,226.1
2024-10-26,onion,Tirunelveli,308.0
2024-10-26,onion,Madurai,323.3
2024-10-26,onion,Nagercoil,336.7
2024-10-26,onion,Tuticorin,340.5
2024-10-26,onion,Tenkasi,312.4
2024-10-26,carrot,Tirunelveli,206.3
2024-10-26,carrot,Madurai,166.3
2024-10-26,carrot,Nagercoil,198.9
2024-10-26,carrot,Tuticorin,196.9
2024-10-26,carrot,Tenkasi,171.5
2024-10-26,cabbage,Tirunelveli,150.1
2024-10-26,cabbage,Madurai,178.8
2024-10-26,cabbage,Nagercoil,159.9
2024-10-26,cabbage,Tuticorin,167.3
2024-10-26,cabbage,Tenkasi,184.9
2024-10-26,potato,Tirunelveli,294.8
2024-10-26,potato,Madurai,266.9
2024-10-26,potato,Nagercoil,284.2
2024-10-26,potato,Tuticorin,266.5
2024-10-26,potato,Tenkasi,302.6
2024-10-26,beans,Tirunelveli,173.4
2024-10-26,beans,Madurai,125.7
2024-10-26,beans,Nagercoil,142.0
2024-10-26,beans,Tuticorin,161.0
2024-10-26,beans,Tenkasi,143.1
2024-10-26,okra,Tirunelveli,220.4
2024-10-26,okra,Madurai,210.2
2024-10-26,okra,Nagercoil,188.0
2024-10-26,okra,Tuticorin,211.6
2024-10-26,okra,Tenkasi,231.7
2024-10-27,tomato,Tirunelveli,386.6
2024-10-27,tomato,Madurai,412.8
2024-10-27,tomato,Nagercoil,344.9
2024-10-27,tomato,Tuticorin,387.9
2024-10-27,tomato,Tenkasi,367.4
2024-10-27,brinjal,Tirunelveli,220.2
2024-10-27,brinjal,Madurai,264.4
2024-10-27,brinjal,Nagercoil,232.6
2024-10-27,brinjal,Tuticorin,230.7
2024-10-27,brinjal,Tenkasi,244.6
2024-10-27,onion,Tirunelveli,289.7
2024-10-27,onion,Madurai,359.9
2024-10-27,onion,Nagercoil,370.9
2024-10-27,onion,Tuticorin,351.1
2024-10-27,onion,Tenkasi,341.0
2024-10-27,carrot,Tirunelveli,185.8
2024-10-27,carrot,Madurai,168.7
2024-10-27,carrot,Nagercoil,214.0
2024-10-27,carrot,Tuticorin,208.5
2024-10-27,carrot,Tenkasi,199.2
2024-10-27,cabbage,Tirunelveli,177.8
2024-10-27,cabbage,Madurai,177.2
2024-10-27,cabbage,Nagercoil,160.6
2024-10-27,cabbage,Tuticorin,221.2
2024-10-27,cabbage,Tenkasi,165.4
2024-10-27,potato,Tirunelveli,276.7
2024-10-27,potato,Madurai,307.7
2024-10-27,potato,Nagercoil,284.7
2024-10-27,potato,Tuticorin,284.9
2024-10-27,potato,Tenkasi,313.5
2024-10-27,beans,Tirunelveli,156.2
2024-10-27,beans,Madurai,157.2
2024-10-27,beans,Nagercoil,114.3
2024-10-27,beans,Tuticorin,150.6
2024-10-27,beans,Tenkasi,122.5
2024-10-27,okra,Tirunelveli,200.1
2024-10-27,okra,Madurai,212.7
2024-10-27,okra,Nagercoil,208.5
2024-10-27,okra,Tuticorin,222.3
2024-10-27,okra,Tenkasi,224.6
2024-10-28,tomato,Tirunelveli,347.6
2024-10-28,tomato,Madurai,303.8
2024-10-28,tomato,Nagercoil,378.0
2024-10-28,tomato,Tuticorin,330.2
2024-10-28,tomato,Tenkasi,355.0
2024-10-28,brinjal,Tirunelveli,156.4
2024-10-28,brinjal,Madurai,201.4
2024-10-28,brinjal,Nagercoil,177.5
2024-10-28,brinjal,Tuticorin,189.5
2024-10-28,brinjal,Tenkasi,207.7
2024-10-28,onion,Tirunelveli,282.7
2024-10-28,onion,Madurai,315.7
2024-10-28,onion,Nagercoil,324.8
2024-10-28,onion,Tuticorin,270.0
2024-10-28,onion,Tenkasi,279.6
2024-10-28,carrot,Tirunelveli,144.7
2024-10-28,carrot,Madurai,188.5
2024-10-28,carrot,Nagercoil,168.5
2024-10-28,carrot,Tuticorin,166.0
2024-10-28,carrot,Tenkasi,171.6
2024-10-28,cabbage,Tirunelveli,142.6
2024-10-28,cabbage,Madurai,131.7
2024-10-28,cabbage,Nagercoil,149.8
2024-10-28,cabbage,Tuticorin,143.5
2024-10-28,cabbage,Tenkasi,155.8
2024-10-28,potato,Tirunelveli,215.4
2024-10-28,potato,Madurai,251.8
2024-10-28,potato,Nagercoil,234.3
2024-10-28,potato,Tuticorin,251.1
2024-10-28,potato,Tenkasi,266.1
2024-10-28,beans,Tirunelveli,112.9
2024-10-28,beans,Madurai,148.0
2024-10-28,beans,Nagercoil,89.2
2024-10-28,beans,Tuticorin,154.9
2024-10-28,beans,Tenkasi,148.8
2024-10-28,okra,Tirunelveli,164.2
2024-10-28,okra,Madurai,164.3
2024-10-28,okra,Nagercoil,152.0
2024-10-28,okra,Tuticorin,200.3
2024-10-28,okra,Tenkasi,175.3
2024-10-29,tomato,Tirunelveli,322.6
2024-10-29,tomato,Madurai,308.3
2024-10-29,tomato,Nagercoil,367.0
2024-10-29,tomato,Tuticorin,311.3
2024-10-29,tomato,Tenkasi,331.2
2024-10-29,brinjal,Tirunelveli,211.0
2024-10-29,brinjal,Madurai,198.7
2024-10-29,brinjal,Nagercoil,194.7
2024-10-29,brinjal,Tuticorin,199.3
2024-10-29,brinjal,Tenkasi,218.0
2024-10-29,onion,Tirunelveli,282.4
2024-10-29,onion,Madurai,321.9
2024-10-29,onion,Nagercoil,273.8
2024-10-29,onion,Tuticorin,304.5
2024-10-29,onion,Tenkasi,254.3
2024-10-29,carrot,Tirunelveli,149.8
2024-10-29,carrot,Madurai,149.0
2024-10-29,carrot,Nagercoil,143.3
2024-10-29,carrot,Tuticorin,171.0
2024-10-29,carrot,Tenkasi,163.2
2024-10-29,cabbage,Tirunelveli,103.2
2024-10-29,cabbage,Madurai,188.7
2024-10-29,cabbage,Nagercoil,152.3
2024-10-29,cabbage,Tuticorin,148.8
2024-10-29,cabbage,Tenkasi,175.0
2024-10-29,potato,Tirunelveli,267.8
2024-10-29,potato,Madurai,242.1
2024-10-29,potato,Nagercoil,209.0
2024-10-29,potato,Tuticorin,259.3
2024-10-29,potato,Tenkasi,228.8
2024-10-29,beans,Tirunelveli,148.8
2024-10-29,beans,Madurai,108.5
2024-10-29,beans,Nagercoil,115.0
2024-10-29,beans,Tuticorin,97.2
2024-10-29,beans,Tenkasi,98.8
2024-10-29,okra,Tirunelveli,179.7
2024-10-29,okra,Madurai,177.8
2024-10-29,okra,Nagercoil,172.4
2024-10-29,okra,Tuticorin,223.0
2024-10-29,okra,Tenkasi,194.0
2024-10-30,tomato,Tirunelveli,330.9
2024-10-30,tomato,Madurai,275.6
2024-10-30,tomato,Nagercoil,347.2
2024-10-30,tomato,Tuticorin,390.6
2024-10-30,tomato,Tenkasi,327.0
2024-10-30,brinjal,Tirunelveli,190.5
2024-10-30,brinjal,Madurai,210.0
2024-10-30,brinjal,Nagercoil,178.1
2024-10-30,brinjal,Tuticorin,215.9
2024-10-30,brinjal,Tenkasi,236.7
2024-10-30,onion,Tirunelveli,276.0
2024-10-30,onion,Madurai,276.6
2024-10-30,onion,Nagercoil,287.8
2024-10-30,onion,Tuticorin,279.4
2024-10-30,onion,Tenkasi,259.1
2024-10-30,carrot,Tirunelveli,157.7
2024-10-30,carrot,Madurai,153.6
2024-10-30,carrot,Nagercoil,192.7
2024-10-30,carrot,Tuticorin,188.5
2024-10-30,carrot,Tenkasi,193.3
2024-10-30,cabbage,Tirunelveli,164.9
2024-10-30,cabbage,Madurai,152.9
2024-10-30,cabbage,Nagercoil,131.3
2024-10-30,cabbage,Tuticorin,175.3
2024-10-30,cabbage,Tenkasi,155.8
2024-10-30,potato,Tirunelveli,223.1
2024-10-30,potato,Madurai,229.8
2024-10-30,potato,Nagercoil,222.8
2024-10-30,potato,Tuticorin,207.0
2024-10-30,potato,Tenkasi,255.8
2024-10-30,beans,Tirunelveli,99.3
2024-10-30,beans,Madurai,108.9
2024-10-30,beans,Nagercoil,124.8
2024-10-30,beans,Tuticorin,120.3
2024-10-30,beans,Tenkasi,109.8
2024-10-30,okra,Tirunelveli,212.3
2024-10-30,okra,Madurai,151.4
2024-10-30,okra,Nagercoil,152.2
2024-10-30,okra,Tuticorin,191.1
2024-10-30,okra,Tenkasi,169.4
2024-10-31,tomato,Tirunelveli,317.4
2024-10-31,tomato,Madurai,309.1
2024-10-31,tomato,Nagercoil,337.5
2024-10-31,tomato,Tuticorin,335.2
2024-10-31,tomato,Tenkasi,333.1
2024-10-31,brinjal,Tirunelveli,195.0
2024-10-31,brinjal,Madurai,191.7
2024-10-31,brinjal,Nagercoil,203.4
2024-10-31,brinjal,Tuticorin,226.0
2024-10-31,brinjal,Tenkasi,238.1
2024-10-31,onion,Tirunelveli,311.6
2024-10-31,onion,Madurai,299.5
2024-10-31,onion,Nagercoil,309.0
2024-10-31,onion,Tuticorin,265.7
2024-10-31,onion,Tenkasi,275.1
2024-10-31,carrot,Tirunelveli,175.8
2024-10-31,carrot,Madurai,163.0
2024-10-31,carrot,Nagercoil,172.1
2024-10-31,carrot,Tuticorin,184.9
2024-10-31,carrot,Tenkasi,181.8
2024-10-31,cabbage,Tirunelveli,127.0
2024-10-31,cabbage,Madurai,149.1
2024-10-31,cabbage,Nagercoil,130.4
2024-10-31,cabbage,Tuticorin,133.3
2024-10-31,cabbage,Tenkasi,114.6
2024-10-31,potato,Tirunelveli,250.7
2024-10-31,potato,Madurai,212.3
2024-10-31,potato,Nagercoil,255.9
2024-10-31,potato,Tuticorin,275.2
2024-10-31,potato,Tenkasi,258.6
2024-10-31,beans,Tirunelveli,125.1
2024-10-31,beans,Madurai,154.7
2024-10-31,beans,Nagercoil,130.6
2024-10-31,beans,Tuticorin,106.8
2024-10-31,beans,Tenkasi,126.5
2024-10-31,okra,Tirunelveli,221.1
2024-10-31,okra,Madurai,160.0
2024-10-31,okra,Nagercoil,154.3
2024-10-31,okra,Tuticorin,194.2
2024-10-31,okra,Tenkasi,177.4
2024-11-01,tomato,Tirunelveli,349.4
2024-11-01,tomato,Madurai,334.8
2024-11-01,tomato,Nagercoil,321.0
2024-11-01,tomato,Tuticorin,330.9
2024-11-01,tomato,Tenkasi,392.3
2024-11-01,brinjal,Tirunelveli,224.8
2024-11-01,brinjal,Madurai,185.8
2024-11-01,brinjal,Nagercoil,248.7
2024-11-01,brinjal,Tuticorin,249.7
2024-11-01,brinjal,Tenkasi,249.6
2024-11-01,onion,Tirunelveli,306.5
2024-11-01,onion,Madurai,309.6
2024-11-01,onion,Nagercoil,317.8
2024-11-01,onion,Tuticorin,343.0
2024-11-01,onion,Tenkasi,303.9
2024-11-01,carrot,Tirunelveli,164.9
2024-11-01,carrot,Madurai,193.9
2024-11-01,carrot,Nagercoil,204.2
2024-11-01,carrot,Tuticorin,178.9
2024-11-01,carrot,Tenkasi,193.4
2024-11-01,cabbage,Tirunelveli,164.2
2024-11-01,cabbage,Madurai,157.0
2024-11-01,cabbage,Nagercoil,145.4
2024-11-01,cabbage,Tuticorin,138.9
2024-11-01,cabbage,Tenkasi,149.7
2024-11-01,potato,Tirunelveli,250.5
2024-11-01,potato,Madurai,275.7
2024-11-01,potato,Nagercoil,294.4
2024-11-01,potato,Tuticorin,274.1
2024-11-01,potato,Tenkasi,251.6
2024-11-01,beans,Tirunelveli,152.1
2024-11-01,beans,Madurai,140.9
2024-11-01,beans,Nagercoil,144.9
2024-11-01,beans,Tuticorin,124.6
2024-11-01,beans,Tenkasi,157.7
2024-11-01,okra,Tirunelveli,220.6
2024-11-01,okra,Madurai,194.3
2024-11-01,okra,Nagercoil,212.4
2024-11-01,okra,Tuticorin,220.0
2024-11-01,okra,Tenkasi,188.7
2024-11-02,tomato,Tirunelveli,412.4
2024-11-02,tomato,Madurai,415.6
2024-11-02,tomato,Nagercoil,392.0
2024-11-02,tomato,Tuticorin,422.8
2024-11-02,tomato,Tenkasi,434.5
2024-11-02,brinjal,Tirunelveli,255.9
2024-11-02,brinjal,Madurai,265.5
2024-11-02,brinjal,Nagercoil,286.7
2024-11-02,brinjal,Tuticorin,250.6
2024-11-02,brinjal,Tenkasi,266.0
2024-11-02,onion,Tirunelveli,350.9
2024-11-02,onion,Madurai,350.3
2024-11-02,onion,Nagercoil,369.1
2024-11-02,onion,Tuticorin,367.1
2024-11-02,onion,Tenkasi,373.4
2024-11-02,carrot,Tirunelveli,208.5
2024-11-02,carrot,Madurai,216.3
2024-11-02,carrot,Nagercoil,240.3
2024-11-02,carrot,Tuticorin,228.2
2024-11-02,carrot,Tenkasi,213.8
2024-11-02,cabbage,Tirunelveli,196.4
2024-11-02,cabbage,Madurai,180.3
2024-11-02,cabbage,Nagercoil,183.1
2024-11-02,cabbage,Tuticorin,196.1
2024-11-02,cabbage,Tenkasi,188.1
2024-11-02,potato,Tirunelveli,326.4
2024-11-02,potato,Madurai,335.8
2024-11-02,potato,Nagercoil,308.5
2024-11-02,potato,Tuticorin,270.3
2024-11-02,potato,Tenkasi,351.2
2024-11-02,beans,Tirunelveli,142.2
2024-11-02,beans,Madurai,159.2
2024-11-02,beans,Nagercoil,169.8
2024-11-02,beans,Tuticorin,183.4
2024-11-02,beans,Tenkasi,191.4
2024-11-02,okra,Tirunelveli,220.4
2024-11-02,okra,Madurai,251.5
2024-11-02,okra,Nagercoil,231.7
2024-11-02,okra,Tuticorin,282.6
2024-11-02,okra,Tenkasi,249.7
2024-11-03,tomato,Tirunelveli,410.5
2024-11-03,tomato,Madurai,398.1
2024-11-03,tomato,Nagercoil,361.5
2024-11-03,tomato,Tuticorin,427.5
2024-11-03,tomato,Tenkasi,434.2
2024-11-03,brinjal,Tirunelveli,273.7
2024-11-03,brinjal,Madurai,211.7
2024-11-03,brinjal,Nagercoil,233.6
2024-11-03,brinjal,Tuticorin,268.4
2024-11-03,brinjal,Tenkasi,294.5
2024-11-03,onion,Tirunelveli,361.1
2024-11-03,onion,Madurai,384.1
2024-11-03,onion,Nagercoil,341.6
2024-11-03,onion,Tuticorin,366.4
2024-11-03,onion,Tenkasi,356.8
2024-11-03,carrot,Tirunelveli,230.8
2024-11-03,carrot,Madurai,196.2
2024-11-03,carrot,Nagercoil,240.5
2024-11-03,carrot,Tuticorin,200.8
2024-11-03,carrot,Tenkasi,185.6
2024-11-03,cabbage,Tirunelveli,165.6
2024-11-03,cabbage,Madurai,173.9
2024-11-03,cabbage,Nagercoil,193.7
2024-11-03,cabbage,Tuticorin,174.1
2024-11-03,cabbage,Tenkasi,169.9
2024-11-03,potato,Tirunelveli,328.3
2024-11-03,potato,Madurai,246.3
2024-11-03,potato,Nagercoil,301.9
2024-11-03,potato,Tuticorin,283.8
2024-11-03,potato,Tenkasi,293.1
2024-11-03,beans,Tirunelveli,160.1
2024-11-03,beans,Madurai,151.1
2024-11-03,beans,Nagercoil,149.3
2024-11-03,beans,Tuticorin,179.0
2024-11-03,beans,Tenkasi,155.0
2024-11-03,okra,Tirunelveli,263.8
2024-11-03,okra,Madurai,241.9
2024-11-03,okra,Nagercoil,208.4
2024-11-03,okra,Tuticorin,266.4
2024-11-03,okra,Tenkasi,233.3
2024-11-04,tomato,Tirunelveli,397.4
2024-11-04,tomato,Madurai,354.7
2024-11-04,tomato,Nagercoil,365.4
2024-11-04,tomato,Tuticorin,368.6
2024-11-04,tomato,Tenkasi,356.6
2024-11-04,brinjal,Tirunelveli,250.4
2024-11-04,brinjal,Madurai,263.7
2024-11-04,brinjal,Nagercoil,179.1
2024-11-04,brinjal,Tuticorin,241.3
2024-11-04,brinjal,Tenkasi,207.1
2024-11-04,onion,Tirunelveli,263.1
2024-11-04,onion,Madurai,325.3
2024-11-04,onion,Nagercoil,325.4
2024-11-04,onion,Tuticorin,328.6
2024-11-04,onion,Tenkasi,322.4
2024-11-04,carrot,Tirunelveli,197.5
2024-11-04,carrot,Madurai,167.9
2024-11-04,carrot,Nagercoil,185.3
2024-11-04,carrot,Tuticorin,194.0
2024-11-04,carrot,Tenkasi,207.1
2024-11-04,cabbage,Tirunelveli,162.9
2024-11-04,cabbage,Madurai,157.7
2024-11-04,cabbage,Nagercoil,160.9
2024-11-04,cabbage,Tuticorin,138.1
2024-11-04,cabbage,Tenkasi,177.4
2024-11-04,potato,Tirunelveli,240.9
2024-11-04,potato,Madurai,277.8
2024-11-04,potato,Nagercoil,271.7
2024-11-04,potato,Tuticorin,239.0
2024-11-04,potato,Tenkasi,240.1
2024-11-04,beans,Tirunelveli,117.9
2024-11-04,beans,Madurai,128.1
2024-11-04,beans,Nagercoil,164.6
2024-11-04,beans,Tuticorin,132.8
2024-11-04,beans,Tenkasi,145.9
2024-11-04,okra,Tirunelveli,223.3
2024-11-04,okra,Madurai,219.5
2024-11-04,okra,Nagercoil,197.9
2024-11-04,okra,Tuticorin,183.9
2024-11-04,okra,Tenkasi,208.0
2024-11-05,tomato,Tirunelveli,346.3
2024-11-05,tomato,Madurai,396.3
2024-11-05,tomato,Nagercoil,377.4
2024-11-05,tomato,Tuticorin,364.2
2024-11-05,tomato,Tenkasi,370.3
2024-11-05,brinjal,Tirunelveli,228.6
2024-11-05,brinjal,Madurai,217.6
2024-11-05,brinjal,Nagercoil,235.0
2024-11-05,brinjal,Tuticorin,220.1
2024-11-05,brinjal,Tenkasi,263.7
2024-11-05,onion,Tirunelveli,301.1
2024-11-05,onion,Madurai,325.2
2024-11-05,onion,Nagercoil,299.3
2024-11-05,onion,Tuticorin,299.1
2024-11-05,onion,Tenkasi,279.3
2024-11-05,carrot,Tirunelveli,188.2
2024-11-05,carrot,Madurai,169.4
2024-11-05,carrot,Nagercoil,201.7
2024-11-05,carrot,Tuticorin,188.3
2024-11-05,carrot,Tenkasi,183.0
2024-11-05,cabbage,Tirunelveli,133.8
2024-11-05,cabbage,Madurai,173.7
2024-11-05,cabbage,Nagercoil,148.8
2024-11-05,cabbage,Tuticorin,133.3
2024-11-05,cabbage,Tenkasi,170.6
2024-11-05,potato,Tirunelveli,244.8
2024-11-05,potato,Madurai,228.2
2024-11-05,potato,Nagercoil,295.9
2024-11-05,potato,Tuticorin,258.8
2024-11-05,potato,Tenkasi,235.1
2024-11-05,beans,Tirunelveli,115.7
2024-11-05,beans,Madurai,120.6
2024-11-05,beans,Nagercoil,157.9
2024-11-05,beans,Tuticorin,101.7
2024-11-05,beans,Tenkasi,108.2
2024-11-05,okra,Tirunelveli,217.6
2024-11-05,okra,Madurai,189.0
2024-11-05,okra,Nagercoil,202.6
2024-11-05,okra,Tuticorin,188.2
2024-11-05,okra,Tenkasi,238.4
2024-11-06,tomato,Tirunelveli,334.2
2024-11-06,tomato,Madurai,365.6
2024-11-06,tomato,Nagercoil,390.1
2024-11-06,tomato,Tuticorin,352.5
2024-11-06,tomato,Tenkasi,344.9
2024-11-06,brinjal,Tirunelveli,240.3
2024-11-06,brinjal,Madurai,245.1
2024-11-06,brinjal,Nagercoil,209.0
2024-11-06,brinjal,Tuticorin,254.2
2024-11-06,brinjal,Tenkasi,226.0
2024-11-06,onion,Tirunelveli,325.2
2024-11-06,onion,Madurai,344.8
2024-11-06,onion,Nagercoil,330.4
2024-11-06,onion,Tuticorin,315.0
2024-11-06,onion,Tenkasi,301.6
2024-11-06,carrot,Tirunelveli,234.2
2024-11-06,carrot,Madurai,164.2
2024-11-06,carrot,Nagercoil,186.4
2024-11-06,carrot,Tuticorin,190.2
2024-11-06,carrot,Tenkasi,191.1
2024-11-06,cabbage,Tirunelveli,204.6
2024-11-06,cabbage,Madurai,163.0
2024-11-06,cabbage,Nagercoil,160.1
2024-11-06,cabbage,Tuticorin,193.0
2024-11-06,cabbage,Tenkasi,159.3
2024-11-06,potato,Tirunelveli,287.5
2024-11-06,potato,Madurai,273.9
2024-11-06,potato,Nagercoil,288.4
2024-11-06,potato,Tuticorin,284.5
2024-11-06,potato,Tenkasi,261.9
2024-11-06,beans,Tirunelveli,98.1
2024-11-06,beans,Madurai,101.5
2024-11-06,beans,Nagercoil,98.2
2024-11-06,beans,Tuticorin,133.2
2024-11-06,beans,Tenkasi,87.9
2024-11-06,okra,Tirunelveli,194.8
2024-11-06,okra,Madurai,200.7
2024-11-06,okra,Nagercoil,215.1
2024-11-06,okra,Tuticorin,208.1
2024-11-06,okra,Tenkasi,216.0
2024-11-07,tomato,Tirunelveli,368.3
2024-11-07,tomato,Madurai,353.5
2024-11-07,tomato,Nagercoil,357.9
2024-11-07,tomato,Tuticorin,343.0
2024-11-07,tomato,Tenkasi,364.6
2024-11-07,brinjal,Tirunelveli,193.3
2024-11-07,brinjal,Madurai,246.3
2024-11-07,brinjal,Nagercoil,205.9
2024-11-07,brinjal,Tuticorin,228.1
2024-11-07,brinjal,Tenkasi,231.4
2024-11-07,onion,Tirunelveli,338.3
2024-11-07,onion,Madurai,281.4
2024-11-07,onion,Nagercoil,308.5
2024-11-07,onion,Tuticorin,326.0
2024-11-07,onion,Tenkasi,350.0
2024-11-07,carrot,Tirunelveli,179.2
2024-11-07,carrot,Madurai,168.1
2024-11-07,carrot,Nagercoil,220.5
2024-11-07,carrot,Tuticorin,196.1
2024-11-07,carrot,Tenkasi,207.5
2024-11-07,cabbage,Tirunelveli,137.8
2024-11-07,cabbage,Madurai,172.4
2024-11-07,cabbage,Nagercoil,140.3
2024-11-07,cabbage,Tuticorin,135.9
2024-11-07,cabbage,Tenkasi,173.6
2024-11-07,potato,Tirunelveli,283.0
2024-11-07,potato,Madurai,260.4
2024-11-07,potato,Nagercoil,298.6
2024-11-07,potato,Tuticorin,262.6
2024-11-07,potato,Tenkasi,264.6
2024-11-07,beans,Tirunelveli,134.3
2024-11-07,beans,Madurai,130.1
2024-11-07,beans,Nagercoil,160.5
2024-11-07,beans,Tuticorin,114.2
2024-11-07,beans,Tenkasi,119.9
2024-11-07,okra,Tirunelveli,174.2
2024-11-07,okra,Madurai,235.7
2024-11-07,okra,Nagercoil,191.5
2024-11-07,okra,Tuticorin,182.6
2024-11-07,okra,Tenkasi,192.3
2024-11-08,tomato,Tirunelveli,377.0
2024-11-08,tomato,Madurai,373.3
2024-11-08,tomato,Nagercoil,348.5
2024-11-08,tomato,Tuticorin,352.0
2024-11-08,tomato,Tenkasi,330.9
2024-11-08,brinjal,Tirunelveli,227.8
2024-11-08,brinjal,Madurai,250.6
2024-11-08,brinjal,Nagercoil,213.4
2024-11-08,brinjal,Tuticorin,237.7
2024-11-08,brinjal,Tenkasi,213.4
2024-11-08,onion,Tirunelveli,293.1
2024-11-08,onion,Madurai,328.6
2024-11-08,onion,Nagercoil,362.0
2024-11-08,onion,Tuticorin,325.9
2024-11-08,onion,Tenkasi,306.7
2024-11-08,carrot,Tirunelveli,173.0
2024-11-08,carrot,Madurai,218.2
2024-11-08,carrot,Nagercoil,186.1
2024-11-08,carrot,Tuticorin,164.7
2024-11-08,carrot,Tenkasi,178.8
2024-11-08,cabbage,Tirunelveli,166.3
2024-11-08,cabbage,Madurai,171.4
2024-11-08,cabbage,Nagercoil,192.2
2024-11-08,cabbage,Tuticorin,187.5
2024-11-08,cabbage,Tenkasi,166.0
2024-11-08,potato,Tirunelveli,269.2
2024-11-08,potato,Madurai,277.9
2024-11-08,potato,Nagercoil,257.8
2024-11-08,potato,Tuticorin,289.6
2024-11-08,potato,Tenkasi,265.9
2024-11-08,beans,Tirunelveli,144.8
2024-11-08,beans,Madurai,169.3
2024-11-08,beans,Nagercoil,146.1
2024-11-08,beans,Tuticorin,139.6
2024-11-08,beans,Tenkasi,124.7
2024-11-08,okra,Tirunelveli,196.4
2024-11-08,okra,Madurai,175.3
2024-11-08,okra,Nagercoil,208.7
2024-11-08,okra,Tuticorin,155.3
2024-11-08,okra,Tenkasi,217.4
2024-11-09,tomato,Tirunelveli,428.6
2024-11-09,tomato,Madurai,416.0
2024-11-09,tomato,Nagercoil,403.3
2024-11-09,tomato,Tuticorin,413.7
2024-11-09,tomato,Tenkasi,378.5
2024-11-09,brinjal,Tirunelveli,275.2
2024-11-09,brinjal,Madurai,255.5
2024-11-09,brinjal,Nagercoil,289.1
2024-11-09,brinjal,Tuticorin,266.6
2024-11-09,brinjal,Tenkasi,263.4
2024-11-09,onion,Tirunelveli,370.3
2024-11-09,onion,Madurai,342.7
2024-11-09,onion,Nagercoil,353.2
2024-11-09,onion,Tuticorin,364.9
2024-11-09,onion,Tenkasi,356.2
2024-11-09,carrot,Tirunelveli,195.5
2024-11-09,carrot,Madurai,201.4
2024-11-09,carrot,Nagercoil,207.9
2024-11-09,carrot,Tuticorin,253.4
2024-11-09,carrot,Tenkasi,200.5
2024-11-09,cabbage,Tirunelveli,172.8
2024-11-09,cabbage,Madurai,183.2
2024-11-09,cabbage,Nagercoil,216.3
2024-11-09,cabbage,Tuticorin,217.8
2024-11-09,cabbage,Tenkasi,225.3
2024-11-09,potato,Tirunelveli,311.7
2024-11-09,potato,Madurai,323.3
2024-11-09,potato,Nagercoil,289.5
2024-11-09,potato,Tuticorin,303.4
2024-11-09,potato,Tenkasi,288.2
2024-11-09,beans,Tirunelveli,164.7
2024-11-09,beans,Madurai,156.0
2024-11-09,beans,Nagercoil,159.8
2024-11-09,beans,Tuticorin,138.3
2024-11-09,beans,Tenkasi,172.3
2024-11-09,okra,Tirunelveli,179.6
2024-11-09,okra,Madurai,222.7
2024-11-09,okra,Nagercoil,225.6
2024-11-09,okra,Tuticorin,187.3
2024-11-09,okra,Tenkasi,235.4
2024-11-10,tomato,Tirunelveli,410.5
2024-11-10,tomato,Madurai,425.2
2024-11-10,tomato,Nagercoil,454.0
2024-11-10,tomato,Tuticorin,420.5
2024-11-10,tomato,Tenkasi,433.5
2024-11-10,brinjal,Tirunelveli,286.4
2024-11-10,brinjal,Madurai,268.6
2024-11-10,brinjal,Nagercoil,241.4
2024-11-10,brinjal,Tuticorin,225.9
2024-11-10,brinjal,Tenkasi,266.2
2024-11-10,onion,Tirunelveli,354.2
2024-11-10,onion,Madurai,387.9
2024-11-10,onion,Nagercoil,352.7
2024-11-10,onion,Tuticorin,362.0
2024-11-10,onion,Tenkasi,339.1
2024-11-10,carrot,Tirunelveli,200.1
2024-11-10,carrot,Madurai,188.1
2024-11-10,carrot,Nagercoil,190.0
2024-11-10,carrot,Tuticorin,205.9
2024-11-10,carrot,Tenkasi,194.9
2024-11-10,cabbage,Tirunelveli,238.9
2024-11-10,cabbage,Madurai,203.0
2024-11-10,cabbage,Nagercoil,208.0
2024-11-10,cabbage,Tuticorin,184.1
2024-11-10,cabbage,Tenkasi,188.4
2024-11-10,potato,Tirunelveli,301.9
2024-11-10,potato,Madurai,363.0
2024-11-10,potato,Nagercoil,308.3
2024-11-10,potato,Tuticorin,298.4
2024-11-10,potato,Tenkasi,295.4
2024-11-10,beans,Tirunelveli,162.0
2024-11-10,beans,Madurai,183.7
2024-11-10,beans,Nagercoil,177.0
2024-11-10,beans,Tuticorin,140.1
2024-11-10,beans,Tenkasi,139.6
2024-11-10,okra,Tirunelveli,252.6
2024-11-10,okra,Madurai,269.7
2024-11-10,okra,Nagercoil,224.8
2024-11-10,okra,Tuticorin,251.8
2024-11-10,okra,Tenkasi,198.4
2024-11-11,tomato,Tirunelveli,343.1
2024-11-11,tomato,Madurai,339.8
2024-11-11,tomato,Nagercoil,368.2
2024-11-11,tomato,Tuticorin,356.4
2024-11-11,tomato,Tenkasi,364.8
2024-11-11,brinjal,Tirunelveli,249.4
2024-11-11,brinjal,Madurai,211.9
2024-11-11,brinjal,Nagercoil,226.9
2024-11-11,brinjal,Tuticorin,198.2
2024-11-11,brinjal,Tenkasi,248.3
2024-11-11,onion,Tirunelveli,336.9
2024-11-11,onion,Madurai,322.2
2024-11-11,onion,Nagercoil,317.4
2024-11-11,onion,Tuticorin,304.8
2024-11-11,onion,Tenkasi,287.1
2024-11-11,carrot,Tirunelveli,186.1
2024-11-11,carrot,Madurai,195.1
2024-11-11,carrot,Nagercoil,220.4
2024-11-11,carrot,Tuticorin,172.1
2024-11-11,carrot,Tenkasi,185.4
2024-11-11,cabbage,Tirunelveli,184.3
2024-11-11,cabbage,Madurai,184.9
2024-11-11,cabbage,Nagercoil,149.6
2024-11-11,cabbage,Tuticorin,156.4
2024-11-11,cabbage,Tenkasi,151.5
2024-11-11,potato,Tirunelveli,252.0
2024-11-11,potato,Madurai,299.4
2024-11-11,potato,Nagercoil,271.3
2024-11-11,potato,Tuticorin,268.5
2024-11-11,potato,Tenkasi,275.0
2024-11-11,beans,Tirunelveli,136.1
2024-11-11,beans,Madurai,130.6
2024-11-11,beans,Nagercoil,119.8
2024-11-11,beans,Tuticorin,166.3
2024-11-11,beans,Tenkasi,123.6
2024-11-11,okra,Tirunelveli,179.4
2024-11-11,okra,Madurai,196.4
2024-11-11,okra,Nagercoil,241.2
2024-11-11,okra,Tuticorin,181.6
2024-11-11,okra,Tenkasi,212.2
2024-11-12,tomato,Tirunelveli,355.1
2024-11-12,tomato,Madurai,364.9
2024-11-12,tomato,Nagercoil,378.4
2024-11-12,tomato,Tuticorin,325.6
2024-11-12,tomato,Tenkasi,342.1
2024-11-12,brinjal,Tirunelveli,243.2
2024-11-12,brinjal,Madurai,226.9
2024-11-12,brinjal,Nagercoil,229.2
2024-11-12,brinjal,Tuticorin,239.2
2024-11-12,brinjal,Tenkasi,207.2
2024-11-12,onion,Tirunelveli,336.1
2024-11-12,onion,Madurai,331.4
2024-11-12,onion,Nagercoil,319.8
2024-11-12,onion,Tuticorin,324.4
2024-11-12,onion,Tenkasi,338.3
2024-11-12,carrot,Tirunelveli,168.1
2024-11-12,carrot,Madurai,193.2
2024-11-12,carrot,Nagercoil,214.9
2024-11-12,carrot,Tuticorin,192.8
2024-11-12,carrot,Tenkasi,175.6
2024-11-12,cabbage,Tirunelveli,208.4
2024-11-12,cabbage,Madurai,166.6
2024-11-12,cabbage,Nagercoil,190.0
2024-11-12,cabbage,Tuticorin,153.6
2024-11-12,cabbage,Tenkasi,183.4
2024-11-12,potato,Tirunelveli,259.1
2024-11-12,potato,Madurai,276.5
2024-11-12,potato,Nagercoil,257.9
2024-11-12,potato,Tuticorin,308.0
2024-11-12,potato,Tenkasi,265.6
2024-11-12,beans,Tirunelveli,112.8
2024-11-12,beans,Madurai,136.9
2024-11-12,beans,Nagercoil,145.7
2024-11-12,beans,Tuticorin,134.5
2024-11-12,beans,Tenkasi,118.7
2024-11-12,okra,Tirunelveli,218.7
2024-11-12,okra,Madurai,223.2
2024-11-12,okra,Nagercoil,165.0
2024-11-12,okra,Tuticorin,180.5
2024-11-12,okra,Tenkasi,194.8
2024-11-13,tomato,Tirunelveli,349.4
2024-11-13,tomato,Madurai,370.5
2024-11-13,tomato,Nagercoil,396.8
2024-11-13,tomato,Tuticorin,352.4
2024-11-13,tomato,Tenkasi,391.5
2024-11-13,brinjal,Tirunelveli,195.6
2024-11-13,brinjal,Madurai,234.1
2024-11-13,brinjal,Nagercoil,213.1
2024-11-13,brinjal,Tuticorin,234.5
2024-11-13,brinjal,Tenkasi,189.9
2024-11-13,onion,Tirunelveli,289.3
2024-11-13,onion,Madurai,324.5
2024-11-13,onion,Nagercoil,302.4
2024-11-13,onion,Tuticorin,308.5
2024-11-13,onion,Tenkasi,351.7
2024-11-13,carrot,Tirunelveli,182.8
2024-11-13,carrot,Madurai,198.0
2024-11-13,carrot,Nagercoil,164.8
2024-11-13,carrot,Tuticorin,153.2
2024-11-13,carrot,Tenkasi,178.4
2024-11-13,cabbage,Tirunelveli,132.2
2024-11-13,cabbage,Madurai,148.0
2024-11-13,cabbage,Nagercoil,166.8
2024-11-13,cabbage,Tuticorin,159.8
2024-11-13,cabbage,Tenkasi,168.7
2024-11-13,potato,Tirunelveli,282.0
2024-11-13,potato,Madurai,246.1
2024-11-13,potato,Nagercoil,251.2
2024-11-13,potato,Tuticorin,226.4
2024-11-13,potato,Tenkasi,262.6
2024-11-13,beans,Tirunelveli,149.7
2024-11-13,beans,Madurai,164.8
2024-11-13,beans,Nagercoil,138.8
2024-11-13,beans,Tuticorin,162.5
2024-11-13,beans,Tenkasi,142.7
2024-11-13,okra,Tirunelveli,200.1
2024-11-13,okra,Madurai,185.8
2024-11-13,okra,Nagercoil,150.3
2024-11-13,okra,Tuticorin,222.5
2024-11-13,okra,Tenkasi,196.9
2024-11-14,tomato,Tirunelveli,387.8
2024-11-14,tomato,Madurai,341.0
2024-11-14,tomato,Nagercoil,408.6
2024-11-14,tomato,Tuticorin,355.0
2024-11-14,tomato,Tenkasi,346.2
2024-11-14,brinjal,Tirunelveli,220.7
2024-11-14,brinjal,Madurai,228.4
2024-11-14,brinjal,Nagercoil,223.6
2024-11-14,brinjal,Tuticorin,214.7
2024-11-14,brinjal,Tenkasi,188.9
2024-11-14,onion,Tirunelveli,298.9
2024-11-14,onion,Madurai,336.5
2024-11-14,onion,Nagercoil,297.4
2024-11-14,onion,Tuticorin,280.7
2024-11-14,onion,Tenkasi,293.9
2024-11-14,carrot,Tirunelveli,178.2
2024-11-14,carrot,Madurai,164.8
2024-11-14,carrot,Nagercoil,174.4
2024-11-14,carrot,Tuticorin,164.0
2024-11-14,carrot,Tenkasi,200.2
2024-11-14,cabbage,Tirunelveli,171.8
2024-11-14,cabbage,Madurai,206.4
2024-11-14,cabbage,Nagercoil,154.4
2024-11-14,cabbage,Tuticorin,156.3
2024-11-14,cabbage,Tenkasi,185.7
2024-11-14,potato,Tirunelveli,277.8
2024-11-14,potato,Madurai,251.2
2024-11-14,potato,Nagercoil,281.1
2024-11-14,potato,Tuticorin,277.9
2024-11-14,potato,Tenkasi,234.1
2024-11-14,beans,Tirunelveli,122.0
2024-11-14,beans,Madurai,138.8
2024-11-14,beans,Nagercoil,163.9
2024-11-14,beans,Tuticorin,149.0
2024-11-14,beans,Tenkasi,123.7
2024-11-14,okra,Tirunelveli,183.8
2024-11-14,okra,Madurai,214.0
2024-11-14,okra,Nagercoil,149.5
2024-11-14,okra,Tuticorin,181.8
2024-11-14,okra,Tenkasi,226.2
2024-11-15,tomato,Tirunelveli,365.9
2024-11-15,tomato,Madurai,344.8
2024-11-15,tomato,Nagercoil,336.0
2024-11-15,tomato,Tuticorin,376.8
2024-11-15,tomato,Tenkasi,361.6
2024-11-15,brinjal,Tirunelveli,220.6
2024-11-15,brinjal,Madurai,232.5
2024-11-15,brinjal,Nagercoil,228.3
2024-11-15,brinjal,Tuticorin,226.8
2024-11-15,brinjal,Tenkasi,198.5
2024-11-15,onion,Tirunelveli,294.5
2024-11-15,onion,Madurai,330.0
2024-11-15,onion,Nagercoil,326.2
2024-11-15,onion,Tuticorin,322.6
2024-11-15,onion,Tenkasi,303.3
2024-11-15,carrot,Tirunelveli,195.3
2024-11-15,carrot,Madurai,172.6
2024-11-15,carrot,Nagercoil,206.0
2024-11-15,carrot,Tuticorin,165.1
2024-11-15,carrot,Tenkasi,169.5
2024-11-15,cabbage,Tirunelveli,159.0
2024-11-15,cabbage,Madurai,178.9
2024-11-15,cabbage,Nagercoil,161.3
2024-11-15,cabbage,Tuticorin,162.8
2024-11-15,cabbage,Tenkasi,154.2
2024-11-15,potato,Tirunelveli,275.4
2024-11-15,potato,Madurai,268.6
2024-11-15,potato,Nagercoil,254.3
2024-11-15,potato,Tuticorin,272.5
2024-11-15,potato,Tenkasi,273.0
2024-11-15,beans,Tirunelveli,182.0
2024-11-15,beans,Madurai,122.8
2024-11-15,beans,Nagercoil,118.2
2024-11-15,beans,Tuticorin,140.6
2024-11-15,beans,Tenkasi,115.1
2024-11-15,okra,Tirunelveli,176.5
2024-11-15,okra,Madurai,169.3
2024-11-15,okra,Nagercoil,182.5
2024-11-15,okra,Tuticorin,183.0
2024-11-15,okra,Tenkasi,172.3
2024-11-16,tomato,Tirunelveli,409.0
2024-11-16,tomato,Madurai,366.7
2024-11-16,tomato,Nagercoil,423.8
2024-11-16,tomato,Tuticorin,402.9
2024-11-16,tomato,Tenkasi,405.8
2024-11-16,brinjal,Tirunelveli,270.5
2024-11-16,brinjal,Madurai,266.2
2024-11-16,brinjal,Nagercoil,246.2
2024-11-16,brinjal,Tuticorin,267.8
2024-11-16,brinjal,Tenkasi,289.7
2024-11-16,onion,Tirunelveli,342.0
2024-11-16,onion,Madurai,377.3
2024-11-16,onion,Nagercoil,340.0
2024-11-16,onion,Tuticorin,385.8
2024-11-16,onion,Tenkasi,348.0
2024-11-16,carrot,Tirunelveli,192.0
2024-11-16,carrot,Madurai,230.0
2024-11-16,carrot,Nagercoil,221.4
2024-11-16,carrot,Tuticorin,193.4
2024-11-16,carrot,Tenkasi,209.5
2024-11-16,cabbage,Tirunelveli,172.1
2024-11-16,cabbage,Madurai,154.4
2024-11-16,cabbage,Nagercoil,190.1
2024-11-16,cabbage,Tuticorin,179.2
2024-11-16,cabbage,Tenkasi,167.4
2024-11-16,potato,Tirunelveli,336.6
2024-11-16,potato,Madurai,292.3
2024-11-16,potato,Nagercoil,313.4
2024-11-16,potato,Tuticorin,332.1
2024-11-16,potato,Tenkasi,305.4
2024-11-16,beans,Tirunelveli,140.6
2024-11-16,beans,Madurai,161.2
2024-11-16,beans,Nagercoil,164.4
2024-11-16,beans,Tuticorin,172.8
2024-11-16,beans,Tenkasi,192.7
2024-11-16,okra,Tirunelveli,218.6
2024-11-16,okra,Madurai,231.6
2024-11-16,okra,Nagercoil,202.3
2024-11-16,okra,Tuticorin,241.0
2024-11-16,okra,Tenkasi,231.4
2024-11-17,tomato,Tirunelveli,410.4
2024-11-17,tomato,Madurai,401.6
2024-11-17,tomato,Nagercoil,407.0
2024-11-17,tomato,Tuticorin,418.7
2024-11-17,tomato,Tenkasi,394.7
2024-11-17,brinjal,Tirunelveli,252.6
2024-11-17,brinjal,Madurai,259.1
2024-11-17,brinjal,Nagercoil,228.0
2024-11-17,brinjal,Tuticorin,237.7
2024-11-17,brinjal,Tenkasi,245.5
2024-11-17,onion,Tirunelveli,393.6
2024-11-17,onion,Madurai,345.6
2024-11-17,onion,Nagercoil,361.1
2024-11-17,onion,Tuticorin,341.4
2024-11-17,onion,Tenkasi,346.7
2024-11-17,carrot,Tirunelveli,178.2
2024-11-17,carrot,Madurai,220.4
2024-11-17,carrot,Nagercoil,180.5
2024-11-17,carrot,Tuticorin,225.1
2024-11-17,carrot,Tenkasi,216.4
2024-11-17,cabbage,Tirunelveli,184.8
2024-11-17,cabbage,Madurai,205.1
2024-11-17,cabbage,Nagercoil,248.4
2024-11-17,cabbage,Tuticorin,195.9
2024-11-17,cabbage,Tenkasi,163.9
2024-11-17,potato,Tirunelveli,340.3
2024-11-17,potato,Madurai,314.2
2024-11-17,potato,Nagercoil,352.7
2024-11-17,potato,Tuticorin,300.4
2024-11-17,potato,Tenkasi,336.1
2024-11-17,beans,Tirunelveli,155.2
2024-11-17,beans,Madurai,208.4
2024-11-17,beans,Nagercoil,149.6
2024-11-17,beans,Tuticorin,215.3
2024-11-17,beans,Tenkasi,164.0
2024-11-17,okra,Tirunelveli,244.6
2024-11-17,okra,Madurai,261.7
2024-11-17,okra,Nagercoil,211.9
2024-11-17,okra,Tuticorin,247.1
2024-11-17,okra,Tenkasi,221.8
2024-11-18,tomato,Tirunelveli,363.0
2024-11-18,tomato,Madurai,361.7
2024-11-18,tomato,Nagercoil,371.4
2024-11-18,tomato,Tuticorin,370.6
2024-11-18,tomato,Tenkasi,348.5
2024-11-18,brinjal,Tirunelveli,227.5
2024-11-18,brinjal,Madurai,178.3
2024-11-18,brinjal,Nagercoil,244.8
2024-11-18,brinjal,Tuticorin,258.9
2024-11-18,brinjal,Tenkasi,228.8
2024-11-18,onion,Tirunelveli,282.9
2024-11-18,onion,Madurai,329.9
2024-11-18,onion,Nagercoil,299.7
2024-11-18,onion,Tuticorin,318.6
2024-11-18,onion,Tenkasi,328.7
2024-11-18,carrot,Tirunelveli,190.9
2024-11-18,carrot,Madurai,201.6
2024-11-18,carrot,Nagercoil,182.9
2024-11-18,carrot,Tuticorin,183.5
2024-11-18,carrot,Tenkasi,194.7
2024-11-18,cabbage,Tirunelveli,160.6
2024-11-18,cabbage,Madurai,148.2
2024-11-18,cabbage,Nagercoil,171.0
2024-11-18,cabbage,Tuticorin,139.4
2024-11-18,cabbage,Tenkasi,160.4
2024-11-18,potato,Tirunelveli,242.4
2024-11-18,potato,Madurai,258.9
2024-11-18,potato,Nagercoil,259.7
2024-11-18,potato,Tuticorin,250.3
2024-11-18,potato,Tenkasi,292.0
2024-11-18,beans,Tirunelveli,155.4
2024-11-18,beans,Madurai,161.3
2024-11-18,beans,Nagercoil,131.2
2024-11-18,beans,Tuticorin,126.3
2024-11-18,beans,Tenkasi,151.1
2024-11-18,okra,Tirunelveli,200.6
2024-11-18,okra,Madurai,200.5
2024-11-18,okra,Nagercoil,147.1
2024-11-18,okra,Tuticorin,213.1
2024-11-18,okra,Tenkasi,210.5
2024-11-19,tomato,Tirunelveli,359.9
2024-11-19,tomato,Madurai,376.3
2024-11-19,tomato,Nagercoil,372.0
2024-11-19,tomato,Tuticorin,346.1
2024-11-19,tomato,Tenkasi,355.6
2024-11-19,brinjal,Tirunelveli,204.8
2024-11-19,brinjal,Madurai,254.2
2024-11-19,brinjal,Nagercoil,244.5
2024-11-19,brinjal,Tuticorin,208.7
2024-11-19,brinjal,Tenkasi,237.4
2024-11-19,onion,Tirunelveli,320.6
2024-11-19,onion,Madurai,301.3
2024-11-19,onion,Nagercoil,317.5
2024-11-19,onion,Tuticorin,332.2
2024-11-19,onion,Tenkasi,333.8
2024-11-19,carrot,Tirunelveli,226.6
2024-11-19,carrot,Madurai,181.9
2024-11-19,carrot,Nagercoil,175.2
2024-11-19,carrot,Tuticorin,191.2
2024-11-19,carrot,Tenkasi,176.3
2024-11-19,cabbage,Tirunelveli,150.3
2024-11-19,cabbage,Madurai,143.5
2024-11-19,cabbage,Nagercoil,93.4
2024-11-19,cabbage,Tuticorin,176.7
2024-11-19,cabbage,Tenkasi,129.2
2024-11-19,potato,Tirunelveli,252.4
2024-11-19,potato,Madurai,275.8
2024-11-19,potato,Nagercoil,263.6
2024-11-19,potato,Tuticorin,313.0
2024-11-19,potato,Tenkasi,239.8
2024-11-19,beans,Tirunelveli,179.8
2024-11-19,beans,Madurai,162.6
2024-11-19,beans,Nagercoil,153.2
2024-11-19,beans,Tuticorin,163.8
2024-11-19,beans,Tenkasi,143.1
2024-11-19,okra,Tirunelveli,163.9
2024-11-19,okra,Madurai,208.3
2024-11-19,okra,Nagercoil,168.4
2024-11-19,okra,Tuticorin,187.4
2024-11-19,okra,Tenkasi,196.4
2024-11-20,tomato,Tirunelveli,341.8
2024-11-20,tomato,Madurai,378.9
2024-11-20,tomato,Nagercoil,355.7
2024-11-20,tomato,Tuticorin,368.2
2024-11-20,tomato,Tenkasi,359.8
2024-11-20,brinjal,Tirunelveli,227.5
2024-11-20,brinjal,Madurai,207.3
2024-11-20,brinjal,Nagercoil,201.5
2024-11-20,brinjal,Tuticorin,221.9
2024-11-20,brinjal,Tenkasi,205.7
2024-11-20,onion,Tirunelveli,342.9
2024-11-20,onion,Madurai,287.5
2024-11-20,onion,Nagercoil,361.7
2024-11-20,onion,Tuticorin,321.0
2024-11-20,onion,Tenkasi,316.4
2024-11-20,carrot,Tirunelveli,169.2
2024-11-20,carrot,Madurai,193.1
2024-11-20,carrot,Nagercoil,175.9
2024-11-20,carrot,Tuticorin,186.0
2024-11-20,carrot,Tenkasi,196.8
2024-11-20,cabbage,Tirunelveli,175.4
2024-11-20,cabbage,Madurai,186.8
2024-11-20,cabbage,Nagercoil,172.8
2024-11-20,cabbage,Tuticorin,143.0
2024-11-20,cabbage,Tenkasi,120.4
2024-11-20,potato,Tirunelveli,274.2
2024-11-20,potato,Madurai,274.5
2024-11-20,potato,Nagercoil,308.5
2024-11-20,potato,Tuticorin,267.7
2024-11-20,potato,Tenkasi,277.5
2024-11-20,beans,Tirunelveli,150.5
2024-11-20,beans,Madurai,145.3
2024-11-20,beans,Nagercoil,151.9
2024-11-20,beans,Tuticorin,118.6
2024-11-20,beans,Tenkasi,115.5
2024-11-20,okra,Tirunelveli,192.4
2024-11-20,okra,Madurai,154.5
2024-11-20,okra,Nagercoil,197.2
2024-11-20,okra,Tuticorin,184.8
2024-11-20,okra,Tenkasi,204.4
2024-11-21,tomato,Tirunelveli,354.7
2024-11-21,tomato,Madurai,339.7
2024-11-21,tomato,Nagercoil,386.2
2024-11-21,tomato,Tuticorin,361.7
2024-11-21,tomato,Tenkasi,377.3
2024-11-21,brinjal,Tirunelveli,228.7
2024-11-21,brinjal,Madurai,234.3
2024-11-21,brinjal,Nagercoil,197.8
2024-11-21,brinjal,Tuticorin,250.6
2024-11-21,brinjal,Tenkasi,242.6
2024-11-21,onion,Tirunelveli,314.6
2024-11-21,onion,Madurai,320.8
2024-11-21,onion,Nagercoil,335.1
2024-11-21,onion,Tuticorin,307.6
2024-11-21,onion,Tenkasi,283.3
2024-11-21,carrot,Tirunelveli,172.9
2024-11-21,carrot,Madurai,183.0
2024-11-21,carrot,Nagercoil,179.4
2024-11-21,carrot,Tuticorin,206.4
2024-11-21,carrot,Tenkasi,160.8
2024-11-21,cabbage,Tirunelveli,145.3
2024-11-21,cabbage,Madurai,140.8
2024-11-21,cabbage,Nagercoil,170.6
2024-11-21,cabbage,Tuticorin,131.5
2024-11-21,cabbage,Tenkasi,176.9
2024-11-21,potato,Tirunelveli,251.3
2024-11-21,potato,Madurai,254.5
2024-11-21,potato,Nagercoil,305.4
2024-11-21,potato,Tuticorin,294.7
2024-11-21,potato,Tenkasi,272.4
2024-11-21,beans,Tirunelveli,108.8
2024-11-21,beans,Madurai,175.3
2024-11-21,beans,Nagercoil,131.1
2024-11-21,beans,Tuticorin,140.0
2024-11-21,beans,Tenkasi,153.2
2024-11-21,okra,Tirunelveli,158.7
2024-11-21,okra,Madurai,185.2
2024-11-21,okra,Nagercoil,196.6
2024-11-21,okra,Tuticorin,200.6
2024-11-21,okra,Tenkasi,171.9
2024-11-22,tomato,Tirunelveli,366.5
2024-11-22,tomato,Madurai,360.7
2024-11-22,tomato,Nagercoil,393.3
2024-11-22,tomato,Tuticorin,380.0
2024-11-22,tomato,Tenkasi,354.6
2024-11-22,brinjal,Tirunelveli,221.1
2024-11-22,brinjal,Madurai,245.3
2024-11-22,brinjal,Nagercoil,230.7
2024-11-22,brinjal,Tuticorin,197.6
2024-11-22,brinjal,Tenkasi,266.9
2024-11-22,onion,Tirunelveli,295.2
2024-11-22,onion,Madurai,364.6
2024-11-22,onion,Nagercoil,323.6
2024-11-22,onion,Tuticorin,302.3
2024-11-22,onion,Tenkasi,267.7
2024-11-22,carrot,Tirunelveli,195.5
2024-11-22,carrot,Madurai,149.0
2024-11-22,carrot,Nagercoil,187.1
2024-11-22,carrot,Tuticorin,218.7
2024-11-22,carrot,Tenkasi,157.2
2024-11-22,cabbage,Tirunelveli,176.8
2024-11-22,cabbage,Madurai,145.8
2024-11-22,cabbage,Nagercoil,184.7
2024-11-22,cabbage,Tuticorin,163.3
2024-11-22,cabbage,Tenkasi,161.6
2024-11-22,potato,Tirunelveli,294.1
2024-11-22,potato,Madurai,282.5
2024-11-22,potato,Nagercoil,253.9
2024-11-22,potato,Tuticorin,305.7
2024-11-22,potato,Tenkasi,239.3
2024-11-22,beans,Tirunelveli,140.5
2024-11-22,beans,Madurai,118.5
2024-11-22,beans,Nagercoil,105.3
2024-11-22,beans,Tuticorin,112.3
2024-11-22,beans,Tenkasi,134.0
2024-11-22,okra,Tirunelveli,205.0
2024-11-22,okra,Madurai,219.2
2024-11-22,okra,Nagercoil,227.5
2024-11-22,okra,Tuticorin,203.6
2024-11-22,okra,Tenkasi,189.1
2024-11-23,tomato,Tirunelveli,434.8
2024-11-23,tomato,Madurai,401.7
2024-11-23,tomato,Nagercoil,382.1
2024-11-23,tomato,Tuticorin,432.8
2024-11-23,tomato,Tenkasi,440.5
2024-11-23,brinjal,Tirunelveli,242.3
2024-11-23,brinjal,Madurai,298.0
2024-11-23,brinjal,Nagercoil,270.4
2024-11-23,brinjal,Tuticorin,267.4
2024-11-23,brinjal,Tenkasi,248.4
2024-11-23,onion,Tirunelveli,382.6
2024-11-23,onion,Madurai,331.8
2024-11-23,onion,Nagercoil,355.5
2024-11-23,onion,Tuticorin,347.6
2024-11-23,onion,Tenkasi,336.1
2024-11-23,carrot,Tirunelveli,224.3
2024-11-23,carrot,Madurai,213.8
2024-11-23,carrot,Nagercoil,223.1
2024-11-23,carrot,Tuticorin,201.4
2024-11-23,carrot,Tenkasi,226.7
2024-11-23,cabbage,Tirunelveli,187.8
2024-11-23,cabbage,Madurai,176.9
2024-11-23,cabbage,Nagercoil,173.5
2024-11-23,cabbage,Tuticorin,146.6
2024-11-23,cabbage,Tenkasi,209.6
2024-11-23,potato,Tirunelveli,331.5
2024-11-23,potato,Madurai,369.0
2024-11-23,potato,Nagercoil,303.8
2024-11-23,potato,Tuticorin,297.2
2024-11-23,potato,Tenkasi,276.5
2024-11-23,beans,Tirunelveli,174.4
2024-11-23,beans,Madurai,169.8
2024-11-23,beans,Nagercoil,186.3
2024-11-23,beans,Tuticorin,136.9
2024-11-23,beans,Tenkasi,169.6
2024-11-23,okra,Tirunelveli,217.3
2024-11-23,okra,Madurai,254.6
2024-11-23,okra,Nagercoil,238.4
2024-11-23,okra,Tuticorin,196.6
2024-11-23,okra,Tenkasi,225.1
2024-11-24,tomato,Tirunelveli,375.0
2024-11-24,tomato,Madurai,390.7
2024-11-24,tomato,Nagercoil,391.9
2024-11-24,tomato,Tuticorin,401.2
2024-11-24,tomato,Tenkasi,408.7
2024-11-24,brinjal,Tirunelveli,262.0
2024-11-24,brinjal,Madurai,261.0
2024-11-24,brinjal,Nagercoil,258.3
2024-11-24,brinjal,Tuticorin,265.4
2024-11-24,brinjal,Tenkasi,233.8
2024-11-24,onion,Tirunelveli,363.7
2024-11-24,onion,Madurai,390.9
2024-11-24,onion,Nagercoil,358.9
2024-11-24,onion,Tuticorin,372.1
2024-11-24,onion,Tenkasi,370.3
2024-11-24,carrot,Tirunelveli,224.2
2024-11-24,carrot,Madurai,212.7
2024-11-24,carrot,Nagercoil,223.9
2024-11-24,carrot,Tuticorin,217.1
2024-11-24,carrot,Tenkasi,220.1
2024-11-24,cabbage,Tirunelveli,195.1
2024-11-24,cabbage,Madurai,166.2
2024-11-24,cabbage,Nagercoil,162.9
2024-11-24,cabbage,Tuticorin,179.2
2024-11-24,cabbage,Tenkasi,217.3
2024-11-24,potato,Tirunelveli,307.1
2024-11-24,potato,Madurai,316.7
2024-11-24,potato,Nagercoil,271.2
2024-11-24,potato,Tuticorin,314.4
2024-11-24,potato,Tenkasi,312.2
2024-11-24,beans,Tirunelveli,101.8
2024-11-24,beans,Madurai,161.1
2024-11-24,beans,Nagercoil,122.2
2024-11-24,beans,Tuticorin,140.7
2024-11-24,beans,Tenkasi,175.1
2024-11-24,okra,Tirunelveli,230.8
2024-11-24,okra,Madurai,218.7
2024-11-24,okra,Nagercoil,217.0
2024-11-24,okra,Tuticorin,219.3
2024-11-24,okra,Tenkasi,230.9
2024-11-25,tomato,Tirunelveli,336.0
2024-11-25,tomato,Madurai,382.5
2024-11-25,tomato,Nagercoil,337.0
2024-11-25,tomato,Tuticorin,325.5
2024-11-25,tomato,Tenkasi,379.8
2024-11-25,brinjal,Tirunelveli,216.3
2024-11-25,brinjal,Madurai,226.4
2024-11-25,brinjal,Nagercoil,238.1
2024-11-25,brinjal,Tuticorin,210.6
2024-11-25,brinjal,Tenkasi,227.7
2024-11-25,onion,Tirunelveli,328.0
2024-11-25,onion,Madurai,347.9
2024-11-25,onion,Nagercoil,304.8
2024-11-25,onion,Tuticorin,305.7
2024-11-25,onion,Tenkasi,326.3
2024-11-25,carrot,Tirunelveli,184.2
2024-11-25,carrot,Madurai,177.3
2024-11-25,carrot,Nagercoil,211.9
2024-11-25,carrot,Tuticorin,146.4
2024-11-25,carrot,Tenkasi,151.6
2024-11-25,cabbage,Tirunelveli,128.6
2024-11-25,cabbage,Madurai,186.0
2024-11-25,cabbage,Nagercoil,172.3
2024-11-25,cabbage,Tuticorin,134.6
2024-11-25,cabbage,Tenkasi,159.5
2024-11-25,potato,Tirunelveli,269.4
2024-11-25,potato,Madurai,225.8
2024-11-25,potato,Nagercoil,273.8
2024-11-25,potato,Tuticorin,246.4
2024-11-25,potato,Tenkasi,284.1
2024-11-25,beans,Tirunelveli,112.1
2024-11-25,beans,Madurai,139.4
2024-11-25,beans,Nagercoil,160.9
2024-11-25,beans,Tuticorin,154.5
2024-11-25,beans,Tenkasi,145.1
2024-11-25,okra,Tirunelveli,196.4
2024-11-25,okra,Madurai,168.0
2024-11-25,okra,Nagercoil,189.2
2024-11-25,okra,Tuticorin,193.5
2024-11-25,okra,Tenkasi,192.0
2024-11-26,tomato,Tirunelveli,329.3
2024-11-26,tomato,Madurai,368.7
2024-11-26,tomato,Nagercoil,336.4
2024-11-26,tomato,Tuticorin,390.9
2024-11-26,tomato,Tenkasi,363.0
2024-11-26,brinjal,Tirunelveli,244.6
2024-11-26,brinjal,Madurai,244.2
2024-11-26,brinjal,Nagercoil,266.6
2024-11-26,brinjal,Tuticorin,228.6
2024-11-26,brinjal,Tenkasi,217.2
2024-11-26,onion,Tirunelveli,307.6
2024-11-26,onion,Madurai,344.9
2024-11-26,onion,Nagercoil,288.6
2024-11-26,onion,Tuticorin,297.4
2024-11-26,onion,Tenkasi,319.7
2024-11-26,carrot,Tirunelveli,176.9
2024-11-26,carrot,Madurai,199.4
2024-11-26,carrot,Nagercoil,153.2
2024-11-26,carrot,Tuticorin,178.7
2024-11-26,carrot,Tenkasi,176.3
2024-11-26,cabbage,Tirunelveli,140.6
2024-11-26,cabbage,Madurai,179.6
2024-11-26,cabbage,Nagercoil,160.2
2024-11-26,cabbage,Tuticorin,159.3
2024-11-26,cabbage,Tenkasi,145.5
2024-11-26,potato,Tirunelveli,262.6
2024-11-26,potato,Madurai,249.6
2024-11-26,potato,Nagercoil,287.3
2024-11-26,potato,Tuticorin,290.7
2024-11-26,potato,Tenkasi,303.6
2024-11-26,beans,Tirunelveli,143.7
2024-11-26,beans,Madurai,128.2
2024-11-26,beans,Nagercoil,125.6
2024-11-26,beans,Tuticorin,144.8
2024-11-26,beans,Tenkasi,139.0
2024-11-26,okra,Tirunelveli,194.5
2024-11-26,okra,Madurai,192.8
2024-11-26,okra,Nagercoil,221.4
2024-11-26,okra,Tuticorin,189.4
2024-11-26,okra,Tenkasi,224.9
2024-11-27,tomato,Tirunelveli,363.6
2024-11-27,tomato,Madurai,352.6
2024-11-27,tomato,Nagercoil,344.3
2024-11-27,tomato,Tuticorin,356.9
2024-11-27,tomato,Tenkasi,370.1
2024-11-27,brinjal,Tirunelveli,217.5
2024-11-27,brinjal,Madurai,242.0
2024-11-27,brinjal,Nagercoil,216.5
2024-11-27,brinjal,Tuticorin,222.5
2024-11-27,brinjal,Tenkasi,199.3
2024-11-27,onion,Tirunelveli,326.2
2024-11-27,onion,Madurai,309.7
2024-11-27,onion,Nagercoil,346.6
2024-11-27,onion,Tuticorin,329.1
2024-11-27,onion,Tenkasi,316.7
2024-11-27,carrot,Tirunelveli,204.5
2024-11-27,carrot,Madurai,188.1
2024-11-27,carrot,Nagercoil,200.2
2024-11-27,carrot,Tuticorin,162.8
2024-11-27,carrot,Tenkasi,189.2
2024-11-27,cabbage,Tirunelveli,172.1
2024-11-27,cabbage,Madurai,131.1
2024-11-27,cabbage,Nagercoil,192.1
2024-11-27,cabbage,Tuticorin,138.8
2024-11-27,cabbage,Tenkasi,136.0
2024-11-27,potato,Tirunelveli,213.0
2024-11-27,potato,Madurai,279.5
2024-11-27,potato,Nagercoil,237.1
2024-11-27,potato,Tuticorin,259.7
2024-11-27,potato,Tenkasi,286.8
2024-11-27,beans,Tirunelveli,138.8
2024-11-27,beans,Madurai,122.5
2024-11-27,beans,Nagercoil,103.2
2024-11-27,beans,Tuticorin,132.8
2024-11-27,beans,Tenkasi,152.1
2024-11-27,okra,Tirunelveli,212.0
2024-11-27,okra,Madurai,233.7
2024-11-27,okra,Nagercoil,184.9
2024-11-27,okra,Tuticorin,171.7
2024-11-27,okra,Tenkasi,204.2
2024-11-28,tomato,Tirunelveli,364.2
2024-11-28,tomato,Madurai,359.9
2024-11-28,tomato,Nagercoil,345.1
2024-11-28,tomato,Tuticorin,306.9
2024-11-28,tomato,Tenkasi,339.9
2024-11-28,brinjal,Tirunelveli,236.1
2024-11-28,brinjal,Madurai,230.7
2024-11-28,brinjal,Nagercoil,244.3
2024-11-28,brinjal,Tuticorin,231.9
2024-11-28,brinjal,Tenkasi,239.7
2024-11-28,onion,Tirunelveli,330.3
2024-11-28,onion,Madurai,315.4
2024-11-28,onion,Nagercoil,315.5
2024-11-28,onion,Tuticorin,256.8
2024-11-28,onion,Tenkasi,301.9
2024-11-28,carrot,Tirunelveli,167.7
2024-11-28,carrot,Madurai,177.8
2024-11-28,carrot,Nagercoil,161.4
2024-11-28,carrot,Tuticorin,198.8
2024-11-28,carrot,Tenkasi,162.4
2024-11-28,cabbage,Tirunelveli,184.0
2024-11-28,cabbage,Madurai,142.8
2024-11-28,cabbage,Nagercoil,149.9
2024-11-28,cabbage,Tuticorin,148.4
2024-11-28,cabbage,Tenkasi,152.1
2024-11-28,potato,Tirunelveli,293.6
2024-11-28,potato,Madurai,263.5
2024-11-28,potato,Nagercoil,264.0
2024-11-28,potato,Tuticorin,255.2
2024-11-28,potato,Tenkasi,264.8
2024-11-28,beans,Tirunelveli,139.3
2024-11-28,beans,Madurai,130.7
2024-11-28,beans,Nagercoil,132.0
2024-11-28,beans,Tuticorin,155.3
2024-11-28,beans,Tenkasi,140.5
2024-11-28,okra,Tirunelveli,175.0
2024-11-28,okra,Madurai,196.3
2024-11-28,okra,Nagercoil,187.2
2024-11-28,okra,Tuticorin,208.4
2024-11-28,okra,Tenkasi,200.1
2024-11-29,tomato,Tirunelveli,382.6
2024-11-29,tomato,Madurai,345.2
2024-11-29,tomato,Nagercoil,356.2
2024-11-29,tomato,Tuticorin,338.7
2024-11-29,tomato,Tenkasi,359.2
2024-11-29,brinjal,Tirunelveli,194.3
2024-11-29,brinjal,Madurai,231.4
2024-11-29,brinjal,Nagercoil,223.9
2024-11-29,brinjal,Tuticorin,228.1
2024-11-29,brinjal,Tenkasi,240.8
2024-11-29,onion,Tirunelveli,319.5
2024-11-29,onion,Madurai,289.5
2024-11-29,onion,Nagercoil,303.9
2024-11-29,onion,Tuticorin,313.4
2024-11-29,onion,Tenkasi,308.4
2024-11-29,carrot,Tirunelveli,175.9
2024-11-29,carrot,Madurai,212.4
2024-11-29,carrot,Nagercoil,182.0
2024-11-29,carrot,Tuticorin,187.6
2024-11-29,carrot,Tenkasi,139.8
2024-11-29,cabbage,Tirunelveli,176.9
2024-11-29,cabbage,Madurai,219.0
2024-11-29,cabbage,Nagercoil,188.9
2024-11-29,cabbage,Tuticorin,153.2
2024-11-29,cabbage,Tenkasi,207.6
2024-11-29,potato,Tirunelveli,270.5
2024-11-29,potato,Madurai,276.1
2024-11-29,potato,Nagercoil,264.7
2024-11-29,potato,Tuticorin,264.1
2024-11-29,potato,Tenkasi,225.0
2024-11-29,beans,Tirunelveli,150.7
2024-11-29,beans,Madurai,129.1
2024-11-29,beans,Nagercoil,131.2
2024-11-29,beans,Tuticorin,140.5
2024-11-29,beans,Tenkasi,126.7
2024-11-29,okra,Tirunelveli,203.3
2024-11-29,okra,Madurai,222.1
2024-11-29,okra,Nagercoil,206.1
2024-11-29,okra,Tuticorin,194.9
2024-11-29,okra,Tenkasi,195.5
2024-11-30,tomato,Tirunelveli,418.0
2024-11-30,tomato,Madurai,397.4
2024-11-30,tomato,Nagercoil,418.2
2024-11-30,tomato,Tuticorin,427.7
2024-11-30,tomato,Tenkasi,415.8
2024-11-30,brinjal,Tirunelveli,250.3
2024-11-30,brinjal,Madurai,253.0
2024-11-30,brinjal,Nagercoil,271.8
2024-11-30,brinjal,Tuticorin,236.7
2024-11-30,brinjal,Tenkasi,242.4
2024-11-30,onion,Tirunelveli,330.1
2024-11-30,onion,Madurai,362.9
2024-11-30,onion,Nagercoil,379.5
2024-11-30,onion,Tuticorin,388.9
2024-11-30,onion,Tenkasi,393.2
2024-11-30,carrot,Tirunelveli,193.2
2024-11-30,carrot,Madurai,212.0
2024-11-30,carrot,Nagercoil,199.0
2024-11-30,carrot,Tuticorin,240.0
2024-11-30,carrot,Tenkasi,233.1
2024-11-30,cabbage,Tirunelveli,189.7
2024-11-30,cabbage,Madurai,173.9
2024-11-30,cabbage,Nagercoil,117.3
2024-11-30,cabbage,Tuticorin,157.6
2024-11-30,cabbage,Tenkasi,149.3
2024-11-30,potato,Tirunelveli,281.6
2024-11-30,potato,Madurai,348.1
2024-11-30,potato,Nagercoil,284.6
2024-11-30,potato,Tuticorin,289.3
2024-11-30,potato,Tenkasi,292.1
2024-11-30,beans,Tirunelveli,207.2
2024-11-30,beans,Madurai,154.0
2024-11-30,beans,Nagercoil,175.1
2024-11-30,beans,Tuticorin,158.8
2024-11-30,beans,Tenkasi,115.6
2024-11-30,okra,Tirunelveli,258.4
2024-11-30,okra,Madurai,235.7
2024-11-30,okra,Nagercoil,225.3
2024-11-30,okra,Tuticorin,262.9
2024-11-30,okra,Tenkasi,220.8
2024-12-01,tomato,Tirunelveli,457.1
2024-12-01,tomato,Madurai,453.1
2024-12-01,tomato,Nagercoil,481.5
2024-12-01,tomato,Tuticorin,476.3
2024-12-01,tomato,Tenkasi,465.6
2024-12-01,brinjal,Tirunelveli,266.5
2024-12-01,brinjal,Madurai,280.1
2024-12-01,brinjal,Nagercoil,266.5
2024-12-01,brinjal,Tuticorin,310.7
2024-12-01,brinjal,Tenkasi,256.0
2024-12-01,onion,Tirunelveli,434.4
2024-12-01,onion,Madurai,428.3
2024-12-01,onion,Nagercoil,384.1
2024-12-01,onion,Tuticorin,394.2
2024-12-01,onion,Tenkasi,388.3
2024-12-01,carrot,Tirunelveli,238.6
2024-12-01,carrot,Madurai,258.2
2024-12-01,carrot,Nagercoil,253.7
2024-12-01,carrot,Tuticorin,221.3
2024-12-01,carrot,Tenkasi,255.1
2024-12-01,cabbage,Tirunelveli,230.4
2024-12-01,cabbage,Madurai,203.2
2024-12-01,cabbage,Nagercoil,206.8
2024-12-01,cabbage,Tuticorin,237.8
2024-12-01,cabbage,Tenkasi,228.2
2024-12-01,potato,Tirunelveli,369.5
2024-12-01,potato,Madurai,396.7
2024-12-01,potato,Nagercoil,355.9
2024-12-01,potato,Tuticorin,351.5
2024-12-01,potato,Tenkasi,372.2
2024-12-01,beans,Tirunelveli,212.3
2024-12-01,beans,Madurai,160.3
2024-12-01,beans,Nagercoil,168.5
2024-12-01,beans,Tuticorin,152.1
2024-12-01,beans,Tenkasi,179.4
2024-12-01,okra,Tirunelveli,270.8
2024-12-01,okra,Madurai,234.0
2024-12-01,okra,Nagercoil,275.7
2024-12-01,okra,Tuticorin,243.9
2024-12-01,okra,Tenkasi,242.3
2024-12-02,tomato,Tirunelveli,422.6
2024-12-02,tomato,Madurai,387.5
2024-12-02,tomato,Nagercoil,371.9
2024-12-02,tomato,Tuticorin,414.9
2024-12-02,tomato,Tenkasi,397.4
2024-12-02,brinjal,Tirunelveli,274.0
2024-12-02,brinjal,Madurai,266.7
2024-12-02,brinjal,Nagercoil,215.0
2024-12-02,brinjal,Tuticorin,276.3
2024-12-02,brinjal,Tenkasi,288.0
2024-12-02,onion,Tirunelveli,370.7
2024-12-02,onion,Madurai,371.5
2024-12-02,onion,Nagercoil,345.0
2024-12-02,onion,Tuticorin,340.5
2024-12-02,onion,Tenkasi,354.2
2024-12-02,carrot,Tirunelveli,218.4
2024-12-02,carrot,Madurai,217.9
2024-12-02,carrot,Nagercoil,191.2
2024-12-02,carrot,Tuticorin,189.2
2024-12-02,carrot,Tenkasi,170.2
2024-12-02,cabbage,Tirunelveli,192.9
2024-12-02,cabbage,Madurai,172.2
2024-12-02,cabbage,Nagercoil,174.0
2024-12-02,cabbage,Tuticorin,214.6
2024-12-02,cabbage,Tenkasi,192.0
2024-12-02,potato,Tirunelveli,306.5
2024-12-02,potato,Madurai,316.6
2024-12-02,potato,Nagercoil,328.4
2024-12-02,potato,Tuticorin,267.7
2024-12-02,potato,Tenkasi,288.7
2024-12-02,beans,Tirunelveli,145.4
2024-12-02,beans,Madurai,130.4
2024-12-02,beans,Nagercoil,144.7
2024-12-02,beans,Tuticorin,119.0
2024-12-02,beans,Tenkasi,168.4
2024-12-02,okra,Tirunelveli,209.6
2024-12-02,okra,Madurai,224.0
2024-12-02,okra,Nagercoil,221.0
2024-12-02,okra,Tuticorin,231.1
2024-12-02,okra,Tenkasi,170.8
2024-12-03,tomato,Tirunelveli,409.0
2024-12-03,tomato,Madurai,394.5
2024-12-03,tomato,Nagercoil,408.1
2024-12-03,tomato,Tuticorin,376.4
2024-12-03,tomato,Tenkasi,408.3
2024-12-03,brinjal,Tirunelveli,276.0
2024-12-03,brinjal,Madurai,253.8
2024-12-03,brinjal,Nagercoil,235.7
2024-12-03,brinjal,Tuticorin,236.5
2024-12-03,brinjal,Tenkasi,261.5
2024-12-03,onion,Tirunelveli,361.4
2024-12-03,onion,Madurai,357.1
2024-12-03,onion,Nagercoil,349.2
2024-12-03,onion,Tuticorin,354.1
2024-12-03,onion,Tenkasi,348.7
2024-12-03,carrot,Tirunelveli,192.4
2024-12-03,carrot,Madurai,215.1
2024-12-03,carrot,Nagercoil,206.2
2024-12-03,carrot,Tuticorin,225.8
2024-12-03,carrot,Tenkasi,222.3
2024-12-03,cabbage,Tirunelveli,185.5
2024-12-03,cabbage,Madurai,191.9
2024-12-03,cabbage,Nagercoil,160.9
2024-12-03,cabbage,Tuticorin,178.4
2024-12-03,cabbage,Tenkasi,186.9
2024-12-03,potato,Tirunelveli,268.3
2024-12-03,potato,Madurai,308.6
2024-12-03,potato,Nagercoil,280.8
2024-12-03,potato,Tuticorin,283.0
2024-12-03,potato,Tenkasi,289.4
2024-12-03,beans,Tirunelveli,149.4
2024-12-03,beans,Madurai,123.4
2024-12-03,beans,Nagercoil,167.1
2024-12-03,beans,Tuticorin,153.5
2024-12-03,beans,Tenkasi,188.5
2024-12-03,okra,Tirunelveli,226.0
2024-12-03,okra,Madurai,231.4
2024-12-03,okra,Nagercoil,202.9
2024-12-03,okra,Tuticorin,196.4
2024-12-03,okra,Tenkasi,232.4
2024-12-04,tomato,Tirunelveli,378.1
2024-12-04,tomato,Madurai,412.8
2024-12-04,tomato,Nagercoil,434.1
2024-12-04,tomato,Tuticorin,418.9
2024-12-04,tomato,Tenkasi,411.4
2024-12-04,brinjal,Tirunelveli,255.4
2024-12-04,brinjal,Madurai,242.3
2024-12-04,brinjal,Nagercoil,247.7
2024-12-04,brinjal,Tuticorin,238.7
2024-12-04,brinjal,Tenkasi,223.7
2024-12-04,onion,Tirunelveli,350.7
2024-12-04,onion,Madurai,372.2
2024-12-04,onion,Nagercoil,324.2
2024-12-04,onion,Tuticorin,378.0
2024-12-04,onion,Tenkasi,374.3
2024-12-04,carrot,Tirunelveli,207.9
2024-12-04,carrot,Madurai,208.1
2024-12-04,carrot,Nagercoil,196.3
2024-12-04,carrot,Tuticorin,200.8
2024-12-04,carrot,Tenkasi,190.7
2024-12-04,cabbage,Tirunelveli,180.6
2024-12-04,cabbage,Madurai,182.8
2024-12-04,cabbage,Nagercoil,217.6
2024-12-04,cabbage,Tuticorin,191.3
2024-12-04,cabbage,Tenkasi,175.8
2024-12-04,potato,Tirunelveli,298.0
2024-12-04,potato,Madurai,285.7
2024-12-04,potato,Nagercoil,289.0
2024-12-04,potato,Tuticorin,318.2
2024-12-04,potato,Tenkasi,290.1
2024-12-04,beans,Tirunelveli,137.6
2024-12-04,beans,Madurai,138.1
2024-12-04,beans,Nagercoil,135.4
2024-12-04,beans,Tuticorin,172.5
2024-12-04,beans,Tenkasi,152.9
2024-12-04,okra,Tirunelveli,214.4
2024-12-04,okra,Madurai,220.6
2024-12-04,okra,Nagercoil,224.3
2024-12-04,okra,Tuticorin,205.1
2024-12-04,okra,Tenkasi,192.2
2024-12-05,tomato,Tirunelveli,426.8
2024-12-05,tomato,Madurai,419.8
2024-12-05,tomato,Nagercoil,407.6
2024-12-05,tomato,Tuticorin,418.4
2024-12-05,tomato,Tenkasi,438.3
2024-12-05,brinjal,Tirunelveli,239.3
2024-12-05,brinjal,Madurai,227.6
2024-12-05,brinjal,Nagercoil,263.2
2024-12-05,brinjal,Tuticorin,220.7
2024-12-05,brinjal,Tenkasi,250.8
2024-12-05,onion,Tirunelveli,344.0
2024-12-05,onion,Madurai,363.5
2024-12-05,onion,Nagercoil,340.4
2024-12-05,onion,Tuticorin,374.0
2024-12-05,onion,Tenkasi,335.1
2024-12-05,carrot,Tirunelveli,214.1
2024-12-05,carrot,Madurai,186.7
2024-12-05,carrot,Nagercoil,211.0
2024-12-05,carrot,Tuticorin,179.7
2024-12-05,carrot,Tenkasi,199.5
2024-12-05,cabbage,Tirunelveli,206.4
2024-12-05,cabbage,Madurai,182.3
2024-12-05,cabbage,Nagercoil,203.7
2024-12-05,cabbage,Tuticorin,179.5
2024-12-05,cabbage,Tenkasi,169.9
2024-12-05,potato,Tirunelveli,303.4
2024-12-05,potato,Madurai,312.4
2024-12-05,potato,Nagercoil,261.9
2024-12-05,potato,Tuticorin,310.4
2024-12-05,potato,Tenkasi,281.2
2024-12-05,beans,Tirunelveli,126.2
2024-12-05,beans,Madurai,160.8
2024-12-05,beans,Nagercoil,176.8
2024-12-05,beans,Tuticorin,154.3
2024-12-05,beans,Tenkasi,122.9
2024-12-05,okra,Tirunelveli,206.6
2024-12-05,okra,Madurai,211.6
2024-12-05,okra,Nagercoil,223.9
2024-12-05,okra,Tuticorin,218.6
2024-12-05,okra,Tenkasi,229.9
2024-12-06,tomato,Tirunelveli,420.0
2024-12-06,tomato,Madurai,406.9
2024-12-06,tomato,Nagercoil,418.0
2024-12-06,tomato,Tuticorin,394.6
2024-12-06,tomato,Tenkasi,465.9
2024-12-06,brinjal,Tirunelveli,261.1
2024-12-06,brinjal,Madurai,263.7
2024-12-06,brinjal,Nagercoil,285.2
2024-12-06,brinjal,Tuticorin,251.8
2024-12-06,brinjal,Tenkasi,237.1
2024-12-06,onion,Tirunelveli,376.1
2024-12-06,onion,Madurai,377.3
2024-12-06,onion,Nagercoil,353.1
2024-12-06,onion,Tuticorin,385.2
2024-12-06,onion,Tenkasi,348.3
2024-12-06,carrot,Tirunelveli,218.6
2024-12-06,carrot,Madurai,230.3
2024-12-06,carrot,Nagercoil,202.0
2024-12-06,carrot,Tuticorin,209.1
2024-12-06,carrot,Tenkasi,220.5
2024-12-06,cabbage,Tirunelveli,172.7
2024-12-06,cabbage,Madurai,163.7
2024-12-06,cabbage,Nagercoil,206.7
2024-12-06,cabbage,Tuticorin,186.1
2024-12-06,cabbage,Tenkasi,169.9
2024-12-06,potato,Tirunelveli,301.9
2024-12-06,potato,Madurai,310.2
2024-12-06,potato,Nagercoil,268.6
2024-12-06,potato,Tuticorin,314.3
2024-12-06,potato,Tenkasi,308.2
2024-12-06,beans,Tirunelveli,183.1
2024-12-06,beans,Madurai,145.6
2024-12-06,beans,Nagercoil,177.5
2024-12-06,beans,Tuticorin,149.1
2024-12-06,beans,Tenkasi,152.8
2024-12-06,okra,Tirunelveli,225.6
2024-12-06,okra,Madurai,261.9
2024-12-06,okra,Nagercoil,195.2
2024-12-06,okra,Tuticorin,229.9
2024-12-06,okra,Tenkasi,220.8
2024-12-07,tomato,Tirunelveli,459.4
2024-12-07,tomato,Madurai,471.7
2024-12-07,tomato,Nagercoil,482.1
2024-12-07,tomato,Tuticorin,470.6
2024-12-07,tomato,Tenkasi,484.7
2024-12-07,brinjal,Tirunelveli,282.5
2024-12-07,brinjal,Madurai,286.5
2024-12-07,brinjal,Nagercoil,267.5
2024-12-07,brinjal,Tuticorin,327.2
2024-12-07,brinjal,Tenkasi,283.8
2024-12-07,onion,Tirunelveli,396.6
2024-12-07,onion,Madurai,414.6
2024-12-07,onion,Nagercoil,424.6
2024-12-07,onion,Tuticorin,388.7
2024-12-07,onion,Tenkasi,426.2
2024-12-07,carrot,Tirunelveli,223.9
2024-12-07,carrot,Madurai,258.6
2024-12-07,carrot,Nagercoil,219.2
2024-12-07,carrot,Tuticorin,244.7
2024-12-07,carrot,Tenkasi,230.9
2024-12-07,cabbage,Tirunelveli,184.5
2024-12-07,cabbage,Madurai,178.7
2024-12-07,cabbage,Nagercoil,192.1
2024-12-07,cabbage,Tuticorin,226.9
2024-12-07,cabbage,Tenkasi,168.1
2024-12-07,potato,Tirunelveli,351.7
2024-12-07,potato,Madurai,349.9
2024-12-07,potato,Nagercoil,311.4
2024-12-07,potato,Tuticorin,329.1
2024-12-07,potato,Tenkasi,329.0
2024-12-07,beans,Tirunelveli,173.6
2024-12-07,beans,Madurai,201.8
2024-12-07,beans,Nagercoil,194.0
2024-12-07,beans,Tuticorin,165.3
2024-12-07,beans,Tenkasi,155.9
2024-12-07,okra,Tirunelveli,221.8
2024-12-07,okra,Madurai,245.4
2024-12-07,okra,Nagercoil,235.0
2024-12-07,okra,Tuticorin,252.3
2024-12-07,okra,Tenkasi,253.0
2024-12-08,tomato,Tirunelveli,450.5
2024-12-08,tomato,Madurai,450.9
2024-12-08,tomato,Nagercoil,446.1
2024-12-08,tomato,Tuticorin,449.8
2024-12-08,tomato,Tenkasi,488.7
2024-12-08,brinjal,Tirunelveli,297.9
2024-12-08,brinjal,Madurai,298.1
2024-12-08,brinjal,Nagercoil,307.7
2024-12-08,brinjal,Tuticorin,306.0
2024-12-08,brinjal,Tenkasi,316.0
2024-12-08,onion,Tirunelveli,414.3
2024-12-08,onion,Madurai,406.6
2024-12-08,onion,Nagercoil,390.7
2024-12-08,onion,Tuticorin,386.0
2024-12-08,onion,Tenkasi,420.1
2024-12-08,carrot,Tirunelveli,227.8
2024-12-08,carrot,Madurai,202.8
2024-12-08,carrot,Nagercoil,188.1
2024-12-08,carrot,Tuticorin,273.0
2024-12-08,carrot,Tenkasi,210.3
2024-12-08,cabbage,Tirunelveli,193.3
2024-12-08,cabbage,Madurai,231.6
2024-12-08,cabbage,Nagercoil,182.8
2024-12-08,cabbage,Tuticorin,217.6
2024-12-08,cabbage,Tenkasi,243.4
2024-12-08,potato,Tirunelveli,387.3
2024-12-08,potato,Madurai,336.1
2024-12-08,potato,Nagercoil,344.8
2024-12-08,potato,Tuticorin,337.1
2024-12-08,potato,Tenkasi,344.6
2024-12-08,beans,Tirunelveli,198.5
2024-12-08,beans,Madurai,144.5
2024-12-08,beans,Nagercoil,185.5
2024-12-08,beans,Tuticorin,168.6
2024-12-08,beans,Tenkasi,199.9
2024-12-08,okra,Tirunelveli,279.3
2024-12-08,okra,Madurai,244.9
2024-12-08,okra,Nagercoil,250.8
2024-12-08,okra,Tuticorin,270.9
2024-12-08,okra,Tenkasi,272.7
2024-12-09,tomato,Tirunelveli,350.6
2024-12-09,tomato,Madurai,417.8
2024-12-09,tomato,Nagercoil,432.9
2024-12-09,tomato,Tuticorin,405.1
2024-12-09,tomato,Tenkasi,419.0
2024-12-09,brinjal,Tirunelveli,275.6
2024-12-09,brinjal,Madurai,254.4
2024-12-09,brinjal,Nagercoil,266.3
2024-12-09,brinjal,Tuticorin,250.3
2024-12-09,brinjal,Tenkasi,249.0
2024-12-09,onion,Tirunelveli,336.8
2024-12-09,onion,Madurai,353.5
2024-12-09,onion,Nagercoil,387.7
2024-12-09,onion,Tuticorin,332.0
2024-12-09,onion,Tenkasi,362.3
2024-12-09,carrot,Tirunelveli,206.4
2024-12-09,carrot,Madurai,229.5
2024-12-09,carrot,Nagercoil,233.3
2024-12-09,carrot,Tuticorin,181.5
2024-12-09,carrot,Tenkasi,188.5
2024-12-09,cabbage,Tirunelveli,169.6
2024-12-09,cabbage,Madurai,170.3
2024-12-09,cabbage,Nagercoil,172.0
2024-12-09,cabbage,Tuticorin,186.9
2024-12-09,cabbage,Tenkasi,163.0
2024-12-09,potato,Tirunelveli,285.8
2024-12-09,potato,Madurai,284.2
2024-12-09,potato,Nagercoil,309.9
2024-12-09,potato,Tuticorin,298.7
2024-12-09,potato,Tenkasi,295.2
2024-12-09,beans,Tirunelveli,133.2
2024-12-09,beans,Madurai,117.9
2024-12-09,beans,Nagercoil,182.6
2024-12-09,beans,Tuticorin,144.2
2024-12-09,beans,Tenkasi,204.2
2024-12-09,okra,Tirunelveli,235.5
2024-12-09,okra,Madurai,256.6
2024-12-09,okra,Nagercoil,239.9
2024-12-09,okra,Tuticorin,223.2
2024-12-09,okra,Tenkasi,208.0
2024-12-10,tomato,Tirunelveli,380.5
2024-12-10,tomato,Madurai,422.4
2024-12-10,tomato,Nagercoil,405.3
2024-12-10,tomato,Tuticorin,412.3
2024-12-10,tomato,Tenkasi,416.3
2024-12-10,brinjal,Tirunelveli,257.1
2024-12-10,brinjal,Madurai,240.6
2024-12-10,brinjal,Nagercoil,270.3
2024-12-10,brinjal,Tuticorin,246.0
2024-12-10,brinjal,Tenkasi,251.8
2024-12-10,onion,Tirunelveli,364.3
2024-12-10,onion,Madurai,348.8
2024-12-10,onion,Nagercoil,313.6
2024-12-10,onion,Tuticorin,370.8
2024-12-10,onion,Tenkasi,375.1
2024-12-10,carrot,Tirunelveli,163.4
2024-12-10,carrot,Madurai,179.1
2024-12-10,carrot,Nagercoil,240.5
2024-12-10,carrot,Tuticorin,204.6
2024-12-10,carrot,Tenkasi,200.1
2024-12-10,cabbage,Tirunelveli,171.5
2024-12-10,cabbage,Madurai,159.4
2024-12-10,cabbage,Nagercoil,176.1
2024-12-10,cabbage,Tuticorin,199.5
2024-12-10,cabbage,Tenkasi,179.7
2024-12-10,potato,Tirunelveli,312.2
2024-12-10,potato,Madurai,335.3
2024-12-10,potato,Nagercoil,288.4
2024-12-10,potato,Tuticorin,306.1
2024-12-10,potato,Tenkasi,320.1
2024-12-10,beans,Tirunelveli,131.3
2024-12-10,beans,Madurai,153.6
2024-12-10,beans,Nagercoil,187.4
2024-12-10,beans,Tuticorin,143.2
2024-12-10,beans,Tenkasi,171.4
2024-12-10,okra,Tirunelveli,217.2
2024-12-10,okra,Madurai,256.0
2024-12-10,okra,Nagercoil,187.1
2024-12-10,okra,Tuticorin,221.3
2024-12-10,okra,Tenkasi,190.4
2024-12-11,tomato,Tirunelveli,386.0
2024-12-11,tomato,Madurai,385.9
2024-12-11,tomato,Nagercoil,394.7
2024-12-11,tomato,Tuticorin,376.2
2024-12-11,tomato,Tenkasi,398.6
2024-12-11,brinjal,Tirunelveli,259.2
2024-12-11,brinjal,Madurai,219.4
2024-12-11,brinjal,Nagercoil,237.3
2024-12-11,brinjal,Tuticorin,300.8
2024-12-11,brinjal,Tenkasi,256.6
2024-12-11,onion,Tirunelveli,313.6
2024-12-11,onion,Madurai,322.0
2024-12-11,onion,Nagercoil,354.5
2024-12-11,onion,Tuticorin,352.0
2024-12-11,onion,Tenkasi,338.3
2024-12-11,carrot,Tirunelveli,243.9
2024-12-11,carrot,Madurai,252.4
2024-12-11,carrot,Nagercoil,194.7
2024-12-11,carrot,Tuticorin,217.5
2024-12-11,carrot,Tenkasi,218.5
2024-12-11,cabbage,Tirunelveli,201.1
2024-12-11,cabbage,Madurai,167.2
2024-12-11,cabbage,Nagercoil,218.8
2024-12-11,cabbage,Tuticorin,178.6
2024-12-11,cabbage,Tenkasi,188.4
2024-12-11,potato,Tirunelveli,300.0
2024-12-11,potato,Madurai,297.2
2024-12-11,potato,Nagercoil,305.6
2024-12-11,potato,Tuticorin,276.3
2024-12-11,potato,Tenkasi,260.6
2024-12-11,beans,Tirunelveli,145.7
2024-12-11,beans,Madurai,132.4
2024-12-11,beans,Nagercoil,161.0
2024-12-11,beans,Tuticorin,158.7
2024-12-11,beans,Tenkasi,150.3
2024-12-11,okra,Tirunelveli,249.6
2024-12-11,okra,Madurai,219.9
2024-12-11,okra,Nagercoil,190.8
2024-12-11,okra,Tuticorin,215.5
2024-12-11,okra,Tenkasi,243.4
2024-12-12,tomato,Tirunelveli,362.3
2024-12-12,tomato,Madurai,398.1
2024-12-12,tomato,Nagercoil,411.5
2024-12-12,tomato,Tuticorin,453.0
2024-12-12,tomato,Tenkasi,424.2
2024-12-12,brinjal,Tirunelveli,252.7
2024-12-12,brinjal,Madurai,260.4
2024-12-12,brinjal,Nagercoil,212.0
2024-12-12,brinjal,Tuticorin,229.0
2024-12-12,brinjal,Tenkasi,263.0
2024-12-12,onion,Tirunelveli,353.2
2024-12-12,onion,Madurai,355.8
2024-12-12,onion,Nagercoil,350.7
2024-12-12,onion,Tuticorin,349.9
2024-12-12,onion,Tenkasi,352.1
2024-12-12,carrot,Tirunelveli,178.9
2024-12-12,carrot,Madurai,195.4
2024-12-12,carrot,Nagercoil,175.1
2024-12-12,carrot,Tuticorin,187.6
2024-12-12,carrot,Tenkasi,223.9
2024-12-12,cabbage,Tirunelveli,176.4
2024-12-12,cabbage,Madurai,191.9
2024-12-12,cabbage,Nagercoil,182.3
2024-12-12,cabbage,Tuticorin,172.3
2024-12-12,cabbage,Tenkasi,159.8
2024-12-12,potato,Tirunelveli,292.0
2024-12-12,potato,Madurai,303.7
2024-12-12,potato,Nagercoil,311.6
2024-12-12,potato,Tuticorin,302.4
2024-12-12,potato,Tenkasi,313.0
2024-12-12,beans,Tirunelveli,119.6
2024-12-12,beans,Madurai,167.3
2024-12-12,beans,Nagercoil,127.4
2024-12-12,beans,Tuticorin,169.7
2024-12-12,beans,Tenkasi,160.0
2024-12-12,okra,Tirunelveli,182.6
2024-12-12,okra,Madurai,234.7
2024-12-12,okra,Nagercoil,239.9
2024-12-12,okra,Tuticorin,245.2
2024-12-12,okra,Tenkasi,204.6
2024-12-13,tomato,Tirunelveli,403.6
2024-12-13,tomato,Madurai,413.9
2024-12-13,tomato,Nagercoil,414.7
2024-12-13,tomato,Tuticorin,408.2
2024-12-13,tomato,Tenkasi,391.5
2024-12-13,brinjal,Tirunelveli,269.8
2024-12-13,brinjal,Madurai,269.9
2024-12-13,brinjal,Nagercoil,246.9
2024-12-13,brinjal,Tuticorin,234.3
2024-12-13,brinjal,Tenkasi,235.4
2024-12-13,onion,Tirunelveli,377.3
2024-12-13,onion,Madurai,369.0
2024-12-13,onion,Nagercoil,349.6
2024-12-13,onion,Tuticorin,346.0
2024-12-13,onion,Tenkasi,314.6
2024-12-13,carrot,Tirunelveli,198.3
2024-12-13,carrot,Madurai,176.2
2024-12-13,carrot,Nagercoil,203.2
2024-12-13,carrot,Tuticorin,223.7
2024-12-13,carrot,Tenkasi,180.4
2024-12-13,cabbage,Tirunelveli,184.8
2024-12-13,cabbage,Madurai,200.0
2024-12-13,cabbage,Nagercoil,184.4
2024-12-13,cabbage,Tuticorin,169.5
2024-12-13,cabbage,Tenkasi,180.2
2024-12-13,potato,Tirunelveli,319.1
2024-12-13,potato,Madurai,305.3
2024-12-13,potato,Nagercoil,299.9
2024-12-13,potato,Tuticorin,323.1
2024-12-13,potato,Tenkasi,310.3
2024-12-13,beans,Tirunelveli,125.9
2024-12-13,beans,Madurai,162.6
2024-12-13,beans,Nagercoil,169.0
2024-12-13,beans,Tuticorin,125.3
2024-12-13,beans,Tenkasi,104.6
2024-12-13,okra,Tirunelveli,199.2
2024-12-13,okra,Madurai,218.0
2024-12-13,okra,Nagercoil,240.2
2024-12-13,okra,Tuticorin,202.2
2024-12-13,okra,Tenkasi,231.1
2024-12-14,tomato,Tirunelveli,402.2
2024-12-14,tomato,Madurai,463.6
2024-12-14,tomato,Nagercoil,451.9
2024-12-14,tomato,Tuticorin,502.0
2024-12-14,tomato,Tenkasi,422.2
2024-12-14,brinjal,Tirunelveli,287.2
2024-12-14,brinjal,Madurai,249.5
2024-12-14,brinjal,Nagercoil,276.5
2024-12-14,brinjal,Tuticorin,253.5
2024-12-14,brinjal,Tenkasi,333.5
2024-12-14,onion,Tirunelveli,395.4
2024-12-14,onion,Madurai,398.3
2024-12-14,onion,Nagercoil,401.6
2024-12-14,onion,Tuticorin,379.9
2024-12-14,onion,Tenkasi,423.6
2024-12-14,carrot,Tirunelveli,242.8
2024-12-14,carrot,Madurai,248.4
2024-12-14,carrot,Nagercoil,205.6
2024-12-14,carrot,Tuticorin,252.7
2024-12-14,carrot,Tenkasi,250.4
2024-12-14,cabbage,Tirunelveli,202.4
2024-12-14,cabbage,Madurai,224.9
2024-12-14,cabbage,Nagercoil,212.5
2024-12-14,cabbage,Tuticorin,175.1
2024-12-14,cabbage,Tenkasi,203.3
2024-12-14,potato,Tirunelveli,335.4
2024-12-14,potato,Madurai,346.7
2024-12-14,potato,Nagercoil,365.4
2024-12-14,potato,Tuticorin,312.2
2024-12-14,potato,Tenkasi,336.1
2024-12-14,beans,Tirunelveli,156.1
2024-12-14,beans,Madurai,156.9
2024-12-14,beans,Nagercoil,156.0
2024-12-14,beans,Tuticorin,173.9
2024-12-14,beans,Tenkasi,183.0
2024-12-14,okra,Tirunelveli,260.0
2024-12-14,okra,Madurai,256.7
2024-12-14,okra,Nagercoil,265.4
2024-12-14,okra,Tuticorin,300.6
2024-12-14,okra,Tenkasi,255.7
2024-12-15,tomato,Tirunelveli,480.4
2024-12-15,tomato,Madurai,479.3
2024-12-15,tomato,Nagercoil,495.6
2024-12-15,tomato,Tuticorin,471.2
2024-12-15,tomato,Tenkasi,443.1
2024-12-15,brinjal,Tirunelveli,293.6
2024-12-15,brinjal,Madurai,292.5
2024-12-15,brinjal,Nagercoil,303.8
2024-12-15,brinjal,Tuticorin,270.0
2024-12-15,brinjal,Tenkasi,312.8
2024-12-15,onion,Tirunelveli,402.6
2024-12-15,onion,Madurai,419.3
2024-12-15,onion,Nagercoil,408.7
2024-12-15,onion,Tuticorin,405.0
2024-12-15,onion,Tenkasi,407.2
2024-12-15,carrot,Tirunelveli,243.4
2024-12-15,carrot,Madurai,269.2
2024-12-15,carrot,Nagercoil,189.7
2024-12-15,carrot,Tuticorin,240.8
2024-12-15,carrot,Tenkasi,230.9
2024-12-15,cabbage,Tirunelveli,203.5
2024-12-15,cabbage,Madurai,159.7
2024-12-15,cabbage,Nagercoil,218.6
2024-12-15,cabbage,Tuticorin,204.5
2024-12-15,cabbage,Tenkasi,190.3
2024-12-15,potato,Tirunelveli,345.8
2024-12-15,potato,Madurai,339.1
2024-12-15,potato,Nagercoil,310.2
2024-12-15,potato,Tuticorin,346.8
2024-12-15,potato,Tenkasi,356.6
2024-12-15,beans,Tirunelveli,161.5
2024-12-15,beans,Madurai,177.7
2024-12-15,beans,Nagercoil,174.7
2024-12-15,beans,Tuticorin,193.4
2024-12-15,beans,Tenkasi,170.4
2024-12-15,okra,Tirunelveli,269.0
2024-12-15,okra,Madurai,246.7
2024-12-15,okra,Nagercoil,292.3
2024-12-15,okra,Tuticorin,244.3
2024-12-15,okra,Tenkasi,239.3
2024-12-16,tomato,Tirunelveli,398.0
2024-12-16,tomato,Madurai,385.4
2024-12-16,tomato,Nagercoil,375.0
2024-12-16,tomato,Tuticorin,414.6
2024-12-16,tomato,Tenkasi,338.7
2024-12-16,brinjal,Tirunelveli,235.6
2024-12-16,brinjal,Madurai,223.2
2024-12-16,brinjal,Nagercoil,252.8
2024-12-16,brinjal,Tuticorin,206.2
2024-12-16,brinjal,Tenkasi,261.0
2024-12-16,onion,Tirunelveli,363.1
2024-12-16,onion,Madurai,317.3
2024-12-16,onion,Nagercoil,353.8
2024-12-16,onion,Tuticorin,360.3
2024-12-16,onion,Tenkasi,368.8
2024-12-16,carrot,Tirunelveli,170.6
2024-12-16,carrot,Madurai,167.8
2024-12-16,carrot,Nagercoil,230.1
2024-12-16,carrot,Tuticorin,183.6
2024-12-16,carrot,Tenkasi,189.5
2024-12-16,cabbage,Tirunelveli,192.7
2024-12-16,cabbage,Madurai,156.6
2024-12-16,cabbage,Nagercoil,174.7
2024-12-16,cabbage,Tuticorin,197.8
2024-12-16,cabbage,Tenkasi,151.6
2024-12-16,potato,Tirunelveli,290.0
2024-12-16,potato,Madurai,277.5
2024-12-16,potato,Nagercoil,284.5
2024-12-16,potato,Tuticorin,323.7
2024-12-16,potato,Tenkasi,328.1
2024-12-16,beans,Tirunelveli,155.2
2024-12-16,beans,Madurai,160.6
2024-12-16,beans,Nagercoil,160.1
2024-12-16,beans,Tuticorin,136.6
2024-12-16,beans,Tenkasi,154.8
2024-12-16,okra,Tirunelveli,194.1
2024-12-16,okra,Madurai,200.8
2024-12-16,okra,Nagercoil,218.3
2024-12-16,okra,Tuticorin,198.8
2024-12-16,okra,Tenkasi,194.5
2024-12-17,tomato,Tirunelveli,385.8
2024-12-17,tomato,Madurai,422.9
2024-12-17,tomato,Nagercoil,431.1
2024-12-17,tomato,Tuticorin,399.3
2024-12-17,tomato,Tenkasi,411.6
2024-12-17,brinjal,Tirunelveli,238.7
2024-12-17,brinjal,Madurai,208.7
2024-12-17,brinjal,Nagercoil,232.1
2024-12-17,brinjal,Tuticorin,243.8
2024-12-17,brinjal,Tenkasi,252.8
2024-12-17,onion,Tirunelveli,348.0
2024-12-17,onion,Madurai,344.4
2024-12-17,onion,Nagercoil,338.5
2024-12-17,onion,Tuticorin,356.9
2024-12-17,onion,Tenkasi,322.7
2024-12-17,carrot,Tirunelveli,216.0
2024-12-17,carrot,Madurai,188.3
2024-12-17,carrot,Nagercoil,241.3
2024-12-17,carrot,Tuticorin,193.7
2024-12-17,carrot,Tenkasi,190.4
2024-12-17,cabbage,Tirunelveli,168.7
2024-12-17,cabbage,Madurai,170.6
2024-12-17,cabbage,Nagercoil,192.1
2024-12-17,cabbage,Tuticorin,179.2
2024-12-17,cabbage,Tenkasi,199.7
2024-12-17,potato,Tirunelveli,309.3
2024-12-17,potato,Madurai,300.6
2024-12-17,potato,Nagercoil,307.5
2024-12-17,potato,Tuticorin,323.9
2024-12-17,potato,Tenkasi,313.1
2024-12-17,beans,Tirunelveli,155.6
2024-12-17,beans,Madurai,158.5
2024-12-17,beans,Nagercoil,126.9
2024-12-17,beans,Tuticorin,201.4
2024-12-17,beans,Tenkasi,160.6
2024-12-17,okra,Tirunelveli,232.6
2024-12-17,okra,Madurai,219.4
2024-12-17,okra,Nagercoil,174.0
2024-12-17,okra,Tuticorin,214.7
2024-12-17,okra,Tenkasi,221.5
2024-12-18,tomato,Tirunelveli,383.5
2024-12-18,tomato,Madurai,383.4
2024-12-18,tomato,Nagercoil,393.2
2024-12-18,tomato,Tuticorin,415.4
2024-12-18,tomato,Tenkasi,425.1
2024-12-18,brinjal,Tirunelveli,253.4
2024-12-18,brinjal,Madurai,238.7
2024-12-18,brinjal,Nagercoil,242.8
2024-12-18,brinjal,Tuticorin,252.0
2024-12-18,brinjal,Tenkasi,254.4
2024-12-18,onion,Tirunelveli,358.7
2024-12-18,onion,Madurai,341.2
2024-12-18,onion,Nagercoil,360.6
2024-12-18,onion,Tuticorin,359.0
2024-12-18,onion,Tenkasi,342.1
2024-12-18,carrot,Tirunelveli,165.6
2024-12-18,carrot,Madurai,182.3
2024-12-18,carrot,Nagercoil,231.4
2024-12-18,carrot,Tuticorin,166.1
2024-12-18,carrot,Tenkasi,226.4
2024-12-18,cabbage,Tirunelveli,145.4
2024-12-18,cabbage,Madurai,164.5
2024-12-18,cabbage,Nagercoil,172.5
2024-12-18,cabbage,Tuticorin,215.6
2024-12-18,cabbage,Tenkasi,180.5
2024-12-18,potato,Tirunelveli,295.7
2024-12-18,potato,Madurai,281.3
2024-12-18,potato,Nagercoil,310.4
2024-12-18,potato,Tuticorin,289.7
2024-12-18,potato,Tenkasi,295.4
2024-12-18,beans,Tirunelveli,142.8
2024-12-18,beans,Madurai,164.4
2024-12-18,beans,Nagercoil,165.2
2024-12-18,beans,Tuticorin,132.2
2024-12-18,beans,Tenkasi,137.5
2024-12-18,okra,Tirunelveli,205.5
2024-12-18,okra,Madurai,223.7
2024-12-18,okra,Nagercoil,238.1
2024-12-18,okra,Tuticorin,223.9
2024-12-18,okra,Tenkasi,176.2
2024-12-19,tomato,Tirunelveli,415.2
2024-12-19,tomato,Madurai,373.0
2024-12-19,tomato,Nagercoil,385.7
2024-12-19,tomato,Tuticorin,404.0
2024-12-19,tomato,Tenkasi,398.3
2024-12-19,brinjal,Tirunelveli,267.5
2024-12-19,brinjal,Madurai,237.8
2024-12-19,brinjal,Nagercoil,230.7
2024-12-19,brinjal,Tuticorin,243.8
2024-12-19,brinjal,Tenkasi,269.5
2024-12-19,onion,Tirunelveli,362.6
2024-12-19,onion,Madurai,351.7
2024-12-19,onion,Nagercoil,376.5
2024-12-19,onion,Tuticorin,372.9
2024-12-19,onion,Tenkasi,365.8
2024-12-19,carrot,Tirunelveli,176.4
2024-12-19,carrot,Madurai,215.7
2024-12-19,carrot,Nagercoil,196.0
2024-12-19,carrot,Tuticorin,192.1
2024-12-19,carrot,Tenkasi,186.3
2024-12-19,cabbage,Tirunelveli,176.6
2024-12-19,cabbage,Madurai,167.5
2024-12-19,cabbage,Nagercoil,183.4
2024-12-19,cabbage,Tuticorin,176.5
2024-12-19,cabbage,Tenkasi,184.4
2024-12-19,potato,Tirunelveli,311.1
2024-12-19,potato,Madurai,294.1
2024-12-19,potato,Nagercoil,285.3
2024-12-19,potato,Tuticorin,259.9
2024-12-19,potato,Tenkasi,315.4
2024-12-19,beans,Tirunelveli,151.6
2024-12-19,beans,Madurai,146.5
2024-12-19,beans,Nagercoil,173.4
2024-12-19,beans,Tuticorin,124.2
2024-12-19,beans,Tenkasi,151.1
2024-12-19,okra,Tirunelveli,200.7
2024-12-19,okra,Madurai,233.1
2024-12-19,okra,Nagercoil,175.5
2024-12-19,okra,Tuticorin,236.1
2024-12-19,okra,Tenkasi,235.3
2024-12-20,tomato,Tirunelveli,381.5
2024-12-20,tomato,Madurai,401.3
2024-12-20,tomato,Nagercoil,382.0
2024-12-20,tomato,Tuticorin,408.6
2024-12-20,tomato,Tenkasi,416.4
2024-12-20,brinjal,Tirunelveli,229.9
2024-12-20,brinjal,Madurai,224.1
2024-12-20,brinjal,Nagercoil,271.9
2024-12-20,brinjal,Tuticorin,288.8
2024-12-20,brinjal,Tenkasi,259.9
2024-12-20,onion,Tirunelveli,361.4
2024-12-20,onion,Madurai,343.4
2024-12-20,onion,Nagercoil,353.6
2024-12-20,onion,Tuticorin,357.0
2024-12-20,onion,Tenkasi,346.3
2024-12-20,carrot,Tirunelveli,227.0
2024-12-20,carrot,Madurai,203.5
2024-12-20,carrot,Nagercoil,206.1
2024-12-20,carrot,Tuticorin,196.8
2024-12-20,carrot,Tenkasi,198.8
2024-12-20,cabbage,Tirunelveli,204.4
2024-12-20,cabbage,Madurai,182.9
2024-12-20,cabbage,Nagercoil,183.4
2024-12-20,cabbage,Tuticorin,183.6
2024-12-20,cabbage,Tenkasi,172.7
2024-12-20,potato,Tirunelveli,271.8
2024-12-20,potato,Madurai,331.5
2024-12-20,potato,Nagercoil,321.4
2024-12-20,potato,Tuticorin,325.0
2024-12-20,potato,Tenkasi,278.5
2024-12-20,beans,Tirunelveli,178.9
2024-12-20,beans,Madurai,189.3
2024-12-20,beans,Nagercoil,170.9
2024-12-20,beans,Tuticorin,183.0
2024-12-20,beans,Tenkasi,166.0
2024-12-20,okra,Tirunelveli,203.1
2024-12-20,okra,Madurai,230.2
2024-12-20,okra,Nagercoil,199.6
2024-12-20,okra,Tuticorin,208.1
2024-12-20,okra,Tenkasi,226.3
2024-12-21,tomato,Tirunelveli,463.6
2024-12-21,tomato,Madurai,469.3
2024-12-21,tomato,Nagercoil,424.2
2024-12-21,tomato,Tuticorin,456.9
2024-12-21,tomato,Tenkasi,471.0
2024-12-21,brinjal,Tirunelveli,302.5
2024-12-21,brinjal,Madurai,303.8
2024-12-21,brinjal,Nagercoil,292.5
2024-12-21,brinjal,Tuticorin,279.9
2024-12-21,brinjal,Tenkasi,297.5
2024-12-21,onion,Tirunelveli,396.5
2024-12-21,onion,Madurai,420.5
2024-12-21,onion,Nagercoil,411.0
2024-12-21,onion,Tuticorin,401.3
2024-12-21,onion,Tenkasi,387.1
2024-12-21,carrot,Tirunelveli,252.4
2024-12-21,carrot,Madurai,241.2
2024-12-21,carrot,Nagercoil,272.1
2024-12-21,carrot,Tuticorin,240.5
2024-12-21,carrot,Tenkasi,242.2
2024-12-21,cabbage,Tirunelveli,177.7
2024-12-21,cabbage,Madurai,213.2
2024-12-21,cabbage,Nagercoil,200.7
2024-12-21,cabbage,Tuticorin,223.5
2024-12-21,cabbage,Tenkasi,213.7
2024-12-21,potato,Tirunelveli,364.7
2024-12-21,potato,Madurai,387.7
2024-12-21,potato,Nagercoil,329.0
2024-12-21,potato,Tuticorin,363.9
2024-12-21,potato,Tenkasi,358.7
2024-12-21,beans,Tirunelveli,212.1
2024-12-21,beans,Madurai,186.6
2024-12-21,beans,Nagercoil,184.5
2024-12-21,beans,Tuticorin,189.5
2024-12-21,beans,Tenkasi,190.9
2024-12-21,okra,Tirunelveli,282.1
2024-12-21,okra,Madurai,236.6
2024-12-21,okra,Nagercoil,245.2
2024-12-21,okra,Tuticorin,287.7
2024-12-21,okra,Tenkasi,213.8
2024-12-22,tomato,Tirunelveli,458.3
2024-12-22,tomato,Madurai,463.0
2024-12-22,tomato,Nagercoil,456.5
2024-12-22,tomato,Tuticorin,491.6
2024-12-22,tomato,Tenkasi,469.5
2024-12-22,brinjal,Tirunelveli,279.8
2024-12-22,brinjal,Madurai,274.8
2024-12-22,brinjal,Nagercoil,293.1
2024-12-22,brinjal,Tuticorin,310.8
2024-12-22,brinjal,Tenkasi,290.3
2024-12-22,onion,Tirunelveli,399.8
2024-12-22,onion,Madurai,388.6
2024-12-22,onion,Nagercoil,410.0
2024-12-22,onion,Tuticorin,408.9
2024-12-22,onion,Tenkasi,388.0
2024-12-22,carrot,Tirunelveli,250.5
2024-12-22,carrot,Madurai,264.1
2024-12-22,carrot,Nagercoil,231.0
2024-12-22,carrot,Tuticorin,236.0
2024-12-22,carrot,Tenkasi,207.9
2024-12-22,cabbage,Tirunelveli,221.7
2024-12-22,cabbage,Madurai,216.3
2024-12-22,cabbage,Nagercoil,200.5
2024-12-22,cabbage,Tuticorin,192.1
2024-12-22,cabbage,Tenkasi,244.0
2024-12-22,potato,Tirunelveli,352.7
2024-12-22,potato,Madurai,326.6
2024-12-22,potato,Nagercoil,362.1
2024-12-22,potato,Tuticorin,349.6
2024-12-22,potato,Tenkasi,346.2
2024-12-22,beans,Tirunelveli,192.1
2024-12-22,beans,Madurai,120.2
2024-12-22,beans,Nagercoil,136.4
2024-12-22,beans,Tuticorin,200.1
2024-12-22,beans,Tenkasi,169.9
2024-12-22,okra,Tirunelveli,244.5
2024-12-22,okra,Madurai,226.2
2024-12-22,okra,Nagercoil,256.9
2024-12-22,okra,Tuticorin,259.3
2024-12-22,okra,Tenkasi,281.8
2024-12-23,tomato,Tirunelveli,407.4
2024-12-23,tomato,Madurai,393.9
2024-12-23,tomato,Nagercoil,408.1
2024-12-23,tomato,Tuticorin,422.2
2024-12-23,tomato,Tenkasi,417.8
2024-12-23,brinjal,Tirunelveli,262.4
2024-12-23,brinjal,Madurai,255.5
2024-12-23,brinjal,Nagercoil,238.4
2024-12-23,brinjal,Tuticorin,229.3
2024-12-23,brinjal,Tenkasi,226.2
2024-12-23,onion,Tirunelveli,357.9
2024-12-23,onion,Madurai,360.0
2024-12-23,onion,Nagercoil,371.9
2024-12-23,onion,Tuticorin,361.2
2024-12-23,onion,Tenkasi,371.0
2024-12-23,carrot,Tirunelveli,197.4
2024-12-23,carrot,Madurai,215.4
2024-12-23,carrot,Nagercoil,180.0
2024-12-23,carrot,Tuticorin,198.8
2024-12-23,carrot,Tenkasi,163.4
2024-12-23,cabbage,Tirunelveli,180.6
2024-12-23,cabbage,Madurai,204.5
2024-12-23,cabbage,Nagercoil,181.4
2024-12-23,cabbage,Tuticorin,194.4
2024-12-23,cabbage,Tenkasi,185.5
2024-12-23,potato,Tirunelveli,288.6
2024-12-23,potato,Madurai,296.3
2024-12-23,potato,Nagercoil,323.6
2024-12-23,potato,Tuticorin,314.3
2024-12-23,potato,Tenkasi,287.6
2024-12-23,beans,Tirunelveli,122.3
2024-12-23,beans,Madurai,154.1
2024-12-23,beans,Nagercoil,138.4
2024-12-23,beans,Tuticorin,146.5
2024-12-23,beans,Tenkasi,120.9
2024-12-23,okra,Tirunelveli,240.8
2024-12-23,okra,Madurai,218.1
2024-12-23,okra,Nagercoil,221.1
2024-12-23,okra,Tuticorin,203.3
2024-12-23,okra,Tenkasi,214.5
2024-12-24,tomato,Tirunelveli,402.4
2024-12-24,tomato,Madurai,387.7
2024-12-24,tomato,Nagercoil,395.7
2024-12-24,tomato,Tuticorin,427.7
2024-12-24,tomato,Tenkasi,365.0
2024-12-24,brinjal,Tirunelveli,253.7
2024-12-24,brinjal,Madurai,234.3
2024-12-24,brinjal,Nagercoil,276.7
2024-12-24,brinjal,Tuticorin,246.4
2024-12-24,brinjal,Tenkasi,229.1
2024-12-24,onion,Tirunelveli,345.7
2024-12-24,onion,Madurai,357.0
2024-12-24,onion,Nagercoil,405.5
2024-12-24,onion,Tuticorin,307.8
2024-12-24,onion,Tenkasi,326.0
2024-12-24,carrot,Tirunelveli,226.1
2024-12-24,carrot,Madurai,169.8
2024-12-24,carrot,Nagercoil,200.2
2024-12-24,carrot,Tuticorin,190.3
2024-12-24,carrot,Tenkasi,187.2
2024-12-24,cabbage,Tirunelveli,176.6
2024-12-24,cabbage,Madurai,173.3
2024-12-24,cabbage,Nagercoil,201.1
2024-12-24,cabbage,Tuticorin,206.6
2024-12-24,cabbage,Tenkasi,188.5
2024-12-24,potato,Tirunelveli,295.3
2024-12-24,potato,Madurai,305.2
2024-12-24,potato,Nagercoil,316.1
2024-12-24,potato,Tuticorin,320.0
2024-12-24,potato,Tenkasi,307.4
2024-12-24,beans,Tirunelveli,180.6
2024-12-24,beans,Madurai,137.7
2024-12-24,beans,Nagercoil,172.8
2024-12-24,beans,Tuticorin,164.1
2024-12-24,beans,Tenkasi,137.8
2024-12-24,okra,Tirunelveli,224.7
2024-12-24,okra,Madurai,226.0
2024-12-24,okra,Nagercoil,217.2
2024-12-24,okra,Tuticorin,216.9
2024-12-24,okra,Tenkasi,189.5
2024-12-25,tomato,Tirunelveli,386.2
2024-12-25,tomato,Madurai,395.2
2024-12-25,tomato,Nagercoil,388.5
2024-12-25,tomato,Tuticorin,382.9
2024-12-25,tomato,Tenkasi,421.2
2024-12-25,brinjal,Tirunelveli,247.9
2024-12-25,brinjal,Madurai,293.3
2024-12-25,brinjal,Nagercoil,254.5
2024-12-25,brinjal,Tuticorin,270.8
2024-12-25,brinjal,Tenkasi,245.8
2024-12-25,onion,Tirunelveli,336.8
2024-12-25,onion,Madurai,355.3
2024-12-25,onion,Nagercoil,375.9
2024-12-25,onion,Tuticorin,348.2
2024-12-25,onion,Tenkasi,358.9
2024-12-25,carrot,Tirunelveli,205.2
2024-12-25,carrot,Madurai,198.0
2024-12-25,carrot,Nagercoil,199.1
2024-12-25,carrot,Tuticorin,180.0
2024-12-25,carrot,Tenkasi,199.8
2024-12-25,cabbage,Tirunelveli,193.1
2024-12-25,cabbage,Madurai,185.9
2024-12-25,cabbage,Nagercoil,183.7
2024-12-25,cabbage,Tuticorin,194.5
2024-12-25,cabbage,Tenkasi,183.9
2024-12-25,potato,Tirunelveli,300.3
2024-12-25,potato,Madurai,314.7
2024-12-25,potato,Nagercoil,302.7
2024-12-25,potato,Tuticorin,295.3
2024-12-25,potato,Tenkasi,309.4
2024-12-25,beans,Tirunelveli,149.3
2024-12-25,beans,Madurai,144.4
2024-12-25,beans,Nagercoil,153.1
2024-12-25,beans,Tuticorin,153.3
2024-12-25,beans,Tenkasi,127.9
2024-12-25,okra,Tirunelveli,226.7
2024-12-25,okra,Madurai,256.9
2024-12-25,okra,Nagercoil,200.4
2024-12-25,okra,Tuticorin,209.9
2024-12-25,okra,Tenkasi,275.6
2024-12-26,tomato,Tirunelveli,383.6
2024-12-26,tomato,Madurai,425.7
2024-12-26,tomato,Nagercoil,395.4
2024-12-26,tomato,Tuticorin,401.2
2024-12-26,tomato,Tenkasi,397.4
2024-12-26,brinjal,Tirunelveli,258.5
2024-12-26,brinjal,Madurai,218.4
2024-12-26,brinjal,Nagercoil,253.7
2024-12-26,brinjal,Tuticorin,241.9
2024-12-26,brinjal,Tenkasi,212.7
2024-12-26,onion,Tirunelveli,372.4
2024-12-26,onion,Madurai,307.8
2024-12-26,onion,Nagercoil,393.0
2024-12-26,onion,Tuticorin,362.3
2024-12-26,onion,Tenkasi,322.8
2024-12-26,carrot,Tirunelveli,226.8
2024-12-26,carrot,Madurai,185.0
2024-12-26,carrot,Nagercoil,185.9
2024-12-26,carrot,Tuticorin,164.0
2024-12-26,carrot,Tenkasi,182.7
2024-12-26,cabbage,Tirunelveli,165.1
2024-12-26,cabbage,Madurai,196.4
2024-12-26,cabbage,Nagercoil,203.3
2024-12-26,cabbage,Tuticorin,155.2
2024-12-26,cabbage,Tenkasi,185.4
2024-12-26,potato,Tirunelveli,263.2
2024-12-26,potato,Madurai,305.5
2024-12-26,potato,Nagercoil,343.2
2024-12-26,potato,Tuticorin,264.4
2024-12-26,potato,Tenkasi,279.7
2024-12-26,beans,Tirunelveli,164.5
2024-12-26,beans,Madurai,166.9
2024-12-26,beans,Nagercoil,131.2
2024-12-26,beans,Tuticorin,179.5
2024-12-26,beans,Tenkasi,133.7
2024-12-26,okra,Tirunelveli,253.5
2024-12-26,okra,Madurai,229.4
2024-12-26,okra,Nagercoil,245.4
2024-12-26,okra,Tuticorin,227.4
2024-12-26,okra,Tenkasi,233.1
2024-12-27,tomato,Tirunelveli,414.2
2024-12-27,tomato,Madurai,422.9
2024-12-27,tomato,Nagercoil,399.3
2024-12-27,tomato,Tuticorin,382.0
2024-12-27,tomato,Tenkasi,398.4
2024-12-27,brinjal,Tirunelveli,236.7
2024-12-27,brinjal,Madurai,238.0
2024-12-27,brinjal,Nagercoil,283.1
2024-12-27,brinjal,Tuticorin,262.5
2024-12-27,brinjal,Tenkasi,261.5
2024-12-27,onion,Tirunelveli,371.5
2024-12-27,onion,Madurai,362.4
2024-12-27,onion,Nagercoil,387.3
2024-12-27,onion,Tuticorin,308.1
2024-12-27,onion,Tenkasi,330.0
2024-12-27,carrot,Tirunelveli,186.0
2024-12-27,carrot,Madurai,172.5
2024-12-27,carrot,Nagercoil,202.3
2024-12-27,carrot,Tuticorin,203.2
2024-12-27,carrot,Tenkasi,239.5
2024-12-27,cabbage,Tirunelveli,198.1
2024-12-27,cabbage,Madurai,169.8
2024-12-27,cabbage,Nagercoil,189.9
2024-12-27,cabbage,Tuticorin,143.5
2024-12-27,cabbage,Tenkasi,182.8
2024-12-27,potato,Tirunelveli,301.8
2024-12-27,potato,Madurai,282.0
2024-12-27,potato,Nagercoil,296.0
2024-12-27,potato,Tuticorin,286.1
2024-12-27,potato,Tenkasi,281.3
2024-12-27,beans,Tirunelveli,163.5
2024-12-27,beans,Madurai,170.7
2024-12-27,beans,Nagercoil,160.2
2024-12-27,beans,Tuticorin,141.2
2024-12-27,beans,Tenkasi,136.7
2024-12-27,okra,Tirunelveli,211.9
2024-12-27,okra,Madurai,215.6
2024-12-27,okra,Nagercoil,202.6
2024-12-27,okra,Tuticorin,241.1
2024-12-27,okra,Tenkasi,216.0
2024-12-28,tomato,Tirunelveli,475.3
2024-12-28,tomato,Madurai,432.0
2024-12-28,tomato,Nagercoil,446.2
2024-12-28,tomato,Tuticorin,477.2
2024-12-28,tomato,Tenkasi,477.5
2024-12-28,brinjal,Tirunelveli,263.4
2024-12-28,brinjal,Madurai,293.6
2024-12-28,brinjal,Nagercoil,294.1
2024-12-28,brinjal,Tuticorin,273.3
2024-12-28,brinjal,Tenkasi,294.6
2024-12-28,onion,Tirunelveli,370.9
2024-12-28,onion,Madurai,384.0
2024-12-28,onion,Nagercoil,414.5
2024-12-28,onion,Tuticorin,403.1
2024-12-28,onion,Tenkasi,404.1
2024-12-28,carrot,Tirunelveli,226.5
2024-12-28,carrot,Madurai,240.7
2024-12-28,carrot,Nagercoil,241.7
2024-12-28,carrot,Tuticorin,245.8
2024-12-28,carrot,Tenkasi,232.5
2024-12-28,cabbage,Tirunelveli,199.2
2024-12-28,cabbage,Madurai,195.9
2024-12-28,cabbage,Nagercoil,185.9
2024-12-28,cabbage,Tuticorin,198.9
2024-12-28,cabbage,Tenkasi,194.9
2024-12-28,potato,Tirunelveli,377.0
2024-12-28,potato,Madurai,324.1
2024-12-28,potato,Nagercoil,365.7
2024-12-28,potato,Tuticorin,339.6
2024-12-28,potato,Tenkasi,340.9
2024-12-28,beans,Tirunelveli,180.5
2024-12-28,beans,Madurai,144.1
2024-12-28,beans,Nagercoil,156.5
2024-12-28,beans,Tuticorin,147.7
2024-12-28,beans,Tenkasi,164.9
2024-12-28,okra,Tirunelveli,234.8
2024-12-28,okra,Madurai,279.3
2024-12-28,okra,Nagercoil,241.3
2024-12-28,okra,Tuticorin,205.4
2024-12-28,okra,Tenkasi,246.3
2024-12-29,tomato,Tirunelveli,476.1
2024-12-29,tomato,Madurai,492.6
2024-12-29,tomato,Nagercoil,455.4
2024-12-29,tomato,Tuticorin,449.7
2024-12-29,tomato,Tenkasi,459.7
2024-12-29,brinjal,Tirunelveli,295.8
2024-12-29,brinjal,Madurai,264.9
2024-12-29,brinjal,Nagercoil,282.6
2024-12-29,brinjal,Tuticorin,286.5
2024-12-29,brinjal,Tenkasi,288.4
2024-12-29,onion,Tirunelveli,399.6
2024-12-29,onion,Madurai,383.8
2024-12-29,onion,Nagercoil,409.3
2024-12-29,onion,Tuticorin,401.6
2024-12-29,onion,Tenkasi,401.6
2024-12-29,carrot,Tirunelveli,208.3
2024-12-29,carrot,Madurai,242.8
2024-12-29,carrot,Nagercoil,211.0
2024-12-29,carrot,Tuticorin,262.3
2024-12-29,carrot,Tenkasi,206.4
2024-12-29,cabbage,Tirunelveli,222.2
2024-12-29,cabbage,Madurai,168.8
2024-12-29,cabbage,Nagercoil,161.8
2024-12-29,cabbage,Tuticorin,195.9
2024-12-29,cabbage,Tenkasi,161.8
2024-12-29,potato,Tirunelveli,359.6
2024-12-29,potato,Madurai,344.6
2024-12-29,potato,Nagercoil,373.0
2024-12-29,potato,Tuticorin,341.7
2024-12-29,potato,Tenkasi,349.9
2024-12-29,beans,Tirunelveli,167.1
2024-12-29,beans,Madurai,155.0
2024-12-29,beans,Nagercoil,164.4
2024-12-29,beans,Tuticorin,148.4
2024-12-29,beans,Tenkasi,180.2
2024-12-29,okra,Tirunelveli,246.8
2024-12-29,okra,Madurai,251.0
2024-12-29,okra,Nagercoil,309.5
2024-12-29,okra,Tuticorin,244.9
2024-12-29,okra,Tenkasi,259.3
2024-12-30,tomato,Tirunelveli,398.9
2024-12-30,tomato,Madurai,423.2
2024-12-30,tomato,Nagercoil,404.8
2024-12-30,tomato,Tuticorin,394.6
2024-12-30,tomato,Tenkasi,445.9
2024-12-30,brinjal,Tirunelveli,232.8
2024-12-30,brinjal,Madurai,246.1
2024-12-30,brinjal,Nagercoil,268.3
2024-12-30,brinjal,Tuticorin,233.6
2024-12-30,brinjal,Tenkasi,265.3
2024-12-30,onion,Tirunelveli,340.4
2024-12-30,onion,Madurai,370.1
2024-12-30,onion,Nagercoil,369.5
2024-12-30,onion,Tuticorin,348.2
2024-12-30,onion,Tenkasi,330.0
2024-12-30,carrot,Tirunelveli,192.2
2024-12-30,carrot,Madurai,199.7
2024-12-30,carrot,Nagercoil,217.8
2024-12-30,carrot,Tuticorin,206.4
2024-12-30,carrot,Tenkasi,210.8
2024-12-30,cabbage,Tirunelveli,187.0
2024-12-30,cabbage,Madurai,196.9
2024-12-30,cabbage,Nagercoil,176.0
2024-12-30,cabbage,Tuticorin,183.3
2024-12-30,cabbage,Tenkasi,180.6
2024-12-30,potato,Tirunelveli,291.2
2024-12-30,potato,Madurai,320.2
2024-12-30,potato,Nagercoil,319.8
2024-12-30,potato,Tuticorin,324.1
2024-12-30,potato,Tenkasi,284.7
2024-12-30,beans,Tirunelveli,157.0
2024-12-30,beans,Madurai,171.8
2024-12-30,beans,Nagercoil,180.1
2024-12-30,beans,Tuticorin,119.8
2024-12-30,beans,Tenkasi,149.9
2024-12-30,okra,Tirunelveli,216.2
2024-12-30,okra,Madurai,251.8
2024-12-30,okra,Nagercoil,175.8
2024-12-30,okra,Tuticorin,199.1
2024-12-30,okra,Tenkasi,248.7
