date,crop_name,region,month,demand_index,price_per_kg
2024-01-01,tomato,Tirunelveli,1,0.99,24.87
2024-01-01,tomato,Madurai,1,0.88,24.07
2024-01-01,tomato,Nagercoil,1,0.83,22.7
2024-01-01,tomato,Tuticorin,1,1.15,32.53
2024-01-01,tomato,Tenkasi,1,0.81,20.91
2024-01-01,brinjal,Tirunelveli,1,0.89,20.3
2024-01-01,brinjal,Madurai,1,0.95,18.6
2024-01-01,brinjal,Nagercoil,1,0.95,23.79
2024-01-01,brinjal,Tuticorin,1,1.11,25.51
2024-01-01,brinjal,Tenkasi,1,0.98,22.14
2024-01-01,onion,Tirunelveli,1,1.03,32.21
2024-01-01,onion,Madurai,1,1.06,34.99
2024-01-01,onion,Nagercoil,1,1.1,35.54
2024-01-01,onion,Tuticorin,1,0.89,27.78
2024-01-01,onion,Tenkasi,1,0.83,25.95
2024-01-01,carrot,Tirunelveli,1,0.85,26.97
2024-01-01,carrot,Madurai,1,1.14,32.85
2024-01-01,carrot,Nagercoil,1,1.05,31.29
2024-01-01,carrot,Tuticorin,1,0.82,24.25
2024-01-01,carrot,Tenkasi,1,1.13,34.63
2024-01-01,cabbage,Tirunelveli,1,0.96,22.66
2024-01-01,cabbage,Madurai,1,0.89,19.06
2024-01-01,cabbage,Nagercoil,1,1.28,25.19
2024-01-01,cabbage,Tuticorin,1,1.26,25.72
2024-01-01,cabbage,Tenkasi,1,0.84,14.82
2024-01-01,potato,Tirunelveli,1,0.94,21.77
2024-01-01,potato,Madurai,1,1.21,29.31
2024-01-01,potato,Nagercoil,1,1.07,26.32
2024-01-01,potato,Tuticorin,1,0.87,23.33
2024-01-01,potato,Tenkasi,1,1.16,31.38
2024-01-01,beans,Tirunelveli,1,1.19,44.3
2024-01-01,beans,Madurai,1,0.86,31.34
2024-01-01,beans,Nagercoil,1,1.23,44.07
2024-01-01,beans,Tuticorin,1,0.83,32.95
2024-01-01,beans,Tenkasi,1,0.96,37.72
2024-01-01,okra,Tirunelveli,1,1.12,29.92
2024-01-01,okra,Madurai,1,1.24,33.2
2024-01-01,okra,Nagercoil,1,1.16,32.21
2024-01-01,okra,Tuticorin,1,1.18,35.24
2024-01-01,okra,Tenkasi,1,1.05,29.77
2024-01-02,tomato,Tirunelveli,1,1.06,27.93
2024-01-02,tomato,Madurai,1,0.85,22.86
2024-01-02,tomato,Nagercoil,1,0.82,19.79
2024-01-02,tomato,Tuticorin,1,1.05,29.9
2024-01-02,tomato,Tenkasi,1,1.25,32.89
2024-01-02,brinjal,Tirunelveli,1,1.18,25.61
2024-01-02,brinjal,Madurai,1,0.91,21.31
2024-01-02,brinjal,Nagercoil,1,0.88,20.19
2024-01-02,brinjal,Tuticorin,1,1.26,30.67
2024-01-02,brinjal,Tenkasi,1,1.24,30.96
2024-01-02,onion,Tirunelveli,1,1.2,40.82
2024-01-02,onion,Madurai,1,1.25,40.51
2024-01-02,onion,Nagercoil,1,0.96,30.54
2024-01-02,onion,Tuticorin,1,1.01,32.14
2024-01-02,onion,Tenkasi,1,1.21,35.01
2024-01-02,carrot,Tirunelveli,1,0.91,27.94
2024-01-02,carrot,Madurai,1,0.86,26.56
2024-01-02,carrot,Nagercoil,1,0.96,28.7
2024-01-02,carrot,Tuticorin,1,1.06,30.47
2024-01-02,carrot,Tenkasi,1,1.29,40.81
2024-01-02,cabbage,Tirunelveli,1,1.28,24.76
2024-01-02,cabbage,Madurai,1,0.95,15.88
2024-01-02,cabbage,Nagercoil,1,0.94,18.39
2024-01-02,cabbage,Tuticorin,1,1.05,19.69
2024-01-02,cabbage,Tenkasi,1,0.83,16.69
2024-01-02,potato,Tirunelveli,1,0.92,23.34
2024-01-02,potato,Madurai,1,0.87,23.02
2024-01-02,potato,Nagercoil,1,0.92,23.75
2024-01-02,potato,Tuticorin,1,1.14,28.15
2024-01-02,potato,Tenkasi,1,1.16,31.19
2024-01-02,beans,Tirunelveli,1,0.98,39.13
2024-01-02,beans,Madurai,1,1.07,42.27
2024-01-02,beans,Nagercoil,1,0.85,31.06
2024-01-02,beans,Tuticorin,1,0.89,34.99
2024-01-02,beans,Tenkasi,1,0.82,33.43
2024-01-02,okra,Tirunelveli,1,0.81,23.9
2024-01-02,okra,Madurai,1,1.06,30.49
2024-01-02,okra,Nagercoil,1,0.89,22.96
2024-01-02,okra,Tuticorin,1,1.15,32.95
2024-01-02,okra,Tenkasi,1,0.87,24.04
2024-01-03,tomato,Tirunelveli,1,0.97,25.55
2024-01-03,tomato,Madurai,1,1.13,31.2
2024-01-03,tomato,Nagercoil,1,1.21,34.53
2024-01-03,tomato,Tuticorin,1,0.92,28.56
2024-01-03,tomato,Tenkasi,1,0.85,20.59
2024-01-03,brinjal,Tirunelveli,1,0.97,24.84
2024-01-03,brinjal,Madurai,1,1.16,28.43
2024-01-03,brinjal,Nagercoil,1,0.84,21.74
2024-01-03,brinjal,Tuticorin,1,0.88,21.17
2024-01-03,brinjal,Tenkasi,1,0.8,20.3
2024-01-03,onion,Tirunelveli,1,0.85,27.7
2024-01-03,onion,Madurai,1,1.15,35.13
2024-01-03,onion,Nagercoil,1,1.13,37.41
2024-01-03,onion,Tuticorin,1,0.92,28.19
2024-01-03,onion,Tenkasi,1,0.96,32.2
2024-01-03,carrot,Tirunelveli,1,1.22,38.76
2024-01-03,carrot,Madurai,1,1.13,32.68
2024-01-03,carrot,Nagercoil,1,0.98,29.83
2024-01-03,carrot,Tuticorin,1,0.93,29.39
2024-01-03,carrot,Tenkasi,1,1.12,33.22
2024-01-03,cabbage,Tirunelveli,1,1.2,27.27
2024-01-03,cabbage,Madurai,1,1.05,20.39
2024-01-03,cabbage,Nagercoil,1,0.9,15.92
2024-01-03,cabbage,Tuticorin,1,0.81,17.18
2024-01-03,cabbage,Tenkasi,1,1.12,21.54
2024-01-03,potato,Tirunelveli,1,1.28,34.22
2024-01-03,potato,Madurai,1,1.28,32.39
2024-01-03,potato,Nagercoil,1,0.99,26.77
2024-01-03,potato,Tuticorin,1,1.23,30.23
2024-01-03,potato,Tenkasi,1,1.08,27.05
2024-01-03,beans,Tirunelveli,1,1.27,48.66
2024-01-03,beans,Madurai,1,0.85,34.57
2024-01-03,beans,Nagercoil,1,1.11,43.26
2024-01-03,beans,Tuticorin,1,1.17,44.11
2024-01-03,beans,Tenkasi,1,1.15,41.77
2024-01-03,okra,Tirunelveli,1,0.95,28.54
2024-01-03,okra,Madurai,1,1.2,34.13
2024-01-03,okra,Nagercoil,1,1.26,35.51
2024-01-03,okra,Tuticorin,1,1.06,31.66
2024-01-03,okra,Tenkasi,1,1.12,31.45
2024-01-04,tomato,Tirunelveli,1,1.15,31.28
2024-01-04,tomato,Madurai,1,0.97,26.31
2024-01-04,tomato,Nagercoil,1,0.99,26.79
2024-01-04,tomato,Tuticorin,1,0.82,20.7
2024-01-04,tomato,Tenkasi,1,1.03,25.07
2024-01-04,brinjal,Tirunelveli,1,1.1,26.44
2024-01-04,brinjal,Madurai,1,0.82,17.94
2024-01-04,brinjal,Nagercoil,1,1.06,24.59
2024-01-04,brinjal,Tuticorin,1,1.18,28.85
2024-01-04,brinjal,Tenkasi,1,0.84,18.02
2024-01-04,onion,Tirunelveli,1,0.83,30.22
2024-01-04,onion,Madurai,1,1.12,38.84
2024-01-04,onion,Nagercoil,1,1.16,37.53
2024-01-04,onion,Tuticorin,1,0.96,31.67
2024-01-04,onion,Tenkasi,1,1.2,37.96
2024-01-04,carrot,Tirunelveli,1,0.84,22.76
2024-01-04,carrot,Madurai,1,0.81,23.3
2024-01-04,carrot,Nagercoil,1,0.89,29.18
2024-01-04,carrot,Tuticorin,1,0.88,26.91
2024-01-04,carrot,Tenkasi,1,1.16,32.42
2024-01-04,cabbage,Tirunelveli,1,1.13,22.43
2024-01-04,cabbage,Madurai,1,1.11,23.88
2024-01-04,cabbage,Nagercoil,1,1.01,18.44
2024-01-04,cabbage,Tuticorin,1,1.18,20.89
2024-01-04,cabbage,Tenkasi,1,0.81,15.26
2024-01-04,potato,Tirunelveli,1,0.85,24.71
2024-01-04,potato,Madurai,1,1.05,25.04
2024-01-04,potato,Nagercoil,1,1.02,26.08
2024-01-04,potato,Tuticorin,1,1.0,28.1
2024-01-04,potato,Tenkasi,1,0.82,23.21
2024-01-04,beans,Tirunelveli,1,0.99,37.24
2024-01-04,beans,Madurai,1,1.23,49.73
2024-01-04,beans,Nagercoil,1,1.13,42.19
2024-01-04,beans,Tuticorin,1,1.09,41.21
2024-01-04,beans,Tenkasi,1,1.27,44.94
2024-01-04,okra,Tirunelveli,1,1.12,33.27
2024-01-04,okra,Madurai,1,1.03,29.79
2024-01-04,okra,Nagercoil,1,0.99,27.86
2024-01-04,okra,Tuticorin,1,1.28,35.06
2024-01-04,okra,Tenkasi,1,0.96,27.13
2024-01-05,tomato,Tirunelveli,1,1.22,31.92
2024-01-05,tomato,Madurai,1,1.15,30.33
2024-01-05,tomato,Nagercoil,1,1.11,30.49
2024-01-05,tomato,Tuticorin,1,1.2,33.17
2024-01-05,tomato,Tenkasi,1,0.94,26.12
2024-01-05,brinjal,Tirunelveli,1,1.2,27.4
2024-01-05,brinjal,Madurai,1,1.3,27.95
2024-01-05,brinjal,Nagercoil,1,1.19,26.27
2024-01-05,brinjal,Tuticorin,1,0.97,25.28
2024-01-05,brinjal,Tenkasi,1,1.18,27.18
2024-01-05,onion,Tirunelveli,1,0.85,27.48
2024-01-05,onion,Madurai,1,1.21,40.52
2024-01-05,onion,Nagercoil,1,0.96,30.6
2024-01-05,onion,Tuticorin,1,0.81,27.26
2024-01-05,onion,Tenkasi,1,1.25,39.99
2024-01-05,carrot,Tirunelveli,1,1.28,37.46
2024-01-05,carrot,Madurai,1,1.28,41.26
2024-01-05,carrot,Nagercoil,1,1.02,32.43
2024-01-05,carrot,Tuticorin,1,0.95,30.3
2024-01-05,carrot,Tenkasi,1,1.18,33.61
2024-01-05,cabbage,Tirunelveli,1,1.2,22.09
2024-01-05,cabbage,Madurai,1,1.07,20.78
2024-01-05,cabbage,Nagercoil,1,1.02,19.29
2024-01-05,cabbage,Tuticorin,1,0.86,17.82
2024-01-05,cabbage,Tenkasi,1,0.87,17.78
2024-01-05,potato,Tirunelveli,1,0.85,23.98
2024-01-05,potato,Madurai,1,0.84,21.08
2024-01-05,potato,Nagercoil,1,1.21,31.55
2024-01-05,potato,Tuticorin,1,1.15,31.48
2024-01-05,potato,Tenkasi,1,1.27,32.14
2024-01-05,beans,Tirunelveli,1,1.29,47.65
2024-01-05,beans,Madurai,1,0.84,33.71
2024-01-05,beans,Nagercoil,1,1.19,41.66
2024-01-05,beans,Tuticorin,1,1.25,49.51
2024-01-05,beans,Tenkasi,1,0.86,31.74
2024-01-05,okra,Tirunelveli,1,1.03,28.9
2024-01-05,okra,Madurai,1,0.83,25.05
2024-01-05,okra,Nagercoil,1,1.09,31.67
2024-01-05,okra,Tuticorin,1,1.28,33.64
2024-01-05,okra,Tenkasi,1,1.23,33.23
2024-01-06,tomato,Tirunelveli,1,0.91,24.61
2024-01-06,tomato,Madurai,1,1.3,36.32
2024-01-06,tomato,Nagercoil,1,0.84,23.2
2024-01-06,tomato,Tuticorin,1,1.06,28.61
2024-01-06,tomato,Tenkasi,1,1.11,29.31
2024-01-06,brinjal,Tirunelveli,1,1.11,29.13
2024-01-06,brinjal,Madurai,1,1.09,25.66
2024-01-06,brinjal,Nagercoil,1,1.11,27.72
2024-01-06,brinjal,Tuticorin,1,0.94,21.96
2024-01-06,brinjal,Tenkasi,1,0.98,21.07
2024-01-06,onion,Tirunelveli,1,1.09,32.34
2024-01-06,onion,Madurai,1,1.21,39.47
2024-01-06,onion,Nagercoil,1,1.14,37.95
2024-01-06,onion,Tuticorin,1,1.01,34.76
2024-01-06,onion,Tenkasi,1,1.27,40.73
2024-01-06,carrot,Tirunelveli,1,1.21,35.86
2024-01-06,carrot,Madurai,1,1.29,39.38
2024-01-06,carrot,Nagercoil,1,0.99,28.17
2024-01-06,carrot,Tuticorin,1,1.28,39.09
2024-01-06,carrot,Tenkasi,1,1.03,31.55
2024-01-06,cabbage,Tirunelveli,1,1.01,19.33
2024-01-06,cabbage,Madurai,1,1.23,23.76
2024-01-06,cabbage,Nagercoil,1,1.21,25.62
2024-01-06,cabbage,Tuticorin,1,1.27,25.09
2024-01-06,cabbage,Tenkasi,1,1.22,23.23
2024-01-06,potato,Tirunelveli,1,0.86,19.91
2024-01-06,potato,Madurai,1,1.28,30.89
2024-01-06,potato,Nagercoil,1,1.14,30.11
2024-01-06,potato,Tuticorin,1,1.11,27.37
2024-01-06,potato,Tenkasi,1,1.14,28.85
2024-01-06,beans,Tirunelveli,1,1.06,40.06
2024-01-06,beans,Madurai,1,1.23,48.46
2024-01-06,beans,Nagercoil,1,1.08,42.02
2024-01-06,beans,Tuticorin,1,1.0,37.94
2024-01-06,beans,Tenkasi,1,0.87,34.85
2024-01-06,okra,Tirunelveli,1,0.91,26.65
2024-01-06,okra,Madurai,1,0.87,21.67
2024-01-06,okra,Nagercoil,1,1.02,30.64
2024-01-06,okra,Tuticorin,1,1.25,35.3
2024-01-06,okra,Tenkasi,1,1.19,30.06
2024-01-07,tomato,Tirunelveli,1,1.0,28.3
2024-01-07,tomato,Madurai,1,1.27,34.76
2024-01-07,tomato,Nagercoil,1,0.87,23.45
2024-01-07,tomato,Tuticorin,1,0.93,26.16
2024-01-07,tomato,Tenkasi,1,1.03,27.66
2024-01-07,brinjal,Tirunelveli,1,0.96,23.41
2024-01-07,brinjal,Madurai,1,1.12,26.23
2024-01-07,brinjal,Nagercoil,1,0.86,20.33
2024-01-07,brinjal,Tuticorin,1,0.86,18.78
2024-01-07,brinjal,Tenkasi,1,0.97,23.74
2024-01-07,onion,Tirunelveli,1,1.25,43.34
2024-01-07,onion,Madurai,1,0.89,28.1
2024-01-07,onion,Nagercoil,1,0.9,27.68
2024-01-07,onion,Tuticorin,1,0.84,26.39
2024-01-07,onion,Tenkasi,1,0.86,25.59
2024-01-07,carrot,Tirunelveli,1,0.98,29.27
2024-01-07,carrot,Madurai,1,1.05,31.5
2024-01-07,carrot,Nagercoil,1,1.2,36.17
2024-01-07,carrot,Tuticorin,1,1.11,34.81
2024-01-07,carrot,Tenkasi,1,1.17,34.41
2024-01-07,cabbage,Tirunelveli,1,0.89,16.44
2024-01-07,cabbage,Madurai,1,1.04,18.33
2024-01-07,cabbage,Nagercoil,1,1.11,20.52
2024-01-07,cabbage,Tuticorin,1,1.17,19.42
2024-01-07,cabbage,Tenkasi,1,0.82,17.11
2024-01-07,potato,Tirunelveli,1,1.25,30.71
2024-01-07,potato,Madurai,1,1.06,25.78
2024-01-07,potato,Nagercoil,1,1.02,26.53
2024-01-07,potato,Tuticorin,1,1.07,26.3
2024-01-07,potato,Tenkasi,1,0.99,24.15
2024-01-07,beans,Tirunelveli,1,0.81,28.89
2024-01-07,beans,Madurai,1,0.96,35.28
2024-01-07,beans,Nagercoil,1,0.86,32.68
2024-01-07,beans,Tuticorin,1,1.14,44.24
2024-01-07,beans,Tenkasi,1,1.19,43.64
2024-01-07,okra,Tirunelveli,1,1.07,29.86
2024-01-07,okra,Madurai,1,1.09,29.9
2024-01-07,okra,Nagercoil,1,0.86,26.52
2024-01-07,okra,Tuticorin,1,0.94,28.42
2024-01-07,okra,Tenkasi,1,1.09,28.37
2024-01-08,tomato,Tirunelveli,1,0.98,26.33
2024-01-08,tomato,Madurai,1,0.92,24.88
2024-01-08,tomato,Nagercoil,1,0.85,22.18
2024-01-08,tomato,Tuticorin,1,0.88,22.72
2024-01-08,tomato,Tenkasi,1,0.89,22.76
2024-01-08,brinjal,Tirunelveli,1,1.25,28.71
2024-01-08,brinjal,Madurai,1,0.84,16.11
2024-01-08,brinjal,Nagercoil,1,1.29,31.56
2024-01-08,brinjal,Tuticorin,1,0.86,20.83
2024-01-08,brinjal,Tenkasi,1,1.23,29.03
2024-01-08,onion,Tirunelveli,1,1.21,37.89
2024-01-08,onion,Madurai,1,1.13,35.78
2024-01-08,onion,Nagercoil,1,1.26,43.85
2024-01-08,onion,Tuticorin,1,0.94,32.74
2024-01-08,onion,Tenkasi,1,1.18,37.36
2024-01-08,carrot,Tirunelveli,1,1.01,28.98
2024-01-08,carrot,Madurai,1,1.05,31.03
2024-01-08,carrot,Nagercoil,1,1.11,32.81
2024-01-08,carrot,Tuticorin,1,0.94,26.72
2024-01-08,carrot,Tenkasi,1,1.04,31.72
2024-01-08,cabbage,Tirunelveli,1,1.07,20.41
2024-01-08,cabbage,Madurai,1,0.87,16.17
2024-01-08,cabbage,Nagercoil,1,0.83,15.19
2024-01-08,cabbage,Tuticorin,1,1.14,23.21
2024-01-08,cabbage,Tenkasi,1,1.18,21.75
2024-01-08,potato,Tirunelveli,1,1.01,29.6
2024-01-08,potato,Madurai,1,0.97,25.39
2024-01-08,potato,Nagercoil,1,0.89,23.11
2024-01-08,potato,Tuticorin,1,0.83,22.23
2024-01-08,potato,Tenkasi,1,1.22,33.87
2024-01-08,beans,Tirunelveli,1,0.87,31.84
2024-01-08,beans,Madurai,1,0.88,34.06
2024-01-08,beans,Nagercoil,1,0.88,34.01
2024-01-08,beans,Tuticorin,1,1.06,41.49
2024-01-08,beans,Tenkasi,1,0.98,36.45
2024-01-08,okra,Tirunelveli,1,1.21,35.19
2024-01-08,okra,Madurai,1,1.02,27.48
2024-01-08,okra,Nagercoil,1,0.95,23.23
2024-01-08,okra,Tuticorin,1,1.17,30.44
2024-01-08,okra,Tenkasi,1,1.25,34.96
2024-01-09,tomato,Tirunelveli,1,0.99,28.0
2024-01-09,tomato,Madurai,1,1.11,30.03
2024-01-09,tomato,Nagercoil,1,0.86,23.32
2024-01-09,tomato,Tuticorin,1,0.97,26.85
2024-01-09,tomato,Tenkasi,1,0.87,24.14
2024-01-09,brinjal,Tirunelveli,1,1.07,27.1
2024-01-09,brinjal,Madurai,1,1.25,28.76
2024-01-09,brinjal,Nagercoil,1,0.96,23.21
2024-01-09,brinjal,Tuticorin,1,0.92,24.12
2024-01-09,brinjal,Tenkasi,1,1.24,29.89
2024-01-09,onion,Tirunelveli,1,0.97,33.25
2024-01-09,onion,Madurai,1,0.87,27.55
2024-01-09,onion,Nagercoil,1,0.91,30.94
2024-01-09,onion,Tuticorin,1,1.12,37.6
2024-01-09,onion,Tenkasi,1,1.15,34.54
2024-01-09,carrot,Tirunelveli,1,0.97,29.7
2024-01-09,carrot,Madurai,1,0.89,27.07
2024-01-09,carrot,Nagercoil,1,1.0,31.37
2024-01-09,carrot,Tuticorin,1,1.03,31.3
2024-01-09,carrot,Tenkasi,1,1.11,37.25
2024-01-09,cabbage,Tirunelveli,1,0.81,18.33
2024-01-09,cabbage,Madurai,1,1.26,25.29
2024-01-09,cabbage,Nagercoil,1,1.15,22.7
2024-01-09,cabbage,Tuticorin,1,1.1,19.64
2024-01-09,cabbage,Tenkasi,1,1.01,19.86
2024-01-09,potato,Tirunelveli,1,1.26,32.73
2024-01-09,potato,Madurai,1,1.03,30.26
2024-01-09,potato,Nagercoil,1,1.0,26.57
2024-01-09,potato,Tuticorin,1,0.83,22.95
2024-01-09,potato,Tenkasi,1,0.8,19.83
2024-01-09,beans,Tirunelveli,1,0.97,37.65
2024-01-09,beans,Madurai,1,1.26,43.92
2024-01-09,beans,Nagercoil,1,0.97,38.52
2024-01-09,beans,Tuticorin,1,1.03,37.38
2024-01-09,beans,Tenkasi,1,0.91,32.64
2024-01-09,okra,Tirunelveli,1,0.89,24.6
2024-01-09,okra,Madurai,1,1.05,30.53
2024-01-09,okra,Nagercoil,1,0.98,27.19
2024-01-09,okra,Tuticorin,1,1.09,28.95
2024-01-09,okra,Tenkasi,1,1.28,36.57
2024-01-10,tomato,Tirunelveli,1,0.87,22.3
2024-01-10,tomato,Madurai,1,1.3,34.65
2024-01-10,tomato,Nagercoil,1,1.05,27.23
2024-01-10,tomato,Tuticorin,1,1.17,31.8
2024-01-10,tomato,Tenkasi,1,0.9,24.15
2024-01-10,brinjal,Tirunelveli,1,0.9,21.41
2024-01-10,brinjal,Madurai,1,0.82,23.21
2024-01-10,brinjal,Nagercoil,1,0.83,18.04
2024-01-10,brinjal,Tuticorin,1,1.19,30.17
2024-01-10,brinjal,Tenkasi,1,1.02,20.14
2024-01-10,onion,Tirunelveli,1,1.0,30.5
2024-01-10,onion,Madurai,1,0.89,29.04
2024-01-10,onion,Nagercoil,1,1.23,39.47
2024-01-10,onion,Tuticorin,1,0.94,30.96
2024-01-10,onion,Tenkasi,1,1.12,35.64
2024-01-10,carrot,Tirunelveli,1,0.88,26.33
2024-01-10,carrot,Madurai,1,1.16,34.72
2024-01-10,carrot,Nagercoil,1,0.91,27.47
2024-01-10,carrot,Tuticorin,1,0.92,27.71
2024-01-10,carrot,Tenkasi,1,0.89,26.57
2024-01-10,cabbage,Tirunelveli,1,1.13,21.27
2024-01-10,cabbage,Madurai,1,0.92,17.49
2024-01-10,cabbage,Nagercoil,1,1.16,22.82
2024-01-10,cabbage,Tuticorin,1,1.0,19.7
2024-01-10,cabbage,Tenkasi,1,1.13,20.96
2024-01-10,potato,Tirunelveli,1,1.25,30.8
2024-01-10,potato,Madurai,1,0.81,18.3
2024-01-10,potato,Nagercoil,1,1.25,34.8
2024-01-10,potato,Tuticorin,1,1.21,29.32
2024-01-10,potato,Tenkasi,1,0.99,24.31
2024-01-10,beans,Tirunelveli,1,1.1,42.34
2024-01-10,beans,Madurai,1,1.0,35.68
2024-01-10,beans,Nagercoil,1,1.08,37.86
2024-01-10,beans,Tuticorin,1,1.27,47.13
2024-01-10,beans,Tenkasi,1,1.18,45.92
2024-01-10,okra,Tirunelveli,1,1.2,33.49
2024-01-10,okra,Madurai,1,1.01,31.54
2024-01-10,okra,Nagercoil,1,0.93,26.97
2024-01-10,okra,Tuticorin,1,0.87,22.37
2024-01-10,okra,Tenkasi,1,0.94,26.32
2024-01-11,tomato,Tirunelveli,1,0.81,19.3
2024-01-11,tomato,Madurai,1,1.08,29.77
2024-01-11,tomato,Nagercoil,1,1.13,29.55
2024-01-11,tomato,Tuticorin,1,0.81,22.44
2024-01-11,tomato,Tenkasi,1,0.87,25.77
2024-01-11,brinjal,Tirunelveli,1,1.13,29.14
2024-01-11,brinjal,Madurai,1,0.89,20.76
2024-01-11,brinjal,Nagercoil,1,0.99,24.66
2024-01-11,brinjal,Tuticorin,1,1.06,24.53
2024-01-11,brinjal,Tenkasi,1,1.1,26.35
2024-01-11,onion,Tirunelveli,1,0.92,27.47
2024-01-11,onion,Madurai,1,0.98,30.34
2024-01-11,onion,Nagercoil,1,1.16,38.26
2024-01-11,onion,Tuticorin,1,1.04,30.85
2024-01-11,onion,Tenkasi,1,1.13,36.64
2024-01-11,carrot,Tirunelveli,1,0.91,27.58
2024-01-11,carrot,Madurai,1,0.82,25.46
2024-01-11,carrot,Nagercoil,1,0.83,22.58
2024-01-11,carrot,Tuticorin,1,1.05,29.02
2024-01-11,carrot,Tenkasi,1,1.19,37.16
2024-01-11,cabbage,Tirunelveli,1,0.85,16.78
2024-01-11,cabbage,Madurai,1,1.05,19.77
2024-01-11,cabbage,Nagercoil,1,1.14,19.8
2024-01-11,cabbage,Tuticorin,1,1.21,22.8
2024-01-11,cabbage,Tenkasi,1,1.2,21.58
2024-01-11,potato,Tirunelveli,1,1.1,29.65
2024-01-11,potato,Madurai,1,0.98,23.32
2024-01-11,potato,Nagercoil,1,1.07,27.29
2024-01-11,potato,Tuticorin,1,1.24,33.13
2024-01-11,potato,Tenkasi,1,1.13,30.07
2024-01-11,beans,Tirunelveli,1,1.15,42.44
2024-01-11,beans,Madurai,1,1.04,40.26
2024-01-11,beans,Nagercoil,1,0.91,35.49
2024-01-11,beans,Tuticorin,1,0.82,30.94
2024-01-11,beans,Tenkasi,1,1.15,43.89
2024-01-11,okra,Tirunelveli,1,1.29,35.61
2024-01-11,okra,Madurai,1,1.27,37.25
2024-01-11,okra,Nagercoil,1,1.22,34.04
2024-01-11,okra,Tuticorin,1,0.96,24.71
2024-01-11,okra,Tenkasi,1,0.86,24.8
2024-01-12,tomato,Tirunelveli,1,0.84,20.97
2024-01-12,tomato,Madurai,1,1.16,33.16
2024-01-12,tomato,Nagercoil,1,0.83,23.0
2024-01-12,tomato,Tuticorin,1,1.2,29.23
2024-01-12,tomato,Tenkasi,1,0.96,27.08
2024-01-12,brinjal,Tirunelveli,1,1.11,26.63
2024-01-12,brinjal,Madurai,1,0.92,22.74
2024-01-12,brinjal,Nagercoil,1,1.2,28.44
2024-01-12,brinjal,Tuticorin,1,1.3,32.56
2024-01-12,brinjal,Tenkasi,1,1.0,22.65
2024-01-12,onion,Tirunelveli,1,1.04,34.92
2024-01-12,onion,Madurai,1,1.29,42.14
2024-01-12,onion,Nagercoil,1,1.18,35.67
2024-01-12,onion,Tuticorin,1,1.17,35.06
2024-01-12,onion,Tenkasi,1,0.92,29.2
2024-01-12,carrot,Tirunelveli,1,0.94,27.2
2024-01-12,carrot,Madurai,1,0.95,25.64
2024-01-12,carrot,Nagercoil,1,1.14,32.5
2024-01-12,carrot,Tuticorin,1,0.91,27.12
2024-01-12,carrot,Tenkasi,1,1.24,36.07
2024-01-12,cabbage,Tirunelveli,1,1.27,28.08
2024-01-12,cabbage,Madurai,1,0.88,16.1
2024-01-12,cabbage,Nagercoil,1,1.3,26.82
2024-01-12,cabbage,Tuticorin,1,1.06,22.87
2024-01-12,cabbage,Tenkasi,1,0.92,16.94
2024-01-12,potato,Tirunelveli,1,0.89,22.15
2024-01-12,potato,Madurai,1,1.19,29.95
2024-01-12,potato,Nagercoil,1,1.28,32.89
2024-01-12,potato,Tuticorin,1,1.24,31.48
2024-01-12,potato,Tenkasi,1,1.18,28.66
2024-01-12,beans,Tirunelveli,1,1.15,43.71
2024-01-12,beans,Madurai,1,0.91,33.76
2024-01-12,beans,Nagercoil,1,0.91,37.85
2024-01-12,beans,Tuticorin,1,1.09,42.42
2024-01-12,beans,Tenkasi,1,0.85,31.28
2024-01-12,okra,Tirunelveli,1,0.86,25.05
2024-01-12,okra,Madurai,1,1.24,35.6
2024-01-12,okra,Nagercoil,1,1.08,31.68
2024-01-12,okra,Tuticorin,1,0.84,20.95
2024-01-12,okra,Tenkasi,1,0.93,24.1
2024-01-13,tomato,Tirunelveli,1,1.16,29.96
2024-01-13,tomato,Madurai,1,0.91,24.45
2024-01-13,tomato,Nagercoil,1,1.14,25.46
2024-01-13,tomato,Tuticorin,1,1.1,28.16
2024-01-13,tomato,Tenkasi,1,1.21,34.57
2024-01-13,brinjal,Tirunelveli,1,1.08,23.91
2024-01-13,brinjal,Madurai,1,0.93,22.44
2024-01-13,brinjal,Nagercoil,1,1.13,27.16
2024-01-13,brinjal,Tuticorin,1,1.23,29.59
2024-01-13,brinjal,Tenkasi,1,1.22,29.89
2024-01-13,onion,Tirunelveli,1,1.15,38.56
2024-01-13,onion,Madurai,1,1.18,40.24
2024-01-13,onion,Nagercoil,1,0.88,27.8
2024-01-13,onion,Tuticorin,1,1.17,36.54
2024-01-13,onion,Tenkasi,1,0.88,29.02
2024-01-13,carrot,Tirunelveli,1,1.05,32.32
2024-01-13,carrot,Madurai,1,0.8,25.4
2024-01-13,carrot,Nagercoil,1,1.29,36.61
2024-01-13,carrot,Tuticorin,1,1.12,34.72
2024-01-13,carrot,Tenkasi,1,1.07,30.18
2024-01-13,cabbage,Tirunelveli,1,1.19,23.42
2024-01-13,cabbage,Madurai,1,1.07,20.11
2024-01-13,cabbage,Nagercoil,1,1.28,26.61
2024-01-13,cabbage,Tuticorin,1,1.27,22.34
2024-01-13,cabbage,Tenkasi,1,0.85,16.74
2024-01-13,potato,Tirunelveli,1,0.83,22.13
2024-01-13,potato,Madurai,1,0.95,23.98
2024-01-13,potato,Nagercoil,1,1.09,28.41
2024-01-13,potato,Tuticorin,1,0.97,24.38
2024-01-13,potato,Tenkasi,1,1.24,32.07
2024-01-13,beans,Tirunelveli,1,1.29,48.96
2024-01-13,beans,Madurai,1,0.81,29.77
2024-01-13,beans,Nagercoil,1,0.81,30.32
2024-01-13,beans,Tuticorin,1,1.19,41.54
2024-01-13,beans,Tenkasi,1,1.14,40.4
2024-01-13,okra,Tirunelveli,1,1.3,35.69
2024-01-13,okra,Madurai,1,1.01,26.47
2024-01-13,okra,Nagercoil,1,1.2,33.2
2024-01-13,okra,Tuticorin,1,1.15,33.74
2024-01-13,okra,Tenkasi,1,0.94,28.14
2024-01-14,tomato,Tirunelveli,1,1.28,33.94
2024-01-14,tomato,Madurai,1,1.27,32.46
2024-01-14,tomato,Nagercoil,1,1.01,25.3
2024-01-14,tomato,Tuticorin,1,0.94,27.67
2024-01-14,tomato,Tenkasi,1,1.29,36.07
2024-01-14,brinjal,Tirunelveli,1,0.91,21.33
2024-01-14,brinjal,Madurai,1,0.91,21.55
2024-01-14,brinjal,Nagercoil,1,0.98,22.93
2024-01-14,brinjal,Tuticorin,1,1.23,29.9
2024-01-14,brinjal,Tenkasi,1,0.89,21.07
2024-01-14,onion,Tirunelveli,1,1.23,40.87
2024-01-14,onion,Madurai,1,1.22,40.51
2024-01-14,onion,Nagercoil,1,1.18,36.65
2024-01-14,onion,Tuticorin,1,0.82,26.81
2024-01-14,onion,Tenkasi,1,1.26,42.52
2024-01-14,carrot,Tirunelveli,1,1.04,32.06
2024-01-14,carrot,Madurai,1,0.86,26.41
2024-01-14,carrot,Nagercoil,1,1.02,29.42
2024-01-14,carrot,Tuticorin,1,0.9,25.99
2024-01-14,carrot,Tenkasi,1,1.09,32.82
2024-01-14,cabbage,Tirunelveli,1,0.93,17.13
2024-01-14,cabbage,Madurai,1,1.03,21.38
2024-01-14,cabbage,Nagercoil,1,0.81,15.33
2024-01-14,cabbage,Tuticorin,1,1.04,19.09
2024-01-14,cabbage,Tenkasi,1,1.1,22.82
2024-01-14,potato,Tirunelveli,1,1.23,30.1
2024-01-14,potato,Madurai,1,1.19,30.66
2024-01-14,potato,Nagercoil,1,0.85,21.14
2024-01-14,potato,Tuticorin,1,0.92,27.37
2024-01-14,potato,Tenkasi,1,1.15,29.67
2024-01-14,beans,Tirunelveli,1,1.08,39.31
2024-01-14,beans,Madurai,1,0.98,36.75
2024-01-14,beans,Nagercoil,1,0.82,30.46
2024-01-14,beans,Tuticorin,1,0.87,31.5
2024-01-14,beans,Tenkasi,1,1.08,42.26
2024-01-14,okra,Tirunelveli,1,0.9,26.09
2024-01-14,okra,Madurai,1,0.88,25.11
2024-01-14,okra,Nagercoil,1,1.15,31.04
2024-01-14,okra,Tuticorin,1,0.82,25.52
2024-01-14,okra,Tenkasi,1,1.24,35.07
2024-01-15,tomato,Tirunelveli,1,1.16,30.23
2024-01-15,tomato,Madurai,1,1.21,34.08
2024-01-15,tomato,Nagercoil,1,0.84,22.75
2024-01-15,tomato,Tuticorin,1,1.21,33.91
2024-01-15,tomato,Tenkasi,1,1.03,28.18
2024-01-15,brinjal,Tirunelveli,1,1.17,30.84
2024-01-15,brinjal,Madurai,1,0.84,18.34
2024-01-15,brinjal,Nagercoil,1,1.19,27.46
2024-01-15,brinjal,Tuticorin,1,1.13,31.16
2024-01-15,brinjal,Tenkasi,1,1.16,27.28
2024-01-15,onion,Tirunelveli,1,0.91,27.79
2024-01-15,onion,Madurai,1,1.14,37.62
2024-01-15,onion,Nagercoil,1,0.84,28.6
2024-01-15,onion,Tuticorin,1,1.16,37.36
2024-01-15,onion,Tenkasi,1,1.17,34.98
2024-01-15,carrot,Tirunelveli,1,0.99,28.31
2024-01-15,carrot,Madurai,1,1.29,36.6
2024-01-15,carrot,Nagercoil,1,1.16,38.0
2024-01-15,carrot,Tuticorin,1,1.04,28.95
2024-01-15,carrot,Tenkasi,1,1.1,32.14
2024-01-15,cabbage,Tirunelveli,1,1.26,25.11
2024-01-15,cabbage,Madurai,1,1.12,19.71
2024-01-15,cabbage,Nagercoil,1,1.17,23.18
2024-01-15,cabbage,Tuticorin,1,1.25,23.25
2024-01-15,cabbage,Tenkasi,1,0.89,17.7
2024-01-15,potato,Tirunelveli,1,1.05,26.55
2024-01-15,potato,Madurai,1,0.92,23.59
2024-01-15,potato,Nagercoil,1,1.06,28.87
2024-01-15,potato,Tuticorin,1,0.98,23.54
2024-01-15,potato,Tenkasi,1,1.0,26.16
2024-01-15,beans,Tirunelveli,1,1.28,49.55
2024-01-15,beans,Madurai,1,0.96,34.35
2024-01-15,beans,Nagercoil,1,1.19,42.32
2024-01-15,beans,Tuticorin,1,0.84,31.07
2024-01-15,beans,Tenkasi,1,0.88,30.15
2024-01-15,okra,Tirunelveli,1,1.21,34.32
2024-01-15,okra,Madurai,1,1.02,29.36
2024-01-15,okra,Nagercoil,1,1.15,30.15
2024-01-15,okra,Tuticorin,1,0.88,25.97
2024-01-15,okra,Tenkasi,1,1.04,30.83
2024-01-16,tomato,Tirunelveli,1,1.22,33.39
2024-01-16,tomato,Madurai,1,1.23,35.12
2024-01-16,tomato,Nagercoil,1,0.9,23.78
2024-01-16,tomato,Tuticorin,1,0.83,21.44
2024-01-16,tomato,Tenkasi,1,1.07,28.44
2024-01-16,brinjal,Tirunelveli,1,1.27,28.41
2024-01-16,brinjal,Madurai,1,0.96,21.78
2024-01-16,brinjal,Nagercoil,1,0.87,20.69
2024-01-16,brinjal,Tuticorin,1,1.29,30.8
2024-01-16,brinjal,Tenkasi,1,1.23,29.86
2024-01-16,onion,Tirunelveli,1,1.03,29.98
2024-01-16,onion,Madurai,1,1.13,40.96
2024-01-16,onion,Nagercoil,1,0.87,26.64
2024-01-16,onion,Tuticorin,1,1.14,37.63
2024-01-16,onion,Tenkasi,1,1.28,41.85
2024-01-16,carrot,Tirunelveli,1,1.02,29.78
2024-01-16,carrot,Madurai,1,1.23,37.97
2024-01-16,carrot,Nagercoil,1,1.22,35.32
2024-01-16,carrot,Tuticorin,1,1.27,38.25
2024-01-16,carrot,Tenkasi,1,1.11,36.38
2024-01-16,cabbage,Tirunelveli,1,1.23,23.21
2024-01-16,cabbage,Madurai,1,1.27,24.59
2024-01-16,cabbage,Nagercoil,1,1.14,20.54
2024-01-16,cabbage,Tuticorin,1,1.13,22.86
2024-01-16,cabbage,Tenkasi,1,1.0,18.13
2024-01-16,potato,Tirunelveli,1,1.13,29.57
2024-01-16,potato,Madurai,1,1.3,35.04
2024-01-16,potato,Nagercoil,1,1.19,30.35
2024-01-16,potato,Tuticorin,1,1.08,28.8
2024-01-16,potato,Tenkasi,1,1.0,26.39
2024-01-16,beans,Tirunelveli,1,0.96,37.82
2024-01-16,beans,Madurai,1,1.18,45.3
2024-01-16,beans,Nagercoil,1,1.2,47.04
2024-01-16,beans,Tuticorin,1,0.86,31.97
2024-01-16,beans,Tenkasi,1,1.07,38.43
2024-01-16,okra,Tirunelveli,1,1.15,29.61
2024-01-16,okra,Madurai,1,0.99,25.46
2024-01-16,okra,Nagercoil,1,0.99,27.12
2024-01-16,okra,Tuticorin,1,0.91,25.79
2024-01-16,okra,Tenkasi,1,1.13,30.65
2024-01-17,tomato,Tirunelveli,1,1.11,26.45
2024-01-17,tomato,Madurai,1,1.23,32.08
2024-01-17,tomato,Nagercoil,1,1.06,27.79
2024-01-17,tomato,Tuticorin,1,0.97,26.06
2024-01-17,tomato,Tenkasi,1,0.99,28.78
2024-01-17,brinjal,Tirunelveli,1,1.07,22.49
2024-01-17,brinjal,Madurai,1,1.1,27.13
2024-01-17,brinjal,Nagercoil,1,1.16,28.28
2024-01-17,brinjal,Tuticorin,1,1.28,29.84
2024-01-17,brinjal,Tenkasi,1,1.26,30.47
2024-01-17,onion,Tirunelveli,1,0.83,26.49
2024-01-17,onion,Madurai,1,0.85,28.27
2024-01-17,onion,Nagercoil,1,1.04,32.33
2024-01-17,onion,Tuticorin,1,0.95,29.28
2024-01-17,onion,Tenkasi,1,1.2,35.88
2024-01-17,carrot,Tirunelveli,1,1.11,33.86
2024-01-17,carrot,Madurai,1,1.16,33.95
2024-01-17,carrot,Nagercoil,1,0.86,23.53
2024-01-17,carrot,Tuticorin,1,0.89,25.35
2024-01-17,carrot,Tenkasi,1,1.06,32.81
2024-01-17,cabbage,Tirunelveli,1,1.15,22.58
2024-01-17,cabbage,Madurai,1,0.93,16.56
2024-01-17,cabbage,Nagercoil,1,1.28,26.89
2024-01-17,cabbage,Tuticorin,1,1.08,20.69
2024-01-17,cabbage,Tenkasi,1,0.82,16.61
2024-01-17,potato,Tirunelveli,1,1.1,28.61
2024-01-17,potato,Madurai,1,1.21,30.78
2024-01-17,potato,Nagercoil,1,0.91,23.98
2024-01-17,potato,Tuticorin,1,1.11,30.25
2024-01-17,potato,Tenkasi,1,1.25,31.8
2024-01-17,beans,Tirunelveli,1,0.98,37.87
2024-01-17,beans,Madurai,1,0.94,34.22
2024-01-17,beans,Nagercoil,1,1.21,48.3
2024-01-17,beans,Tuticorin,1,0.85,30.65
2024-01-17,beans,Tenkasi,1,1.11,45.17
2024-01-17,okra,Tirunelveli,1,0.88,22.85
2024-01-17,okra,Madurai,1,1.17,32.13
2024-01-17,okra,Nagercoil,1,0.85,24.38
2024-01-17,okra,Tuticorin,1,0.81,24.53
2024-01-17,okra,Tenkasi,1,1.07,32.44
2024-01-18,tomato,Tirunelveli,1,0.92,26.81
2024-01-18,tomato,Madurai,1,1.05,25.65
2024-01-18,tomato,Nagercoil,1,1.29,35.4
2024-01-18,tomato,Tuticorin,1,1.0,25.77
2024-01-18,tomato,Tenkasi,1,1.01,28.72
2024-01-18,brinjal,Tirunelveli,1,1.3,32.3
2024-01-18,brinjal,Madurai,1,0.86,20.89
2024-01-18,brinjal,Nagercoil,1,1.09,24.96
2024-01-18,brinjal,Tuticorin,1,0.94,20.51
2024-01-18,brinjal,Tenkasi,1,0.98,22.05
2024-01-18,onion,Tirunelveli,1,0.83,25.78
2024-01-18,onion,Madurai,1,1.2,38.76
2024-01-18,onion,Nagercoil,1,0.92,31.12
2024-01-18,onion,Tuticorin,1,1.13,36.46
2024-01-18,onion,Tenkasi,1,1.07,32.64
2024-01-18,carrot,Tirunelveli,1,1.13,32.31
2024-01-18,carrot,Madurai,1,1.3,40.08
2024-01-18,carrot,Nagercoil,1,1.17,38.0
2024-01-18,carrot,Tuticorin,1,1.03,31.23
2024-01-18,carrot,Tenkasi,1,1.28,37.47
2024-01-18,cabbage,Tirunelveli,1,0.89,15.69
2024-01-18,cabbage,Madurai,1,1.07,21.61
2024-01-18,cabbage,Nagercoil,1,0.85,18.79
2024-01-18,cabbage,Tuticorin,1,0.97,18.38
2024-01-18,cabbage,Tenkasi,1,1.13,21.11
2024-01-18,potato,Tirunelveli,1,0.88,20.5
2024-01-18,potato,Madurai,1,1.3,33.55
2024-01-18,potato,Nagercoil,1,1.22,32.67
2024-01-18,potato,Tuticorin,1,1.06,26.24
2024-01-18,potato,Tenkasi,1,1.18,30.72
2024-01-18,beans,Tirunelveli,1,0.86,33.26
2024-01-18,beans,Madurai,1,1.15,44.31
2024-01-18,beans,Nagercoil,1,0.82,29.17
2024-01-18,beans,Tuticorin,1,0.98,35.54
2024-01-18,beans,Tenkasi,1,0.84,31.88
2024-01-18,okra,Tirunelveli,1,0.95,27.69
2024-01-18,okra,Madurai,1,1.0,31.14
2024-01-18,okra,Nagercoil,1,1.06,27.87
2024-01-18,okra,Tuticorin,1,1.26,35.59
2024-01-18,okra,Tenkasi,1,1.23,34.26
2024-01-19,tomato,Tirunelveli,1,0.9,23.64
2024-01-19,tomato,Madurai,1,1.24,35.05
2024-01-19,tomato,Nagercoil,1,1.23,34.02
2024-01-19,tomato,Tuticorin,1,0.95,26.49
2024-01-19,tomato,Tenkasi,1,0.84,20.81
2024-01-19,brinjal,Tirunelveli,1,1.15,26.61
2024-01-19,brinjal,Madurai,1,0.97,23.09
2024-01-19,brinjal,Nagercoil,1,1.21,28.9
2024-01-19,brinjal,Tuticorin,1,0.87,24.18
2024-01-19,brinjal,Tenkasi,1,1.18,27.51
2024-01-19,onion,Tirunelveli,1,0.89,24.83
2024-01-19,onion,Madurai,1,0.87,28.26
2024-01-19,onion,Nagercoil,1,0.98,32.49
2024-01-19,onion,Tuticorin,1,1.02,32.86
2024-01-19,onion,Tenkasi,1,0.96,26.5
2024-01-19,carrot,Tirunelveli,1,0.85,26.11
2024-01-19,carrot,Madurai,1,1.12,34.53
2024-01-19,carrot,Nagercoil,1,1.13,31.94
2024-01-19,carrot,Tuticorin,1,0.88,25.33
2024-01-19,carrot,Tenkasi,1,1.3,38.96
2024-01-19,cabbage,Tirunelveli,1,0.83,15.19
2024-01-19,cabbage,Madurai,1,0.86,16.04
2024-01-19,cabbage,Nagercoil,1,0.95,18.87
2024-01-19,cabbage,Tuticorin,1,0.83,15.14
2024-01-19,cabbage,Tenkasi,1,1.05,18.11
2024-01-19,potato,Tirunelveli,1,1.11,30.06
2024-01-19,potato,Madurai,1,1.06,25.87
2024-01-19,potato,Nagercoil,1,1.24,31.76
2024-01-19,potato,Tuticorin,1,1.02,25.68
2024-01-19,potato,Tenkasi,1,1.01,24.23
2024-01-19,beans,Tirunelveli,1,1.21,46.99
2024-01-19,beans,Madurai,1,0.81,31.45
2024-01-19,beans,Nagercoil,1,1.01,37.34
2024-01-19,beans,Tuticorin,1,0.93,34.96
2024-01-19,beans,Tenkasi,1,1.18,44.57
2024-01-19,okra,Tirunelveli,1,0.91,23.69
2024-01-19,okra,Madurai,1,0.81,21.04
2024-01-19,okra,Nagercoil,1,1.07,29.97
2024-01-19,okra,Tuticorin,1,1.03,26.92
2024-01-19,okra,Tenkasi,1,0.96,26.84
2024-01-20,tomato,Tirunelveli,1,1.17,27.95
2024-01-20,tomato,Madurai,1,1.0,26.13
2024-01-20,tomato,Nagercoil,1,1.03,28.1
2024-01-20,tomato,Tuticorin,1,1.28,34.65
2024-01-20,tomato,Tenkasi,1,1.19,33.79
2024-01-20,brinjal,Tirunelveli,1,1.02,22.41
2024-01-20,brinjal,Madurai,1,0.93,21.8
2024-01-20,brinjal,Nagercoil,1,1.12,27.84
2024-01-20,brinjal,Tuticorin,1,1.13,27.13
2024-01-20,brinjal,Tenkasi,1,1.11,27.38
2024-01-20,onion,Tirunelveli,1,0.83,25.09
2024-01-20,onion,Madurai,1,1.17,37.79
2024-01-20,onion,Nagercoil,1,1.06,33.72
2024-01-20,onion,Tuticorin,1,0.84,27.3
2024-01-20,onion,Tenkasi,1,1.16,36.15
2024-01-20,carrot,Tirunelveli,1,0.95,30.49
2024-01-20,carrot,Madurai,1,0.97,30.36
2024-01-20,carrot,Nagercoil,1,0.89,28.6
2024-01-20,carrot,Tuticorin,1,0.89,27.12
2024-01-20,carrot,Tenkasi,1,1.18,34.52
2024-01-20,cabbage,Tirunelveli,1,0.93,18.96
2024-01-20,cabbage,Madurai,1,0.99,21.14
2024-01-20,cabbage,Nagercoil,1,0.9,17.89
2024-01-20,cabbage,Tuticorin,1,1.19,21.59
2024-01-20,cabbage,Tenkasi,1,1.12,20.83
2024-01-20,potato,Tirunelveli,1,1.28,33.19
2024-01-20,potato,Madurai,1,1.2,33.13
2024-01-20,potato,Nagercoil,1,1.17,32.99
2024-01-20,potato,Tuticorin,1,1.21,29.83
2024-01-20,potato,Tenkasi,1,0.97,25.54
2024-01-20,beans,Tirunelveli,1,1.26,46.67
2024-01-20,beans,Madurai,1,1.02,36.31
2024-01-20,beans,Nagercoil,1,1.02,39.24
2024-01-20,beans,Tuticorin,1,0.92,34.85
2024-01-20,beans,Tenkasi,1,0.86,32.7
2024-01-20,okra,Tirunelveli,1,1.12,31.14
2024-01-20,okra,Madurai,1,0.94,26.81
2024-01-20,okra,Nagercoil,1,1.22,34.59
2024-01-20,okra,Tuticorin,1,1.26,36.46
2024-01-20,okra,Tenkasi,1,1.03,27.58
2024-01-21,tomato,Tirunelveli,1,1.22,34.15
2024-01-21,tomato,Madurai,1,1.13,31.42
2024-01-21,tomato,Nagercoil,1,0.89,24.37
2024-01-21,tomato,Tuticorin,1,1.27,34.14
2024-01-21,tomato,Tenkasi,1,0.82,21.94
2024-01-21,brinjal,Tirunelveli,1,1.16,27.38
2024-01-21,brinjal,Madurai,1,1.21,28.64
2024-01-21,brinjal,Nagercoil,1,1.22,26.62
2024-01-21,brinjal,Tuticorin,1,1.17,31.04
2024-01-21,brinjal,Tenkasi,1,1.05,26.54
2024-01-21,onion,Tirunelveli,1,0.95,33.32
2024-01-21,onion,Madurai,1,1.24,40.82
2024-01-21,onion,Nagercoil,1,1.12,35.13
2024-01-21,onion,Tuticorin,1,1.03,33.96
2024-01-21,onion,Tenkasi,1,0.8,27.19
2024-01-21,carrot,Tirunelveli,1,1.3,37.62
2024-01-21,carrot,Madurai,1,0.85,27.5
2024-01-21,carrot,Nagercoil,1,0.9,26.52
2024-01-21,carrot,Tuticorin,1,1.08,33.51
2024-01-21,carrot,Tenkasi,1,0.89,29.08
2024-01-21,cabbage,Tirunelveli,1,0.98,19.34
2024-01-21,cabbage,Madurai,1,0.8,17.71
2024-01-21,cabbage,Nagercoil,1,1.18,20.67
2024-01-21,cabbage,Tuticorin,1,0.87,15.26
2024-01-21,cabbage,Tenkasi,1,0.95,17.21
2024-01-21,potato,Tirunelveli,1,1.16,26.81
2024-01-21,potato,Madurai,1,1.24,29.52
2024-01-21,potato,Nagercoil,1,1.01,28.15
2024-01-21,potato,Tuticorin,1,1.15,31.36
2024-01-21,potato,Tenkasi,1,0.85,20.98
2024-01-21,beans,Tirunelveli,1,1.09,44.49
2024-01-21,beans,Madurai,1,0.83,30.88
2024-01-21,beans,Nagercoil,1,1.09,43.8
2024-01-21,beans,Tuticorin,1,1.1,44.28
2024-01-21,beans,Tenkasi,1,1.14,41.89
2024-01-21,okra,Tirunelveli,1,1.21,35.13
2024-01-21,okra,Madurai,1,1.05,31.0
2024-01-21,okra,Nagercoil,1,1.15,31.28
2024-01-21,okra,Tuticorin,1,1.19,29.22
2024-01-21,okra,Tenkasi,1,0.87,25.62
2024-01-22,tomato,Tirunelveli,1,0.96,24.65
2024-01-22,tomato,Madurai,1,0.91,24.26
2024-01-22,tomato,Nagercoil,1,1.1,29.82
2024-01-22,tomato,Tuticorin,1,1.01,28.03
2024-01-22,tomato,Tenkasi,1,1.12,29.52
2024-01-22,brinjal,Tirunelveli,1,1.0,24.16
2024-01-22,brinjal,Madurai,1,1.22,30.65
2024-01-22,brinjal,Nagercoil,1,1.09,22.96
2024-01-22,brinjal,Tuticorin,1,0.89,18.99
2024-01-22,brinjal,Tenkasi,1,0.81,17.47
2024-01-22,onion,Tirunelveli,1,0.81,25.4
2024-01-22,onion,Madurai,1,1.06,35.31
2024-01-22,onion,Nagercoil,1,0.95,32.17
2024-01-22,onion,Tuticorin,1,1.22,39.08
2024-01-22,onion,Tenkasi,1,0.89,28.51
2024-01-22,carrot,Tirunelveli,1,1.04,33.43
2024-01-22,carrot,Madurai,1,0.87,26.4
2024-01-22,carrot,Nagercoil,1,1.05,30.98
2024-01-22,carrot,Tuticorin,1,1.02,32.0
2024-01-22,carrot,Tenkasi,1,0.88,27.64
2024-01-22,cabbage,Tirunelveli,1,1.11,21.98
2024-01-22,cabbage,Madurai,1,1.13,20.98
2024-01-22,cabbage,Nagercoil,1,1.28,23.27
2024-01-22,cabbage,Tuticorin,1,0.92,16.53
2024-01-22,cabbage,Tenkasi,1,1.25,22.99
2024-01-22,potato,Tirunelveli,1,1.18,29.05
2024-01-22,potato,Madurai,1,1.02,25.65
2024-01-22,potato,Nagercoil,1,0.83,21.43
2024-01-22,potato,Tuticorin,1,1.25,32.49
2024-01-22,potato,Tenkasi,1,1.01,24.25
2024-01-22,beans,Tirunelveli,1,0.97,37.01
2024-01-22,beans,Madurai,1,1.08,40.77
2024-01-22,beans,Nagercoil,1,1.27,47.56
2024-01-22,beans,Tuticorin,1,0.93,34.09
2024-01-22,beans,Tenkasi,1,1.17,42.18
2024-01-22,okra,Tirunelveli,1,1.08,31.11
2024-01-22,okra,Madurai,1,1.03,28.96
2024-01-22,okra,Nagercoil,1,0.97,27.77
2024-01-22,okra,Tuticorin,1,0.86,23.31
2024-01-22,okra,Tenkasi,1,0.93,25.05
2024-01-23,tomato,Tirunelveli,1,1.23,34.46
2024-01-23,tomato,Madurai,1,0.86,27.04
2024-01-23,tomato,Nagercoil,1,1.23,32.61
2024-01-23,tomato,Tuticorin,1,1.15,31.24
2024-01-23,tomato,Tenkasi,1,1.07,28.68
2024-01-23,brinjal,Tirunelveli,1,1.04,23.41
2024-01-23,brinjal,Madurai,1,0.88,20.21
2024-01-23,brinjal,Nagercoil,1,1.01,26.8
2024-01-23,brinjal,Tuticorin,1,1.13,25.55
2024-01-23,brinjal,Tenkasi,1,1.06,25.09
2024-01-23,onion,Tirunelveli,1,1.2,37.83
2024-01-23,onion,Madurai,1,1.19,38.39
2024-01-23,onion,Nagercoil,1,0.9,27.98
2024-01-23,onion,Tuticorin,1,0.97,30.36
2024-01-23,onion,Tenkasi,1,1.18,35.83
2024-01-23,carrot,Tirunelveli,1,1.24,37.43
2024-01-23,carrot,Madurai,1,1.24,36.78
2024-01-23,carrot,Nagercoil,1,1.03,31.64
2024-01-23,carrot,Tuticorin,1,1.29,38.81
2024-01-23,carrot,Tenkasi,1,1.25,36.66
2024-01-23,cabbage,Tirunelveli,1,1.07,19.23
2024-01-23,cabbage,Madurai,1,1.13,21.83
2024-01-23,cabbage,Nagercoil,1,1.21,25.4
2024-01-23,cabbage,Tuticorin,1,1.28,23.96
2024-01-23,cabbage,Tenkasi,1,0.9,14.71
2024-01-23,potato,Tirunelveli,1,1.2,31.17
2024-01-23,potato,Madurai,1,1.09,29.87
2024-01-23,potato,Nagercoil,1,1.0,26.55
2024-01-23,potato,Tuticorin,1,1.26,30.62
2024-01-23,potato,Tenkasi,1,1.15,29.79
2024-01-23,beans,Tirunelveli,1,1.2,46.27
2024-01-23,beans,Madurai,1,1.25,46.51
2024-01-23,beans,Nagercoil,1,0.94,34.49
2024-01-23,beans,Tuticorin,1,1.25,46.14
2024-01-23,beans,Tenkasi,1,1.13,42.11
2024-01-23,okra,Tirunelveli,1,1.11,29.21
2024-01-23,okra,Madurai,1,0.84,23.81
2024-01-23,okra,Nagercoil,1,1.05,29.78
2024-01-23,okra,Tuticorin,1,1.28,36.27
2024-01-23,okra,Tenkasi,1,1.13,31.63
2024-01-24,tomato,Tirunelveli,1,1.12,28.24
2024-01-24,tomato,Madurai,1,0.81,21.29
2024-01-24,tomato,Nagercoil,1,1.08,31.71
2024-01-24,tomato,Tuticorin,1,1.25,33.8
2024-01-24,tomato,Tenkasi,1,0.84,21.36
2024-01-24,brinjal,Tirunelveli,1,1.23,29.96
2024-01-24,brinjal,Madurai,1,1.21,31.32
2024-01-24,brinjal,Nagercoil,1,0.96,23.16
2024-01-24,brinjal,Tuticorin,1,1.04,24.24
2024-01-24,brinjal,Tenkasi,1,0.98,25.11
2024-01-24,onion,Tirunelveli,1,1.05,33.02
2024-01-24,onion,Madurai,1,0.89,30.09
2024-01-24,onion,Nagercoil,1,1.16,36.43
2024-01-24,onion,Tuticorin,1,0.97,30.79
2024-01-24,onion,Tenkasi,1,1.03,34.21
2024-01-24,carrot,Tirunelveli,1,1.11,35.31
2024-01-24,carrot,Madurai,1,0.98,29.23
2024-01-24,carrot,Nagercoil,1,1.29,40.65
2024-01-24,carrot,Tuticorin,1,1.12,34.18
2024-01-24,carrot,Tenkasi,1,0.96,27.79
2024-01-24,cabbage,Tirunelveli,1,1.14,21.52
2024-01-24,cabbage,Madurai,1,1.22,24.36
2024-01-24,cabbage,Nagercoil,1,0.94,20.25
2024-01-24,cabbage,Tuticorin,1,1.06,21.96
2024-01-24,cabbage,Tenkasi,1,0.95,19.98
2024-01-24,potato,Tirunelveli,1,1.27,30.77
2024-01-24,potato,Madurai,1,1.24,32.96
2024-01-24,potato,Nagercoil,1,1.13,30.22
2024-01-24,potato,Tuticorin,1,0.93,24.41
2024-01-24,potato,Tenkasi,1,1.08,28.85
2024-01-24,beans,Tirunelveli,1,0.86,29.63
2024-01-24,beans,Madurai,1,1.23,42.95
2024-01-24,beans,Nagercoil,1,1.07,40.76
2024-01-24,beans,Tuticorin,1,0.86,32.09
2024-01-24,beans,Tenkasi,1,1.01,37.72
2024-01-24,okra,Tirunelveli,1,1.23,34.99
2024-01-24,okra,Madurai,1,0.95,26.74
2024-01-24,okra,Nagercoil,1,1.2,34.08
2024-01-24,okra,Tuticorin,1,0.81,23.94
2024-01-24,okra,Tenkasi,1,0.94,25.5
2024-01-25,tomato,Tirunelveli,1,1.24,33.74
2024-01-25,tomato,Madurai,1,1.07,27.8
2024-01-25,tomato,Nagercoil,1,0.85,19.97
2024-01-25,tomato,Tuticorin,1,1.1,29.1
2024-01-25,tomato,Tenkasi,1,0.95,27.07
2024-01-25,brinjal,Tirunelveli,1,0.82,18.19
2024-01-25,brinjal,Madurai,1,1.25,30.24
2024-01-25,brinjal,Nagercoil,1,1.1,27.28
2024-01-25,brinjal,Tuticorin,1,1.25,30.57
2024-01-25,brinjal,Tenkasi,1,0.82,18.36
2024-01-25,onion,Tirunelveli,1,1.09,34.1
2024-01-25,onion,Madurai,1,1.22,39.26
2024-01-25,onion,Nagercoil,1,1.1,35.86
2024-01-25,onion,Tuticorin,1,1.21,40.14
2024-01-25,onion,Tenkasi,1,1.24,40.95
2024-01-25,carrot,Tirunelveli,1,1.02,34.59
2024-01-25,carrot,Madurai,1,0.96,31.06
2024-01-25,carrot,Nagercoil,1,1.1,32.61
2024-01-25,carrot,Tuticorin,1,1.25,40.67
2024-01-25,carrot,Tenkasi,1,1.12,31.91
2024-01-25,cabbage,Tirunelveli,1,1.1,19.68
2024-01-25,cabbage,Madurai,1,1.06,21.61
2024-01-25,cabbage,Nagercoil,1,0.85,16.1
2024-01-25,cabbage,Tuticorin,1,1.13,18.19
2024-01-25,cabbage,Tenkasi,1,1.28,26.9
2024-01-25,potato,Tirunelveli,1,1.05,28.09
2024-01-25,potato,Madurai,1,1.12,28.66
2024-01-25,potato,Nagercoil,1,0.98,25.03
2024-01-25,potato,Tuticorin,1,1.04,26.4
2024-01-25,potato,Tenkasi,1,0.9,20.07
2024-01-25,beans,Tirunelveli,1,1.11,40.25
2024-01-25,beans,Madurai,1,1.06,38.81
2024-01-25,beans,Nagercoil,1,0.8,31.83
2024-01-25,beans,Tuticorin,1,1.09,40.0
2024-01-25,beans,Tenkasi,1,1.06,40.31
2024-01-25,okra,Tirunelveli,1,1.0,27.64
2024-01-25,okra,Madurai,1,0.84,22.25
2024-01-25,okra,Nagercoil,1,0.97,27.59
2024-01-25,okra,Tuticorin,1,1.05,29.42
2024-01-25,okra,Tenkasi,1,1.15,33.79
2024-01-26,tomato,Tirunelveli,1,1.3,34.24
2024-01-26,tomato,Madurai,1,1.0,25.82
2024-01-26,tomato,Nagercoil,1,1.01,28.42
2024-01-26,tomato,Tuticorin,1,1.16,30.82
2024-01-26,tomato,Tenkasi,1,1.1,31.05
2024-01-26,brinjal,Tirunelveli,1,1.28,29.4
2024-01-26,brinjal,Madurai,1,1.21,28.85
2024-01-26,brinjal,Nagercoil,1,1.14,26.12
2024-01-26,brinjal,Tuticorin,1,0.86,19.03
2024-01-26,brinjal,Tenkasi,1,0.98,19.97
2024-01-26,onion,Tirunelveli,1,0.86,30.03
2024-01-26,onion,Madurai,1,0.84,26.21
2024-01-26,onion,Nagercoil,1,0.84,27.86
2024-01-26,onion,Tuticorin,1,1.13,36.33
2024-01-26,onion,Tenkasi,1,1.14,38.51
2024-01-26,carrot,Tirunelveli,1,0.81,21.63
2024-01-26,carrot,Madurai,1,1.12,33.96
2024-01-26,carrot,Nagercoil,1,1.24,38.37
2024-01-26,carrot,Tuticorin,1,1.16,35.06
2024-01-26,carrot,Tenkasi,1,0.87,25.1
2024-01-26,cabbage,Tirunelveli,1,0.81,13.05
2024-01-26,cabbage,Madurai,1,1.04,19.21
2024-01-26,cabbage,Nagercoil,1,1.09,18.13
2024-01-26,cabbage,Tuticorin,1,1.16,23.63
2024-01-26,cabbage,Tenkasi,1,1.13,22.5
2024-01-26,potato,Tirunelveli,1,1.01,27.45
2024-01-26,potato,Madurai,1,1.14,27.91
2024-01-26,potato,Nagercoil,1,1.19,29.18
2024-01-26,potato,Tuticorin,1,1.02,27.19
2024-01-26,potato,Tenkasi,1,1.23,32.44
2024-01-26,beans,Tirunelveli,1,1.26,44.62
2024-01-26,beans,Madurai,1,1.09,40.01
2024-01-26,beans,Nagercoil,1,0.99,39.46
2024-01-26,beans,Tuticorin,1,1.14,44.22
2024-01-26,beans,Tenkasi,1,0.99,36.77
2024-01-26,okra,Tirunelveli,1,0.87,22.53
2024-01-26,okra,Madurai,1,1.25,33.35
2024-01-26,okra,Nagercoil,1,0.81,22.07
2024-01-26,okra,Tuticorin,1,1.12,29.27
2024-01-26,okra,Tenkasi,1,0.84,25.18
2024-01-27,tomato,Tirunelveli,1,1.0,28.67
2024-01-27,tomato,Madurai,1,1.1,27.87
2024-01-27,tomato,Nagercoil,1,0.98,29.24
2024-01-27,tomato,Tuticorin,1,0.87,22.7
2024-01-27,tomato,Tenkasi,1,1.04,28.03
2024-01-27,brinjal,Tirunelveli,1,1.28,29.61
2024-01-27,brinjal,Madurai,1,0.99,21.82
2024-01-27,brinjal,Nagercoil,1,0.81,18.65
2024-01-27,brinjal,Tuticorin,1,1.18,25.16
2024-01-27,brinjal,Tenkasi,1,1.25,29.03
2024-01-27,onion,Tirunelveli,1,0.86,27.53
2024-01-27,onion,Madurai,1,1.24,40.47
2024-01-27,onion,Nagercoil,1,1.1,33.21
2024-01-27,onion,Tuticorin,1,0.97,29.06
2024-01-27,onion,Tenkasi,1,1.07,34.81
2024-01-27,carrot,Tirunelveli,1,1.07,30.46
2024-01-27,carrot,Madurai,1,1.18,35.22
2024-01-27,carrot,Nagercoil,1,0.95,30.47
2024-01-27,carrot,Tuticorin,1,0.93,26.09
2024-01-27,carrot,Tenkasi,1,1.28,37.33
2024-01-27,cabbage,Tirunelveli,1,1.08,22.32
2024-01-27,cabbage,Madurai,1,0.87,14.09
2024-01-27,cabbage,Nagercoil,1,1.02,19.47
2024-01-27,cabbage,Tuticorin,1,1.0,22.87
2024-01-27,cabbage,Tenkasi,1,1.3,25.53
2024-01-27,potato,Tirunelveli,1,1.08,29.33
2024-01-27,potato,Madurai,1,1.11,27.97
2024-01-27,potato,Nagercoil,1,0.82,19.24
2024-01-27,potato,Tuticorin,1,1.04,24.49
2024-01-27,potato,Tenkasi,1,1.28,33.44
2024-01-27,beans,Tirunelveli,1,1.25,47.61
2024-01-27,beans,Madurai,1,1.23,49.12
2024-01-27,beans,Nagercoil,1,0.87,32.02
2024-01-27,beans,Tuticorin,1,1.2,45.46
2024-01-27,beans,Tenkasi,1,0.94,35.1
2024-01-27,okra,Tirunelveli,1,1.29,34.31
2024-01-27,okra,Madurai,1,1.04,29.5
2024-01-27,okra,Nagercoil,1,0.99,29.17
2024-01-27,okra,Tuticorin,1,0.94,27.31
2024-01-27,okra,Tenkasi,1,0.99,26.67
2024-01-28,tomato,Tirunelveli,1,1.06,32.44
2024-01-28,tomato,Madurai,1,1.23,32.73
2024-01-28,tomato,Nagercoil,1,1.29,36.47
2024-01-28,tomato,Tuticorin,1,1.18,31.27
2024-01-28,tomato,Tenkasi,1,1.09,30.96
2024-01-28,brinjal,Tirunelveli,1,1.25,29.17
2024-01-28,brinjal,Madurai,1,0.83,19.46
2024-01-28,brinjal,Nagercoil,1,1.06,26.46
2024-01-28,brinjal,Tuticorin,1,1.11,29.27
2024-01-28,brinjal,Tenkasi,1,1.16,27.1
2024-01-28,onion,Tirunelveli,1,1.15,36.35
2024-01-28,onion,Madurai,1,0.98,30.46
2024-01-28,onion,Nagercoil,1,1.2,37.43
2024-01-28,onion,Tuticorin,1,1.28,40.21
2024-01-28,onion,Tenkasi,1,0.8,25.14
2024-01-28,carrot,Tirunelveli,1,0.81,25.58
2024-01-28,carrot,Madurai,1,1.17,35.96
2024-01-28,carrot,Nagercoil,1,0.87,27.3
2024-01-28,carrot,Tuticorin,1,1.18,36.46
2024-01-28,carrot,Tenkasi,1,1.18,37.38
2024-01-28,cabbage,Tirunelveli,1,1.22,22.51
2024-01-28,cabbage,Madurai,1,1.04,20.52
2024-01-28,cabbage,Nagercoil,1,0.84,13.77
2024-01-28,cabbage,Tuticorin,1,0.83,13.67
2024-01-28,cabbage,Tenkasi,1,0.97,19.02
2024-01-28,potato,Tirunelveli,1,1.27,32.66
2024-01-28,potato,Madurai,1,0.84,21.62
2024-01-28,potato,Nagercoil,1,0.95,25.42
2024-01-28,potato,Tuticorin,1,0.84,23.81
2024-01-28,potato,Tenkasi,1,1.15,29.77
2024-01-28,beans,Tirunelveli,1,0.83,30.8
2024-01-28,beans,Madurai,1,0.95,34.59
2024-01-28,beans,Nagercoil,1,0.92,35.78
2024-01-28,beans,Tuticorin,1,1.26,46.64
2024-01-28,beans,Tenkasi,1,1.0,37.3
2024-01-28,okra,Tirunelveli,1,1.04,29.97
2024-01-28,okra,Madurai,1,0.91,25.64
2024-01-28,okra,Nagercoil,1,1.1,30.83
2024-01-28,okra,Tuticorin,1,0.98,26.08
2024-01-28,okra,Tenkasi,1,1.24,35.28
2024-01-29,tomato,Tirunelveli,1,1.05,31.54
2024-01-29,tomato,Madurai,1,1.11,27.96
2024-01-29,tomato,Nagercoil,1,0.84,20.81
2024-01-29,tomato,Tuticorin,1,1.16,32.27
2024-01-29,tomato,Tenkasi,1,1.21,32.91
2024-01-29,brinjal,Tirunelveli,1,1.06,27.13
2024-01-29,brinjal,Madurai,1,0.87,19.5
2024-01-29,brinjal,Nagercoil,1,1.05,26.13
2024-01-29,brinjal,Tuticorin,1,0.94,22.78
2024-01-29,brinjal,Tenkasi,1,0.83,18.14
2024-01-29,onion,Tirunelveli,1,1.17,36.93
2024-01-29,onion,Madurai,1,0.94,30.28
2024-01-29,onion,Nagercoil,1,1.15,35.91
2024-01-29,onion,Tuticorin,1,0.85,29.13
2024-01-29,onion,Tenkasi,1,0.98,32.7
2024-01-29,carrot,Tirunelveli,1,0.96,28.06
2024-01-29,carrot,Madurai,1,1.19,35.71
2024-01-29,carrot,Nagercoil,1,1.25,39.19
2024-01-29,carrot,Tuticorin,1,0.99,29.66
2024-01-29,carrot,Tenkasi,1,0.99,32.89
2024-01-29,cabbage,Tirunelveli,1,1.12,22.38
2024-01-29,cabbage,Madurai,1,1.13,20.7
2024-01-29,cabbage,Nagercoil,1,1.28,23.24
2024-01-29,cabbage,Tuticorin,1,0.85,18.09
2024-01-29,cabbage,Tenkasi,1,1.19,22.39
2024-01-29,potato,Tirunelveli,1,0.98,25.49
2024-01-29,potato,Madurai,1,1.28,28.73
2024-01-29,potato,Nagercoil,1,1.03,26.57
2024-01-29,potato,Tuticorin,1,0.9,21.23
2024-01-29,potato,Tenkasi,1,0.83,19.19
2024-01-29,beans,Tirunelveli,1,1.18,46.39
2024-01-29,beans,Madurai,1,1.23,45.62
2024-01-29,beans,Nagercoil,1,0.91,33.53
2024-01-29,beans,Tuticorin,1,1.24,49.81
2024-01-29,beans,Tenkasi,1,0.91,35.62
2024-01-29,okra,Tirunelveli,1,0.95,28.89
2024-01-29,okra,Madurai,1,0.87,26.18
2024-01-29,okra,Nagercoil,1,0.96,27.99
2024-01-29,okra,Tuticorin,1,1.12,33.69
2024-01-29,okra,Tenkasi,1,0.9,24.0
2024-01-30,tomato,Tirunelveli,1,1.25,32.14
2024-01-30,tomato,Madurai,1,0.83,20.16
2024-01-30,tomato,Nagercoil,1,0.86,20.38
2024-01-30,tomato,Tuticorin,1,1.22,32.91
2024-01-30,tomato,Tenkasi,1,0.81,19.41
2024-01-30,brinjal,Tirunelveli,1,0.81,17.45
2024-01-30,brinjal,Madurai,1,0.86,20.06
2024-01-30,brinjal,Nagercoil,1,1.0,19.74
2024-01-30,brinjal,Tuticorin,1,1.07,25.08
2024-01-30,brinjal,Tenkasi,1,1.03,24.43
2024-01-30,onion,Tirunelveli,1,1.28,44.36
2024-01-30,onion,Madurai,1,0.96,31.15
2024-01-30,onion,Nagercoil,1,1.19,38.46
2024-01-30,onion,Tuticorin,1,1.29,43.86
2024-01-30,onion,Tenkasi,1,0.86,27.47
2024-01-30,carrot,Tirunelveli,1,0.93,28.37
2024-01-30,carrot,Madurai,1,0.81,25.82
2024-01-30,carrot,Nagercoil,1,1.06,30.76
2024-01-30,carrot,Tuticorin,1,0.97,30.8
2024-01-30,carrot,Tenkasi,1,1.29,36.71
2024-01-30,cabbage,Tirunelveli,1,1.22,24.68
2024-01-30,cabbage,Madurai,1,1.03,20.93
2024-01-30,cabbage,Nagercoil,1,1.0,18.74
2024-01-30,cabbage,Tuticorin,1,0.91,17.42
2024-01-30,cabbage,Tenkasi,1,0.92,20.37
2024-01-30,potato,Tirunelveli,1,1.04,26.59
2024-01-30,potato,Madurai,1,0.83,22.19
2024-01-30,potato,Nagercoil,1,0.84,21.69
2024-01-30,potato,Tuticorin,1,0.98,24.36
2024-01-30,potato,Tenkasi,1,0.87,21.56
2024-01-30,beans,Tirunelveli,1,1.11,42.4
2024-01-30,beans,Madurai,1,0.87,34.98
2024-01-30,beans,Nagercoil,1,1.21,43.41
2024-01-30,beans,Tuticorin,1,1.14,45.15
2024-01-30,beans,Tenkasi,1,0.93,35.95
2024-01-30,okra,Tirunelveli,1,0.95,26.06
2024-01-30,okra,Madurai,1,1.03,29.42
2024-01-30,okra,Nagercoil,1,0.83,24.16
2024-01-30,okra,Tuticorin,1,0.87,22.78
2024-01-30,okra,Tenkasi,1,1.28,35.51
2024-01-31,tomato,Tirunelveli,1,1.06,28.62
2024-01-31,tomato,Madurai,1,1.14,28.19
2024-01-31,tomato,Nagercoil,1,0.84,23.79
2024-01-31,tomato,Tuticorin,1,1.03,26.75
2024-01-31,tomato,Tenkasi,1,1.07,28.0
2024-01-31,brinjal,Tirunelveli,1,0.88,20.76
2024-01-31,brinjal,Madurai,1,1.02,24.86
2024-01-31,brinjal,Nagercoil,1,0.92,22.34
2024-01-31,brinjal,Tuticorin,1,1.28,30.35
2024-01-31,brinjal,Tenkasi,1,0.93,22.49
2024-01-31,onion,Tirunelveli,1,1.02,31.77
2024-01-31,onion,Madurai,1,1.11,36.07
2024-01-31,onion,Nagercoil,1,1.29,42.44
2024-01-31,onion,Tuticorin,1,1.25,39.57
2024-01-31,onion,Tenkasi,1,1.27,41.06
2024-01-31,carrot,Tirunelveli,1,1.29,39.65
2024-01-31,carrot,Madurai,1,1.18,35.35
2024-01-31,carrot,Nagercoil,1,1.16,33.03
2024-01-31,carrot,Tuticorin,1,0.92,29.89
2024-01-31,carrot,Tenkasi,1,0.88,28.29
2024-01-31,cabbage,Tirunelveli,1,1.08,20.94
2024-01-31,cabbage,Madurai,1,0.81,17.94
2024-01-31,cabbage,Nagercoil,1,0.8,16.5
2024-01-31,cabbage,Tuticorin,1,0.91,17.38
2024-01-31,cabbage,Tenkasi,1,1.12,20.57
2024-01-31,potato,Tirunelveli,1,1.22,29.95
2024-01-31,potato,Madurai,1,1.16,29.81
2024-01-31,potato,Nagercoil,1,0.81,19.71
2024-01-31,potato,Tuticorin,1,1.04,25.65
2024-01-31,potato,Tenkasi,1,0.94,24.88
2024-01-31,beans,Tirunelveli,1,1.0,35.57
2024-01-31,beans,Madurai,1,1.18,41.88
2024-01-31,beans,Nagercoil,1,1.26,47.53
2024-01-31,beans,Tuticorin,1,0.98,37.7
2024-01-31,beans,Tenkasi,1,1.19,45.53
2024-01-31,okra,Tirunelveli,1,0.98,25.0
2024-01-31,okra,Madurai,1,1.13,30.47
2024-01-31,okra,Nagercoil,1,1.26,34.3
2024-01-31,okra,Tuticorin,1,0.85,21.49
2024-01-31,okra,Tenkasi,1,0.82,22.95
2024-02-01,tomato,Tirunelveli,2,0.82,23.43
2024-02-01,tomato,Madurai,2,0.94,26.3
2024-02-01,tomato,Nagercoil,2,1.28,33.71
2024-02-01,tomato,Tuticorin,2,1.09,33.77
2024-02-01,tomato,Tenkasi,2,1.06,28.69
2024-02-01,brinjal,Tirunelveli,2,0.98,25.71
2024-02-01,brinjal,Madurai,2,1.25,33.12
2024-02-01,brinjal,Nagercoil,2,1.04,25.2
2024-02-01,brinjal,Tuticorin,2,1.05,26.68
2024-02-01,brinjal,Tenkasi,2,0.89,20.21
2024-02-01,onion,Tirunelveli,2,0.97,32.19
2024-02-01,onion,Madurai,2,0.84,28.99
2024-02-01,onion,Nagercoil,2,0.83,28.3
2024-02-01,onion,Tuticorin,2,1.0,35.12
2024-02-01,onion,Tenkasi,2,1.21,40.14
2024-02-01,carrot,Tirunelveli,2,1.15,37.72
2024-02-01,carrot,Madurai,2,1.19,36.08
2024-02-01,carrot,Nagercoil,2,1.24,39.8
2024-02-01,carrot,Tuticorin,2,1.07,32.98
2024-02-01,carrot,Tenkasi,2,0.82,23.4
2024-02-01,cabbage,Tirunelveli,2,0.86,18.61
2024-02-01,cabbage,Madurai,2,0.83,12.99
2024-02-01,cabbage,Nagercoil,2,1.29,25.07
2024-02-01,cabbage,Tuticorin,2,0.95,17.83
2024-02-01,cabbage,Tenkasi,2,0.92,20.44
2024-02-01,potato,Tirunelveli,2,1.22,34.43
2024-02-01,potato,Madurai,2,1.01,25.83
2024-02-01,potato,Nagercoil,2,1.16,29.56
2024-02-01,potato,Tuticorin,2,1.21,32.08
2024-02-01,potato,Tenkasi,2,1.25,32.22
2024-02-01,beans,Tirunelveli,2,1.2,49.78
2024-02-01,beans,Madurai,2,1.13,42.13
2024-02-01,beans,Nagercoil,2,0.84,35.89
2024-02-01,beans,Tuticorin,2,0.88,35.52
2024-02-01,beans,Tenkasi,2,1.19,47.93
2024-02-01,okra,Tirunelveli,2,0.82,24.28
2024-02-01,okra,Madurai,2,0.93,25.02
2024-02-01,okra,Nagercoil,2,1.16,35.19
2024-02-01,okra,Tuticorin,2,1.18,34.7
2024-02-01,okra,Tenkasi,2,1.05,29.54
2024-02-02,tomato,Tirunelveli,2,0.98,29.44
2024-02-02,tomato,Madurai,2,1.03,30.61
2024-02-02,tomato,Nagercoil,2,1.26,37.24
2024-02-02,tomato,Tuticorin,2,1.23,36.15
2024-02-02,tomato,Tenkasi,2,0.94,25.67
2024-02-02,brinjal,Tirunelveli,2,0.97,24.99
2024-02-02,brinjal,Madurai,2,0.97,25.64
2024-02-02,brinjal,Nagercoil,2,1.08,28.28
2024-02-02,brinjal,Tuticorin,2,1.27,28.07
2024-02-02,brinjal,Tenkasi,2,0.88,21.8
2024-02-02,onion,Tirunelveli,2,1.19,39.37
2024-02-02,onion,Madurai,2,0.81,29.71
2024-02-02,onion,Nagercoil,2,1.22,41.25
2024-02-02,onion,Tuticorin,2,0.92,31.78
2024-02-02,onion,Tenkasi,2,1.15,39.35
2024-02-02,carrot,Tirunelveli,2,1.28,42.59
2024-02-02,carrot,Madurai,2,0.83,28.86
2024-02-02,carrot,Nagercoil,2,1.23,39.02
2024-02-02,carrot,Tuticorin,2,0.89,28.51
2024-02-02,carrot,Tenkasi,2,1.0,33.66
2024-02-02,cabbage,Tirunelveli,2,0.87,15.93
2024-02-02,cabbage,Madurai,2,1.24,23.61
2024-02-02,cabbage,Nagercoil,2,1.14,22.14
2024-02-02,cabbage,Tuticorin,2,1.11,23.78
2024-02-02,cabbage,Tenkasi,2,1.09,22.19
2024-02-02,potato,Tirunelveli,2,0.94,24.63
2024-02-02,potato,Madurai,2,0.95,27.73
2024-02-02,potato,Nagercoil,2,0.97,23.95
2024-02-02,potato,Tuticorin,2,1.17,30.6
2024-02-02,potato,Tenkasi,2,1.19,32.09
2024-02-02,beans,Tirunelveli,2,0.94,40.01
2024-02-02,beans,Madurai,2,0.97,37.22
2024-02-02,beans,Nagercoil,2,0.83,33.57
2024-02-02,beans,Tuticorin,2,1.12,44.1
2024-02-02,beans,Tenkasi,2,1.14,43.14
2024-02-02,okra,Tirunelveli,2,1.01,30.43
2024-02-02,okra,Madurai,2,1.18,34.09
2024-02-02,okra,Nagercoil,2,0.94,26.77
2024-02-02,okra,Tuticorin,2,1.02,27.86
2024-02-02,okra,Tenkasi,2,1.29,37.88
2024-02-03,tomato,Tirunelveli,2,0.86,26.47
2024-02-03,tomato,Madurai,2,1.15,31.63
2024-02-03,tomato,Nagercoil,2,1.01,26.91
2024-02-03,tomato,Tuticorin,2,0.93,23.84
2024-02-03,tomato,Tenkasi,2,0.9,22.88
2024-02-03,brinjal,Tirunelveli,2,0.94,23.27
2024-02-03,brinjal,Madurai,2,1.13,28.18
2024-02-03,brinjal,Nagercoil,2,0.84,21.44
2024-02-03,brinjal,Tuticorin,2,0.84,20.7
2024-02-03,brinjal,Tenkasi,2,0.85,21.31
2024-02-03,onion,Tirunelveli,2,1.1,39.52
2024-02-03,onion,Madurai,2,0.93,33.52
2024-02-03,onion,Nagercoil,2,0.81,29.16
2024-02-03,onion,Tuticorin,2,1.11,38.98
2024-02-03,onion,Tenkasi,2,0.96,33.4
2024-02-03,carrot,Tirunelveli,2,1.23,36.71
2024-02-03,carrot,Madurai,2,1.27,39.96
2024-02-03,carrot,Nagercoil,2,1.09,35.02
2024-02-03,carrot,Tuticorin,2,1.15,35.1
2024-02-03,carrot,Tenkasi,2,0.81,28.1
2024-02-03,cabbage,Tirunelveli,2,1.09,21.71
2024-02-03,cabbage,Madurai,2,1.28,23.57
2024-02-03,cabbage,Nagercoil,2,1.0,19.75
2024-02-03,cabbage,Tuticorin,2,1.14,23.74
2024-02-03,cabbage,Tenkasi,2,1.29,24.91
2024-02-03,potato,Tirunelveli,2,1.17,31.63
2024-02-03,potato,Madurai,2,1.26,31.69
2024-02-03,potato,Nagercoil,2,1.02,26.93
2024-02-03,potato,Tuticorin,2,1.16,31.53
2024-02-03,potato,Tenkasi,2,1.11,29.88
2024-02-03,beans,Tirunelveli,2,1.12,45.46
2024-02-03,beans,Madurai,2,0.85,31.98
2024-02-03,beans,Nagercoil,2,0.9,36.12
2024-02-03,beans,Tuticorin,2,0.81,32.76
2024-02-03,beans,Tenkasi,2,0.92,35.5
2024-02-03,okra,Tirunelveli,2,0.92,25.83
2024-02-03,okra,Madurai,2,0.83,26.98
2024-02-03,okra,Nagercoil,2,1.1,31.96
2024-02-03,okra,Tuticorin,2,1.14,34.0
2024-02-03,okra,Tenkasi,2,1.21,36.27
2024-02-04,tomato,Tirunelveli,2,1.27,33.67
2024-02-04,tomato,Madurai,2,1.11,31.62
2024-02-04,tomato,Nagercoil,2,1.17,33.32
2024-02-04,tomato,Tuticorin,2,0.83,26.13
2024-02-04,tomato,Tenkasi,2,0.99,28.07
2024-02-04,brinjal,Tirunelveli,2,1.07,27.73
2024-02-04,brinjal,Madurai,2,0.93,24.44
2024-02-04,brinjal,Nagercoil,2,1.13,27.77
2024-02-04,brinjal,Tuticorin,2,1.19,32.88
2024-02-04,brinjal,Tenkasi,2,0.92,21.85
2024-02-04,onion,Tirunelveli,2,1.15,36.65
2024-02-04,onion,Madurai,2,1.12,35.07
2024-02-04,onion,Nagercoil,2,1.27,42.27
2024-02-04,onion,Tuticorin,2,0.81,24.83
2024-02-04,onion,Tenkasi,2,0.95,31.18
2024-02-04,carrot,Tirunelveli,2,1.05,33.08
2024-02-04,carrot,Madurai,2,1.26,40.35
2024-02-04,carrot,Nagercoil,2,1.0,31.23
2024-02-04,carrot,Tuticorin,2,1.13,34.62
2024-02-04,carrot,Tenkasi,2,0.88,27.11
2024-02-04,cabbage,Tirunelveli,2,0.84,17.8
2024-02-04,cabbage,Madurai,2,1.24,23.68
2024-02-04,cabbage,Nagercoil,2,1.21,23.51
2024-02-04,cabbage,Tuticorin,2,0.94,19.71
2024-02-04,cabbage,Tenkasi,2,0.95,19.57
2024-02-04,potato,Tirunelveli,2,1.07,26.47
2024-02-04,potato,Madurai,2,0.98,28.11
2024-02-04,potato,Nagercoil,2,1.19,31.7
2024-02-04,potato,Tuticorin,2,0.95,24.15
2024-02-04,potato,Tenkasi,2,1.05,26.5
2024-02-04,beans,Tirunelveli,2,1.27,51.84
2024-02-04,beans,Madurai,2,1.05,38.38
2024-02-04,beans,Nagercoil,2,0.9,36.1
2024-02-04,beans,Tuticorin,2,1.22,49.48
2024-02-04,beans,Tenkasi,2,1.23,48.03
2024-02-04,okra,Tirunelveli,2,1.11,34.86
2024-02-04,okra,Madurai,2,0.88,24.38
2024-02-04,okra,Nagercoil,2,1.15,34.5
2024-02-04,okra,Tuticorin,2,0.91,27.04
2024-02-04,okra,Tenkasi,2,0.88,28.49
2024-02-05,tomato,Tirunelveli,2,0.84,23.36
2024-02-05,tomato,Madurai,2,0.98,28.24
2024-02-05,tomato,Nagercoil,2,0.85,24.24
2024-02-05,tomato,Tuticorin,2,1.1,28.89
2024-02-05,tomato,Tenkasi,2,0.92,25.84
2024-02-05,brinjal,Tirunelveli,2,0.92,21.91
2024-02-05,brinjal,Madurai,2,0.91,22.78
2024-02-05,brinjal,Nagercoil,2,1.08,27.48
2024-02-05,brinjal,Tuticorin,2,1.01,27.07
2024-02-05,brinjal,Tenkasi,2,1.15,25.05
2024-02-05,onion,Tirunelveli,2,1.15,39.02
2024-02-05,onion,Madurai,2,1.01,32.15
2024-02-05,onion,Nagercoil,2,1.24,42.7
2024-02-05,onion,Tuticorin,2,0.86,32.4
2024-02-05,onion,Tenkasi,2,1.1,36.88
2024-02-05,carrot,Tirunelveli,2,0.87,26.39
2024-02-05,carrot,Madurai,2,1.15,35.55
2024-02-05,carrot,Nagercoil,2,1.25,37.55
2024-02-05,carrot,Tuticorin,2,0.9,24.51
2024-02-05,carrot,Tenkasi,2,0.81,25.99
2024-02-05,cabbage,Tirunelveli,2,1.2,24.26
2024-02-05,cabbage,Madurai,2,1.08,20.82
2024-02-05,cabbage,Nagercoil,2,1.11,21.02
2024-02-05,cabbage,Tuticorin,2,0.8,17.63
2024-02-05,cabbage,Tenkasi,2,1.16,25.49
2024-02-05,potato,Tirunelveli,2,1.21,33.03
2024-02-05,potato,Madurai,2,1.22,30.0
2024-02-05,potato,Nagercoil,2,1.2,32.15
2024-02-05,potato,Tuticorin,2,1.03,28.31
2024-02-05,potato,Tenkasi,2,1.24,33.21
2024-02-05,beans,Tirunelveli,2,1.03,40.58
2024-02-05,beans,Madurai,2,1.2,46.48
2024-02-05,beans,Nagercoil,2,1.25,49.05
2024-02-05,beans,Tuticorin,2,1.07,43.76
2024-02-05,beans,Tenkasi,2,1.28,51.07
2024-02-05,okra,Tirunelveli,2,0.84,23.75
2024-02-05,okra,Madurai,2,0.99,28.57
2024-02-05,okra,Nagercoil,2,1.3,40.17
2024-02-05,okra,Tuticorin,2,1.08,30.1
2024-02-05,okra,Tenkasi,2,0.98,27.62
2024-02-06,tomato,Tirunelveli,2,0.99,27.58
2024-02-06,tomato,Madurai,2,1.03,28.23
2024-02-06,tomato,Nagercoil,2,1.16,34.74
2024-02-06,tomato,Tuticorin,2,0.8,24.17
2024-02-06,tomato,Tenkasi,2,0.91,25.36
2024-02-06,brinjal,Tirunelveli,2,0.8,23.12
2024-02-06,brinjal,Madurai,2,1.2,30.29
2024-02-06,brinjal,Nagercoil,2,0.83,22.98
2024-02-06,brinjal,Tuticorin,2,1.18,31.51
2024-02-06,brinjal,Tenkasi,2,1.18,29.85
2024-02-06,onion,Tirunelveli,2,1.2,39.01
2024-02-06,onion,Madurai,2,1.14,38.58
2024-02-06,onion,Nagercoil,2,1.11,36.55
2024-02-06,onion,Tuticorin,2,0.9,31.22
2024-02-06,onion,Tenkasi,2,1.25,42.74
2024-02-06,carrot,Tirunelveli,2,1.18,37.64
2024-02-06,carrot,Madurai,2,1.1,35.93
2024-02-06,carrot,Nagercoil,2,1.09,34.93
2024-02-06,carrot,Tuticorin,2,1.12,35.17
2024-02-06,carrot,Tenkasi,2,1.16,34.82
2024-02-06,cabbage,Tirunelveli,2,0.94,18.08
2024-02-06,cabbage,Madurai,2,0.92,17.21
2024-02-06,cabbage,Nagercoil,2,0.91,19.73
2024-02-06,cabbage,Tuticorin,2,1.05,21.19
2024-02-06,cabbage,Tenkasi,2,0.89,18.52
2024-02-06,potato,Tirunelveli,2,0.99,26.17
2024-02-06,potato,Madurai,2,1.21,34.5
2024-02-06,potato,Nagercoil,2,0.94,26.28
2024-02-06,potato,Tuticorin,2,1.15,31.23
2024-02-06,potato,Tenkasi,2,1.12,30.24
2024-02-06,beans,Tirunelveli,2,0.96,36.83
2024-02-06,beans,Madurai,2,1.15,44.46
2024-02-06,beans,Nagercoil,2,0.91,33.67
2024-02-06,beans,Tuticorin,2,1.13,45.65
2024-02-06,beans,Tenkasi,2,1.21,48.82
2024-02-06,okra,Tirunelveli,2,0.89,27.4
2024-02-06,okra,Madurai,2,0.84,23.38
2024-02-06,okra,Nagercoil,2,1.02,32.0
2024-02-06,okra,Tuticorin,2,0.82,23.46
2024-02-06,okra,Tenkasi,2,1.08,32.43
2024-02-07,tomato,Tirunelveli,2,0.82,21.3
2024-02-07,tomato,Madurai,2,1.25,37.03
2024-02-07,tomato,Nagercoil,2,1.24,36.15
2024-02-07,tomato,Tuticorin,2,1.3,36.23
2024-02-07,tomato,Tenkasi,2,1.21,33.55
2024-02-07,brinjal,Tirunelveli,2,1.09,28.02
2024-02-07,brinjal,Madurai,2,0.83,22.46
2024-02-07,brinjal,Nagercoil,2,1.2,28.7
2024-02-07,brinjal,Tuticorin,2,1.23,30.4
2024-02-07,brinjal,Tenkasi,2,0.87,20.75
2024-02-07,onion,Tirunelveli,2,0.81,29.32
2024-02-07,onion,Madurai,2,1.08,35.82
2024-02-07,onion,Nagercoil,2,0.96,30.62
2024-02-07,onion,Tuticorin,2,0.81,28.4
2024-02-07,onion,Tenkasi,2,1.18,42.07
2024-02-07,carrot,Tirunelveli,2,0.82,26.87
2024-02-07,carrot,Madurai,2,1.22,40.16
2024-02-07,carrot,Nagercoil,2,1.11,38.22
2024-02-07,carrot,Tuticorin,2,1.23,41.43
2024-02-07,carrot,Tenkasi,2,1.3,43.61
2024-02-07,cabbage,Tirunelveli,2,1.18,26.62
2024-02-07,cabbage,Madurai,2,0.99,19.49
2024-02-07,cabbage,Nagercoil,2,0.91,19.65
2024-02-07,cabbage,Tuticorin,2,1.26,25.96
2024-02-07,cabbage,Tenkasi,2,0.97,17.54
2024-02-07,potato,Tirunelveli,2,1.3,35.41
2024-02-07,potato,Madurai,2,1.29,36.67
2024-02-07,potato,Nagercoil,2,1.16,32.21
2024-02-07,potato,Tuticorin,2,1.1,29.64
2024-02-07,potato,Tenkasi,2,1.14,29.86
2024-02-07,beans,Tirunelveli,2,1.14,45.87
2024-02-07,beans,Madurai,2,0.88,34.71
2024-02-07,beans,Nagercoil,2,1.05,43.2
2024-02-07,beans,Tuticorin,2,1.12,46.08
2024-02-07,beans,Tenkasi,2,0.94,37.69
2024-02-07,okra,Tirunelveli,2,1.1,30.77
2024-02-07,okra,Madurai,2,0.89,25.54
2024-02-07,okra,Nagercoil,2,1.13,36.04
2024-02-07,okra,Tuticorin,2,1.22,36.59
2024-02-07,okra,Tenkasi,2,1.15,35.78
2024-02-08,tomato,Tirunelveli,2,1.22,32.97
2024-02-08,tomato,Madurai,2,1.0,32.87
2024-02-08,tomato,Nagercoil,2,0.88,22.29
2024-02-08,tomato,Tuticorin,2,1.26,36.42
2024-02-08,tomato,Tenkasi,2,1.09,28.23
2024-02-08,brinjal,Tirunelveli,2,0.83,22.2
2024-02-08,brinjal,Madurai,2,0.82,19.07
2024-02-08,brinjal,Nagercoil,2,1.1,27.21
2024-02-08,brinjal,Tuticorin,2,1.24,31.33
2024-02-08,brinjal,Tenkasi,2,0.91,23.71
2024-02-08,onion,Tirunelveli,2,1.23,41.49
2024-02-08,onion,Madurai,2,1.17,39.93
2024-02-08,onion,Nagercoil,2,0.94,32.41
2024-02-08,onion,Tuticorin,2,1.03,35.11
2024-02-08,onion,Tenkasi,2,1.22,41.21
2024-02-08,carrot,Tirunelveli,2,0.83,25.64
2024-02-08,carrot,Madurai,2,1.29,41.25
2024-02-08,carrot,Nagercoil,2,1.27,40.61
2024-02-08,carrot,Tuticorin,2,0.84,25.66
2024-02-08,carrot,Tenkasi,2,0.91,28.38
2024-02-08,cabbage,Tirunelveli,2,0.91,16.01
2024-02-08,cabbage,Madurai,2,0.85,16.95
2024-02-08,cabbage,Nagercoil,2,0.88,15.42
2024-02-08,cabbage,Tuticorin,2,1.2,23.69
2024-02-08,cabbage,Tenkasi,2,0.96,18.07
2024-02-08,potato,Tirunelveli,2,0.86,22.31
2024-02-08,potato,Madurai,2,0.93,27.23
2024-02-08,potato,Nagercoil,2,0.83,20.83
2024-02-08,potato,Tuticorin,2,0.91,23.98
2024-02-08,potato,Tenkasi,2,0.97,26.84
2024-02-08,beans,Tirunelveli,2,1.23,45.86
2024-02-08,beans,Madurai,2,1.08,42.55
2024-02-08,beans,Nagercoil,2,1.2,47.89
2024-02-08,beans,Tuticorin,2,1.05,40.04
2024-02-08,beans,Tenkasi,2,0.87,32.35
2024-02-08,okra,Tirunelveli,2,1.04,31.84
2024-02-08,okra,Madurai,2,0.84,21.88
2024-02-08,okra,Nagercoil,2,1.21,34.99
2024-02-08,okra,Tuticorin,2,0.83,22.56
2024-02-08,okra,Tenkasi,2,1.16,30.67
2024-02-09,tomato,Tirunelveli,2,1.09,32.4
2024-02-09,tomato,Madurai,2,1.23,35.8
2024-02-09,tomato,Nagercoil,2,0.96,28.87
2024-02-09,tomato,Tuticorin,2,1.29,36.78
2024-02-09,tomato,Tenkasi,2,1.24,33.38
2024-02-09,brinjal,Tirunelveli,2,1.04,25.22
2024-02-09,brinjal,Madurai,2,1.17,24.12
2024-02-09,brinjal,Nagercoil,2,1.22,28.1
2024-02-09,brinjal,Tuticorin,2,0.98,23.97
2024-02-09,brinjal,Tenkasi,2,0.96,25.55
2024-02-09,onion,Tirunelveli,2,1.03,34.07
2024-02-09,onion,Madurai,2,0.9,30.96
2024-02-09,onion,Nagercoil,2,1.28,43.64
2024-02-09,onion,Tuticorin,2,1.09,35.05
2024-02-09,onion,Tenkasi,2,1.04,33.57
2024-02-09,carrot,Tirunelveli,2,1.08,35.04
2024-02-09,carrot,Madurai,2,0.99,29.86
2024-02-09,carrot,Nagercoil,2,1.09,34.94
2024-02-09,carrot,Tuticorin,2,0.89,26.88
2024-02-09,carrot,Tenkasi,2,0.89,27.13
2024-02-09,cabbage,Tirunelveli,2,1.21,25.24
2024-02-09,cabbage,Madurai,2,1.28,25.85
2024-02-09,cabbage,Nagercoil,2,1.09,21.55
2024-02-09,cabbage,Tuticorin,2,1.2,22.89
2024-02-09,cabbage,Tenkasi,2,0.98,20.18
2024-02-09,potato,Tirunelveli,2,1.22,31.89
2024-02-09,potato,Madurai,2,1.2,33.27
2024-02-09,potato,Nagercoil,2,0.91,23.22
2024-02-09,potato,Tuticorin,2,0.91,24.11
2024-02-09,potato,Tenkasi,2,0.93,26.07
2024-02-09,beans,Tirunelveli,2,0.8,32.09
2024-02-09,beans,Madurai,2,1.11,44.6
2024-02-09,beans,Nagercoil,2,1.18,46.26
2024-02-09,beans,Tuticorin,2,0.98,36.81
2024-02-09,beans,Tenkasi,2,0.85,34.74
2024-02-09,okra,Tirunelveli,2,0.82,24.05
2024-02-09,okra,Madurai,2,0.95,26.8
2024-02-09,okra,Nagercoil,2,1.25,35.75
2024-02-09,okra,Tuticorin,2,1.03,32.76
2024-02-09,okra,Tenkasi,2,0.88,25.46
2024-02-10,tomato,Tirunelveli,2,1.04,32.39
2024-02-10,tomato,Madurai,2,1.3,34.61
2024-02-10,tomato,Nagercoil,2,1.18,35.22
2024-02-10,tomato,Tuticorin,2,0.89,24.46
2024-02-10,tomato,Tenkasi,2,0.82,22.13
2024-02-10,brinjal,Tirunelveli,2,1.06,24.57
2024-02-10,brinjal,Madurai,2,1.11,27.56
2024-02-10,brinjal,Nagercoil,2,1.05,27.45
2024-02-10,brinjal,Tuticorin,2,0.83,20.6
2024-02-10,brinjal,Tenkasi,2,1.02,24.56
2024-02-10,onion,Tirunelveli,2,1.22,39.01
2024-02-10,onion,Madurai,2,0.82,27.51
2024-02-10,onion,Nagercoil,2,1.16,39.77
2024-02-10,onion,Tuticorin,2,0.94,30.54
2024-02-10,onion,Tenkasi,2,0.89,31.89
2024-02-10,carrot,Tirunelveli,2,1.0,30.78
2024-02-10,carrot,Madurai,2,1.18,37.67
2024-02-10,carrot,Nagercoil,2,0.92,28.39
2024-02-10,carrot,Tuticorin,2,1.14,37.14
2024-02-10,carrot,Tenkasi,2,0.99,31.61
2024-02-10,cabbage,Tirunelveli,2,0.83,19.24
2024-02-10,cabbage,Madurai,2,0.92,18.86
2024-02-10,cabbage,Nagercoil,2,0.97,20.54
2024-02-10,cabbage,Tuticorin,2,0.93,19.26
2024-02-10,cabbage,Tenkasi,2,1.11,20.73
2024-02-10,potato,Tirunelveli,2,1.22,34.91
2024-02-10,potato,Madurai,2,1.27,35.03
2024-02-10,potato,Nagercoil,2,0.94,26.26
2024-02-10,potato,Tuticorin,2,0.94,27.0
2024-02-10,potato,Tenkasi,2,1.11,31.69
2024-02-10,beans,Tirunelveli,2,1.3,49.58
2024-02-10,beans,Madurai,2,0.84,31.28
2024-02-10,beans,Nagercoil,2,1.02,39.16
2024-02-10,beans,Tuticorin,2,1.22,46.26
2024-02-10,beans,Tenkasi,2,1.27,49.43
2024-02-10,okra,Tirunelveli,2,1.26,35.41
2024-02-10,okra,Madurai,2,0.83,22.77
2024-02-10,okra,Nagercoil,2,1.28,38.17
2024-02-10,okra,Tuticorin,2,1.02,27.59
2024-02-10,okra,Tenkasi,2,1.04,30.43
2024-02-11,tomato,Tirunelveli,2,1.13,33.18
2024-02-11,tomato,Madurai,2,1.09,31.98
2024-02-11,tomato,Nagercoil,2,1.25,36.22
2024-02-11,tomato,Tuticorin,2,0.83,24.43
2024-02-11,tomato,Tenkasi,2,0.8,23.65
2024-02-11,brinjal,Tirunelveli,2,1.01,23.32
2024-02-11,brinjal,Madurai,2,1.0,24.48
2024-02-11,brinjal,Nagercoil,2,1.15,29.37
2024-02-11,brinjal,Tuticorin,2,0.94,22.51
2024-02-11,brinjal,Tenkasi,2,0.97,23.4
2024-02-11,onion,Tirunelveli,2,1.01,34.75
2024-02-11,onion,Madurai,2,0.94,34.57
2024-02-11,onion,Nagercoil,2,1.05,36.64
2024-02-11,onion,Tuticorin,2,1.02,32.03
2024-02-11,onion,Tenkasi,2,0.88,30.09
2024-02-11,carrot,Tirunelveli,2,1.25,38.07
2024-02-11,carrot,Madurai,2,0.97,32.03
2024-02-11,carrot,Nagercoil,2,1.27,41.92
2024-02-11,carrot,Tuticorin,2,1.21,41.16
2024-02-11,carrot,Tenkasi,2,1.25,40.74
2024-02-11,cabbage,Tirunelveli,2,1.0,21.03
2024-02-11,cabbage,Madurai,2,0.85,18.09
2024-02-11,cabbage,Nagercoil,2,1.09,20.59
2024-02-11,cabbage,Tuticorin,2,1.29,26.1
2024-02-11,cabbage,Tenkasi,2,0.91,18.68
2024-02-11,potato,Tirunelveli,2,1.17,30.69
2024-02-11,potato,Madurai,2,0.82,22.77
2024-02-11,potato,Nagercoil,2,0.85,26.22
2024-02-11,potato,Tuticorin,2,0.89,21.42
2024-02-11,potato,Tenkasi,2,1.27,35.29
2024-02-11,beans,Tirunelveli,2,1.21,47.73
2024-02-11,beans,Madurai,2,0.97,39.18
2024-02-11,beans,Nagercoil,2,0.83,32.83
2024-02-11,beans,Tuticorin,2,1.03,40.24
2024-02-11,beans,Tenkasi,2,0.91,33.99
2024-02-11,okra,Tirunelveli,2,1.09,32.97
2024-02-11,okra,Madurai,2,0.98,29.42
2024-02-11,okra,Nagercoil,2,1.04,31.16
2024-02-11,okra,Tuticorin,2,0.98,30.39
2024-02-11,okra,Tenkasi,2,0.96,27.54
2024-02-12,tomato,Tirunelveli,2,0.9,25.45
2024-02-12,tomato,Madurai,2,1.04,28.13
2024-02-12,tomato,Nagercoil,2,1.22,33.64
2024-02-12,tomato,Tuticorin,2,1.2,32.06
2024-02-12,tomato,Tenkasi,2,1.21,33.04
2024-02-12,brinjal,Tirunelveli,2,0.95,20.3
2024-02-12,brinjal,Madurai,2,1.27,31.98
2024-02-12,brinjal,Nagercoil,2,0.82,23.23
2024-02-12,brinjal,Tuticorin,2,1.04,24.08
2024-02-12,brinjal,Tenkasi,2,1.13,27.58
2024-02-12,onion,Tirunelveli,2,1.29,46.16
2024-02-12,onion,Madurai,2,0.83,29.03
2024-02-12,onion,Nagercoil,2,1.01,34.6
2024-02-12,onion,Tuticorin,2,1.27,41.66
2024-02-12,onion,Tenkasi,2,1.13,38.01
2024-02-12,carrot,Tirunelveli,2,1.08,33.08
2024-02-12,carrot,Madurai,2,1.0,32.29
2024-02-12,carrot,Nagercoil,2,1.11,35.63
2024-02-12,carrot,Tuticorin,2,0.99,30.52
2024-02-12,carrot,Tenkasi,2,0.98,30.49
2024-02-12,cabbage,Tirunelveli,2,1.01,22.21
2024-02-12,cabbage,Madurai,2,0.84,18.91
2024-02-12,cabbage,Nagercoil,2,1.0,19.72
2024-02-12,cabbage,Tuticorin,2,1.21,24.16
2024-02-12,cabbage,Tenkasi,2,0.82,14.9
2024-02-12,potato,Tirunelveli,2,1.24,33.18
2024-02-12,potato,Madurai,2,1.08,29.27
2024-02-12,potato,Nagercoil,2,1.17,29.25
2024-02-12,potato,Tuticorin,2,1.28,35.22
2024-02-12,potato,Tenkasi,2,1.27,33.98
2024-02-12,beans,Tirunelveli,2,1.26,51.81
2024-02-12,beans,Madurai,2,1.0,41.75
2024-02-12,beans,Nagercoil,2,1.18,49.5
2024-02-12,beans,Tuticorin,2,1.01,40.64
2024-02-12,beans,Tenkasi,2,1.17,45.65
2024-02-12,okra,Tirunelveli,2,1.22,36.15
2024-02-12,okra,Madurai,2,1.07,31.09
2024-02-12,okra,Nagercoil,2,0.99,30.82
2024-02-12,okra,Tuticorin,2,1.26,37.93
2024-02-12,okra,Tenkasi,2,1.04,29.9
2024-02-13,tomato,Tirunelveli,2,1.06,30.87
2024-02-13,tomato,Madurai,2,0.96,24.54
2024-02-13,tomato,Nagercoil,2,0.82,25.41
2024-02-13,tomato,Tuticorin,2,0.97,26.44
2024-02-13,tomato,Tenkasi,2,1.14,34.1
2024-02-13,brinjal,Tirunelveli,2,0.93,22.48
2024-02-13,brinjal,Madurai,2,1.3,32.31
2024-02-13,brinjal,Nagercoil,2,1.13,27.58
2024-02-13,brinjal,Tuticorin,2,1.14,29.1
2024-02-13,brinjal,Tenkasi,2,0.91,20.93
2024-02-13,onion,Tirunelveli,2,0.95,28.95
2024-02-13,onion,Madurai,2,0.88,31.73
2024-02-13,onion,Nagercoil,2,0.89,32.26
2024-02-13,onion,Tuticorin,2,1.25,41.62
2024-02-13,onion,Tenkasi,2,0.84,27.28
2024-02-13,carrot,Tirunelveli,2,0.81,25.24
2024-02-13,carrot,Madurai,2,1.13,34.08
2024-02-13,carrot,Nagercoil,2,0.92,29.52
2024-02-13,carrot,Tuticorin,2,0.81,25.12
2024-02-13,carrot,Tenkasi,2,1.23,38.29
2024-02-13,cabbage,Tirunelveli,2,1.26,24.8
2024-02-13,cabbage,Madurai,2,0.82,16.51
2024-02-13,cabbage,Nagercoil,2,1.09,21.57
2024-02-13,cabbage,Tuticorin,2,1.09,22.08
2024-02-13,cabbage,Tenkasi,2,0.81,15.37
2024-02-13,potato,Tirunelveli,2,0.82,23.75
2024-02-13,potato,Madurai,2,1.09,30.19
2024-02-13,potato,Nagercoil,2,1.07,28.96
2024-02-13,potato,Tuticorin,2,0.94,23.9
2024-02-13,potato,Tenkasi,2,1.25,35.36
2024-02-13,beans,Tirunelveli,2,0.99,38.1
2024-02-13,beans,Madurai,2,1.01,40.17
2024-02-13,beans,Nagercoil,2,1.22,47.21
2024-02-13,beans,Tuticorin,2,0.91,37.09
2024-02-13,beans,Tenkasi,2,1.21,44.82
2024-02-13,okra,Tirunelveli,2,1.24,35.38
2024-02-13,okra,Madurai,2,0.84,25.74
2024-02-13,okra,Nagercoil,2,0.83,23.09
2024-02-13,okra,Tuticorin,2,1.05,27.84
2024-02-13,okra,Tenkasi,2,1.0,28.28
2024-02-14,tomato,Tirunelveli,2,1.06,30.46
2024-02-14,tomato,Madurai,2,1.2,32.19
2024-02-14,tomato,Nagercoil,2,1.18,33.08
2024-02-14,tomato,Tuticorin,2,0.93,26.13
2024-02-14,tomato,Tenkasi,2,0.98,30.24
2024-02-14,brinjal,Tirunelveli,2,0.83,19.29
2024-02-14,brinjal,Madurai,2,0.82,22.67
2024-02-14,brinjal,Nagercoil,2,0.9,21.0
2024-02-14,brinjal,Tuticorin,2,1.12,28.64
2024-02-14,brinjal,Tenkasi,2,1.25,30.53
2024-02-14,onion,Tirunelveli,2,0.95,31.45
2024-02-14,onion,Madurai,2,0.92,29.05
2024-02-14,onion,Nagercoil,2,1.14,39.29
2024-02-14,onion,Tuticorin,2,1.21,42.55
2024-02-14,onion,Tenkasi,2,1.0,34.57
2024-02-14,carrot,Tirunelveli,2,0.98,29.97
2024-02-14,carrot,Madurai,2,1.14,35.36
2024-02-14,carrot,Nagercoil,2,1.3,40.7
2024-02-14,carrot,Tuticorin,2,0.88,28.69
2024-02-14,carrot,Tenkasi,2,1.09,36.12
2024-02-14,cabbage,Tirunelveli,2,1.23,24.66
2024-02-14,cabbage,Madurai,2,1.11,19.83
2024-02-14,cabbage,Nagercoil,2,1.01,17.7
2024-02-14,cabbage,Tuticorin,2,1.08,20.83
2024-02-14,cabbage,Tenkasi,2,1.23,26.31
2024-02-14,potato,Tirunelveli,2,1.08,30.05
2024-02-14,potato,Madurai,2,1.19,33.26
2024-02-14,potato,Nagercoil,2,0.93,24.04
2024-02-14,potato,Tuticorin,2,1.23,32.75
2024-02-14,potato,Tenkasi,2,1.14,32.21
2024-02-14,beans,Tirunelveli,2,1.1,45.82
2024-02-14,beans,Madurai,2,1.09,44.39
2024-02-14,beans,Nagercoil,2,1.01,41.5
2024-02-14,beans,Tuticorin,2,0.91,34.96
2024-02-14,beans,Tenkasi,2,1.15,46.26
2024-02-14,okra,Tirunelveli,2,1.17,32.5
2024-02-14,okra,Madurai,2,0.91,28.32
2024-02-14,okra,Nagercoil,2,0.82,24.65
2024-02-14,okra,Tuticorin,2,1.17,33.86
2024-02-14,okra,Tenkasi,2,1.26,33.97
2024-02-15,tomato,Tirunelveli,2,0.97,26.81
2024-02-15,tomato,Madurai,2,0.84,23.72
2024-02-15,tomato,Nagercoil,2,0.93,26.36
2024-02-15,tomato,Tuticorin,2,1.01,28.21
2024-02-15,tomato,Tenkasi,2,1.07,29.52
2024-02-15,brinjal,Tirunelveli,2,1.13,26.83
2024-02-15,brinjal,Madurai,2,1.28,34.32
2024-02-15,brinjal,Nagercoil,2,1.05,29.03
2024-02-15,brinjal,Tuticorin,2,0.83,21.04
2024-02-15,brinjal,Tenkasi,2,0.97,22.93
2024-02-15,onion,Tirunelveli,2,1.26,41.06
2024-02-15,onion,Madurai,2,1.16,38.81
2024-02-15,onion,Nagercoil,2,0.95,34.94
2024-02-15,onion,Tuticorin,2,1.25,42.74
2024-02-15,onion,Tenkasi,2,1.2,42.32
2024-02-15,carrot,Tirunelveli,2,1.27,42.01
2024-02-15,carrot,Madurai,2,0.95,30.97
2024-02-15,carrot,Nagercoil,2,1.12,33.63
2024-02-15,carrot,Tuticorin,2,1.1,36.45
2024-02-15,carrot,Tenkasi,2,1.08,32.25
2024-02-15,cabbage,Tirunelveli,2,0.97,18.62
2024-02-15,cabbage,Madurai,2,1.0,20.79
2024-02-15,cabbage,Nagercoil,2,1.16,23.12
2024-02-15,cabbage,Tuticorin,2,0.8,16.69
2024-02-15,cabbage,Tenkasi,2,1.16,21.57
2024-02-15,potato,Tirunelveli,2,0.81,20.73
2024-02-15,potato,Madurai,2,1.07,29.93
2024-02-15,potato,Nagercoil,2,0.84,27.0
2024-02-15,potato,Tuticorin,2,1.07,31.26
2024-02-15,potato,Tenkasi,2,0.99,24.58
2024-02-15,beans,Tirunelveli,2,0.92,35.96
2024-02-15,beans,Madurai,2,0.85,32.62
2024-02-15,beans,Nagercoil,2,0.89,35.09
2024-02-15,beans,Tuticorin,2,1.07,42.57
2024-02-15,beans,Tenkasi,2,1.24,48.07
2024-02-15,okra,Tirunelveli,2,0.95,29.51
2024-02-15,okra,Madurai,2,1.0,31.23
2024-02-15,okra,Nagercoil,2,0.96,29.85
2024-02-15,okra,Tuticorin,2,0.87,24.08
2024-02-15,okra,Tenkasi,2,1.09,32.49
2024-02-16,tomato,Tirunelveli,2,1.15,33.95
2024-02-16,tomato,Madurai,2,1.24,36.16
2024-02-16,tomato,Nagercoil,2,1.05,30.78
2024-02-16,tomato,Tuticorin,2,0.89,27.39
2024-02-16,tomato,Tenkasi,2,0.81,22.27
2024-02-16,brinjal,Tirunelveli,2,1.11,24.95
2024-02-16,brinjal,Madurai,2,1.22,30.01
2024-02-16,brinjal,Nagercoil,2,1.28,31.5
2024-02-16,brinjal,Tuticorin,2,0.85,25.06
2024-02-16,brinjal,Tenkasi,2,1.07,25.65
2024-02-16,onion,Tirunelveli,2,0.84,30.35
2024-02-16,onion,Madurai,2,0.92,34.5
2024-02-16,onion,Nagercoil,2,1.12,40.88
2024-02-16,onion,Tuticorin,2,0.93,31.36
2024-02-16,onion,Tenkasi,2,0.95,33.59
2024-02-16,carrot,Tirunelveli,2,1.2,38.48
2024-02-16,carrot,Madurai,2,1.09,33.33
2024-02-16,carrot,Nagercoil,2,1.12,37.5
2024-02-16,carrot,Tuticorin,2,1.03,33.58
2024-02-16,carrot,Tenkasi,2,1.08,32.73
2024-02-16,cabbage,Tirunelveli,2,0.98,19.36
2024-02-16,cabbage,Madurai,2,1.18,23.83
2024-02-16,cabbage,Nagercoil,2,1.15,25.25
2024-02-16,cabbage,Tuticorin,2,1.0,18.53
2024-02-16,cabbage,Tenkasi,2,1.18,20.58
2024-02-16,potato,Tirunelveli,2,1.27,32.6
2024-02-16,potato,Madurai,2,0.93,25.42
2024-02-16,potato,Nagercoil,2,1.28,33.37
2024-02-16,potato,Tuticorin,2,0.99,26.55
2024-02-16,potato,Tenkasi,2,1.05,27.81
2024-02-16,beans,Tirunelveli,2,0.88,31.74
2024-02-16,beans,Madurai,2,1.0,38.53
2024-02-16,beans,Nagercoil,2,0.86,33.59
2024-02-16,beans,Tuticorin,2,0.99,40.73
2024-02-16,beans,Tenkasi,2,1.13,47.67
2024-02-16,okra,Tirunelveli,2,0.83,23.24
2024-02-16,okra,Madurai,2,1.21,35.71
2024-02-16,okra,Nagercoil,2,1.28,38.29
2024-02-16,okra,Tuticorin,2,0.88,29.39
2024-02-16,okra,Tenkasi,2,1.09,31.23
2024-02-17,tomato,Tirunelveli,2,1.0,27.02
2024-02-17,tomato,Madurai,2,1.0,27.59
2024-02-17,tomato,Nagercoil,2,0.88,23.63
2024-02-17,tomato,Tuticorin,2,0.83,24.44
2024-02-17,tomato,Tenkasi,2,1.08,31.89
2024-02-17,brinjal,Tirunelveli,2,1.09,27.44
2024-02-17,brinjal,Madurai,2,0.97,24.46
2024-02-17,brinjal,Nagercoil,2,0.84,22.96
2024-02-17,brinjal,Tuticorin,2,1.08,26.61
2024-02-17,brinjal,Tenkasi,2,0.95,24.78
2024-02-17,onion,Tirunelveli,2,0.87,29.22
2024-02-17,onion,Madurai,2,1.1,35.49
2024-02-17,onion,Nagercoil,2,0.84,30.29
2024-02-17,onion,Tuticorin,2,0.84,28.95
2024-02-17,onion,Tenkasi,2,1.04,36.84
2024-02-17,carrot,Tirunelveli,2,1.19,38.35
2024-02-17,carrot,Madurai,2,0.94,30.53
2024-02-17,carrot,Nagercoil,2,0.82,24.73
2024-02-17,carrot,Tuticorin,2,1.0,35.67
2024-02-17,carrot,Tenkasi,2,1.27,40.91
2024-02-17,cabbage,Tirunelveli,2,1.14,25.18
2024-02-17,cabbage,Madurai,2,1.28,25.81
2024-02-17,cabbage,Nagercoil,2,0.81,15.61
2024-02-17,cabbage,Tuticorin,2,0.87,18.88
2024-02-17,cabbage,Tenkasi,2,1.02,18.85
2024-02-17,potato,Tirunelveli,2,0.83,24.73
2024-02-17,potato,Madurai,2,1.1,29.47
2024-02-17,potato,Nagercoil,2,0.91,25.84
2024-02-17,potato,Tuticorin,2,1.02,28.18
2024-02-17,potato,Tenkasi,2,0.98,28.29
2024-02-17,beans,Tirunelveli,2,1.2,49.36
2024-02-17,beans,Madurai,2,1.12,44.44
2024-02-17,beans,Nagercoil,2,1.19,44.87
2024-02-17,beans,Tuticorin,2,1.28,53.2
2024-02-17,beans,Tenkasi,2,1.07,40.32
2024-02-17,okra,Tirunelveli,2,1.11,33.45
2024-02-17,okra,Madurai,2,1.09,34.0
2024-02-17,okra,Nagercoil,2,1.06,32.02
2024-02-17,okra,Tuticorin,2,0.91,25.94
2024-02-17,okra,Tenkasi,2,1.02,30.34
2024-02-18,tomato,Tirunelveli,2,0.88,24.13
2024-02-18,tomato,Madurai,2,0.99,27.24
2024-02-18,tomato,Nagercoil,2,0.83,23.75
2024-02-18,tomato,Tuticorin,2,1.04,25.68
2024-02-18,tomato,Tenkasi,2,0.99,27.71
2024-02-18,brinjal,Tirunelveli,2,1.05,26.46
2024-02-18,brinjal,Madurai,2,0.83,20.85
2024-02-18,brinjal,Nagercoil,2,1.08,25.82
2024-02-18,brinjal,Tuticorin,2,1.24,31.62
2024-02-18,brinjal,Tenkasi,2,0.82,20.59
2024-02-18,onion,Tirunelveli,2,0.85,31.93
2024-02-18,onion,Madurai,2,0.82,28.78
2024-02-18,onion,Nagercoil,2,1.27,42.42
2024-02-18,onion,Tuticorin,2,0.84,29.66
2024-02-18,onion,Tenkasi,2,0.88,27.54
2024-02-18,carrot,Tirunelveli,2,0.98,31.15
2024-02-18,carrot,Madurai,2,1.29,41.44
2024-02-18,carrot,Nagercoil,2,0.87,27.76
2024-02-18,carrot,Tuticorin,2,0.99,30.17
2024-02-18,carrot,Tenkasi,2,0.8,25.53
2024-02-18,cabbage,Tirunelveli,2,1.14,21.42
2024-02-18,cabbage,Madurai,2,1.04,23.91
2024-02-18,cabbage,Nagercoil,2,1.01,20.66
2024-02-18,cabbage,Tuticorin,2,1.16,24.44
2024-02-18,cabbage,Tenkasi,2,0.96,17.39
2024-02-18,potato,Tirunelveli,2,0.85,22.16
2024-02-18,potato,Madurai,2,0.89,25.05
2024-02-18,potato,Nagercoil,2,1.07,30.67
2024-02-18,potato,Tuticorin,2,1.04,26.79
2024-02-18,potato,Tenkasi,2,1.19,30.33
2024-02-18,beans,Tirunelveli,2,1.3,52.02
2024-02-18,beans,Madurai,2,1.22,47.54
2024-02-18,beans,Nagercoil,2,0.91,33.79
2024-02-18,beans,Tuticorin,2,1.29,48.43
2024-02-18,beans,Tenkasi,2,0.89,34.32
2024-02-18,okra,Tirunelveli,2,1.17,35.85
2024-02-18,okra,Madurai,2,1.01,31.47
2024-02-18,okra,Nagercoil,2,1.2,35.74
2024-02-18,okra,Tuticorin,2,1.23,36.47
2024-02-18,okra,Tenkasi,2,0.87,25.01
2024-02-19,tomato,Tirunelveli,2,1.01,25.16
2024-02-19,tomato,Madurai,2,1.06,31.59
2024-02-19,tomato,Nagercoil,2,1.3,37.27
2024-02-19,tomato,Tuticorin,2,1.0,26.95
2024-02-19,tomato,Tenkasi,2,0.87,26.53
2024-02-19,brinjal,Tirunelveli,2,1.04,24.15
2024-02-19,brinjal,Madurai,2,1.01,26.8
2024-02-19,brinjal,Nagercoil,2,1.09,24.44
2024-02-19,brinjal,Tuticorin,2,0.88,25.75
2024-02-19,brinjal,Tenkasi,2,1.09,24.94
2024-02-19,onion,Tirunelveli,2,0.91,32.49
2024-02-19,onion,Madurai,2,1.08,35.74
2024-02-19,onion,Nagercoil,2,0.93,32.47
2024-02-19,onion,Tuticorin,2,1.2,43.28
2024-02-19,onion,Tenkasi,2,1.17,39.18
2024-02-19,carrot,Tirunelveli,2,0.87,31.08
2024-02-19,carrot,Madurai,2,0.93,32.16
2024-02-19,carrot,Nagercoil,2,1.06,31.22
2024-02-19,carrot,Tuticorin,2,0.94,29.87
2024-02-19,carrot,Tenkasi,2,0.94,29.49
2024-02-19,cabbage,Tirunelveli,2,1.17,23.84
2024-02-19,cabbage,Madurai,2,1.27,25.3
2024-02-19,cabbage,Nagercoil,2,0.89,16.71
2024-02-19,cabbage,Tuticorin,2,1.11,22.54
2024-02-19,cabbage,Tenkasi,2,1.08,22.74
2024-02-19,potato,Tirunelveli,2,1.25,30.08
2024-02-19,potato,Madurai,2,0.9,25.76
2024-02-19,potato,Nagercoil,2,1.1,30.07
2024-02-19,potato,Tuticorin,2,1.21,35.02
2024-02-19,potato,Tenkasi,2,1.26,33.42
2024-02-19,beans,Tirunelveli,2,1.09,42.09
2024-02-19,beans,Madurai,2,0.9,34.38
2024-02-19,beans,Nagercoil,2,0.92,37.3
2024-02-19,beans,Tuticorin,2,1.09,40.51
2024-02-19,beans,Tenkasi,2,1.01,38.98
2024-02-19,okra,Tirunelveli,2,0.84,25.09
2024-02-19,okra,Madurai,2,0.89,23.79
2024-02-19,okra,Nagercoil,2,0.94,27.8
2024-02-19,okra,Tuticorin,2,1.0,31.39
2024-02-19,okra,Tenkasi,2,1.2,37.01
2024-02-20,tomato,Tirunelveli,2,1.27,35.61
2024-02-20,tomato,Madurai,2,1.08,32.07
2024-02-20,tomato,Nagercoil,2,1.13,32.68
2024-02-20,tomato,Tuticorin,2,1.3,36.98
2024-02-20,tomato,Tenkasi,2,1.16,33.74
2024-02-20,brinjal,Tirunelveli,2,0.82,19.95
2024-02-20,brinjal,Madurai,2,0.92,22.34
2024-02-20,brinjal,Nagercoil,2,0.91,23.31
2024-02-20,brinjal,Tuticorin,2,0.87,21.6
2024-02-20,brinjal,Tenkasi,2,1.14,30.0
2024-02-20,onion,Tirunelveli,2,0.92,32.36
2024-02-20,onion,Madurai,2,0.96,33.59
2024-02-20,onion,Nagercoil,2,1.01,34.92
2024-02-20,onion,Tuticorin,2,0.95,32.54
2024-02-20,onion,Tenkasi,2,1.19,41.51
2024-02-20,carrot,Tirunelveli,2,1.28,42.17
2024-02-20,carrot,Madurai,2,1.0,32.11
2024-02-20,carrot,Nagercoil,2,1.16,35.61
2024-02-20,carrot,Tuticorin,2,1.09,34.44
2024-02-20,carrot,Tenkasi,2,0.96,28.06
2024-02-20,cabbage,Tirunelveli,2,1.01,22.55
2024-02-20,cabbage,Madurai,2,0.92,19.78
2024-02-20,cabbage,Nagercoil,2,1.0,19.14
2024-02-20,cabbage,Tuticorin,2,1.19,23.28
2024-02-20,cabbage,Tenkasi,2,1.25,27.53
2024-02-20,potato,Tirunelveli,2,1.25,32.82
2024-02-20,potato,Madurai,2,1.22,30.9
2024-02-20,potato,Nagercoil,2,0.83,20.81
2024-02-20,potato,Tuticorin,2,1.04,27.85
2024-02-20,potato,Tenkasi,2,0.96,25.31
2024-02-20,beans,Tirunelveli,2,1.2,47.06
2024-02-20,beans,Madurai,2,1.23,49.69
2024-02-20,beans,Nagercoil,2,1.23,47.74
2024-02-20,beans,Tuticorin,2,1.15,45.92
2024-02-20,beans,Tenkasi,2,1.27,48.62
2024-02-20,okra,Tirunelveli,2,1.05,32.7
2024-02-20,okra,Madurai,2,1.12,31.42
2024-02-20,okra,Nagercoil,2,0.96,28.13
2024-02-20,okra,Tuticorin,2,1.2,35.09
2024-02-20,okra,Tenkasi,2,1.13,33.74
2024-02-21,tomato,Tirunelveli,2,1.18,34.44
2024-02-21,tomato,Madurai,2,0.87,23.82
2024-02-21,tomato,Nagercoil,2,1.15,33.82
2024-02-21,tomato,Tuticorin,2,0.93,27.89
2024-02-21,tomato,Tenkasi,2,1.24,34.62
2024-02-21,brinjal,Tirunelveli,2,1.22,33.15
2024-02-21,brinjal,Madurai,2,0.99,25.16
2024-02-21,brinjal,Nagercoil,2,1.07,26.21
2024-02-21,brinjal,Tuticorin,2,0.89,22.37
2024-02-21,brinjal,Tenkasi,2,1.1,30.11
2024-02-21,onion,Tirunelveli,2,1.03,35.5
2024-02-21,onion,Madurai,2,1.15,39.71
2024-02-21,onion,Nagercoil,2,0.85,29.61
2024-02-21,onion,Tuticorin,2,1.15,40.34
2024-02-21,onion,Tenkasi,2,0.98,33.81
2024-02-21,carrot,Tirunelveli,2,0.86,28.0
2024-02-21,carrot,Madurai,2,1.0,31.87
2024-02-21,carrot,Nagercoil,2,1.12,35.58
2024-02-21,carrot,Tuticorin,2,0.94,31.08
2024-02-21,carrot,Tenkasi,2,1.0,30.43
2024-02-21,cabbage,Tirunelveli,2,0.87,17.72
2024-02-21,cabbage,Madurai,2,1.29,25.8
2024-02-21,cabbage,Nagercoil,2,0.98,17.97
2024-02-21,cabbage,Tuticorin,2,1.06,19.68
2024-02-21,cabbage,Tenkasi,2,1.02,20.77
2024-02-21,potato,Tirunelveli,2,1.05,30.15
2024-02-21,potato,Madurai,2,0.87,23.89
2024-02-21,potato,Nagercoil,2,1.1,28.92
2024-02-21,potato,Tuticorin,2,1.01,29.42
2024-02-21,potato,Tenkasi,2,0.9,23.77
2024-02-21,beans,Tirunelveli,2,1.21,46.36
2024-02-21,beans,Madurai,2,1.03,43.43
2024-02-21,beans,Nagercoil,2,0.93,36.84
2024-02-21,beans,Tuticorin,2,0.96,40.46
2024-02-21,beans,Tenkasi,2,1.1,43.42
2024-02-21,okra,Tirunelveli,2,1.26,37.06
2024-02-21,okra,Madurai,2,0.97,26.46
2024-02-21,okra,Nagercoil,2,0.8,22.89
2024-02-21,okra,Tuticorin,2,1.26,37.66
2024-02-21,okra,Tenkasi,2,0.88,26.99
2024-02-22,tomato,Tirunelveli,2,0.86,24.52
2024-02-22,tomato,Madurai,2,1.26,35.28
2024-02-22,tomato,Nagercoil,2,1.02,28.73
2024-02-22,tomato,Tuticorin,2,0.97,25.96
2024-02-22,tomato,Tenkasi,2,0.99,30.08
2024-02-22,brinjal,Tirunelveli,2,0.86,22.47
2024-02-22,brinjal,Madurai,2,0.82,20.17
2024-02-22,brinjal,Nagercoil,2,1.2,29.18
2024-02-22,brinjal,Tuticorin,2,0.97,26.98
2024-02-22,brinjal,Tenkasi,2,1.05,25.3
2024-02-22,onion,Tirunelveli,2,1.23,41.4
2024-02-22,onion,Madurai,2,1.29,46.13
2024-02-22,onion,Nagercoil,2,1.04,35.68
2024-02-22,onion,Tuticorin,2,1.3,41.49
2024-02-22,onion,Tenkasi,2,1.23,42.08
2024-02-22,carrot,Tirunelveli,2,0.97,29.93
2024-02-22,carrot,Madurai,2,0.8,23.29
2024-02-22,carrot,Nagercoil,2,1.21,37.49
2024-02-22,carrot,Tuticorin,2,0.97,29.05
2024-02-22,carrot,Tenkasi,2,0.92,27.82
2024-02-22,cabbage,Tirunelveli,2,0.83,17.32
2024-02-22,cabbage,Madurai,2,0.95,17.24
2024-02-22,cabbage,Nagercoil,2,1.01,21.9
2024-02-22,cabbage,Tuticorin,2,1.25,25.02
2024-02-22,cabbage,Tenkasi,2,1.05,20.2
2024-02-22,potato,Tirunelveli,2,1.28,34.15
2024-02-22,potato,Madurai,2,0.83,20.93
2024-02-22,potato,Nagercoil,2,0.96,24.45
2024-02-22,potato,Tuticorin,2,0.88,23.34
2024-02-22,potato,Tenkasi,2,1.12,30.74
2024-02-22,beans,Tirunelveli,2,0.86,34.81
2024-02-22,beans,Madurai,2,1.07,41.7
2024-02-22,beans,Nagercoil,2,0.84,32.87
2024-02-22,beans,Tuticorin,2,1.23,48.85
2024-02-22,beans,Tenkasi,2,0.81,34.25
2024-02-22,okra,Tirunelveli,2,1.27,37.34
2024-02-22,okra,Madurai,2,1.25,35.9
2024-02-22,okra,Nagercoil,2,0.94,26.41
2024-02-22,okra,Tuticorin,2,0.99,30.44
2024-02-22,okra,Tenkasi,2,0.88,22.5
2024-02-23,tomato,Tirunelveli,2,1.15,31.59
2024-02-23,tomato,Madurai,2,1.05,28.36
2024-02-23,tomato,Nagercoil,2,1.2,35.03
2024-02-23,tomato,Tuticorin,2,0.88,26.75
2024-02-23,tomato,Tenkasi,2,1.07,29.99
2024-02-23,brinjal,Tirunelveli,2,1.01,23.91
2024-02-23,brinjal,Madurai,2,0.82,20.18
2024-02-23,brinjal,Nagercoil,2,0.82,21.04
2024-02-23,brinjal,Tuticorin,2,0.89,22.95
2024-02-23,brinjal,Tenkasi,2,0.87,21.44
2024-02-23,onion,Tirunelveli,2,1.18,42.03
2024-02-23,onion,Madurai,2,0.97,32.08
2024-02-23,onion,Nagercoil,2,1.11,37.19
2024-02-23,onion,Tuticorin,2,1.27,42.52
2024-02-23,onion,Tenkasi,2,1.26,43.09
2024-02-23,carrot,Tirunelveli,2,1.2,39.39
2024-02-23,carrot,Madurai,2,0.83,24.53
2024-02-23,carrot,Nagercoil,2,1.12,33.7
2024-02-23,carrot,Tuticorin,2,0.98,31.39
2024-02-23,carrot,Tenkasi,2,1.21,36.57
2024-02-23,cabbage,Tirunelveli,2,0.99,19.74
2024-02-23,cabbage,Madurai,2,0.92,18.18
2024-02-23,cabbage,Nagercoil,2,0.95,21.1
2024-02-23,cabbage,Tuticorin,2,1.15,25.86
2024-02-23,cabbage,Tenkasi,2,0.98,19.23
2024-02-23,potato,Tirunelveli,2,1.03,28.85
2024-02-23,potato,Madurai,2,1.2,32.06
2024-02-23,potato,Nagercoil,2,1.14,32.17
2024-02-23,potato,Tuticorin,2,0.81,20.37
2024-02-23,potato,Tenkasi,2,0.83,24.17
2024-02-23,beans,Tirunelveli,2,1.1,42.79
2024-02-23,beans,Madurai,2,0.84,31.16
2024-02-23,beans,Nagercoil,2,0.87,33.74
2024-02-23,beans,Tuticorin,2,1.26,49.25
2024-02-23,beans,Tenkasi,2,0.8,30.16
2024-02-23,okra,Tirunelveli,2,0.95,27.95
2024-02-23,okra,Madurai,2,1.26,38.1
2024-02-23,okra,Nagercoil,2,1.07,30.32
2024-02-23,okra,Tuticorin,2,1.24,38.81
2024-02-23,okra,Tenkasi,2,0.9,29.99
2024-02-24,tomato,Tirunelveli,2,0.88,24.58
2024-02-24,tomato,Madurai,2,0.99,28.75
2024-02-24,tomato,Nagercoil,2,1.18,33.9
2024-02-24,tomato,Tuticorin,2,1.17,32.82
2024-02-24,tomato,Tenkasi,2,1.1,30.68
2024-02-24,brinjal,Tirunelveli,2,0.91,20.2
2024-02-24,brinjal,Madurai,2,1.17,28.92
2024-02-24,brinjal,Nagercoil,2,0.97,25.32
2024-02-24,brinjal,Tuticorin,2,1.28,30.97
2024-02-24,brinjal,Tenkasi,2,0.98,19.91
2024-02-24,onion,Tirunelveli,2,1.25,44.8
2024-02-24,onion,Madurai,2,1.21,41.47
2024-02-24,onion,Nagercoil,2,0.97,34.64
2024-02-24,onion,Tuticorin,2,0.98,32.95
2024-02-24,onion,Tenkasi,2,1.2,40.81
2024-02-24,carrot,Tirunelveli,2,1.17,37.9
2024-02-24,carrot,Madurai,2,1.2,37.55
2024-02-24,carrot,Nagercoil,2,0.83,27.76
2024-02-24,carrot,Tuticorin,2,1.0,30.84
2024-02-24,carrot,Tenkasi,2,1.17,40.07
2024-02-24,cabbage,Tirunelveli,2,0.98,18.2
2024-02-24,cabbage,Madurai,2,1.17,24.62
2024-02-24,cabbage,Nagercoil,2,1.07,20.84
2024-02-24,cabbage,Tuticorin,2,1.17,22.49
2024-02-24,cabbage,Tenkasi,2,1.04,19.85
2024-02-24,potato,Tirunelveli,2,1.25,29.99
2024-02-24,potato,Madurai,2,1.06,27.29
2024-02-24,potato,Nagercoil,2,1.02,29.02
2024-02-24,potato,Tuticorin,2,0.86,24.5
2024-02-24,potato,Tenkasi,2,1.22,31.29
2024-02-24,beans,Tirunelveli,2,1.08,43.24
2024-02-24,beans,Madurai,2,1.1,42.43
2024-02-24,beans,Nagercoil,2,1.17,43.31
2024-02-24,beans,Tuticorin,2,1.12,45.76
2024-02-24,beans,Tenkasi,2,0.83,34.5
2024-02-24,okra,Tirunelveli,2,1.1,31.45
2024-02-24,okra,Madurai,2,1.0,31.03
2024-02-24,okra,Nagercoil,2,0.97,28.37
2024-02-24,okra,Tuticorin,2,1.23,36.42
2024-02-24,okra,Tenkasi,2,1.22,35.73
2024-02-25,tomato,Tirunelveli,2,0.89,23.35
2024-02-25,tomato,Madurai,2,1.15,32.2
2024-02-25,tomato,Nagercoil,2,1.07,28.41
2024-02-25,tomato,Tuticorin,2,0.91,26.37
2024-02-25,tomato,Tenkasi,2,0.82,24.13
2024-02-25,brinjal,Tirunelveli,2,1.23,27.73
2024-02-25,brinjal,Madurai,2,1.13,29.06
2024-02-25,brinjal,Nagercoil,2,1.16,28.7
2024-02-25,brinjal,Tuticorin,2,1.27,28.91
2024-02-25,brinjal,Tenkasi,2,0.83,20.83
2024-02-25,onion,Tirunelveli,2,1.16,38.87
2024-02-25,onion,Madurai,2,1.07,35.09
2024-02-25,onion,Nagercoil,2,1.08,34.96
2024-02-25,onion,Tuticorin,2,0.99,34.07
2024-02-25,onion,Tenkasi,2,1.11,37.69
2024-02-25,carrot,Tirunelveli,2,1.1,34.86
2024-02-25,carrot,Madurai,2,0.9,30.02
2024-02-25,carrot,Nagercoil,2,1.1,37.1
2024-02-25,carrot,Tuticorin,2,1.04,29.97
2024-02-25,carrot,Tenkasi,2,1.06,34.06
2024-02-25,cabbage,Tirunelveli,2,0.9,17.5
2024-02-25,cabbage,Madurai,2,0.84,17.89
2024-02-25,cabbage,Nagercoil,2,1.02,19.57
2024-02-25,cabbage,Tuticorin,2,0.94,21.98
2024-02-25,cabbage,Tenkasi,2,1.08,22.77
2024-02-25,potato,Tirunelveli,2,1.26,33.91
2024-02-25,potato,Madurai,2,1.05,30.28
2024-02-25,potato,Nagercoil,2,0.82,20.9
2024-02-25,potato,Tuticorin,2,1.04,29.03
2024-02-25,potato,Tenkasi,2,0.81,21.51
2024-02-25,beans,Tirunelveli,2,1.08,42.41
2024-02-25,beans,Madurai,2,0.84,35.88
2024-02-25,beans,Nagercoil,2,1.29,54.45
2024-02-25,beans,Tuticorin,2,0.92,36.88
2024-02-25,beans,Tenkasi,2,1.04,40.06
2024-02-25,okra,Tirunelveli,2,0.85,24.87
2024-02-25,okra,Madurai,2,1.22,34.73
2024-02-25,okra,Nagercoil,2,1.05,30.0
2024-02-25,okra,Tuticorin,2,1.18,34.97
2024-02-25,okra,Tenkasi,2,0.86,24.24
2024-02-26,tomato,Tirunelveli,2,0.82,24.88
2024-02-26,tomato,Madurai,2,0.93,25.99
2024-02-26,tomato,Nagercoil,2,1.01,28.46
2024-02-26,tomato,Tuticorin,2,1.09,29.93
2024-02-26,tomato,Tenkasi,2,1.09,28.81
2024-02-26,brinjal,Tirunelveli,2,0.85,19.53
2024-02-26,brinjal,Madurai,2,0.98,24.77
2024-02-26,brinjal,Nagercoil,2,1.28,31.41
2024-02-26,brinjal,Tuticorin,2,1.29,32.36
2024-02-26,brinjal,Tenkasi,2,1.15,30.12
2024-02-26,onion,Tirunelveli,2,0.94,30.86
2024-02-26,onion,Madurai,2,1.04,38.51
2024-02-26,onion,Nagercoil,2,1.18,38.52
2024-02-26,onion,Tuticorin,2,1.26,41.06
2024-02-26,onion,Tenkasi,2,0.83,29.38
2024-02-26,carrot,Tirunelveli,2,1.11,34.92
2024-02-26,carrot,Madurai,2,1.07,32.8
2024-02-26,carrot,Nagercoil,2,1.23,36.94
2024-02-26,carrot,Tuticorin,2,1.08,32.75
2024-02-26,carrot,Tenkasi,2,0.81,25.62
2024-02-26,cabbage,Tirunelveli,2,1.28,28.13
2024-02-26,cabbage,Madurai,2,0.84,14.63
2024-02-26,cabbage,Nagercoil,2,1.14,23.4
2024-02-26,cabbage,Tuticorin,2,0.86,18.62
2024-02-26,cabbage,Tenkasi,2,1.09,21.43
2024-02-26,potato,Tirunelveli,2,1.24,35.76
2024-02-26,potato,Madurai,2,1.12,30.86
2024-02-26,potato,Nagercoil,2,0.87,24.69
2024-02-26,potato,Tuticorin,2,0.95,27.04
2024-02-26,potato,Tenkasi,2,0.95,27.47
2024-02-26,beans,Tirunelveli,2,0.89,35.03
2024-02-26,beans,Madurai,2,0.91,38.53
2024-02-26,beans,Nagercoil,2,1.11,43.69
2024-02-26,beans,Tuticorin,2,1.03,40.53
2024-02-26,beans,Tenkasi,2,0.87,34.13
2024-02-26,okra,Tirunelveli,2,1.18,34.26
2024-02-26,okra,Madurai,2,1.01,29.21
2024-02-26,okra,Nagercoil,2,0.82,24.08
2024-02-26,okra,Tuticorin,2,1.02,30.17
2024-02-26,okra,Tenkasi,2,0.84,24.87
2024-02-27,tomato,Tirunelveli,2,1.07,29.89
2024-02-27,tomato,Madurai,2,1.21,35.46
2024-02-27,tomato,Nagercoil,2,0.87,24.74
2024-02-27,tomato,Tuticorin,2,0.98,28.36
2024-02-27,tomato,Tenkasi,2,1.27,34.48
2024-02-27,brinjal,Tirunelveli,2,1.15,26.77
2024-02-27,brinjal,Madurai,2,1.18,30.37
2024-02-27,brinjal,Nagercoil,2,0.83,21.9
2024-02-27,brinjal,Tuticorin,2,0.99,23.23
2024-02-27,brinjal,Tenkasi,2,1.29,30.47
2024-02-27,onion,Tirunelveli,2,1.12,39.83
2024-02-27,onion,Madurai,2,1.02,33.74
2024-02-27,onion,Nagercoil,2,1.23,40.84
2024-02-27,onion,Tuticorin,2,1.18,38.29
2024-02-27,onion,Tenkasi,2,1.0,32.16
2024-02-27,carrot,Tirunelveli,2,1.17,40.23
2024-02-27,carrot,Madurai,2,0.91,28.7
2024-02-27,carrot,Nagercoil,2,1.04,32.33
2024-02-27,carrot,Tuticorin,2,0.88,26.23
2024-02-27,carrot,Tenkasi,2,0.83,23.7
2024-02-27,cabbage,Tirunelveli,2,1.09,24.73
2024-02-27,cabbage,Madurai,2,1.01,22.03
2024-02-27,cabbage,Nagercoil,2,1.15,23.6
2024-02-27,cabbage,Tuticorin,2,0.8,12.41
2024-02-27,cabbage,Tenkasi,2,1.15,22.88
2024-02-27,potato,Tirunelveli,2,0.98,26.83
2024-02-27,potato,Madurai,2,1.29,35.07
2024-02-27,potato,Nagercoil,2,1.25,29.96
2024-02-27,potato,Tuticorin,2,1.16,33.43
2024-02-27,potato,Tenkasi,2,1.23,33.97
2024-02-27,beans,Tirunelveli,2,1.03,37.14
2024-02-27,beans,Madurai,2,1.28,49.98
2024-02-27,beans,Nagercoil,2,1.15,44.27
2024-02-27,beans,Tuticorin,2,1.07,42.46
2024-02-27,beans,Tenkasi,2,1.01,39.51
2024-02-27,okra,Tirunelveli,2,1.21,36.12
2024-02-27,okra,Madurai,2,1.08,28.9
2024-02-27,okra,Nagercoil,2,1.03,30.57
2024-02-27,okra,Tuticorin,2,1.23,34.68
2024-02-27,okra,Tenkasi,2,0.86,24.49
2024-02-28,tomato,Tirunelveli,2,0.95,26.58
2024-02-28,tomato,Madurai,2,0.91,28.07
2024-02-28,tomato,Nagercoil,2,0.88,25.63
2024-02-28,tomato,Tuticorin,2,0.97,27.18
2024-02-28,tomato,Tenkasi,2,1.29,34.56
2024-02-28,brinjal,Tirunelveli,2,1.25,30.87
2024-02-28,brinjal,Madurai,2,1.03,24.15
2024-02-28,brinjal,Nagercoil,2,0.89,23.65
2024-02-28,brinjal,Tuticorin,2,0.82,20.23
2024-02-28,brinjal,Tenkasi,2,1.1,25.76
2024-02-28,onion,Tirunelveli,2,1.01,34.14
2024-02-28,onion,Madurai,2,1.07,37.6
2024-02-28,onion,Nagercoil,2,1.04,36.54
2024-02-28,onion,Tuticorin,2,1.25,41.89
2024-02-28,onion,Tenkasi,2,0.97,33.83
2024-02-28,carrot,Tirunelveli,2,1.28,40.8
2024-02-28,carrot,Madurai,2,1.05,30.75
2024-02-28,carrot,Nagercoil,2,1.28,39.92
2024-02-28,carrot,Tuticorin,2,0.87,25.1
2024-02-28,carrot,Tenkasi,2,0.94,30.63
2024-02-28,cabbage,Tirunelveli,2,1.0,19.2
2024-02-28,cabbage,Madurai,2,0.88,18.07
2024-02-28,cabbage,Nagercoil,2,1.02,18.18
2024-02-28,cabbage,Tuticorin,2,0.96,19.6
2024-02-28,cabbage,Tenkasi,2,0.84,16.92
2024-02-28,potato,Tirunelveli,2,1.09,30.08
2024-02-28,potato,Madurai,2,1.25,33.55
2024-02-28,potato,Nagercoil,2,0.93,25.22
2024-02-28,potato,Tuticorin,2,1.02,29.43
2024-02-28,potato,Tenkasi,2,1.3,36.55
2024-02-28,beans,Tirunelveli,2,0.94,40.3
2024-02-28,beans,Madurai,2,1.0,43.08
2024-02-28,beans,Nagercoil,2,0.88,38.75
2024-02-28,beans,Tuticorin,2,0.91,36.07
2024-02-28,beans,Tenkasi,2,1.07,42.62
2024-02-28,okra,Tirunelveli,2,1.3,40.95
2024-02-28,okra,Madurai,2,1.11,34.41
2024-02-28,okra,Nagercoil,2,0.89,25.09
2024-02-28,okra,Tuticorin,2,0.99,27.87
2024-02-28,okra,Tenkasi,2,1.19,32.12
2024-02-29,tomato,Tirunelveli,2,1.04,29.97
2024-02-29,tomato,Madurai,2,0.97,29.48
2024-02-29,tomato,Nagercoil,2,1.2,32.9
2024-02-29,tomato,Tuticorin,2,1.05,28.64
2024-02-29,tomato,Tenkasi,2,0.93,21.93
2024-02-29,brinjal,Tirunelveli,2,1.28,32.79
2024-02-29,brinjal,Madurai,2,1.09,28.57
2024-02-29,brinjal,Nagercoil,2,1.09,27.43
2024-02-29,brinjal,Tuticorin,2,1.16,27.67
2024-02-29,brinjal,Tenkasi,2,1.03,25.22
2024-02-29,onion,Tirunelveli,2,1.0,33.23
2024-02-29,onion,Madurai,2,1.28,44.32
2024-02-29,onion,Nagercoil,2,1.28,42.23
2024-02-29,onion,Tuticorin,2,1.25,40.43
2024-02-29,onion,Tenkasi,2,1.28,40.67
2024-02-29,carrot,Tirunelveli,2,1.06,32.74
2024-02-29,carrot,Madurai,2,1.14,37.6
2024-02-29,carrot,Nagercoil,2,0.83,24.78
2024-02-29,carrot,Tuticorin,2,0.82,23.73
2024-02-29,carrot,Tenkasi,2,0.96,28.47
2024-02-29,cabbage,Tirunelveli,2,1.05,19.75
2024-02-29,cabbage,Madurai,2,0.95,18.54
2024-02-29,cabbage,Nagercoil,2,1.29,24.2
2024-02-29,cabbage,Tuticorin,2,1.09,18.95
2024-02-29,cabbage,Tenkasi,2,1.29,27.44
2024-02-29,potato,Tirunelveli,2,1.16,29.74
2024-02-29,potato,Madurai,2,1.1,30.32
2024-02-29,potato,Nagercoil,2,0.83,21.65
2024-02-29,potato,Tuticorin,2,1.1,28.54
2024-02-29,potato,Tenkasi,2,1.22,34.13
2024-02-29,beans,Tirunelveli,2,0.82,32.03
2024-02-29,beans,Madurai,2,0.91,37.75
2024-02-29,beans,Nagercoil,2,0.87,33.43
2024-02-29,beans,Tuticorin,2,1.11,42.22
2024-02-29,beans,Tenkasi,2,1.07,41.84
2024-02-29,okra,Tirunelveli,2,0.92,25.99
2024-02-29,okra,Madurai,2,0.91,29.11
2024-02-29,okra,Nagercoil,2,0.91,25.62
2024-02-29,okra,Tuticorin,2,0.98,29.33
2024-02-29,okra,Tenkasi,2,1.28,37.42
2024-03-01,tomato,Tirunelveli,3,1.2,32.8
2024-03-01,tomato,Madurai,3,1.05,28.93
2024-03-01,tomato,Nagercoil,3,1.19,34.33
2024-03-01,tomato,Tuticorin,3,0.98,28.33
2024-03-01,tomato,Tenkasi,3,1.14,32.28
2024-03-01,brinjal,Tirunelveli,3,1.15,28.86
2024-03-01,brinjal,Madurai,3,0.8,17.78
2024-03-01,brinjal,Nagercoil,3,1.15,27.64
2024-03-01,brinjal,Tuticorin,3,1.18,31.34
2024-03-01,brinjal,Tenkasi,3,0.95,23.07
2024-03-01,onion,Tirunelveli,3,1.02,36.7
2024-03-01,onion,Madurai,3,1.29,46.28
2024-03-01,onion,Nagercoil,3,0.91,33.11
2024-03-01,onion,Tuticorin,3,1.26,45.79
2024-03-01,onion,Tenkasi,3,0.88,30.93
2024-03-01,carrot,Tirunelveli,3,0.94,32.52
2024-03-01,carrot,Madurai,3,1.04,34.69
2024-03-01,carrot,Nagercoil,3,1.24,37.37
2024-03-01,carrot,Tuticorin,3,1.08,35.41
2024-03-01,carrot,Tenkasi,3,0.83,30.0
2024-03-01,cabbage,Tirunelveli,3,0.92,16.02
2024-03-01,cabbage,Madurai,3,0.89,18.32
2024-03-01,cabbage,Nagercoil,3,1.05,20.05
2024-03-01,cabbage,Tuticorin,3,1.03,20.09
2024-03-01,cabbage,Tenkasi,3,0.87,17.04
2024-03-01,potato,Tirunelveli,3,1.19,33.26
2024-03-01,potato,Madurai,3,1.2,32.61
2024-03-01,potato,Nagercoil,3,1.12,31.39
2024-03-01,potato,Tuticorin,3,1.22,36.38
2024-03-01,potato,Tenkasi,3,1.03,29.88
2024-03-01,beans,Tirunelveli,3,1.06,42.99
2024-03-01,beans,Madurai,3,0.84,33.35
2024-03-01,beans,Nagercoil,3,1.02,41.55
2024-03-01,beans,Tuticorin,3,0.87,32.17
2024-03-01,beans,Tenkasi,3,1.15,45.37
2024-03-01,okra,Tirunelveli,3,0.85,26.14
2024-03-01,okra,Madurai,3,0.87,26.21
2024-03-01,okra,Nagercoil,3,1.03,32.49
2024-03-01,okra,Tuticorin,3,0.85,26.85
2024-03-01,okra,Tenkasi,3,1.21,36.84
2024-03-02,tomato,Tirunelveli,3,1.11,31.39
2024-03-02,tomato,Madurai,3,0.99,27.61
2024-03-02,tomato,Nagercoil,3,1.27,38.24
2024-03-02,tomato,Tuticorin,3,1.16,33.77
2024-03-02,tomato,Tenkasi,3,0.86,23.26
2024-03-02,brinjal,Tirunelveli,3,1.12,29.75
2024-03-02,brinjal,Madurai,3,0.97,25.03
2024-03-02,brinjal,Nagercoil,3,0.81,20.3
2024-03-02,brinjal,Tuticorin,3,1.15,30.2
2024-03-02,brinjal,Tenkasi,3,1.29,33.33
2024-03-02,onion,Tirunelveli,3,1.29,46.42
2024-03-02,onion,Madurai,3,0.86,31.8
2024-03-02,onion,Nagercoil,3,1.13,38.0
2024-03-02,onion,Tuticorin,3,0.98,33.74
2024-03-02,onion,Tenkasi,3,1.21,41.3
2024-03-02,carrot,Tirunelveli,3,0.83,29.42
2024-03-02,carrot,Madurai,3,1.01,33.8
2024-03-02,carrot,Nagercoil,3,1.12,36.0
2024-03-02,carrot,Tuticorin,3,0.96,29.66
2024-03-02,carrot,Tenkasi,3,1.29,41.48
2024-03-02,cabbage,Tirunelveli,3,0.98,17.0
2024-03-02,cabbage,Madurai,3,1.14,23.12
2024-03-02,cabbage,Nagercoil,3,1.13,21.93
2024-03-02,cabbage,Tuticorin,3,0.96,21.21
2024-03-02,cabbage,Tenkasi,3,0.86,17.37
2024-03-02,potato,Tirunelveli,3,1.1,30.49
2024-03-02,potato,Madurai,3,1.23,33.89
2024-03-02,potato,Nagercoil,3,1.03,29.87
2024-03-02,potato,Tuticorin,3,0.84,24.64
2024-03-02,potato,Tenkasi,3,0.92,26.25
2024-03-02,beans,Tirunelveli,3,1.01,41.14
2024-03-02,beans,Madurai,3,0.9,33.71
2024-03-02,beans,Nagercoil,3,0.85,33.93
2024-03-02,beans,Tuticorin,3,0.97,40.86
2024-03-02,beans,Tenkasi,3,1.07,43.5
2024-03-02,okra,Tirunelveli,3,1.09,32.15
2024-03-02,okra,Madurai,3,0.89,25.97
2024-03-02,okra,Nagercoil,3,0.83,24.04
2024-03-02,okra,Tuticorin,3,1.09,32.85
2024-03-02,okra,Tenkasi,3,1.21,35.28
2024-03-03,tomato,Tirunelveli,3,0.96,29.34
2024-03-03,tomato,Madurai,3,0.94,24.38
2024-03-03,tomato,Nagercoil,3,0.81,24.5
2024-03-03,tomato,Tuticorin,3,1.09,33.45
2024-03-03,tomato,Tenkasi,3,1.17,32.08
2024-03-03,brinjal,Tirunelveli,3,0.98,25.64
2024-03-03,brinjal,Madurai,3,0.86,22.41
2024-03-03,brinjal,Nagercoil,3,1.23,29.89
2024-03-03,brinjal,Tuticorin,3,1.28,30.7
2024-03-03,brinjal,Tenkasi,3,0.85,22.28
2024-03-03,onion,Tirunelveli,3,1.21,44.42
2024-03-03,onion,Madurai,3,1.19,42.95
2024-03-03,onion,Nagercoil,3,1.15,40.69
2024-03-03,onion,Tuticorin,3,0.94,33.21
2024-03-03,onion,Tenkasi,3,1.12,38.95
2024-03-03,carrot,Tirunelveli,3,0.82,26.18
2024-03-03,carrot,Madurai,3,1.09,35.88
2024-03-03,carrot,Nagercoil,3,0.89,27.36
2024-03-03,carrot,Tuticorin,3,0.92,30.85
2024-03-03,carrot,Tenkasi,3,0.91,29.15
2024-03-03,cabbage,Tirunelveli,3,0.87,18.06
2024-03-03,cabbage,Madurai,3,1.26,28.43
2024-03-03,cabbage,Nagercoil,3,0.87,16.22
2024-03-03,cabbage,Tuticorin,3,0.88,19.2
2024-03-03,cabbage,Tenkasi,3,1.14,25.83
2024-03-03,potato,Tirunelveli,3,0.95,27.16
2024-03-03,potato,Madurai,3,1.02,28.61
2024-03-03,potato,Nagercoil,3,0.95,26.05
2024-03-03,potato,Tuticorin,3,0.95,27.45
2024-03-03,potato,Tenkasi,3,0.93,22.63
2024-03-03,beans,Tirunelveli,3,1.26,51.37
2024-03-03,beans,Madurai,3,0.85,33.84
2024-03-03,beans,Nagercoil,3,1.13,45.34
2024-03-03,beans,Tuticorin,3,1.27,51.97
2024-03-03,beans,Tenkasi,3,1.14,44.43
2024-03-03,okra,Tirunelveli,3,0.95,27.57
2024-03-03,okra,Madurai,3,0.85,27.35
2024-03-03,okra,Nagercoil,3,0.87,25.5
2024-03-03,okra,Tuticorin,3,0.87,24.15
2024-03-03,okra,Tenkasi,3,0.85,26.19
2024-03-04,tomato,Tirunelveli,3,0.88,27.42
2024-03-04,tomato,Madurai,3,1.07,28.83
2024-03-04,tomato,Nagercoil,3,1.14,34.28
2024-03-04,tomato,Tuticorin,3,0.93,29.03
2024-03-04,tomato,Tenkasi,3,0.82,25.02
2024-03-04,brinjal,Tirunelveli,3,1.08,27.28
2024-03-04,brinjal,Madurai,3,1.22,32.41
2024-03-04,brinjal,Nagercoil,3,1.29,34.44
2024-03-04,brinjal,Tuticorin,3,1.29,31.07
2024-03-04,brinjal,Tenkasi,3,1.2,31.53
2024-03-04,onion,Tirunelveli,3,0.85,29.64
2024-03-04,onion,Madurai,3,0.99,34.33
2024-03-04,onion,Nagercoil,3,1.12,35.89
2024-03-04,onion,Tuticorin,3,0.96,30.05
2024-03-04,onion,Tenkasi,3,1.18,40.95
2024-03-04,carrot,Tirunelveli,3,1.17,37.46
2024-03-04,carrot,Madurai,3,0.93,29.64
2024-03-04,carrot,Nagercoil,3,1.26,40.09
2024-03-04,carrot,Tuticorin,3,1.12,34.52
2024-03-04,carrot,Tenkasi,3,1.16,38.65
2024-03-04,cabbage,Tirunelveli,3,0.81,19.03
2024-03-04,cabbage,Madurai,3,0.87,15.93
2024-03-04,cabbage,Nagercoil,3,1.21,26.13
2024-03-04,cabbage,Tuticorin,3,1.0,18.93
2024-03-04,cabbage,Tenkasi,3,1.1,22.36
2024-03-04,potato,Tirunelveli,3,1.21,34.04
2024-03-04,potato,Madurai,3,1.3,34.84
2024-03-04,potato,Nagercoil,3,1.13,29.96
2024-03-04,potato,Tuticorin,3,1.28,35.41
2024-03-04,potato,Tenkasi,3,1.2,34.34
2024-03-04,beans,Tirunelveli,3,0.87,34.17
2024-03-04,beans,Madurai,3,0.85,32.94
2024-03-04,beans,Nagercoil,3,0.94,37.0
2024-03-04,beans,Tuticorin,3,0.84,35.73
2024-03-04,beans,Tenkasi,3,0.97,39.13
2024-03-04,okra,Tirunelveli,3,1.01,30.3
2024-03-04,okra,Madurai,3,0.88,25.9
2024-03-04,okra,Nagercoil,3,0.83,24.51
2024-03-04,okra,Tuticorin,3,0.86,26.81
2024-03-04,okra,Tenkasi,3,1.05,31.55
2024-03-05,tomato,Tirunelveli,3,1.22,37.78
2024-03-05,tomato,Madurai,3,1.17,32.83
2024-03-05,tomato,Nagercoil,3,0.89,27.55
2024-03-05,tomato,Tuticorin,3,0.84,21.95
2024-03-05,tomato,Tenkasi,3,0.98,28.41
2024-03-05,brinjal,Tirunelveli,3,1.04,26.26
2024-03-05,brinjal,Madurai,3,1.21,32.63
2024-03-05,brinjal,Nagercoil,3,1.1,27.3
2024-03-05,brinjal,Tuticorin,3,1.24,34.05
2024-03-05,brinjal,Tenkasi,3,1.12,25.99
2024-03-05,onion,Tirunelveli,3,1.01,33.7
2024-03-05,onion,Madurai,3,1.17,39.29
2024-03-05,onion,Nagercoil,3,0.96,31.24
2024-03-05,onion,Tuticorin,3,1.28,44.19
2024-03-05,onion,Tenkasi,3,1.23,41.89
2024-03-05,carrot,Tirunelveli,3,1.18,39.59
2024-03-05,carrot,Madurai,3,0.87,26.32
2024-03-05,carrot,Nagercoil,3,1.06,37.51
2024-03-05,carrot,Tuticorin,3,0.8,28.36
2024-03-05,carrot,Tenkasi,3,1.02,32.01
2024-03-05,cabbage,Tirunelveli,3,1.17,25.15
2024-03-05,cabbage,Madurai,3,1.09,21.79
2024-03-05,cabbage,Nagercoil,3,0.91,19.7
2024-03-05,cabbage,Tuticorin,3,1.21,23.18
2024-03-05,cabbage,Tenkasi,3,1.01,21.76
2024-03-05,potato,Tirunelveli,3,1.13,30.72
2024-03-05,potato,Madurai,3,1.02,26.09
2024-03-05,potato,Nagercoil,3,1.11,30.64
2024-03-05,potato,Tuticorin,3,0.98,27.02
2024-03-05,potato,Tenkasi,3,1.04,29.05
2024-03-05,beans,Tirunelveli,3,1.08,46.21
2024-03-05,beans,Madurai,3,1.09,43.41
2024-03-05,beans,Nagercoil,3,1.05,41.87
2024-03-05,beans,Tuticorin,3,0.92,35.09
2024-03-05,beans,Tenkasi,3,1.26,51.16
2024-03-05,okra,Tirunelveli,3,1.07,31.69
2024-03-05,okra,Madurai,3,1.12,31.75
2024-03-05,okra,Nagercoil,3,0.99,29.73
2024-03-05,okra,Tuticorin,3,0.85,24.04
2024-03-05,okra,Tenkasi,3,1.19,38.71
2024-03-06,tomato,Tirunelveli,3,0.91,25.68
2024-03-06,tomato,Madurai,3,1.26,34.58
2024-03-06,tomato,Nagercoil,3,1.16,34.05
2024-03-06,tomato,Tuticorin,3,0.84,20.28
2024-03-06,tomato,Tenkasi,3,1.29,35.3
2024-03-06,brinjal,Tirunelveli,3,1.09,29.09
2024-03-06,brinjal,Madurai,3,0.85,19.74
2024-03-06,brinjal,Nagercoil,3,1.16,30.41
2024-03-06,brinjal,Tuticorin,3,1.19,31.62
2024-03-06,brinjal,Tenkasi,3,1.25,33.88
2024-03-06,onion,Tirunelveli,3,0.84,27.2
2024-03-06,onion,Madurai,3,1.29,43.46
2024-03-06,onion,Nagercoil,3,0.99,35.66
2024-03-06,onion,Tuticorin,3,0.91,32.95
2024-03-06,onion,Tenkasi,3,0.92,30.74
2024-03-06,carrot,Tirunelveli,3,0.92,27.12
2024-03-06,carrot,Madurai,3,0.81,24.17
2024-03-06,carrot,Nagercoil,3,0.8,24.0
2024-03-06,carrot,Tuticorin,3,1.14,36.27
2024-03-06,carrot,Tenkasi,3,0.88,28.74
2024-03-06,cabbage,Tirunelveli,3,1.2,24.01
2024-03-06,cabbage,Madurai,3,1.11,23.19
2024-03-06,cabbage,Nagercoil,3,0.95,21.69
2024-03-06,cabbage,Tuticorin,3,1.21,24.01
2024-03-06,cabbage,Tenkasi,3,1.0,20.52
2024-03-06,potato,Tirunelveli,3,1.19,33.61
2024-03-06,potato,Madurai,3,1.04,29.49
2024-03-06,potato,Nagercoil,3,0.9,25.67
2024-03-06,potato,Tuticorin,3,1.2,32.5
2024-03-06,potato,Tenkasi,3,1.28,36.38
2024-03-06,beans,Tirunelveli,3,0.82,33.39
2024-03-06,beans,Madurai,3,1.09,42.02
2024-03-06,beans,Nagercoil,3,1.12,45.24
2024-03-06,beans,Tuticorin,3,1.27,50.55
2024-03-06,beans,Tenkasi,3,1.13,42.55
2024-03-06,okra,Tirunelveli,3,1.05,34.55
2024-03-06,okra,Madurai,3,0.84,25.05
2024-03-06,okra,Nagercoil,3,1.18,38.35
2024-03-06,okra,Tuticorin,3,1.04,31.79
2024-03-06,okra,Tenkasi,3,0.89,25.05
2024-03-07,tomato,Tirunelveli,3,1.24,33.91
2024-03-07,tomato,Madurai,3,1.28,37.37
2024-03-07,tomato,Nagercoil,3,1.06,30.74
2024-03-07,tomato,Tuticorin,3,0.93,25.66
2024-03-07,tomato,Tenkasi,3,1.2,29.9
2024-03-07,brinjal,Tirunelveli,3,1.18,29.96
2024-03-07,brinjal,Madurai,3,0.87,24.91
2024-03-07,brinjal,Nagercoil,3,0.84,24.41
2024-03-07,brinjal,Tuticorin,3,1.01,26.4
2024-03-07,brinjal,Tenkasi,3,0.86,21.32
2024-03-07,onion,Tirunelveli,3,1.16,40.4
2024-03-07,onion,Madurai,3,0.98,32.52
2024-03-07,onion,Nagercoil,3,1.19,42.2
2024-03-07,onion,Tuticorin,3,0.92,29.77
2024-03-07,onion,Tenkasi,3,1.16,40.3
2024-03-07,carrot,Tirunelveli,3,0.86,29.34
2024-03-07,carrot,Madurai,3,1.01,33.39
2024-03-07,carrot,Nagercoil,3,1.18,36.72
2024-03-07,carrot,Tuticorin,3,0.85,29.5
2024-03-07,carrot,Tenkasi,3,1.27,40.87
2024-03-07,cabbage,Tirunelveli,3,1.06,21.95
2024-03-07,cabbage,Madurai,3,1.0,21.59
2024-03-07,cabbage,Nagercoil,3,1.22,20.43
2024-03-07,cabbage,Tuticorin,3,1.05,20.41
2024-03-07,cabbage,Tenkasi,3,1.22,24.82
2024-03-07,potato,Tirunelveli,3,0.97,28.43
2024-03-07,potato,Madurai,3,1.05,26.61
2024-03-07,potato,Nagercoil,3,1.2,33.66
2024-03-07,potato,Tuticorin,3,1.04,27.69
2024-03-07,potato,Tenkasi,3,0.92,24.91
2024-03-07,beans,Tirunelveli,3,1.27,49.98
2024-03-07,beans,Madurai,3,1.03,40.69
2024-03-07,beans,Nagercoil,3,0.95,38.3
2024-03-07,beans,Tuticorin,3,1.07,42.95
2024-03-07,beans,Tenkasi,3,1.08,42.18
2024-03-07,okra,Tirunelveli,3,1.28,35.29
2024-03-07,okra,Madurai,3,0.99,28.27
2024-03-07,okra,Nagercoil,3,1.03,29.55
2024-03-07,okra,Tuticorin,3,1.18,36.27
2024-03-07,okra,Tenkasi,3,0.81,22.84
2024-03-08,tomato,Tirunelveli,3,1.01,28.01
2024-03-08,tomato,Madurai,3,1.08,32.84
2024-03-08,tomato,Nagercoil,3,0.9,25.41
2024-03-08,tomato,Tuticorin,3,1.24,36.19
2024-03-08,tomato,Tenkasi,3,0.98,26.66
2024-03-08,brinjal,Tirunelveli,3,1.25,33.44
2024-03-08,brinjal,Madurai,3,0.86,21.8
2024-03-08,brinjal,Nagercoil,3,0.84,19.28
2024-03-08,brinjal,Tuticorin,3,0.9,23.74
2024-03-08,brinjal,Tenkasi,3,1.07,26.83
2024-03-08,onion,Tirunelveli,3,0.93,33.76
2024-03-08,onion,Madurai,3,1.29,46.59
2024-03-08,onion,Nagercoil,3,0.93,31.6
2024-03-08,onion,Tuticorin,3,0.86,29.78
2024-03-08,onion,Tenkasi,3,0.8,27.74
2024-03-08,carrot,Tirunelveli,3,0.95,32.83
2024-03-08,carrot,Madurai,3,0.88,26.94
2024-03-08,carrot,Nagercoil,3,1.18,35.76
2024-03-08,carrot,Tuticorin,3,1.07,34.15
2024-03-08,carrot,Tenkasi,3,1.27,39.46
2024-03-08,cabbage,Tirunelveli,3,1.12,22.92
2024-03-08,cabbage,Madurai,3,0.98,22.41
2024-03-08,cabbage,Nagercoil,3,0.85,18.13
2024-03-08,cabbage,Tuticorin,3,0.88,18.89
2024-03-08,cabbage,Tenkasi,3,1.06,25.37
2024-03-08,potato,Tirunelveli,3,1.27,34.78
2024-03-08,potato,Madurai,3,1.09,29.13
2024-03-08,potato,Nagercoil,3,0.83,23.03
2024-03-08,potato,Tuticorin,3,0.89,23.65
2024-03-08,potato,Tenkasi,3,1.22,34.24
2024-03-08,beans,Tirunelveli,3,0.88,33.75
2024-03-08,beans,Madurai,3,0.99,38.45
2024-03-08,beans,Nagercoil,3,0.93,33.46
2024-03-08,beans,Tuticorin,3,1.29,51.59
2024-03-08,beans,Tenkasi,3,0.83,32.52
2024-03-08,okra,Tirunelveli,3,1.22,36.65
2024-03-08,okra,Madurai,3,1.06,35.46
2024-03-08,okra,Nagercoil,3,0.89,28.18
2024-03-08,okra,Tuticorin,3,0.9,28.18
2024-03-08,okra,Tenkasi,3,0.91,24.54
2024-03-09,tomato,Tirunelveli,3,0.86,25.55
2024-03-09,tomato,Madurai,3,0.95,28.19
2024-03-09,tomato,Nagercoil,3,0.87,25.62
2024-03-09,tomato,Tuticorin,3,1.12,31.04
2024-03-09,tomato,Tenkasi,3,1.19,34.51
2024-03-09,brinjal,Tirunelveli,3,0.88,22.8
2024-03-09,brinjal,Madurai,3,0.92,22.68
2024-03-09,brinjal,Nagercoil,3,0.84,21.91
2024-03-09,brinjal,Tuticorin,3,1.15,30.26
2024-03-09,brinjal,Tenkasi,3,1.13,28.2
2024-03-09,onion,Tirunelveli,3,0.85,27.64
2024-03-09,onion,Madurai,3,0.83,25.95
2024-03-09,onion,Nagercoil,3,1.05,35.78
2024-03-09,onion,Tuticorin,3,0.98,32.2
2024-03-09,onion,Tenkasi,3,1.19,40.28
2024-03-09,carrot,Tirunelveli,3,0.98,32.23
2024-03-09,carrot,Madurai,3,0.99,32.34
2024-03-09,carrot,Nagercoil,3,1.15,36.48
2024-03-09,carrot,Tuticorin,3,0.9,27.61
2024-03-09,carrot,Tenkasi,3,1.11,35.46
2024-03-09,cabbage,Tirunelveli,3,0.86,19.81
2024-03-09,cabbage,Madurai,3,1.26,23.2
2024-03-09,cabbage,Nagercoil,3,1.08,21.66
2024-03-09,cabbage,Tuticorin,3,1.22,23.59
2024-03-09,cabbage,Tenkasi,3,1.12,24.56
2024-03-09,potato,Tirunelveli,3,1.25,34.97
2024-03-09,potato,Madurai,3,1.26,34.92
2024-03-09,potato,Nagercoil,3,1.17,30.95
2024-03-09,potato,Tuticorin,3,1.18,30.82
2024-03-09,potato,Tenkasi,3,1.2,33.63
2024-03-09,beans,Tirunelveli,3,1.16,46.58
2024-03-09,beans,Madurai,3,0.89,34.41
2024-03-09,beans,Nagercoil,3,0.97,38.92
2024-03-09,beans,Tuticorin,3,1.07,42.9
2024-03-09,beans,Tenkasi,3,1.11,46.12
2024-03-09,okra,Tirunelveli,3,0.91,27.85
2024-03-09,okra,Madurai,3,0.86,25.45
2024-03-09,okra,Nagercoil,3,1.29,38.78
2024-03-09,okra,Tuticorin,3,1.22,37.1
2024-03-09,okra,Tenkasi,3,0.85,25.38
2024-03-10,tomato,Tirunelveli,3,0.95,25.27
2024-03-10,tomato,Madurai,3,1.26,38.27
2024-03-10,tomato,Nagercoil,3,0.83,27.25
2024-03-10,tomato,Tuticorin,3,1.13,34.18
2024-03-10,tomato,Tenkasi,3,0.93,28.21
2024-03-10,brinjal,Tirunelveli,3,0.9,22.1
2024-03-10,brinjal,Madurai,3,1.21,32.99
2024-03-10,brinjal,Nagercoil,3,1.16,29.82
2024-03-10,brinjal,Tuticorin,3,0.9,24.45
2024-03-10,brinjal,Tenkasi,3,1.02,26.0
2024-03-10,onion,Tirunelveli,3,1.28,42.57
2024-03-10,onion,Madurai,3,0.99,34.09
2024-03-10,onion,Nagercoil,3,1.28,45.22
2024-03-10,onion,Tuticorin,3,1.24,42.21
2024-03-10,onion,Tenkasi,3,0.98,33.97
2024-03-10,carrot,Tirunelveli,3,0.96,30.16
2024-03-10,carrot,Madurai,3,1.19,37.27
2024-03-10,carrot,Nagercoil,3,1.19,34.04
2024-03-10,carrot,Tuticorin,3,0.99,28.81
2024-03-10,carrot,Tenkasi,3,0.98,30.25
2024-03-10,cabbage,Tirunelveli,3,1.06,21.24
2024-03-10,cabbage,Madurai,3,1.06,23.7
2024-03-10,cabbage,Nagercoil,3,1.14,22.11
2024-03-10,cabbage,Tuticorin,3,1.27,24.78
2024-03-10,cabbage,Tenkasi,3,1.16,26.84
2024-03-10,potato,Tirunelveli,3,0.81,23.94
2024-03-10,potato,Madurai,3,1.11,35.13
2024-03-10,potato,Nagercoil,3,0.98,27.98
2024-03-10,potato,Tuticorin,3,0.84,21.89
2024-03-10,potato,Tenkasi,3,0.83,19.2
2024-03-10,beans,Tirunelveli,3,0.82,33.42
2024-03-10,beans,Madurai,3,1.05,45.11
2024-03-10,beans,Nagercoil,3,0.92,36.03
2024-03-10,beans,Tuticorin,3,0.89,36.8
2024-03-10,beans,Tenkasi,3,1.03,40.0
2024-03-10,okra,Tirunelveli,3,1.12,32.32
2024-03-10,okra,Madurai,3,1.13,33.19
2024-03-10,okra,Nagercoil,3,0.84,26.85
2024-03-10,okra,Tuticorin,3,0.94,28.1
2024-03-10,okra,Tenkasi,3,1.15,34.96
2024-03-11,tomato,Tirunelveli,3,0.8,22.27
2024-03-11,tomato,Madurai,3,1.08,31.22
2024-03-11,tomato,Nagercoil,3,1.26,36.3
2024-03-11,tomato,Tuticorin,3,1.03,30.33
2024-03-11,tomato,Tenkasi,3,1.27,35.87
2024-03-11,brinjal,Tirunelveli,3,1.03,26.42
2024-03-11,brinjal,Madurai,3,0.92,19.57
2024-03-11,brinjal,Nagercoil,3,1.09,25.09
2024-03-11,brinjal,Tuticorin,3,0.98,24.77
2024-03-11,brinjal,Tenkasi,3,1.22,28.85
2024-03-11,onion,Tirunelveli,3,1.13,39.82
2024-03-11,onion,Madurai,3,1.26,43.05
2024-03-11,onion,Nagercoil,3,0.9,31.56
2024-03-11,onion,Tuticorin,3,1.07,38.1
2024-03-11,onion,Tenkasi,3,0.81,27.69
2024-03-11,carrot,Tirunelveli,3,1.11,33.46
2024-03-11,carrot,Madurai,3,1.08,33.42
2024-03-11,carrot,Nagercoil,3,1.08,36.3
2024-03-11,carrot,Tuticorin,3,0.84,29.44
2024-03-11,carrot,Tenkasi,3,1.15,36.14
2024-03-11,cabbage,Tirunelveli,3,1.3,26.79
2024-03-11,cabbage,Madurai,3,0.96,17.27
2024-03-11,cabbage,Nagercoil,3,1.02,21.76
2024-03-11,cabbage,Tuticorin,3,1.24,26.94
2024-03-11,cabbage,Tenkasi,3,0.9,18.18
2024-03-11,potato,Tirunelveli,3,0.96,27.53
2024-03-11,potato,Madurai,3,1.06,30.56
2024-03-11,potato,Nagercoil,3,1.0,26.96
2024-03-11,potato,Tuticorin,3,0.9,21.98
2024-03-11,potato,Tenkasi,3,1.26,32.84
2024-03-11,beans,Tirunelveli,3,1.18,47.99
2024-03-11,beans,Madurai,3,1.03,41.57
2024-03-11,beans,Nagercoil,3,0.83,32.72
2024-03-11,beans,Tuticorin,3,0.88,32.92
2024-03-11,beans,Tenkasi,3,1.27,50.11
2024-03-11,okra,Tirunelveli,3,1.1,34.09
2024-03-11,okra,Madurai,3,1.16,37.02
2024-03-11,okra,Nagercoil,3,1.08,32.45
2024-03-11,okra,Tuticorin,3,1.08,29.58
2024-03-11,okra,Tenkasi,3,0.81,24.57
2024-03-12,tomato,Tirunelveli,3,1.16,33.52
2024-03-12,tomato,Madurai,3,1.07,30.11
2024-03-12,tomato,Nagercoil,3,1.28,35.82
2024-03-12,tomato,Tuticorin,3,1.08,30.89
2024-03-12,tomato,Tenkasi,3,1.22,36.03
2024-03-12,brinjal,Tirunelveli,3,0.9,22.24
2024-03-12,brinjal,Madurai,3,1.11,27.28
2024-03-12,brinjal,Nagercoil,3,0.97,24.48
2024-03-12,brinjal,Tuticorin,3,0.93,24.06
2024-03-12,brinjal,Tenkasi,3,0.93,23.83
2024-03-12,onion,Tirunelveli,3,1.21,41.68
2024-03-12,onion,Madurai,3,0.84,27.81
2024-03-12,onion,Nagercoil,3,1.27,44.77
2024-03-12,onion,Tuticorin,3,1.21,43.6
2024-03-12,onion,Tenkasi,3,1.12,38.82
2024-03-12,carrot,Tirunelveli,3,0.86,28.85
2024-03-12,carrot,Madurai,3,1.06,34.63
2024-03-12,carrot,Nagercoil,3,1.04,32.04
2024-03-12,carrot,Tuticorin,3,1.11,36.75
2024-03-12,carrot,Tenkasi,3,0.99,31.92
2024-03-12,cabbage,Tirunelveli,3,1.01,22.08
2024-03-12,cabbage,Madurai,3,0.95,21.98
2024-03-12,cabbage,Nagercoil,3,1.01,20.32
2024-03-12,cabbage,Tuticorin,3,0.81,15.42
2024-03-12,cabbage,Tenkasi,3,0.91,17.88
2024-03-12,potato,Tirunelveli,3,0.84,24.1
2024-03-12,potato,Madurai,3,1.04,29.51
2024-03-12,potato,Nagercoil,3,1.26,35.71
2024-03-12,potato,Tuticorin,3,1.23,33.37
2024-03-12,potato,Tenkasi,3,1.19,33.09
2024-03-12,beans,Tirunelveli,3,1.22,49.28
2024-03-12,beans,Madurai,3,0.92,39.04
2024-03-12,beans,Nagercoil,3,1.22,48.55
2024-03-12,beans,Tuticorin,3,0.91,35.63
2024-03-12,beans,Tenkasi,3,1.2,47.51
2024-03-12,okra,Tirunelveli,3,1.22,38.09
2024-03-12,okra,Madurai,3,1.08,33.41
2024-03-12,okra,Nagercoil,3,1.24,35.43
2024-03-12,okra,Tuticorin,3,1.03,28.96
2024-03-12,okra,Tenkasi,3,1.2,36.58
2024-03-13,tomato,Tirunelveli,3,1.28,36.85
2024-03-13,tomato,Madurai,3,0.84,21.61
2024-03-13,tomato,Nagercoil,3,1.08,29.29
2024-03-13,tomato,Tuticorin,3,1.02,29.37
2024-03-13,tomato,Tenkasi,3,0.97,31.63
2024-03-13,brinjal,Tirunelveli,3,0.8,21.32
2024-03-13,brinjal,Madurai,3,1.18,28.54
2024-03-13,brinjal,Nagercoil,3,0.83,23.02
2024-03-13,brinjal,Tuticorin,3,1.18,28.3
2024-03-13,brinjal,Tenkasi,3,1.09,26.71
2024-03-13,onion,Tirunelveli,3,0.88,32.32
2024-03-13,onion,Madurai,3,1.08,35.76
2024-03-13,onion,Nagercoil,3,0.99,36.6
2024-03-13,onion,Tuticorin,3,0.8,24.71
2024-03-13,onion,Tenkasi,3,0.84,29.64
2024-03-13,carrot,Tirunelveli,3,0.94,30.46
2024-03-13,carrot,Madurai,3,0.99,33.21
2024-03-13,carrot,Nagercoil,3,1.27,41.19
2024-03-13,carrot,Tuticorin,3,1.17,38.05
2024-03-13,carrot,Tenkasi,3,1.01,31.43
2024-03-13,cabbage,Tirunelveli,3,1.04,21.09
2024-03-13,cabbage,Madurai,3,0.95,21.84
2024-03-13,cabbage,Nagercoil,3,0.99,21.19
2024-03-13,cabbage,Tuticorin,3,0.94,20.31
2024-03-13,cabbage,Tenkasi,3,0.86,18.17
2024-03-13,potato,Tirunelveli,3,1.09,29.87
2024-03-13,potato,Madurai,3,1.07,26.88
2024-03-13,potato,Nagercoil,3,1.2,35.06
2024-03-13,potato,Tuticorin,3,1.06,30.39
2024-03-13,potato,Tenkasi,3,0.95,26.43
2024-03-13,beans,Tirunelveli,3,1.23,48.54
2024-03-13,beans,Madurai,3,0.82,34.15
2024-03-13,beans,Nagercoil,3,0.85,32.98
2024-03-13,beans,Tuticorin,3,0.99,40.64
2024-03-13,beans,Tenkasi,3,1.05,41.44
2024-03-13,okra,Tirunelveli,3,1.0,30.5
2024-03-13,okra,Madurai,3,1.04,33.15
2024-03-13,okra,Nagercoil,3,0.89,26.74
2024-03-13,okra,Tuticorin,3,1.2,36.79
2024-03-13,okra,Tenkasi,3,1.15,37.13
2024-03-14,tomato,Tirunelveli,3,1.01,29.52
2024-03-14,tomato,Madurai,3,1.06,29.24
2024-03-14,tomato,Nagercoil,3,1.12,33.21
2024-03-14,tomato,Tuticorin,3,1.09,31.04
2024-03-14,tomato,Tenkasi,3,0.84,26.6
2024-03-14,brinjal,Tirunelveli,3,1.2,29.82
2024-03-14,brinjal,Madurai,3,1.05,26.05
2024-03-14,brinjal,Nagercoil,3,1.01,26.2
2024-03-14,brinjal,Tuticorin,3,1.25,32.07
2024-03-14,brinjal,Tenkasi,3,1.23,32.1
2024-03-14,onion,Tirunelveli,3,0.84,28.53
2024-03-14,onion,Madurai,3,0.89,31.9
2024-03-14,onion,Nagercoil,3,0.92,29.44
2024-03-14,onion,Tuticorin,3,0.96,32.37
2024-03-14,onion,Tenkasi,3,0.87,30.85
2024-03-14,carrot,Tirunelveli,3,1.02,30.29
2024-03-14,carrot,Madurai,3,0.97,32.03
2024-03-14,carrot,Nagercoil,3,1.18,38.38
2024-03-14,carrot,Tuticorin,3,0.97,30.12
2024-03-14,carrot,Tenkasi,3,0.87,28.55
2024-03-14,cabbage,Tirunelveli,3,0.97,19.23
2024-03-14,cabbage,Madurai,3,0.83,18.32
2024-03-14,cabbage,Nagercoil,3,0.87,18.46
2024-03-14,cabbage,Tuticorin,3,0.93,20.63
2024-03-14,cabbage,Tenkasi,3,1.08,25.48
2024-03-14,potato,Tirunelveli,3,0.92,25.86
2024-03-14,potato,Madurai,3,1.23,35.68
2024-03-14,potato,Nagercoil,3,0.81,20.66
2024-03-14,potato,Tuticorin,3,0.99,28.14
2024-03-14,potato,Tenkasi,3,0.84,19.96
2024-03-14,beans,Tirunelveli,3,1.2,49.12
2024-03-14,beans,Madurai,3,1.2,46.75
2024-03-14,beans,Nagercoil,3,1.08,44.74
2024-03-14,beans,Tuticorin,3,0.98,41.19
2024-03-14,beans,Tenkasi,3,1.2,49.38
2024-03-14,okra,Tirunelveli,3,1.17,32.48
2024-03-14,okra,Madurai,3,0.99,29.01
2024-03-14,okra,Nagercoil,3,1.21,33.35
2024-03-14,okra,Tuticorin,3,1.26,40.84
2024-03-14,okra,Tenkasi,3,1.25,38.27
2024-03-15,tomato,Tirunelveli,3,0.85,25.56
2024-03-15,tomato,Madurai,3,1.21,33.37
2024-03-15,tomato,Nagercoil,3,1.23,34.09
2024-03-15,tomato,Tuticorin,3,1.02,29.04
2024-03-15,tomato,Tenkasi,3,0.92,27.78
2024-03-15,brinjal,Tirunelveli,3,0.84,20.08
2024-03-15,brinjal,Madurai,3,1.21,33.57
2024-03-15,brinjal,Nagercoil,3,0.84,19.22
2024-03-15,brinjal,Tuticorin,3,0.97,24.24
2024-03-15,brinjal,Tenkasi,3,0.91,25.13
2024-03-15,onion,Tirunelveli,3,1.27,42.23
2024-03-15,onion,Madurai,3,1.08,36.64
2024-03-15,onion,Nagercoil,3,1.27,44.14
2024-03-15,onion,Tuticorin,3,1.23,41.02
2024-03-15,onion,Tenkasi,3,1.04,33.42
2024-03-15,carrot,Tirunelveli,3,1.08,33.7
2024-03-15,carrot,Madurai,3,0.95,32.5
2024-03-15,carrot,Nagercoil,3,1.09,34.7
2024-03-15,carrot,Tuticorin,3,1.3,40.34
2024-03-15,carrot,Tenkasi,3,0.88,26.87
2024-03-15,cabbage,Tirunelveli,3,0.88,19.63
2024-03-15,cabbage,Madurai,3,1.25,24.93
2024-03-15,cabbage,Nagercoil,3,1.29,27.3
2024-03-15,cabbage,Tuticorin,3,0.96,19.5
2024-03-15,cabbage,Tenkasi,3,0.86,18.23
2024-03-15,potato,Tirunelveli,3,0.88,25.73
2024-03-15,potato,Madurai,3,1.01,29.51
2024-03-15,potato,Nagercoil,3,1.03,26.99
2024-03-15,potato,Tuticorin,3,1.29,35.49
2024-03-15,potato,Tenkasi,3,1.04,28.0
2024-03-15,beans,Tirunelveli,3,1.05,44.03
2024-03-15,beans,Madurai,3,1.24,48.44
2024-03-15,beans,Nagercoil,3,1.27,51.7
2024-03-15,beans,Tuticorin,3,1.08,43.81
2024-03-15,beans,Tenkasi,3,1.21,47.58
2024-03-15,okra,Tirunelveli,3,0.96,26.25
2024-03-15,okra,Madurai,3,1.03,29.96
2024-03-15,okra,Nagercoil,3,1.06,31.36
2024-03-15,okra,Tuticorin,3,0.83,24.42
2024-03-15,okra,Tenkasi,3,1.03,30.37
2024-03-16,tomato,Tirunelveli,3,1.02,30.19
2024-03-16,tomato,Madurai,3,1.01,30.33
2024-03-16,tomato,Nagercoil,3,0.97,29.4
2024-03-16,tomato,Tuticorin,3,0.83,22.67
2024-03-16,tomato,Tenkasi,3,0.81,23.02
2024-03-16,brinjal,Tirunelveli,3,0.87,24.06
2024-03-16,brinjal,Madurai,3,0.92,22.98
2024-03-16,brinjal,Nagercoil,3,1.06,29.6
2024-03-16,brinjal,Tuticorin,3,1.29,31.79
2024-03-16,brinjal,Tenkasi,3,0.91,23.75
2024-03-16,onion,Tirunelveli,3,1.14,40.29
2024-03-16,onion,Madurai,3,0.84,28.91
2024-03-16,onion,Nagercoil,3,1.06,35.82
2024-03-16,onion,Tuticorin,3,1.11,36.73
2024-03-16,onion,Tenkasi,3,0.88,29.82
2024-03-16,carrot,Tirunelveli,3,1.02,31.04
2024-03-16,carrot,Madurai,3,1.1,37.04
2024-03-16,carrot,Nagercoil,3,0.94,27.98
2024-03-16,carrot,Tuticorin,3,1.25,39.46
2024-03-16,carrot,Tenkasi,3,1.25,40.69
2024-03-16,cabbage,Tirunelveli,3,1.28,26.57
2024-03-16,cabbage,Madurai,3,0.95,18.48
2024-03-16,cabbage,Nagercoil,3,1.0,21.08
2024-03-16,cabbage,Tuticorin,3,1.28,24.59
2024-03-16,cabbage,Tenkasi,3,1.05,22.08
2024-03-16,potato,Tirunelveli,3,0.97,25.69
2024-03-16,potato,Madurai,3,1.23,31.89
2024-03-16,potato,Nagercoil,3,0.9,24.29
2024-03-16,potato,Tuticorin,3,1.18,34.01
2024-03-16,potato,Tenkasi,3,0.9,23.77
2024-03-16,beans,Tirunelveli,3,0.96,39.7
2024-03-16,beans,Madurai,3,1.27,50.87
2024-03-16,beans,Nagercoil,3,0.9,34.89
2024-03-16,beans,Tuticorin,3,1.05,41.87
2024-03-16,beans,Tenkasi,3,1.03,41.21
2024-03-16,okra,Tirunelveli,3,1.25,33.71
2024-03-16,okra,Madurai,3,1.2,33.8
2024-03-16,okra,Nagercoil,3,0.9,26.27
2024-03-16,okra,Tuticorin,3,0.82,22.51
2024-03-16,okra,Tenkasi,3,0.83,25.89
2024-03-17,tomato,Tirunelveli,3,0.92,26.95
2024-03-17,tomato,Madurai,3,1.04,30.48
2024-03-17,tomato,Nagercoil,3,1.01,27.93
2024-03-17,tomato,Tuticorin,3,0.89,24.05
2024-03-17,tomato,Tenkasi,3,0.99,28.78
2024-03-17,brinjal,Tirunelveli,3,1.01,26.6
2024-03-17,brinjal,Madurai,3,1.27,35.06
2024-03-17,brinjal,Nagercoil,3,0.82,22.45
2024-03-17,brinjal,Tuticorin,3,1.0,27.35
2024-03-17,brinjal,Tenkasi,3,1.12,29.82
2024-03-17,onion,Tirunelveli,3,0.96,32.9
2024-03-17,onion,Madurai,3,0.86,28.53
2024-03-17,onion,Nagercoil,3,1.27,40.98
2024-03-17,onion,Tuticorin,3,1.18,40.42
2024-03-17,onion,Tenkasi,3,1.05,37.63
2024-03-17,carrot,Tirunelveli,3,1.23,38.85
2024-03-17,carrot,Madurai,3,1.14,36.72
2024-03-17,carrot,Nagercoil,3,1.18,37.17
2024-03-17,carrot,Tuticorin,3,0.87,28.58
2024-03-17,carrot,Tenkasi,3,0.81,25.64
2024-03-17,cabbage,Tirunelveli,3,1.18,20.42
2024-03-17,cabbage,Madurai,3,0.8,14.7
2024-03-17,cabbage,Nagercoil,3,1.21,25.97
2024-03-17,cabbage,Tuticorin,3,1.14,20.37
2024-03-17,cabbage,Tenkasi,3,1.15,23.89
2024-03-17,potato,Tirunelveli,3,1.0,28.49
2024-03-17,potato,Madurai,3,1.28,33.18
2024-03-17,potato,Nagercoil,3,0.86,25.28
2024-03-17,potato,Tuticorin,3,1.22,35.82
2024-03-17,potato,Tenkasi,3,1.04,26.76
2024-03-17,beans,Tirunelveli,3,0.9,35.26
2024-03-17,beans,Madurai,3,1.01,40.74
2024-03-17,beans,Nagercoil,3,1.07,45.57
2024-03-17,beans,Tuticorin,3,1.21,48.25
2024-03-17,beans,Tenkasi,3,1.19,48.82
2024-03-17,okra,Tirunelveli,3,1.22,36.5
2024-03-17,okra,Madurai,3,1.22,35.57
2024-03-17,okra,Nagercoil,3,1.04,28.32
2024-03-17,okra,Tuticorin,3,0.88,25.09
2024-03-17,okra,Tenkasi,3,0.84,23.99
2024-03-18,tomato,Tirunelveli,3,1.26,39.05
2024-03-18,tomato,Madurai,3,1.26,37.39
2024-03-18,tomato,Nagercoil,3,0.97,27.34
2024-03-18,tomato,Tuticorin,3,0.89,25.85
2024-03-18,tomato,Tenkasi,3,1.22,33.92
2024-03-18,brinjal,Tirunelveli,3,0.99,26.84
2024-03-18,brinjal,Madurai,3,1.07,25.99
2024-03-18,brinjal,Nagercoil,3,1.2,29.26
2024-03-18,brinjal,Tuticorin,3,0.94,23.81
2024-03-18,brinjal,Tenkasi,3,1.23,29.11
2024-03-18,onion,Tirunelveli,3,0.92,31.43
2024-03-18,onion,Madurai,3,1.17,39.53
2024-03-18,onion,Nagercoil,3,1.08,37.79
2024-03-18,onion,Tuticorin,3,1.05,38.06
2024-03-18,onion,Tenkasi,3,0.82,28.25
2024-03-18,carrot,Tirunelveli,3,0.88,28.39
2024-03-18,carrot,Madurai,3,1.13,37.47
2024-03-18,carrot,Nagercoil,3,1.09,32.77
2024-03-18,carrot,Tuticorin,3,1.02,32.17
2024-03-18,carrot,Tenkasi,3,1.02,34.08
2024-03-18,cabbage,Tirunelveli,3,1.07,23.81
2024-03-18,cabbage,Madurai,3,1.0,21.62
2024-03-18,cabbage,Nagercoil,3,1.12,25.42
2024-03-18,cabbage,Tuticorin,3,0.81,15.66
2024-03-18,cabbage,Tenkasi,3,0.9,20.27
2024-03-18,potato,Tirunelveli,3,1.06,29.3
2024-03-18,potato,Madurai,3,1.26,32.15
2024-03-18,potato,Nagercoil,3,0.86,19.05
2024-03-18,potato,Tuticorin,3,1.2,33.75
2024-03-18,potato,Tenkasi,3,1.26,34.27
2024-03-18,beans,Tirunelveli,3,1.27,54.21
2024-03-18,beans,Madurai,3,1.19,48.21
2024-03-18,beans,Nagercoil,3,0.87,34.19
2024-03-18,beans,Tuticorin,3,1.05,42.35
2024-03-18,beans,Tenkasi,3,0.88,34.6
2024-03-18,okra,Tirunelveli,3,1.02,28.7
2024-03-18,okra,Madurai,3,1.11,33.25
2024-03-18,okra,Nagercoil,3,0.89,25.45
2024-03-18,okra,Tuticorin,3,1.09,33.76
2024-03-18,okra,Tenkasi,3,1.17,38.01
2024-03-19,tomato,Tirunelveli,3,0.97,27.25
2024-03-19,tomato,Madurai,3,1.04,32.22
2024-03-19,tomato,Nagercoil,3,1.12,30.04
2024-03-19,tomato,Tuticorin,3,0.84,25.66
2024-03-19,tomato,Tenkasi,3,0.85,24.64
2024-03-19,brinjal,Tirunelveli,3,0.86,22.6
2024-03-19,brinjal,Madurai,3,0.98,26.49
2024-03-19,brinjal,Nagercoil,3,0.82,21.27
2024-03-19,brinjal,Tuticorin,3,0.92,21.07
2024-03-19,brinjal,Tenkasi,3,0.83,22.12
2024-03-19,onion,Tirunelveli,3,0.81,28.82
2024-03-19,onion,Madurai,3,1.01,34.29
2024-03-19,onion,Nagercoil,3,1.16,39.77
2024-03-19,onion,Tuticorin,3,0.9,32.05
2024-03-19,onion,Tenkasi,3,1.06,36.8
2024-03-19,carrot,Tirunelveli,3,1.09,34.35
2024-03-19,carrot,Madurai,3,1.25,40.51
2024-03-19,carrot,Nagercoil,3,1.24,38.35
2024-03-19,carrot,Tuticorin,3,1.01,31.2
2024-03-19,carrot,Tenkasi,3,0.94,30.19
2024-03-19,cabbage,Tirunelveli,3,0.96,19.79
2024-03-19,cabbage,Madurai,3,1.03,21.59
2024-03-19,cabbage,Nagercoil,3,1.14,23.43
2024-03-19,cabbage,Tuticorin,3,1.17,22.33
2024-03-19,cabbage,Tenkasi,3,1.23,27.76
2024-03-19,potato,Tirunelveli,3,0.86,25.49
2024-03-19,potato,Madurai,3,1.27,35.66
2024-03-19,potato,Nagercoil,3,0.93,25.03
2024-03-19,potato,Tuticorin,3,1.27,36.39
2024-03-19,potato,Tenkasi,3,0.91,26.34
2024-03-19,beans,Tirunelveli,3,1.02,43.12
2024-03-19,beans,Madurai,3,0.85,35.16
2024-03-19,beans,Nagercoil,3,1.28,51.09
2024-03-19,beans,Tuticorin,3,1.21,49.57
2024-03-19,beans,Tenkasi,3,1.06,39.74
2024-03-19,okra,Tirunelveli,3,1.09,32.01
2024-03-19,okra,Madurai,3,1.16,37.49
2024-03-19,okra,Nagercoil,3,1.15,32.54
2024-03-19,okra,Tuticorin,3,1.16,32.03
2024-03-19,okra,Tenkasi,3,0.92,27.09
2024-03-20,tomato,Tirunelveli,3,1.04,29.53
2024-03-20,tomato,Madurai,3,1.17,35.09
2024-03-20,tomato,Nagercoil,3,0.85,24.77
2024-03-20,tomato,Tuticorin,3,1.19,34.06
2024-03-20,tomato,Tenkasi,3,0.91,23.65
2024-03-20,brinjal,Tirunelveli,3,1.0,25.43
2024-03-20,brinjal,Madurai,3,1.19,29.02
2024-03-20,brinjal,Nagercoil,3,1.26,32.99
2024-03-20,brinjal,Tuticorin,3,1.1,27.79
2024-03-20,brinjal,Tenkasi,3,1.1,24.31
2024-03-20,onion,Tirunelveli,3,1.08,39.18
2024-03-20,onion,Madurai,3,0.89,25.33
2024-03-20,onion,Nagercoil,3,1.21,39.99
2024-03-20,onion,Tuticorin,3,1.18,41.0
2024-03-20,onion,Tenkasi,3,1.27,43.46
2024-03-20,carrot,Tirunelveli,3,0.87,28.7
2024-03-20,carrot,Madurai,3,1.06,33.24
2024-03-20,carrot,Nagercoil,3,1.0,31.2
2024-03-20,carrot,Tuticorin,3,0.99,31.61
2024-03-20,carrot,Tenkasi,3,0.89,30.65
2024-03-20,cabbage,Tirunelveli,3,0.93,17.55
2024-03-20,cabbage,Madurai,3,1.11,22.94
2024-03-20,cabbage,Nagercoil,3,1.08,22.84
2024-03-20,cabbage,Tuticorin,3,1.26,26.21
2024-03-20,cabbage,Tenkasi,3,1.27,25.54
2024-03-20,potato,Tirunelveli,3,0.95,25.69
2024-03-20,potato,Madurai,3,1.25,34.19
2024-03-20,potato,Nagercoil,3,1.02,28.15
2024-03-20,potato,Tuticorin,3,0.82,19.69
2024-03-20,potato,Tenkasi,3,1.04,29.44
2024-03-20,beans,Tirunelveli,3,1.11,45.1
2024-03-20,beans,Madurai,3,1.02,42.21
2024-03-20,beans,Nagercoil,3,1.21,45.99
2024-03-20,beans,Tuticorin,3,0.82,33.55
2024-03-20,beans,Tenkasi,3,1.13,45.45
2024-03-20,okra,Tirunelveli,3,1.21,36.28
2024-03-20,okra,Madurai,3,1.23,36.35
2024-03-20,okra,Nagercoil,3,1.25,38.01
2024-03-20,okra,Tuticorin,3,0.96,27.77
2024-03-20,okra,Tenkasi,3,0.82,24.69
2024-03-21,tomato,Tirunelveli,3,1.16,30.92
2024-03-21,tomato,Madurai,3,0.9,25.18
2024-03-21,tomato,Nagercoil,3,1.13,32.15
2024-03-21,tomato,Tuticorin,3,0.98,24.5
2024-03-21,tomato,Tenkasi,3,0.96,27.76
2024-03-21,brinjal,Tirunelveli,3,0.81,21.04
2024-03-21,brinjal,Madurai,3,1.02,25.11
2024-03-21,brinjal,Nagercoil,3,0.85,22.51
2024-03-21,brinjal,Tuticorin,3,1.18,31.77
2024-03-21,brinjal,Tenkasi,3,0.83,23.84
2024-03-21,onion,Tirunelveli,3,0.87,28.15
2024-03-21,onion,Madurai,3,1.05,37.08
2024-03-21,onion,Nagercoil,3,1.07,37.17
2024-03-21,onion,Tuticorin,3,1.22,42.05
2024-03-21,onion,Tenkasi,3,1.16,38.19
2024-03-21,carrot,Tirunelveli,3,1.29,41.47
2024-03-21,carrot,Madurai,3,0.88,24.91
2024-03-21,carrot,Nagercoil,3,1.12,35.74
2024-03-21,carrot,Tuticorin,3,0.86,25.35
2024-03-21,carrot,Tenkasi,3,1.24,39.28
2024-03-21,cabbage,Tirunelveli,3,0.82,18.43
2024-03-21,cabbage,Madurai,3,0.82,15.87
2024-03-21,cabbage,Nagercoil,3,1.28,23.71
2024-03-21,cabbage,Tuticorin,3,0.98,20.7
2024-03-21,cabbage,Tenkasi,3,0.83,16.15
2024-03-21,potato,Tirunelveli,3,1.27,38.14
2024-03-21,potato,Madurai,3,0.92,23.14
2024-03-21,potato,Nagercoil,3,1.15,36.03
2024-03-21,potato,Tuticorin,3,0.83,22.16
2024-03-21,potato,Tenkasi,3,1.17,31.34
2024-03-21,beans,Tirunelveli,3,0.89,33.89
2024-03-21,beans,Madurai,3,1.23,50.09
2024-03-21,beans,Nagercoil,3,1.27,47.88
2024-03-21,beans,Tuticorin,3,0.92,37.32
2024-03-21,beans,Tenkasi,3,0.82,34.48
2024-03-21,okra,Tirunelveli,3,1.07,29.99
2024-03-21,okra,Madurai,3,1.27,40.43
2024-03-21,okra,Nagercoil,3,1.04,29.95
2024-03-21,okra,Tuticorin,3,1.06,31.09
2024-03-21,okra,Tenkasi,3,1.04,28.41
2024-03-22,tomato,Tirunelveli,3,1.15,32.9
2024-03-22,tomato,Madurai,3,0.82,24.27
2024-03-22,tomato,Nagercoil,3,1.05,28.25
2024-03-22,tomato,Tuticorin,3,1.18,34.18
2024-03-22,tomato,Tenkasi,3,1.29,37.73
2024-03-22,brinjal,Tirunelveli,3,1.03,27.02
2024-03-22,brinjal,Madurai,3,1.07,26.98
2024-03-22,brinjal,Nagercoil,3,0.99,26.75
2024-03-22,brinjal,Tuticorin,3,1.05,24.54
2024-03-22,brinjal,Tenkasi,3,1.25,32.13
2024-03-22,onion,Tirunelveli,3,1.14,38.06
2024-03-22,onion,Madurai,3,1.1,38.41
2024-03-22,onion,Nagercoil,3,0.86,29.77
2024-03-22,onion,Tuticorin,3,1.0,33.32
2024-03-22,onion,Tenkasi,3,1.09,37.54
2024-03-22,carrot,Tirunelveli,3,0.89,27.31
2024-03-22,carrot,Madurai,3,1.29,44.4
2024-03-22,carrot,Nagercoil,3,0.96,31.9
2024-03-22,carrot,Tuticorin,3,0.85,30.08
2024-03-22,carrot,Tenkasi,3,0.81,24.74
2024-03-22,cabbage,Tirunelveli,3,1.21,22.3
2024-03-22,cabbage,Madurai,3,0.83,17.63
2024-03-22,cabbage,Nagercoil,3,0.88,18.71
2024-03-22,cabbage,Tuticorin,3,0.92,20.15
2024-03-22,cabbage,Tenkasi,3,0.83,18.25
2024-03-22,potato,Tirunelveli,3,1.0,30.32
2024-03-22,potato,Madurai,3,0.98,28.09
2024-03-22,potato,Nagercoil,3,1.29,33.82
2024-03-22,potato,Tuticorin,3,0.89,22.32
2024-03-22,potato,Tenkasi,3,1.02,31.04
2024-03-22,beans,Tirunelveli,3,0.93,37.23
2024-03-22,beans,Madurai,3,1.07,45.1
2024-03-22,beans,Nagercoil,3,0.95,37.0
2024-03-22,beans,Tuticorin,3,1.15,47.03
2024-03-22,beans,Tenkasi,3,1.0,38.7
2024-03-22,okra,Tirunelveli,3,0.98,25.72
2024-03-22,okra,Madurai,3,0.85,27.05
2024-03-22,okra,Nagercoil,3,1.13,31.99
2024-03-22,okra,Tuticorin,3,0.94,26.14
2024-03-22,okra,Tenkasi,3,0.91,26.8
2024-03-23,tomato,Tirunelveli,3,0.81,23.09
2024-03-23,tomato,Madurai,3,0.91,26.6
2024-03-23,tomato,Nagercoil,3,0.94,27.52
2024-03-23,tomato,Tuticorin,3,0.84,22.74
2024-03-23,tomato,Tenkasi,3,0.87,22.89
2024-03-23,brinjal,Tirunelveli,3,1.15,31.04
2024-03-23,brinjal,Madurai,3,1.08,28.47
2024-03-23,brinjal,Nagercoil,3,0.86,19.81
2024-03-23,brinjal,Tuticorin,3,1.07,24.55
2024-03-23,brinjal,Tenkasi,3,1.1,27.21
2024-03-23,onion,Tirunelveli,3,1.24,40.54
2024-03-23,onion,Madurai,3,0.93,31.31
2024-03-23,onion,Nagercoil,3,1.04,36.94
2024-03-23,onion,Tuticorin,3,0.98,33.61
2024-03-23,onion,Tenkasi,3,0.99,35.69
2024-03-23,carrot,Tirunelveli,3,1.13,35.67
2024-03-23,carrot,Madurai,3,1.11,37.18
2024-03-23,carrot,Nagercoil,3,0.82,25.58
2024-03-23,carrot,Tuticorin,3,1.24,36.03
2024-03-23,carrot,Tenkasi,3,1.05,34.23
2024-03-23,cabbage,Tirunelveli,3,1.13,20.48
2024-03-23,cabbage,Madurai,3,0.87,16.98
2024-03-23,cabbage,Nagercoil,3,1.02,17.26
2024-03-23,cabbage,Tuticorin,3,1.14,23.44
2024-03-23,cabbage,Tenkasi,3,1.01,21.07
2024-03-23,potato,Tirunelveli,3,1.2,33.93
2024-03-23,potato,Madurai,3,0.85,21.11
2024-03-23,potato,Nagercoil,3,1.08,28.38
2024-03-23,potato,Tuticorin,3,1.23,33.37
2024-03-23,potato,Tenkasi,3,1.13,32.04
2024-03-23,beans,Tirunelveli,3,1.07,43.37
2024-03-23,beans,Madurai,3,1.27,49.65
2024-03-23,beans,Nagercoil,3,1.01,42.05
2024-03-23,beans,Tuticorin,3,1.27,48.5
2024-03-23,beans,Tenkasi,3,1.22,49.42
2024-03-23,okra,Tirunelveli,3,1.21,34.84
2024-03-23,okra,Madurai,3,0.94,29.3
2024-03-23,okra,Nagercoil,3,0.83,23.75
2024-03-23,okra,Tuticorin,3,0.98,33.78
2024-03-23,okra,Tenkasi,3,1.16,35.23
2024-03-24,tomato,Tirunelveli,3,0.98,30.14
2024-03-24,tomato,Madurai,3,1.07,33.56
2024-03-24,tomato,Nagercoil,3,1.12,31.68
2024-03-24,tomato,Tuticorin,3,0.86,24.41
2024-03-24,tomato,Tenkasi,3,0.91,28.09
2024-03-24,brinjal,Tirunelveli,3,1.15,29.11
2024-03-24,brinjal,Madurai,3,1.19,28.57
2024-03-24,brinjal,Nagercoil,3,1.0,22.64
2024-03-24,brinjal,Tuticorin,3,0.9,22.87
2024-03-24,brinjal,Tenkasi,3,1.29,31.78
2024-03-24,onion,Tirunelveli,3,0.88,31.53
2024-03-24,onion,Madurai,3,1.15,38.95
2024-03-24,onion,Nagercoil,3,1.27,46.51
2024-03-24,onion,Tuticorin,3,1.03,34.16
2024-03-24,onion,Tenkasi,3,1.12,36.47
2024-03-24,carrot,Tirunelveli,3,1.05,33.61
2024-03-24,carrot,Madurai,3,1.06,35.17
2024-03-24,carrot,Nagercoil,3,1.13,37.64
2024-03-24,carrot,Tuticorin,3,0.86,27.59
2024-03-24,carrot,Tenkasi,3,1.25,42.87
2024-03-24,cabbage,Tirunelveli,3,1.26,25.92
2024-03-24,cabbage,Madurai,3,1.07,21.61
2024-03-24,cabbage,Nagercoil,3,0.87,18.53
2024-03-24,cabbage,Tuticorin,3,1.16,22.15
2024-03-24,cabbage,Tenkasi,3,1.26,27.57
2024-03-24,potato,Tirunelveli,3,1.0,29.34
2024-03-24,potato,Madurai,3,0.8,22.24
2024-03-24,potato,Nagercoil,3,1.14,29.84
2024-03-24,potato,Tuticorin,3,1.01,28.09
2024-03-24,potato,Tenkasi,3,0.84,25.72
2024-03-24,beans,Tirunelveli,3,0.9,36.81
2024-03-24,beans,Madurai,3,1.25,51.34
2024-03-24,beans,Nagercoil,3,0.86,35.97
2024-03-24,beans,Tuticorin,3,0.89,33.92
2024-03-24,beans,Tenkasi,3,1.09,43.45
2024-03-24,okra,Tirunelveli,3,1.14,34.9
2024-03-24,okra,Madurai,3,0.89,24.48
2024-03-24,okra,Nagercoil,3,0.91,28.79
2024-03-24,okra,Tuticorin,3,0.96,26.45
2024-03-24,okra,Tenkasi,3,1.02,29.75
2024-03-25,tomato,Tirunelveli,3,0.96,29.26
2024-03-25,tomato,Madurai,3,1.08,30.85
2024-03-25,tomato,Nagercoil,3,0.88,25.47
2024-03-25,tomato,Tuticorin,3,1.13,35.29
2024-03-25,tomato,Tenkasi,3,1.24,37.15
2024-03-25,brinjal,Tirunelveli,3,1.18,29.53
2024-03-25,brinjal,Madurai,3,1.04,23.97
2024-03-25,brinjal,Nagercoil,3,1.29,34.13
2024-03-25,brinjal,Tuticorin,3,1.13,28.52
2024-03-25,brinjal,Tenkasi,3,1.11,27.69
2024-03-25,onion,Tirunelveli,3,0.83,28.51
2024-03-25,onion,Madurai,3,0.97,32.72
2024-03-25,onion,Nagercoil,3,1.02,34.07
2024-03-25,onion,Tuticorin,3,1.14,38.72
2024-03-25,onion,Tenkasi,3,1.06,35.55
2024-03-25,carrot,Tirunelveli,3,1.1,33.75
2024-03-25,carrot,Madurai,3,0.84,27.81
2024-03-25,carrot,Nagercoil,3,1.18,38.98
2024-03-25,carrot,Tuticorin,3,1.16,36.87
2024-03-25,carrot,Tenkasi,3,1.12,39.18
2024-03-25,cabbage,Tirunelveli,3,0.82,18.9
2024-03-25,cabbage,Madurai,3,1.05,22.59
2024-03-25,cabbage,Nagercoil,3,0.98,21.55
2024-03-25,cabbage,Tuticorin,3,1.15,21.72
2024-03-25,cabbage,Tenkasi,3,1.24,27.35
2024-03-25,potato,Tirunelveli,3,1.08,28.79
2024-03-25,potato,Madurai,3,1.24,36.91
2024-03-25,potato,Nagercoil,3,1.09,34.23
2024-03-25,potato,Tuticorin,3,1.17,35.9
2024-03-25,potato,Tenkasi,3,1.04,29.64
2024-03-25,beans,Tirunelveli,3,0.85,35.23
2024-03-25,beans,Madurai,3,0.96,39.71
2024-03-25,beans,Nagercoil,3,0.95,37.85
2024-03-25,beans,Tuticorin,3,1.1,44.94
2024-03-25,beans,Tenkasi,3,1.27,49.79
2024-03-25,okra,Tirunelveli,3,1.14,36.83
2024-03-25,okra,Madurai,3,0.97,30.17
2024-03-25,okra,Nagercoil,3,0.98,31.15
2024-03-25,okra,Tuticorin,3,0.82,24.74
2024-03-25,okra,Tenkasi,3,1.18,34.6
2024-03-26,tomato,Tirunelveli,3,1.07,28.78
2024-03-26,tomato,Madurai,3,1.02,28.44
2024-03-26,tomato,Nagercoil,3,0.84,23.84
2024-03-26,tomato,Tuticorin,3,1.29,38.33
2024-03-26,tomato,Tenkasi,3,1.08,31.56
2024-03-26,brinjal,Tirunelveli,3,0.87,22.38
2024-03-26,brinjal,Madurai,3,0.85,22.51
2024-03-26,brinjal,Nagercoil,3,1.07,26.92
2024-03-26,brinjal,Tuticorin,3,1.06,27.97
2024-03-26,brinjal,Tenkasi,3,0.9,23.22
2024-03-26,onion,Tirunelveli,3,1.13,39.35
2024-03-26,onion,Madurai,3,0.88,29.33
2024-03-26,onion,Nagercoil,3,1.17,39.78
2024-03-26,onion,Tuticorin,3,1.1,35.13
2024-03-26,onion,Tenkasi,3,0.89,29.25
2024-03-26,carrot,Tirunelveli,3,1.13,38.02
2024-03-26,carrot,Madurai,3,0.88,27.17
2024-03-26,carrot,Nagercoil,3,1.01,33.19
2024-03-26,carrot,Tuticorin,3,0.92,28.47
2024-03-26,carrot,Tenkasi,3,1.24,41.28
2024-03-26,cabbage,Tirunelveli,3,1.25,26.48
2024-03-26,cabbage,Madurai,3,0.84,15.62
2024-03-26,cabbage,Nagercoil,3,1.0,22.04
2024-03-26,cabbage,Tuticorin,3,1.11,24.93
2024-03-26,cabbage,Tenkasi,3,0.94,18.25
2024-03-26,potato,Tirunelveli,3,1.16,31.62
2024-03-26,potato,Madurai,3,1.05,27.53
2024-03-26,potato,Nagercoil,3,0.96,27.81
2024-03-26,potato,Tuticorin,3,0.97,26.73
2024-03-26,potato,Tenkasi,3,1.06,29.26
2024-03-26,beans,Tirunelveli,3,1.03,38.16
2024-03-26,beans,Madurai,3,1.26,50.58
2024-03-26,beans,Nagercoil,3,0.81,34.68
2024-03-26,beans,Tuticorin,3,0.91,39.93
2024-03-26,beans,Tenkasi,3,1.01,42.77
2024-03-26,okra,Tirunelveli,3,0.8,25.23
2024-03-26,okra,Madurai,3,1.27,37.19
2024-03-26,okra,Nagercoil,3,0.93,26.94
2024-03-26,okra,Tuticorin,3,0.82,23.41
2024-03-26,okra,Tenkasi,3,0.85,25.0
2024-03-27,tomato,Tirunelveli,3,1.16,32.68
2024-03-27,tomato,Madurai,3,0.81,24.26
2024-03-27,tomato,Nagercoil,3,0.91,23.98
2024-03-27,tomato,Tuticorin,3,1.06,29.85
2024-03-27,tomato,Tenkasi,3,0.93,23.73
2024-03-27,brinjal,Tirunelveli,3,0.99,26.4
2024-03-27,brinjal,Madurai,3,1.01,24.9
2024-03-27,brinjal,Nagercoil,3,1.23,33.64
2024-03-27,brinjal,Tuticorin,3,1.27,33.25
2024-03-27,brinjal,Tenkasi,3,0.85,18.56
2024-03-27,onion,Tirunelveli,3,0.9,29.04
2024-03-27,onion,Madurai,3,1.24,42.13
2024-03-27,onion,Nagercoil,3,0.88,33.69
2024-03-27,onion,Tuticorin,3,1.15,38.13
2024-03-27,onion,Tenkasi,3,0.99,34.5
2024-03-27,carrot,Tirunelveli,3,1.02,34.42
2024-03-27,carrot,Madurai,3,0.83,28.82
2024-03-27,carrot,Nagercoil,3,1.11,35.44
2024-03-27,carrot,Tuticorin,3,1.22,37.6
2024-03-27,carrot,Tenkasi,3,0.81,25.96
2024-03-27,cabbage,Tirunelveli,3,0.95,21.17
2024-03-27,cabbage,Madurai,3,0.95,20.63
2024-03-27,cabbage,Nagercoil,3,1.05,19.0
2024-03-27,cabbage,Tuticorin,3,0.92,16.58
2024-03-27,cabbage,Tenkasi,3,0.87,15.76
2024-03-27,potato,Tirunelveli,3,1.29,37.04
2024-03-27,potato,Madurai,3,0.9,22.86
2024-03-27,potato,Nagercoil,3,0.8,20.14
2024-03-27,potato,Tuticorin,3,1.22,33.79
2024-03-27,potato,Tenkasi,3,1.07,31.04
2024-03-27,beans,Tirunelveli,3,1.13,47.73
2024-03-27,beans,Madurai,3,0.82,31.28
2024-03-27,beans,Nagercoil,3,0.83,36.53
2024-03-27,beans,Tuticorin,3,1.24,47.28
2024-03-27,beans,Tenkasi,3,0.85,33.55
2024-03-27,okra,Tirunelveli,3,1.0,30.65
2024-03-27,okra,Madurai,3,0.96,27.02
2024-03-27,okra,Nagercoil,3,1.05,30.98
2024-03-27,okra,Tuticorin,3,1.2,35.21
2024-03-27,okra,Tenkasi,3,1.22,32.28
2024-03-28,tomato,Tirunelveli,3,1.15,30.6
2024-03-28,tomato,Madurai,3,1.24,35.62
2024-03-28,tomato,Nagercoil,3,1.09,30.21
2024-03-28,tomato,Tuticorin,3,1.2,33.23
2024-03-28,tomato,Tenkasi,3,0.82,22.95
2024-03-28,brinjal,Tirunelveli,3,1.05,28.39
2024-03-28,brinjal,Madurai,3,1.24,32.91
2024-03-28,brinjal,Nagercoil,3,0.82,17.31
2024-03-28,brinjal,Tuticorin,3,0.8,21.46
2024-03-28,brinjal,Tenkasi,3,0.86,20.1
2024-03-28,onion,Tirunelveli,3,0.86,32.21
2024-03-28,onion,Madurai,3,1.16,38.29
2024-03-28,onion,Nagercoil,3,0.89,31.67
2024-03-28,onion,Tuticorin,3,1.23,41.83
2024-03-28,onion,Tenkasi,3,1.19,41.52
2024-03-28,carrot,Tirunelveli,3,1.18,37.54
2024-03-28,carrot,Madurai,3,1.1,33.53
2024-03-28,carrot,Nagercoil,3,0.86,26.46
2024-03-28,carrot,Tuticorin,3,1.05,31.26
2024-03-28,carrot,Tenkasi,3,1.04,35.05
2024-03-28,cabbage,Tirunelveli,3,0.98,21.46
2024-03-28,cabbage,Madurai,3,0.88,18.66
2024-03-28,cabbage,Nagercoil,3,0.99,21.02
2024-03-28,cabbage,Tuticorin,3,1.16,22.62
2024-03-28,cabbage,Tenkasi,3,1.27,26.43
2024-03-28,potato,Tirunelveli,3,0.83,21.91
2024-03-28,potato,Madurai,3,1.25,37.47
2024-03-28,potato,Nagercoil,3,1.22,34.09
2024-03-28,potato,Tuticorin,3,0.88,22.99
2024-03-28,potato,Tenkasi,3,1.03,27.97
2024-03-28,beans,Tirunelveli,3,1.1,44.12
2024-03-28,beans,Madurai,3,1.25,49.53
2024-03-28,beans,Nagercoil,3,1.29,50.42
2024-03-28,beans,Tuticorin,3,1.25,51.06
2024-03-28,beans,Tenkasi,3,1.06,43.81
2024-03-28,okra,Tirunelveli,3,1.15,35.87
2024-03-28,okra,Madurai,3,0.9,27.91
2024-03-28,okra,Nagercoil,3,0.91,25.67
2024-03-28,okra,Tuticorin,3,1.02,31.48
2024-03-28,okra,Tenkasi,3,1.03,31.69
2024-03-29,tomato,Tirunelveli,3,1.2,35.06
2024-03-29,tomato,Madurai,3,0.91,27.77
2024-03-29,tomato,Nagercoil,3,0.94,25.85
2024-03-29,tomato,Tuticorin,3,0.94,26.4
2024-03-29,tomato,Tenkasi,3,0.9,27.33
2024-03-29,brinjal,Tirunelveli,3,0.85,21.42
2024-03-29,brinjal,Madurai,3,1.16,28.43
2024-03-29,brinjal,Nagercoil,3,1.26,32.34
2024-03-29,brinjal,Tuticorin,3,1.08,29.38
2024-03-29,brinjal,Tenkasi,3,0.93,22.46
2024-03-29,onion,Tirunelveli,3,1.15,42.67
2024-03-29,onion,Madurai,3,0.91,30.24
2024-03-29,onion,Nagercoil,3,1.14,39.05
2024-03-29,onion,Tuticorin,3,1.11,40.57
2024-03-29,onion,Tenkasi,3,1.03,35.46
2024-03-29,carrot,Tirunelveli,3,1.22,40.78
2024-03-29,carrot,Madurai,3,1.2,36.52
2024-03-29,carrot,Nagercoil,3,1.0,31.59
2024-03-29,carrot,Tuticorin,3,1.21,39.27
2024-03-29,carrot,Tenkasi,3,1.2,36.42
2024-03-29,cabbage,Tirunelveli,3,0.98,18.29
2024-03-29,cabbage,Madurai,3,0.85,18.77
2024-03-29,cabbage,Nagercoil,3,1.2,24.36
2024-03-29,cabbage,Tuticorin,3,1.23,24.67
2024-03-29,cabbage,Tenkasi,3,0.97,19.5
2024-03-29,potato,Tirunelveli,3,0.85,26.18
2024-03-29,potato,Madurai,3,1.15,33.3
2024-03-29,potato,Nagercoil,3,1.0,28.5
2024-03-29,potato,Tuticorin,3,0.97,26.55
2024-03-29,potato,Tenkasi,3,1.08,27.32
2024-03-29,beans,Tirunelveli,3,1.12,44.89
2024-03-29,beans,Madurai,3,0.97,38.39
2024-03-29,beans,Nagercoil,3,1.02,38.64
2024-03-29,beans,Tuticorin,3,1.01,43.4
2024-03-29,beans,Tenkasi,3,1.17,48.31
2024-03-29,okra,Tirunelveli,3,0.92,28.42
2024-03-29,okra,Madurai,3,1.1,30.32
2024-03-29,okra,Nagercoil,3,1.04,32.96
2024-03-29,okra,Tuticorin,3,0.96,28.06
2024-03-29,okra,Tenkasi,3,0.85,24.81
2024-03-30,tomato,Tirunelveli,3,1.14,33.41
2024-03-30,tomato,Madurai,3,1.16,33.7
2024-03-30,tomato,Nagercoil,3,0.83,26.9
2024-03-30,tomato,Tuticorin,3,1.29,34.95
2024-03-30,tomato,Tenkasi,3,1.07,30.27
2024-03-30,brinjal,Tirunelveli,3,1.09,25.63
2024-03-30,brinjal,Madurai,3,1.21,28.66
2024-03-30,brinjal,Nagercoil,3,1.05,27.16
2024-03-30,brinjal,Tuticorin,3,1.17,29.63
2024-03-30,brinjal,Tenkasi,3,0.95,26.45
2024-03-30,onion,Tirunelveli,3,1.29,42.94
2024-03-30,onion,Madurai,3,0.94,35.03
2024-03-30,onion,Nagercoil,3,1.17,39.21
2024-03-30,onion,Tuticorin,3,1.06,35.95
2024-03-30,onion,Tenkasi,3,0.94,31.28
2024-03-30,carrot,Tirunelveli,3,1.13,36.75
2024-03-30,carrot,Madurai,3,0.94,31.43
2024-03-30,carrot,Nagercoil,3,1.1,34.5
2024-03-30,carrot,Tuticorin,3,1.29,43.62
2024-03-30,carrot,Tenkasi,3,0.83,25.23
2024-03-30,cabbage,Tirunelveli,3,1.0,20.73
2024-03-30,cabbage,Madurai,3,0.94,20.34
2024-03-30,cabbage,Nagercoil,3,0.86,19.25
2024-03-30,cabbage,Tuticorin,3,0.99,22.47
2024-03-30,cabbage,Tenkasi,3,1.28,26.05
2024-03-30,potato,Tirunelveli,3,0.93,26.38
2024-03-30,potato,Madurai,3,1.07,30.31
2024-03-30,potato,Nagercoil,3,0.99,26.1
2024-03-30,potato,Tuticorin,3,1.0,27.31
2024-03-30,potato,Tenkasi,3,1.04,27.19
2024-03-30,beans,Tirunelveli,3,0.99,39.04
2024-03-30,beans,Madurai,3,1.14,45.77
2024-03-30,beans,Nagercoil,3,1.02,41.75
2024-03-30,beans,Tuticorin,3,1.2,47.6
2024-03-30,beans,Tenkasi,3,1.04,43.42
2024-03-30,okra,Tirunelveli,3,0.94,26.13
2024-03-30,okra,Madurai,3,0.92,26.79
2024-03-30,okra,Nagercoil,3,1.27,37.02
2024-03-30,okra,Tuticorin,3,1.06,33.05
2024-03-30,okra,Tenkasi,3,1.0,29.33
2024-03-31,tomato,Tirunelveli,3,0.97,27.04
2024-03-31,tomato,Madurai,3,0.96,25.68
2024-03-31,tomato,Nagercoil,3,1.14,33.66
2024-03-31,tomato,Tuticorin,3,0.83,21.42
2024-03-31,tomato,Tenkasi,3,0.9,26.74
2024-03-31,brinjal,Tirunelveli,3,0.99,24.8
2024-03-31,brinjal,Madurai,3,1.13,27.79
2024-03-31,brinjal,Nagercoil,3,0.83,20.42
2024-03-31,brinjal,Tuticorin,3,0.95,23.61
2024-03-31,brinjal,Tenkasi,3,1.18,29.35
2024-03-31,onion,Tirunelveli,3,0.81,24.77
2024-03-31,onion,Madurai,3,1.05,37.83
2024-03-31,onion,Nagercoil,3,1.08,35.61
2024-03-31,onion,Tuticorin,3,1.17,38.7
2024-03-31,onion,Tenkasi,3,1.24,42.2
2024-03-31,carrot,Tirunelveli,3,1.08,35.77
2024-03-31,carrot,Madurai,3,0.98,31.91
2024-03-31,carrot,Nagercoil,3,1.06,32.72
2024-03-31,carrot,Tuticorin,3,0.9,31.14
2024-03-31,carrot,Tenkasi,3,1.1,34.92
2024-03-31,cabbage,Tirunelveli,3,0.85,20.29
2024-03-31,cabbage,Madurai,3,1.2,25.41
2024-03-31,cabbage,Nagercoil,3,1.11,23.78
2024-03-31,cabbage,Tuticorin,3,1.14,22.4
2024-03-31,cabbage,Tenkasi,3,0.81,14.2
2024-03-31,potato,Tirunelveli,3,1.13,29.94
2024-03-31,potato,Madurai,3,0.91,26.26
2024-03-31,potato,Nagercoil,3,1.2,33.35
2024-03-31,potato,Tuticorin,3,1.26,32.89
2024-03-31,potato,Tenkasi,3,1.23,36.63
2024-03-31,beans,Tirunelveli,3,0.93,37.34
2024-03-31,beans,Madurai,3,1.2,48.48
2024-03-31,beans,Nagercoil,3,0.84,34.77
2024-03-31,beans,Tuticorin,3,0.81,31.6
2024-03-31,beans,Tenkasi,3,1.21,50.6
2024-03-31,okra,Tirunelveli,3,1.15,31.96
2024-03-31,okra,Madurai,3,0.97,29.93
2024-03-31,okra,Nagercoil,3,1.17,38.83
2024-03-31,okra,Tuticorin,3,1.05,28.75
2024-03-31,okra,Tenkasi,3,0.81,22.2
2024-04-01,tomato,Tirunelveli,4,0.97,28.68
2024-04-01,tomato,Madurai,4,1.22,31.95
2024-04-01,tomato,Nagercoil,4,1.02,29.58
2024-04-01,tomato,Tuticorin,4,1.15,32.41
2024-04-01,tomato,Tenkasi,4,0.84,24.47
2024-04-01,brinjal,Tirunelveli,4,1.22,29.35
2024-04-01,brinjal,Madurai,4,1.11,27.23
2024-04-01,brinjal,Nagercoil,4,1.21,30.29
2024-04-01,brinjal,Tuticorin,4,1.19,31.0
2024-04-01,brinjal,Tenkasi,4,0.91,21.04
2024-04-01,onion,Tirunelveli,4,0.82,27.01
2024-04-01,onion,Madurai,4,0.97,32.1
2024-04-01,onion,Nagercoil,4,1.01,29.33
2024-04-01,onion,Tuticorin,4,0.94,33.5
2024-04-01,onion,Tenkasi,4,0.81,25.28
2024-04-01,carrot,Tirunelveli,4,0.95,32.38
2024-04-01,carrot,Madurai,4,1.23,39.95
2024-04-01,carrot,Nagercoil,4,1.05,33.78
2024-04-01,carrot,Tuticorin,4,0.87,25.91
2024-04-01,carrot,Tenkasi,4,1.02,33.27
2024-04-01,cabbage,Tirunelveli,4,0.83,16.72
2024-04-01,cabbage,Madurai,4,1.25,25.64
2024-04-01,cabbage,Nagercoil,4,1.23,27.55
2024-04-01,cabbage,Tuticorin,4,1.11,22.21
2024-04-01,cabbage,Tenkasi,4,1.2,26.56
2024-04-01,potato,Tirunelveli,4,1.03,27.46
2024-04-01,potato,Madurai,4,1.27,29.97
2024-04-01,potato,Nagercoil,4,1.19,30.7
2024-04-01,potato,Tuticorin,4,1.21,30.89
2024-04-01,potato,Tenkasi,4,1.03,28.37
2024-04-01,beans,Tirunelveli,4,1.28,51.87
2024-04-01,beans,Madurai,4,0.82,33.18
2024-04-01,beans,Nagercoil,4,1.03,42.45
2024-04-01,beans,Tuticorin,4,0.82,33.31
2024-04-01,beans,Tenkasi,4,1.23,46.42
2024-04-01,okra,Tirunelveli,4,0.96,28.49
2024-04-01,okra,Madurai,4,0.94,26.67
2024-04-01,okra,Nagercoil,4,0.88,25.9
2024-04-01,okra,Tuticorin,4,1.21,34.89
2024-04-01,okra,Tenkasi,4,1.03,29.41
2024-04-02,tomato,Tirunelveli,4,1.06,29.44
2024-04-02,tomato,Madurai,4,1.19,36.07
2024-04-02,tomato,Nagercoil,4,1.11,28.28
2024-04-02,tomato,Tuticorin,4,1.17,31.24
2024-04-02,tomato,Tenkasi,4,1.09,29.09
2024-04-02,brinjal,Tirunelveli,4,0.91,22.12
2024-04-02,brinjal,Madurai,4,1.09,27.82
2024-04-02,brinjal,Nagercoil,4,0.89,17.99
2024-04-02,brinjal,Tuticorin,4,1.13,27.45
2024-04-02,brinjal,Tenkasi,4,1.05,26.97
2024-04-02,onion,Tirunelveli,4,1.29,45.11
2024-04-02,onion,Madurai,4,0.85,26.1
2024-04-02,onion,Nagercoil,4,1.1,38.77
2024-04-02,onion,Tuticorin,4,1.15,40.08
2024-04-02,onion,Tenkasi,4,1.09,38.8
2024-04-02,carrot,Tirunelveli,4,1.28,40.21
2024-04-02,carrot,Madurai,4,1.05,33.41
2024-04-02,carrot,Nagercoil,4,1.07,34.88
2024-04-02,carrot,Tuticorin,4,1.03,32.59
2024-04-02,carrot,Tenkasi,4,0.99,28.89
2024-04-02,cabbage,Tirunelveli,4,1.02,19.2
2024-04-02,cabbage,Madurai,4,0.82,16.54
2024-04-02,cabbage,Nagercoil,4,1.19,26.43
2024-04-02,cabbage,Tuticorin,4,0.87,18.41
2024-04-02,cabbage,Tenkasi,4,1.09,20.85
2024-04-02,potato,Tirunelveli,4,0.81,20.73
2024-04-02,potato,Madurai,4,0.87,22.4
2024-04-02,potato,Nagercoil,4,1.29,34.53
2024-04-02,potato,Tuticorin,4,0.95,25.46
2024-04-02,potato,Tenkasi,4,1.09,29.15
2024-04-02,beans,Tirunelveli,4,0.83,32.43
2024-04-02,beans,Madurai,4,0.81,29.68
2024-04-02,beans,Nagercoil,4,1.12,41.94
2024-04-02,beans,Tuticorin,4,0.9,34.84
2024-04-02,beans,Tenkasi,4,1.13,42.71
2024-04-02,okra,Tirunelveli,4,1.14,33.14
2024-04-02,okra,Madurai,4,1.08,32.79
2024-04-02,okra,Nagercoil,4,0.86,26.82
2024-04-02,okra,Tuticorin,4,1.15,34.69
2024-04-02,okra,Tenkasi,4,0.87,25.45
2024-04-03,tomato,Tirunelveli,4,1.12,32.38
2024-04-03,tomato,Madurai,4,0.96,27.08
2024-04-03,tomato,Nagercoil,4,1.28,35.77
2024-04-03,tomato,Tuticorin,4,1.2,34.67
2024-04-03,tomato,Tenkasi,4,1.3,36.05
2024-04-03,brinjal,Tirunelveli,4,1.06,23.97
2024-04-03,brinjal,Madurai,4,0.95,22.88
2024-04-03,brinjal,Nagercoil,4,0.89,19.42
2024-04-03,brinjal,Tuticorin,4,1.24,29.99
2024-04-03,brinjal,Tenkasi,4,1.13,28.34
2024-04-03,onion,Tirunelveli,4,1.13,38.41
2024-04-03,onion,Madurai,4,1.27,42.79
2024-04-03,onion,Nagercoil,4,1.16,38.93
2024-04-03,onion,Tuticorin,4,1.06,36.09
2024-04-03,onion,Tenkasi,4,0.92,31.76
2024-04-03,carrot,Tirunelveli,4,0.87,26.71
2024-04-03,carrot,Madurai,4,1.03,30.85
2024-04-03,carrot,Nagercoil,4,0.96,30.63
2024-04-03,carrot,Tuticorin,4,1.01,30.36
2024-04-03,carrot,Tenkasi,4,1.29,39.24
2024-04-03,cabbage,Tirunelveli,4,0.88,18.99
2024-04-03,cabbage,Madurai,4,0.94,19.47
2024-04-03,cabbage,Nagercoil,4,0.89,20.13
2024-04-03,cabbage,Tuticorin,4,1.14,24.67
2024-04-03,cabbage,Tenkasi,4,0.96,19.4
2024-04-03,potato,Tirunelveli,4,1.22,34.37
2024-04-03,potato,Madurai,4,1.03,26.09
2024-04-03,potato,Nagercoil,4,1.01,27.09
2024-04-03,potato,Tuticorin,4,1.07,28.91
2024-04-03,potato,Tenkasi,4,1.19,31.7
2024-04-03,beans,Tirunelveli,4,1.14,46.18
2024-04-03,beans,Madurai,4,0.81,32.36
2024-04-03,beans,Nagercoil,4,1.08,42.97
2024-04-03,beans,Tuticorin,4,0.96,40.23
2024-04-03,beans,Tenkasi,4,0.87,34.22
2024-04-03,okra,Tirunelveli,4,1.24,37.9
2024-04-03,okra,Madurai,4,1.09,33.66
2024-04-03,okra,Nagercoil,4,1.13,34.07
2024-04-03,okra,Tuticorin,4,1.0,31.47
2024-04-03,okra,Tenkasi,4,0.99,29.09
2024-04-04,tomato,Tirunelveli,4,0.99,28.46
2024-04-04,tomato,Madurai,4,1.01,27.38
2024-04-04,tomato,Nagercoil,4,1.0,27.62
2024-04-04,tomato,Tuticorin,4,1.1,31.28
2024-04-04,tomato,Tenkasi,4,1.19,32.93
2024-04-04,brinjal,Tirunelveli,4,1.25,31.61
2024-04-04,brinjal,Madurai,4,1.13,27.98
2024-04-04,brinjal,Nagercoil,4,1.07,28.18
2024-04-04,brinjal,Tuticorin,4,1.26,31.13
2024-04-04,brinjal,Tenkasi,4,0.94,24.68
2024-04-04,onion,Tirunelveli,4,1.0,31.51
2024-04-04,onion,Madurai,4,0.93,30.48
2024-04-04,onion,Nagercoil,4,1.23,42.02
2024-04-04,onion,Tuticorin,4,0.89,29.3
2024-04-04,onion,Tenkasi,4,0.97,32.82
2024-04-04,carrot,Tirunelveli,4,1.18,37.2
2024-04-04,carrot,Madurai,4,1.24,39.01
2024-04-04,carrot,Nagercoil,4,1.04,30.49
2024-04-04,carrot,Tuticorin,4,1.24,39.25
2024-04-04,carrot,Tenkasi,4,1.14,38.32
2024-04-04,cabbage,Tirunelveli,4,1.22,24.88
2024-04-04,cabbage,Madurai,4,1.25,25.48
2024-04-04,cabbage,Nagercoil,4,1.17,26.37
2024-04-04,cabbage,Tuticorin,4,0.97,23.52
2024-04-04,cabbage,Tenkasi,4,1.06,20.14
2024-04-04,potato,Tirunelveli,4,1.16,34.09
2024-04-04,potato,Madurai,4,1.23,33.12
2024-04-04,potato,Nagercoil,4,1.0,25.44
2024-04-04,potato,Tuticorin,4,1.14,32.11
2024-04-04,potato,Tenkasi,4,1.24,31.64
2024-04-04,beans,Tirunelveli,4,1.01,39.53
2024-04-04,beans,Madurai,4,1.28,49.88
2024-04-04,beans,Nagercoil,4,1.28,50.6
2024-04-04,beans,Tuticorin,4,1.22,46.41
2024-04-04,beans,Tenkasi,4,0.81,29.75
2024-04-04,okra,Tirunelveli,4,1.23,37.24
2024-04-04,okra,Madurai,4,0.94,29.34
2024-04-04,okra,Nagercoil,4,0.91,28.55
2024-04-04,okra,Tuticorin,4,0.82,21.58
2024-04-04,okra,Tenkasi,4,1.2,34.34
2024-04-05,tomato,Tirunelveli,4,1.2,37.28
2024-04-05,tomato,Madurai,4,1.1,29.77
2024-04-05,tomato,Nagercoil,4,1.21,31.82
2024-04-05,tomato,Tuticorin,4,0.93,25.52
2024-04-05,tomato,Tenkasi,4,1.07,27.06
2024-04-05,brinjal,Tirunelveli,4,0.85,18.38
2024-04-05,brinjal,Madurai,4,1.16,27.89
2024-04-05,brinjal,Nagercoil,4,1.01,24.14
2024-04-05,brinjal,Tuticorin,4,0.91,19.99
2024-04-05,brinjal,Tenkasi,4,1.02,27.25
2024-04-05,onion,Tirunelveli,4,1.07,35.52
2024-04-05,onion,Madurai,4,1.24,41.43
2024-04-05,onion,Nagercoil,4,1.02,33.77
2024-04-05,onion,Tuticorin,4,1.05,35.43
2024-04-05,onion,Tenkasi,4,1.08,39.16
2024-04-05,carrot,Tirunelveli,4,0.89,28.87
2024-04-05,carrot,Madurai,4,0.93,29.29
2024-04-05,carrot,Nagercoil,4,0.91,27.01
2024-04-05,carrot,Tuticorin,4,0.83,24.96
2024-04-05,carrot,Tenkasi,4,1.15,35.91
2024-04-05,cabbage,Tirunelveli,4,1.07,20.97
2024-04-05,cabbage,Madurai,4,1.1,23.13
2024-04-05,cabbage,Nagercoil,4,0.97,17.11
2024-04-05,cabbage,Tuticorin,4,0.84,18.35
2024-04-05,cabbage,Tenkasi,4,0.91,18.09
2024-04-05,potato,Tirunelveli,4,1.13,28.67
2024-04-05,potato,Madurai,4,0.93,25.29
2024-04-05,potato,Nagercoil,4,1.1,29.45
2024-04-05,potato,Tuticorin,4,1.28,33.56
2024-04-05,potato,Tenkasi,4,1.09,33.16
2024-04-05,beans,Tirunelveli,4,1.26,49.21
2024-04-05,beans,Madurai,4,0.92,37.76
2024-04-05,beans,Nagercoil,4,0.93,39.37
2024-04-05,beans,Tuticorin,4,1.05,41.63
2024-04-05,beans,Tenkasi,4,0.83,34.25
2024-04-05,okra,Tirunelveli,4,0.94,28.69
2024-04-05,okra,Madurai,4,1.13,34.68
2024-04-05,okra,Nagercoil,4,1.22,35.65
2024-04-05,okra,Tuticorin,4,1.06,32.27
2024-04-05,okra,Tenkasi,4,1.05,31.31
2024-04-06,tomato,Tirunelveli,4,0.96,25.85
2024-04-06,tomato,Madurai,4,0.99,29.15
2024-04-06,tomato,Nagercoil,4,1.23,33.82
2024-04-06,tomato,Tuticorin,4,0.91,27.97
2024-04-06,tomato,Tenkasi,4,0.98,26.38
2024-04-06,brinjal,Tirunelveli,4,1.17,28.29
2024-04-06,brinjal,Madurai,4,0.93,19.72
2024-04-06,brinjal,Nagercoil,4,1.29,30.77
2024-04-06,brinjal,Tuticorin,4,1.0,27.28
2024-04-06,brinjal,Tenkasi,4,1.01,27.41
2024-04-06,onion,Tirunelveli,4,1.02,34.47
2024-04-06,onion,Madurai,4,1.05,34.66
2024-04-06,onion,Nagercoil,4,0.87,30.0
2024-04-06,onion,Tuticorin,4,0.9,29.19
2024-04-06,onion,Tenkasi,4,0.93,30.76
2024-04-06,carrot,Tirunelveli,4,0.96,31.3
2024-04-06,carrot,Madurai,4,0.9,28.03
2024-04-06,carrot,Nagercoil,4,1.14,35.92
2024-04-06,carrot,Tuticorin,4,1.06,34.44
2024-04-06,carrot,Tenkasi,4,0.86,28.22
2024-04-06,cabbage,Tirunelveli,4,1.0,19.53
2024-04-06,cabbage,Madurai,4,0.93,17.88
2024-04-06,cabbage,Nagercoil,4,1.08,22.82
2024-04-06,cabbage,Tuticorin,4,0.86,17.38
2024-04-06,cabbage,Tenkasi,4,1.29,27.27
2024-04-06,potato,Tirunelveli,4,0.97,25.2
2024-04-06,potato,Madurai,4,0.87,22.99
2024-04-06,potato,Nagercoil,4,1.13,31.84
2024-04-06,potato,Tuticorin,4,1.08,28.63
2024-04-06,potato,Tenkasi,4,1.17,26.6
2024-04-06,beans,Tirunelveli,4,0.84,34.44
2024-04-06,beans,Madurai,4,0.83,33.24
2024-04-06,beans,Nagercoil,4,0.87,33.67
2024-04-06,beans,Tuticorin,4,1.0,42.19
2024-04-06,beans,Tenkasi,4,0.87,32.73
2024-04-06,okra,Tirunelveli,4,1.04,30.53
2024-04-06,okra,Madurai,4,1.18,34.52
2024-04-06,okra,Nagercoil,4,1.3,35.53
2024-04-06,okra,Tuticorin,4,1.14,33.16
2024-04-06,okra,Tenkasi,4,1.18,36.51
2024-04-07,tomato,Tirunelveli,4,0.82,22.79
2024-04-07,tomato,Madurai,4,1.0,27.8
2024-04-07,tomato,Nagercoil,4,1.22,36.48
2024-04-07,tomato,Tuticorin,4,1.15,30.69
2024-04-07,tomato,Tenkasi,4,1.09,32.39
2024-04-07,brinjal,Tirunelveli,4,0.97,21.34
2024-04-07,brinjal,Madurai,4,0.84,22.44
2024-04-07,brinjal,Nagercoil,4,0.96,21.98
2024-04-07,brinjal,Tuticorin,4,1.0,23.51
2024-04-07,brinjal,Tenkasi,4,1.01,23.11
2024-04-07,onion,Tirunelveli,4,1.16,40.36
2024-04-07,onion,Madurai,4,0.82,27.85
2024-04-07,onion,Nagercoil,4,1.05,36.8
2024-04-07,onion,Tuticorin,4,0.82,28.18
2024-04-07,onion,Tenkasi,4,1.09,36.19
2024-04-07,carrot,Tirunelveli,4,1.24,40.05
2024-04-07,carrot,Madurai,4,0.81,25.96
2024-04-07,carrot,Nagercoil,4,1.13,35.89
2024-04-07,carrot,Tuticorin,4,1.02,31.54
2024-04-07,carrot,Tenkasi,4,1.14,36.18
2024-04-07,cabbage,Tirunelveli,4,1.04,20.73
2024-04-07,cabbage,Madurai,4,0.83,16.35
2024-04-07,cabbage,Nagercoil,4,1.09,22.28
2024-04-07,cabbage,Tuticorin,4,1.21,28.14
2024-04-07,cabbage,Tenkasi,4,1.23,23.95
2024-04-07,potato,Tirunelveli,4,1.08,31.93
2024-04-07,potato,Madurai,4,1.12,31.48
2024-04-07,potato,Nagercoil,4,0.87,23.16
2024-04-07,potato,Tuticorin,4,1.14,29.11
2024-04-07,potato,Tenkasi,4,0.91,22.37
2024-04-07,beans,Tirunelveli,4,1.09,42.46
2024-04-07,beans,Madurai,4,0.96,37.87
2024-04-07,beans,Nagercoil,4,1.21,49.33
2024-04-07,beans,Tuticorin,4,1.15,46.85
2024-04-07,beans,Tenkasi,4,0.96,37.36
2024-04-07,okra,Tirunelveli,4,1.22,34.97
2024-04-07,okra,Madurai,4,1.29,37.48
2024-04-07,okra,Nagercoil,4,0.87,25.55
2024-04-07,okra,Tuticorin,4,0.96,27.11
2024-04-07,okra,Tenkasi,4,1.27,37.57
2024-04-08,tomato,Tirunelveli,4,0.98,27.83
2024-04-08,tomato,Madurai,4,1.18,33.38
2024-04-08,tomato,Nagercoil,4,1.1,33.36
2024-04-08,tomato,Tuticorin,4,1.11,33.49
2024-04-08,tomato,Tenkasi,4,1.08,31.08
2024-04-08,brinjal,Tirunelveli,4,0.91,23.05
2024-04-08,brinjal,Madurai,4,0.84,24.29
2024-04-08,brinjal,Nagercoil,4,1.21,26.1
2024-04-08,brinjal,Tuticorin,4,1.02,26.87
2024-04-08,brinjal,Tenkasi,4,0.82,24.21
2024-04-08,onion,Tirunelveli,4,1.11,37.05
2024-04-08,onion,Madurai,4,1.1,37.67
2024-04-08,onion,Nagercoil,4,1.1,37.09
2024-04-08,onion,Tuticorin,4,0.91,31.35
2024-04-08,onion,Tenkasi,4,0.89,31.59
2024-04-08,carrot,Tirunelveli,4,1.12,37.89
2024-04-08,carrot,Madurai,4,0.84,26.34
2024-04-08,carrot,Nagercoil,4,0.96,31.56
2024-04-08,carrot,Tuticorin,4,1.03,34.13
2024-04-08,carrot,Tenkasi,4,1.26,39.55
2024-04-08,cabbage,Tirunelveli,4,0.95,19.89
2024-04-08,cabbage,Madurai,4,1.27,26.42
2024-04-08,cabbage,Nagercoil,4,0.92,16.33
2024-04-08,cabbage,Tuticorin,4,1.21,25.49
2024-04-08,cabbage,Tenkasi,4,0.8,13.46
2024-04-08,potato,Tirunelveli,4,0.96,27.22
2024-04-08,potato,Madurai,4,1.12,30.93
2024-04-08,potato,Nagercoil,4,1.23,34.85
2024-04-08,potato,Tuticorin,4,0.93,21.1
2024-04-08,potato,Tenkasi,4,0.81,23.5
2024-04-08,beans,Tirunelveli,4,1.08,44.12
2024-04-08,beans,Madurai,4,1.17,48.79
2024-04-08,beans,Nagercoil,4,1.09,40.6
2024-04-08,beans,Tuticorin,4,0.84,34.21
2024-04-08,beans,Tenkasi,4,1.01,37.24
2024-04-08,okra,Tirunelveli,4,1.16,35.0
2024-04-08,okra,Madurai,4,1.12,34.72
2024-04-08,okra,Nagercoil,4,1.12,31.87
2024-04-08,okra,Tuticorin,4,1.12,32.48
2024-04-08,okra,Tenkasi,4,1.15,33.78
2024-04-09,tomato,Tirunelveli,4,0.99,25.64
2024-04-09,tomato,Madurai,4,0.9,26.28
2024-04-09,tomato,Nagercoil,4,0.97,24.59
2024-04-09,tomato,Tuticorin,4,1.06,29.55
2024-04-09,tomato,Tenkasi,4,0.88,27.59
2024-04-09,brinjal,Tirunelveli,4,1.02,25.61
2024-04-09,brinjal,Madurai,4,1.12,25.8
2024-04-09,brinjal,Nagercoil,4,1.09,25.53
2024-04-09,brinjal,Tuticorin,4,1.05,23.58
2024-04-09,brinjal,Tenkasi,4,0.98,25.38
2024-04-09,onion,Tirunelveli,4,0.84,26.65
2024-04-09,onion,Madurai,4,1.24,43.21
2024-04-09,onion,Nagercoil,4,1.04,35.6
2024-04-09,onion,Tuticorin,4,0.99,30.69
2024-04-09,onion,Tenkasi,4,1.08,33.88
2024-04-09,carrot,Tirunelveli,4,1.16,35.17
2024-04-09,carrot,Madurai,4,0.98,30.81
2024-04-09,carrot,Nagercoil,4,1.16,38.56
2024-04-09,carrot,Tuticorin,4,0.85,27.72
2024-04-09,carrot,Tenkasi,4,0.91,29.7
2024-04-09,cabbage,Tirunelveli,4,0.87,17.3
2024-04-09,cabbage,Madurai,4,0.82,14.1
2024-04-09,cabbage,Nagercoil,4,1.0,21.18
2024-04-09,cabbage,Tuticorin,4,1.06,21.66
2024-04-09,cabbage,Tenkasi,4,1.21,23.76
2024-04-09,potato,Tirunelveli,4,0.96,26.05
2024-04-09,potato,Madurai,4,1.09,28.43
2024-04-09,potato,Nagercoil,4,0.9,23.38
2024-04-09,potato,Tuticorin,4,1.26,34.82
2024-04-09,potato,Tenkasi,4,1.0,27.81
2024-04-09,beans,Tirunelveli,4,1.05,39.13
2024-04-09,beans,Madurai,4,1.05,41.26
2024-04-09,beans,Nagercoil,4,0.82,31.54
2024-04-09,beans,Tuticorin,4,1.06,44.16
2024-04-09,beans,Tenkasi,4,0.98,40.2
2024-04-09,okra,Tirunelveli,4,1.18,35.77
2024-04-09,okra,Madurai,4,1.16,33.21
2024-04-09,okra,Nagercoil,4,1.03,28.75
2024-04-09,okra,Tuticorin,4,0.97,27.19
2024-04-09,okra,Tenkasi,4,0.87,27.27
2024-04-10,tomato,Tirunelveli,4,1.0,26.45
2024-04-10,tomato,Madurai,4,0.84,26.58
2024-04-10,tomato,Nagercoil,4,1.04,29.67
2024-04-10,tomato,Tuticorin,4,1.24,37.76
2024-04-10,tomato,Tenkasi,4,0.94,28.46
2024-04-10,brinjal,Tirunelveli,4,1.2,26.89
2024-04-10,brinjal,Madurai,4,0.96,22.87
2024-04-10,brinjal,Nagercoil,4,0.95,24.13
2024-04-10,brinjal,Tuticorin,4,0.87,20.83
2024-04-10,brinjal,Tenkasi,4,1.16,29.76
2024-04-10,onion,Tirunelveli,4,1.27,46.87
2024-04-10,onion,Madurai,4,1.03,37.54
2024-04-10,onion,Nagercoil,4,0.96,36.28
2024-04-10,onion,Tuticorin,4,1.29,42.97
2024-04-10,onion,Tenkasi,4,1.27,46.14
2024-04-10,carrot,Tirunelveli,4,1.25,38.83
2024-04-10,carrot,Madurai,4,1.0,31.39
2024-04-10,carrot,Nagercoil,4,1.1,35.56
2024-04-10,carrot,Tuticorin,4,1.15,36.75
2024-04-10,carrot,Tenkasi,4,0.93,32.07
2024-04-10,cabbage,Tirunelveli,4,1.19,27.14
2024-04-10,cabbage,Madurai,4,0.96,20.52
2024-04-10,cabbage,Nagercoil,4,1.04,19.1
2024-04-10,cabbage,Tuticorin,4,0.9,20.84
2024-04-10,cabbage,Tenkasi,4,1.28,28.66
2024-04-10,potato,Tirunelveli,4,1.01,27.4
2024-04-10,potato,Madurai,4,0.98,24.07
2024-04-10,potato,Nagercoil,4,1.07,26.58
2024-04-10,potato,Tuticorin,4,1.07,27.38
2024-04-10,potato,Tenkasi,4,1.05,28.41
2024-04-10,beans,Tirunelveli,4,0.88,37.44
2024-04-10,beans,Madurai,4,1.0,41.2
2024-04-10,beans,Nagercoil,4,1.25,51.5
2024-04-10,beans,Tuticorin,4,0.98,39.9
2024-04-10,beans,Tenkasi,4,1.28,51.1
2024-04-10,okra,Tirunelveli,4,0.89,26.46
2024-04-10,okra,Madurai,4,0.94,25.99
2024-04-10,okra,Nagercoil,4,1.23,34.67
2024-04-10,okra,Tuticorin,4,0.82,23.69
2024-04-10,okra,Tenkasi,4,0.9,25.91
2024-04-11,tomato,Tirunelveli,4,0.92,26.31
2024-04-11,tomato,Madurai,4,0.8,24.75
2024-04-11,tomato,Nagercoil,4,1.01,27.26
2024-04-11,tomato,Tuticorin,4,1.14,31.81
2024-04-11,tomato,Tenkasi,4,1.15,33.97
2024-04-11,brinjal,Tirunelveli,4,0.8,21.29
2024-04-11,brinjal,Madurai,4,1.28,32.4
2024-04-11,brinjal,Nagercoil,4,0.85,21.65
2024-04-11,brinjal,Tuticorin,4,1.17,29.19
2024-04-11,brinjal,Tenkasi,4,1.09,27.3
2024-04-11,onion,Tirunelveli,4,1.27,46.3
2024-04-11,onion,Madurai,4,1.04,33.38
2024-04-11,onion,Nagercoil,4,1.27,42.93
2024-04-11,onion,Tuticorin,4,1.14,37.54
2024-04-11,onion,Tenkasi,4,1.2,41.79
2024-04-11,carrot,Tirunelveli,4,1.27,40.46
2024-04-11,carrot,Madurai,4,0.83,25.84
2024-04-11,carrot,Nagercoil,4,0.96,30.42
2024-04-11,carrot,Tuticorin,4,1.07,35.11
2024-04-11,carrot,Tenkasi,4,0.93,33.16
2024-04-11,cabbage,Tirunelveli,4,1.25,25.18
2024-04-11,cabbage,Madurai,4,1.25,26.39
2024-04-11,cabbage,Nagercoil,4,0.99,19.91
2024-04-11,cabbage,Tuticorin,4,0.86,20.09
2024-04-11,cabbage,Tenkasi,4,1.26,28.24
2024-04-11,potato,Tirunelveli,4,0.98,26.18
2024-04-11,potato,Madurai,4,0.81,21.94
2024-04-11,potato,Nagercoil,4,1.14,29.63
2024-04-11,potato,Tuticorin,4,0.97,27.87
2024-04-11,potato,Tenkasi,4,1.15,32.85
2024-04-11,beans,Tirunelveli,4,1.05,41.34
2024-04-11,beans,Madurai,4,1.03,41.83
2024-04-11,beans,Nagercoil,4,0.9,35.35
2024-04-11,beans,Tuticorin,4,1.12,44.07
2024-04-11,beans,Tenkasi,4,0.92,38.09
2024-04-11,okra,Tirunelveli,4,0.96,27.19
2024-04-11,okra,Madurai,4,0.92,27.8
2024-04-11,okra,Nagercoil,4,0.86,24.51
2024-04-11,okra,Tuticorin,4,1.03,33.14
2024-04-11,okra,Tenkasi,4,1.12,32.91
2024-04-12,tomato,Tirunelveli,4,1.21,33.99
2024-04-12,tomato,Madurai,4,0.94,26.41
2024-04-12,tomato,Nagercoil,4,0.87,23.15
2024-04-12,tomato,Tuticorin,4,1.06,28.29
2024-04-12,tomato,Tenkasi,4,1.13,34.17
2024-04-12,brinjal,Tirunelveli,4,0.97,22.87
2024-04-12,brinjal,Madurai,4,0.95,22.86
2024-04-12,brinjal,Nagercoil,4,0.84,20.93
2024-04-12,brinjal,Tuticorin,4,1.01,25.21
2024-04-12,brinjal,Tenkasi,4,0.84,21.24
2024-04-12,onion,Tirunelveli,4,1.22,42.51
2024-04-12,onion,Madurai,4,1.21,43.23
2024-04-12,onion,Nagercoil,4,1.0,34.07
2024-04-12,onion,Tuticorin,4,1.07,34.13
2024-04-12,onion,Tenkasi,4,1.07,37.17
2024-04-12,carrot,Tirunelveli,4,1.25,39.72
2024-04-12,carrot,Madurai,4,1.24,38.76
2024-04-12,carrot,Nagercoil,4,1.05,32.45
2024-04-12,carrot,Tuticorin,4,1.22,41.21
2024-04-12,carrot,Tenkasi,4,0.87,27.56
2024-04-12,cabbage,Tirunelveli,4,0.93,17.72
2024-04-12,cabbage,Madurai,4,0.98,20.61
2024-04-12,cabbage,Nagercoil,4,0.93,20.95
2024-04-12,cabbage,Tuticorin,4,0.98,18.58
2024-04-12,cabbage,Tenkasi,4,1.08,24.09
2024-04-12,potato,Tirunelveli,4,1.16,29.62
2024-04-12,potato,Madurai,4,0.9,24.94
2024-04-12,potato,Nagercoil,4,1.01,28.85
2024-04-12,potato,Tuticorin,4,0.89,23.24
2024-04-12,potato,Tenkasi,4,1.2,31.01
2024-04-12,beans,Tirunelveli,4,1.15,44.89
2024-04-12,beans,Madurai,4,1.16,48.09
2024-04-12,beans,Nagercoil,4,0.99,40.12
2024-04-12,beans,Tuticorin,4,1.29,49.1
2024-04-12,beans,Tenkasi,4,0.96,40.75
2024-04-12,okra,Tirunelveli,4,1.07,30.79
2024-04-12,okra,Madurai,4,1.22,36.45
2024-04-12,okra,Nagercoil,4,1.23,37.43
2024-04-12,okra,Tuticorin,4,0.86,26.42
2024-04-12,okra,Tenkasi,4,0.9,25.95
2024-04-13,tomato,Tirunelveli,4,0.84,24.5
2024-04-13,tomato,Madurai,4,0.88,25.58
2024-04-13,tomato,Nagercoil,4,1.23,34.98
2024-04-13,tomato,Tuticorin,4,1.22,37.28
2024-04-13,tomato,Tenkasi,4,1.01,27.59
2024-04-13,brinjal,Tirunelveli,4,1.05,24.84
2024-04-13,brinjal,Madurai,4,1.07,27.34
2024-04-13,brinjal,Nagercoil,4,1.09,28.0
2024-04-13,brinjal,Tuticorin,4,1.19,30.81
2024-04-13,brinjal,Tenkasi,4,1.0,23.39
2024-04-13,onion,Tirunelveli,4,1.24,42.98
2024-04-13,onion,Madurai,4,0.99,30.92
2024-04-13,onion,Nagercoil,4,1.07,35.77
2024-04-13,onion,Tuticorin,4,1.07,33.87
2024-04-13,onion,Tenkasi,4,1.27,42.05
2024-04-13,carrot,Tirunelveli,4,0.8,27.59
2024-04-13,carrot,Madurai,4,0.8,24.11
2024-04-13,carrot,Nagercoil,4,0.81,21.12
2024-04-13,carrot,Tuticorin,4,1.14,36.95
2024-04-13,carrot,Tenkasi,4,0.95,27.42
2024-04-13,cabbage,Tirunelveli,4,0.88,15.83
2024-04-13,cabbage,Madurai,4,1.07,20.97
2024-04-13,cabbage,Nagercoil,4,0.9,16.45
2024-04-13,cabbage,Tuticorin,4,1.14,23.14
2024-04-13,cabbage,Tenkasi,4,1.18,23.81
2024-04-13,potato,Tirunelveli,4,0.84,21.17
2024-04-13,potato,Madurai,4,1.1,30.11
2024-04-13,potato,Nagercoil,4,1.06,26.14
2024-04-13,potato,Tuticorin,4,1.26,37.54
2024-04-13,potato,Tenkasi,4,1.0,29.1
2024-04-13,beans,Tirunelveli,4,1.27,49.31
2024-04-13,beans,Madurai,4,1.22,49.74
2024-04-13,beans,Nagercoil,4,1.02,40.79
2024-04-13,beans,Tuticorin,4,0.89,35.98
2024-04-13,beans,Tenkasi,4,1.15,43.97
2024-04-13,okra,Tirunelveli,4,0.95,26.27
2024-04-13,okra,Madurai,4,1.16,32.93
2024-04-13,okra,Nagercoil,4,0.85,25.84
2024-04-13,okra,Tuticorin,4,0.92,26.29
2024-04-13,okra,Tenkasi,4,0.82,20.67
2024-04-14,tomato,Tirunelveli,4,1.29,34.86
2024-04-14,tomato,Madurai,4,0.96,28.87
2024-04-14,tomato,Nagercoil,4,1.02,27.42
2024-04-14,tomato,Tuticorin,4,0.89,25.81
2024-04-14,tomato,Tenkasi,4,1.23,33.7
2024-04-14,brinjal,Tirunelveli,4,1.24,28.61
2024-04-14,brinjal,Madurai,4,1.13,30.06
2024-04-14,brinjal,Nagercoil,4,0.81,18.47
2024-04-14,brinjal,Tuticorin,4,1.17,31.08
2024-04-14,brinjal,Tenkasi,4,1.28,31.67
2024-04-14,onion,Tirunelveli,4,1.26,42.85
2024-04-14,onion,Madurai,4,0.98,34.56
2024-04-14,onion,Nagercoil,4,1.03,36.06
2024-04-14,onion,Tuticorin,4,0.9,31.15
2024-04-14,onion,Tenkasi,4,1.26,42.14
2024-04-14,carrot,Tirunelveli,4,0.85,27.92
2024-04-14,carrot,Madurai,4,0.86,28.33
2024-04-14,carrot,Nagercoil,4,1.2,35.77
2024-04-14,carrot,Tuticorin,4,1.25,39.57
2024-04-14,carrot,Tenkasi,4,0.82,22.58
2024-04-14,cabbage,Tirunelveli,4,0.97,20.55
2024-04-14,cabbage,Madurai,4,1.03,19.38
2024-04-14,cabbage,Nagercoil,4,1.05,22.14
2024-04-14,cabbage,Tuticorin,4,0.91,18.32
2024-04-14,cabbage,Tenkasi,4,1.06,22.12
2024-04-14,potato,Tirunelveli,4,1.26,36.77
2024-04-14,potato,Madurai,4,0.99,25.51
2024-04-14,potato,Nagercoil,4,1.1,29.84
2024-04-14,potato,Tuticorin,4,0.94,25.84
2024-04-14,potato,Tenkasi,4,1.07,27.08
2024-04-14,beans,Tirunelveli,4,0.84,34.52
2024-04-14,beans,Madurai,4,0.89,37.59
2024-04-14,beans,Nagercoil,4,1.03,41.28
2024-04-14,beans,Tuticorin,4,1.0,42.13
2024-04-14,beans,Tenkasi,4,0.96,38.93
2024-04-14,okra,Tirunelveli,4,1.14,33.6
2024-04-14,okra,Madurai,4,0.84,26.07
2024-04-14,okra,Nagercoil,4,0.85,24.74
2024-04-14,okra,Tuticorin,4,1.29,37.75
2024-04-14,okra,Tenkasi,4,1.22,36.79
2024-04-15,tomato,Tirunelveli,4,1.01,31.55
2024-04-15,tomato,Madurai,4,1.19,32.2
2024-04-15,tomato,Nagercoil,4,0.82,21.2
2024-04-15,tomato,Tuticorin,4,0.97,28.04
2024-04-15,tomato,Tenkasi,4,0.97,24.44
2024-04-15,brinjal,Tirunelveli,4,0.85,20.65
2024-04-15,brinjal,Madurai,4,0.87,21.65
2024-04-15,brinjal,Nagercoil,4,1.28,30.97
2024-04-15,brinjal,Tuticorin,4,0.86,23.41
2024-04-15,brinjal,Tenkasi,4,1.21,32.14
2024-04-15,onion,Tirunelveli,4,0.85,31.82
2024-04-15,onion,Madurai,4,1.09,37.13
2024-04-15,onion,Nagercoil,4,1.22,41.54
2024-04-15,onion,Tuticorin,4,1.07,35.47
2024-04-15,onion,Tenkasi,4,0.99,35.28
2024-04-15,carrot,Tirunelveli,4,1.25,37.12
2024-04-15,carrot,Madurai,4,1.05,32.62
2024-04-15,carrot,Nagercoil,4,0.85,28.72
2024-04-15,carrot,Tuticorin,4,0.83,26.07
2024-04-15,carrot,Tenkasi,4,0.97,29.86
2024-04-15,cabbage,Tirunelveli,4,1.16,22.48
2024-04-15,cabbage,Madurai,4,1.07,20.5
2024-04-15,cabbage,Nagercoil,4,0.87,16.97
2024-04-15,cabbage,Tuticorin,4,1.0,21.14
2024-04-15,cabbage,Tenkasi,4,0.98,19.96
2024-04-15,potato,Tirunelveli,4,0.86,25.63
2024-04-15,potato,Madurai,4,1.17,29.48
2024-04-15,potato,Nagercoil,4,0.99,25.81
2024-04-15,potato,Tuticorin,4,1.05,26.62
2024-04-15,potato,Tenkasi,4,1.0,25.99
2024-04-15,beans,Tirunelveli,4,0.81,31.1
2024-04-15,beans,Madurai,4,0.82,33.26
2024-04-15,beans,Nagercoil,4,1.13,45.53
2024-04-15,beans,Tuticorin,4,1.05,42.24
2024-04-15,beans,Tenkasi,4,0.9,37.03
2024-04-15,okra,Tirunelveli,4,0.92,28.71
2024-04-15,okra,Madurai,4,1.25,37.4
2024-04-15,okra,Nagercoil,4,1.27,38.5
2024-04-15,okra,Tuticorin,4,1.16,33.74
2024-04-15,okra,Tenkasi,4,0.84,22.55
2024-04-16,tomato,Tirunelveli,4,0.99,27.09
2024-04-16,tomato,Madurai,4,0.97,29.41
2024-04-16,tomato,Nagercoil,4,1.1,29.38
2024-04-16,tomato,Tuticorin,4,1.15,31.87
2024-04-16,tomato,Tenkasi,4,0.85,22.23
2024-04-16,brinjal,Tirunelveli,4,0.9,23.8
2024-04-16,brinjal,Madurai,4,1.27,31.46
2024-04-16,brinjal,Nagercoil,4,0.81,19.64
2024-04-16,brinjal,Tuticorin,4,1.04,22.85
2024-04-16,brinjal,Tenkasi,4,0.87,21.55
2024-04-16,onion,Tirunelveli,4,0.99,35.14
2024-04-16,onion,Madurai,4,1.07,37.12
2024-04-16,onion,Nagercoil,4,1.09,36.15
2024-04-16,onion,Tuticorin,4,0.88,28.5
2024-04-16,onion,Tenkasi,4,0.92,31.51
2024-04-16,carrot,Tirunelveli,4,1.08,31.9
2024-04-16,carrot,Madurai,4,1.27,41.06
2024-04-16,carrot,Nagercoil,4,1.21,36.52
2024-04-16,carrot,Tuticorin,4,1.08,32.88
2024-04-16,carrot,Tenkasi,4,0.82,24.6
2024-04-16,cabbage,Tirunelveli,4,0.95,20.44
2024-04-16,cabbage,Madurai,4,1.19,22.78
2024-04-16,cabbage,Nagercoil,4,1.03,19.59
2024-04-16,cabbage,Tuticorin,4,0.88,20.21
2024-04-16,cabbage,Tenkasi,4,1.0,21.23
2024-04-16,potato,Tirunelveli,4,0.83,22.79
2024-04-16,potato,Madurai,4,1.05,28.72
2024-04-16,potato,Nagercoil,4,0.81,18.92
2024-04-16,potato,Tuticorin,4,0.96,26.27
2024-04-16,potato,Tenkasi,4,1.03,29.75
2024-04-16,beans,Tirunelveli,4,0.94,35.97
2024-04-16,beans,Madurai,4,1.22,45.89
2024-04-16,beans,Nagercoil,4,1.28,47.68
2024-04-16,beans,Tuticorin,4,1.22,46.61
2024-04-16,beans,Tenkasi,4,1.01,37.79
2024-04-16,okra,Tirunelveli,4,1.17,34.86
2024-04-16,okra,Madurai,4,1.07,32.17
2024-04-16,okra,Nagercoil,4,0.91,27.6
2024-04-16,okra,Tuticorin,4,1.16,33.15
2024-04-16,okra,Tenkasi,4,0.89,27.71
2024-04-17,tomato,Tirunelveli,4,0.8,19.56
2024-04-17,tomato,Madurai,4,1.08,29.41
2024-04-17,tomato,Nagercoil,4,0.89,24.62
2024-04-17,tomato,Tuticorin,4,0.91,26.74
2024-04-17,tomato,Tenkasi,4,1.04,27.14
2024-04-17,brinjal,Tirunelveli,4,0.94,23.26
2024-04-17,brinjal,Madurai,4,0.88,23.4
2024-04-17,brinjal,Nagercoil,4,1.03,26.77
2024-04-17,brinjal,Tuticorin,4,1.16,27.8
2024-04-17,brinjal,Tenkasi,4,1.28,32.52
2024-04-17,onion,Tirunelveli,4,1.21,40.19
2024-04-17,onion,Madurai,4,0.86,28.46
2024-04-17,onion,Nagercoil,4,0.87,29.16
2024-04-17,onion,Tuticorin,4,1.19,42.87
2024-04-17,onion,Tenkasi,4,1.17,42.18
2024-04-17,carrot,Tirunelveli,4,0.81,26.95
2024-04-17,carrot,Madurai,4,0.96,28.54
2024-04-17,carrot,Nagercoil,4,1.14,37.52
2024-04-17,carrot,Tuticorin,4,1.2,37.55
2024-04-17,carrot,Tenkasi,4,0.85,27.81
2024-04-17,cabbage,Tirunelveli,4,1.05,20.18
2024-04-17,cabbage,Madurai,4,0.93,20.07
2024-04-17,cabbage,Nagercoil,4,0.92,19.87
2024-04-17,cabbage,Tuticorin,4,0.87,17.97
2024-04-17,cabbage,Tenkasi,4,1.29,27.01
2024-04-17,potato,Tirunelveli,4,1.18,30.17
2024-04-17,potato,Madurai,4,1.29,35.89
2024-04-17,potato,Nagercoil,4,0.97,25.3
2024-04-17,potato,Tuticorin,4,0.89,26.12
2024-04-17,potato,Tenkasi,4,1.03,27.45
2024-04-17,beans,Tirunelveli,4,1.07,39.95
2024-04-17,beans,Madurai,4,1.0,41.39
2024-04-17,beans,Nagercoil,4,1.15,45.5
2024-04-17,beans,Tuticorin,4,1.18,47.9
2024-04-17,beans,Tenkasi,4,0.84,33.42
2024-04-17,okra,Tirunelveli,4,0.81,21.57
2024-04-17,okra,Madurai,4,0.93,26.7
2024-04-17,okra,Nagercoil,4,0.93,27.41
2024-04-17,okra,Tuticorin,4,1.06,32.18
2024-04-17,okra,Tenkasi,4,1.12,33.18
2024-04-18,tomato,Tirunelveli,4,1.01,27.94
2024-04-18,tomato,Madurai,4,1.14,31.72
2024-04-18,tomato,Nagercoil,4,1.08,31.53
2024-04-18,tomato,Tuticorin,4,1.11,32.67
2024-04-18,tomato,Tenkasi,4,1.29,35.03
2024-04-18,brinjal,Tirunelveli,4,1.21,30.31
2024-04-18,brinjal,Madurai,4,0.93,24.21
2024-04-18,brinjal,Nagercoil,4,1.03,28.06
2024-04-18,brinjal,Tuticorin,4,0.98,26.37
2024-04-18,brinjal,Tenkasi,4,1.18,27.12
2024-04-18,onion,Tirunelveli,4,1.14,38.58
2024-04-18,onion,Madurai,4,1.2,38.4
2024-04-18,onion,Nagercoil,4,1.04,37.49
2024-04-18,onion,Tuticorin,4,1.13,38.64
2024-04-18,onion,Tenkasi,4,1.0,35.29
2024-04-18,carrot,Tirunelveli,4,1.21,36.77
2024-04-18,carrot,Madurai,4,1.23,37.94
2024-04-18,carrot,Nagercoil,4,1.0,32.27
2024-04-18,carrot,Tuticorin,4,1.22,40.54
2024-04-18,carrot,Tenkasi,4,1.05,30.65
2024-04-18,cabbage,Tirunelveli,4,1.12,24.45
2024-04-18,cabbage,Madurai,4,1.04,21.49
2024-04-18,cabbage,Nagercoil,4,0.84,14.2
2024-04-18,cabbage,Tuticorin,4,0.88,18.88
2024-04-18,cabbage,Tenkasi,4,1.22,26.03
2024-04-18,potato,Tirunelveli,4,1.2,32.68
2024-04-18,potato,Madurai,4,1.15,30.27
2024-04-18,potato,Nagercoil,4,1.06,27.45
2024-04-18,potato,Tuticorin,4,0.93,25.94
2024-04-18,potato,Tenkasi,4,0.84,20.91
2024-04-18,beans,Tirunelveli,4,0.83,34.92
2024-04-18,beans,Madurai,4,1.08,41.37
2024-04-18,beans,Nagercoil,4,1.01,37.04
2024-04-18,beans,Tuticorin,4,1.27,51.59
2024-04-18,beans,Tenkasi,4,0.83,33.8
2024-04-18,okra,Tirunelveli,4,1.2,35.79
2024-04-18,okra,Madurai,4,0.89,27.78
2024-04-18,okra,Nagercoil,4,0.84,23.26
2024-04-18,okra,Tuticorin,4,1.21,36.89
2024-04-18,okra,Tenkasi,4,0.85,26.37
2024-04-19,tomato,Tirunelveli,4,1.16,34.14
2024-04-19,tomato,Madurai,4,0.82,23.95
2024-04-19,tomato,Nagercoil,4,0.81,21.4
2024-04-19,tomato,Tuticorin,4,1.08,29.93
2024-04-19,tomato,Tenkasi,4,1.26,37.18
2024-04-19,brinjal,Tirunelveli,4,0.8,19.38
2024-04-19,brinjal,Madurai,4,0.88,20.48
2024-04-19,brinjal,Nagercoil,4,1.27,34.84
2024-04-19,brinjal,Tuticorin,4,0.86,18.89
2024-04-19,brinjal,Tenkasi,4,1.23,29.95
2024-04-19,onion,Tirunelveli,4,1.1,38.34
2024-04-19,onion,Madurai,4,0.85,32.14
2024-04-19,onion,Nagercoil,4,1.02,34.33
2024-04-19,onion,Tuticorin,4,0.8,26.69
2024-04-19,onion,Tenkasi,4,0.95,32.16
2024-04-19,carrot,Tirunelveli,4,1.14,34.55
2024-04-19,carrot,Madurai,4,1.24,37.25
2024-04-19,carrot,Nagercoil,4,0.93,30.77
2024-04-19,carrot,Tuticorin,4,0.97,30.68
2024-04-19,carrot,Tenkasi,4,1.02,29.64
2024-04-19,cabbage,Tirunelveli,4,1.06,19.94
2024-04-19,cabbage,Madurai,4,0.93,21.19
2024-04-19,cabbage,Nagercoil,4,0.88,19.87
2024-04-19,cabbage,Tuticorin,4,1.18,22.78
2024-04-19,cabbage,Tenkasi,4,1.13,23.77
2024-04-19,potato,Tirunelveli,4,1.09,27.26
2024-04-19,potato,Madurai,4,1.04,27.52
2024-04-19,potato,Nagercoil,4,1.08,33.84
2024-04-19,potato,Tuticorin,4,1.16,31.84
2024-04-19,potato,Tenkasi,4,0.87,22.84
2024-04-19,beans,Tirunelveli,4,0.83,32.82
2024-04-19,beans,Madurai,4,0.89,34.29
2024-04-19,beans,Nagercoil,4,1.04,39.11
2024-04-19,beans,Tuticorin,4,1.1,45.52
2024-04-19,beans,Tenkasi,4,0.96,34.97
2024-04-19,okra,Tirunelveli,4,0.95,28.76
2024-04-19,okra,Madurai,4,0.82,23.68
2024-04-19,okra,Nagercoil,4,0.96,30.26
2024-04-19,okra,Tuticorin,4,1.04,30.14
2024-04-19,okra,Tenkasi,4,1.23,36.34
2024-04-20,tomato,Tirunelveli,4,1.25,35.08
2024-04-20,tomato,Madurai,4,0.91,26.53
2024-04-20,tomato,Nagercoil,4,0.99,26.38
2024-04-20,tomato,Tuticorin,4,1.1,30.4
2024-04-20,tomato,Tenkasi,4,1.04,31.21
2024-04-20,brinjal,Tirunelveli,4,1.18,30.36
2024-04-20,brinjal,Madurai,4,1.24,31.36
2024-04-20,brinjal,Nagercoil,4,0.97,24.27
2024-04-20,brinjal,Tuticorin,4,1.05,25.59
2024-04-20,brinjal,Tenkasi,4,0.93,22.76
2024-04-20,onion,Tirunelveli,4,0.89,30.57
2024-04-20,onion,Madurai,4,1.14,39.66
2024-04-20,onion,Nagercoil,4,0.8,27.66
2024-04-20,onion,Tuticorin,4,0.97,34.07
2024-04-20,onion,Tenkasi,4,1.25,43.05
2024-04-20,carrot,Tirunelveli,4,0.85,24.27
2024-04-20,carrot,Madurai,4,1.26,39.32
2024-04-20,carrot,Nagercoil,4,1.08,33.39
2024-04-20,carrot,Tuticorin,4,1.18,35.4
2024-04-20,carrot,Tenkasi,4,0.8,26.22
2024-04-20,cabbage,Tirunelveli,4,1.18,25.33
2024-04-20,cabbage,Madurai,4,1.0,20.3
2024-04-20,cabbage,Nagercoil,4,1.06,17.56
2024-04-20,cabbage,Tuticorin,4,1.19,22.39
2024-04-20,cabbage,Tenkasi,4,1.06,19.94
2024-04-20,potato,Tirunelveli,4,0.82,20.93
2024-04-20,potato,Madurai,4,1.09,28.78
2024-04-20,potato,Nagercoil,4,1.13,29.93
2024-04-20,potato,Tuticorin,4,1.14,30.97
2024-04-20,potato,Tenkasi,4,1.25,36.3
2024-04-20,beans,Tirunelveli,4,1.27,50.92
2024-04-20,beans,Madurai,4,0.95,39.37
2024-04-20,beans,Nagercoil,4,1.29,49.78
2024-04-20,beans,Tuticorin,4,1.02,39.4
2024-04-20,beans,Tenkasi,4,0.83,32.85
2024-04-20,okra,Tirunelveli,4,1.08,32.17
2024-04-20,okra,Madurai,4,1.13,32.36
2024-04-20,okra,Nagercoil,4,1.11,32.49
2024-04-20,okra,Tuticorin,4,1.16,36.26
2024-04-20,okra,Tenkasi,4,0.91,26.11
2024-04-21,tomato,Tirunelveli,4,0.91,25.12
2024-04-21,tomato,Madurai,4,1.22,32.97
2024-04-21,tomato,Nagercoil,4,1.21,36.3
2024-04-21,tomato,Tuticorin,4,1.16,30.14
2024-04-21,tomato,Tenkasi,4,0.92,26.28
2024-04-21,brinjal,Tirunelveli,4,0.97,24.15
2024-04-21,brinjal,Madurai,4,1.15,27.53
2024-04-21,brinjal,Nagercoil,4,1.06,24.98
2024-04-21,brinjal,Tuticorin,4,0.96,23.07
2024-04-21,brinjal,Tenkasi,4,0.82,19.23
2024-04-21,onion,Tirunelveli,4,1.15,37.69
2024-04-21,onion,Madurai,4,0.89,30.0
2024-04-21,onion,Nagercoil,4,0.85,27.66
2024-04-21,onion,Tuticorin,4,1.18,40.23
2024-04-21,onion,Tenkasi,4,0.81,28.15
2024-04-21,carrot,Tirunelveli,4,1.16,36.23
2024-04-21,carrot,Madurai,4,0.84,26.42
2024-04-21,carrot,Nagercoil,4,1.22,40.7
2024-04-21,carrot,Tuticorin,4,1.1,35.73
2024-04-21,carrot,Tenkasi,4,1.03,30.61
2024-04-21,cabbage,Tirunelveli,4,0.82,17.97
2024-04-21,cabbage,Madurai,4,1.08,24.79
2024-04-21,cabbage,Nagercoil,4,0.82,17.79
2024-04-21,cabbage,Tuticorin,4,1.0,20.23
2024-04-21,cabbage,Tenkasi,4,1.11,23.64
2024-04-21,potato,Tirunelveli,4,1.06,29.74
2024-04-21,potato,Madurai,4,1.23,34.66
2024-04-21,potato,Nagercoil,4,0.92,24.58
2024-04-21,potato,Tuticorin,4,0.94,23.33
2024-04-21,potato,Tenkasi,4,0.92,24.17
2024-04-21,beans,Tirunelveli,4,1.25,49.76
2024-04-21,beans,Madurai,4,1.11,45.67
2024-04-21,beans,Nagercoil,4,1.04,42.15
2024-04-21,beans,Tuticorin,4,0.86,33.83
2024-04-21,beans,Tenkasi,4,1.01,39.87
2024-04-21,okra,Tirunelveli,4,1.03,26.98
2024-04-21,okra,Madurai,4,1.06,31.19
2024-04-21,okra,Nagercoil,4,0.92,25.35
2024-04-21,okra,Tuticorin,4,0.89,29.1
2024-04-21,okra,Tenkasi,4,1.16,32.53
2024-04-22,tomato,Tirunelveli,4,1.14,28.68
2024-04-22,tomato,Madurai,4,0.99,26.99
2024-04-22,tomato,Nagercoil,4,1.12,33.44
2024-04-22,tomato,Tuticorin,4,1.24,34.93
2024-04-22,tomato,Tenkasi,4,0.89,25.52
2024-04-22,brinjal,Tirunelveli,4,0.95,22.2
2024-04-22,brinjal,Madurai,4,0.81,19.73
2024-04-22,brinjal,Nagercoil,4,1.26,31.99
2024-04-22,brinjal,Tuticorin,4,1.16,27.73
2024-04-22,brinjal,Tenkasi,4,0.92,23.75
2024-04-22,onion,Tirunelveli,4,1.06,35.16
2024-04-22,onion,Madurai,4,0.96,31.22
2024-04-22,onion,Nagercoil,4,0.88,30.74
2024-04-22,onion,Tuticorin,4,0.88,29.01
2024-04-22,onion,Tenkasi,4,0.81,27.94
2024-04-22,carrot,Tirunelveli,4,0.97,30.64
2024-04-22,carrot,Madurai,4,0.86,28.48
2024-04-22,carrot,Nagercoil,4,1.19,37.94
2024-04-22,carrot,Tuticorin,4,1.11,35.81
2024-04-22,carrot,Tenkasi,4,0.85,23.87
2024-04-22,cabbage,Tirunelveli,4,1.14,25.89
2024-04-22,cabbage,Madurai,4,1.2,24.91
2024-04-22,cabbage,Nagercoil,4,0.9,18.38
2024-04-22,cabbage,Tuticorin,4,0.97,17.06
2024-04-22,cabbage,Tenkasi,4,1.23,27.15
2024-04-22,potato,Tirunelveli,4,1.09,29.38
2024-04-22,potato,Madurai,4,1.19,33.64
2024-04-22,potato,Nagercoil,4,0.94,24.68
2024-04-22,potato,Tuticorin,4,1.07,28.91
2024-04-22,potato,Tenkasi,4,0.96,23.78
2024-04-22,beans,Tirunelveli,4,0.93,37.9
2024-04-22,beans,Madurai,4,0.81,31.65
2024-04-22,beans,Nagercoil,4,1.09,44.88
2024-04-22,beans,Tuticorin,4,0.84,33.3
2024-04-22,beans,Tenkasi,4,1.14,46.84
2024-04-22,okra,Tirunelveli,4,1.27,39.18
2024-04-22,okra,Madurai,4,1.21,35.54
2024-04-22,okra,Nagercoil,4,1.0,28.47
2024-04-22,okra,Tuticorin,4,0.96,24.81
2024-04-22,okra,Tenkasi,4,1.02,28.49
2024-04-23,tomato,Tirunelveli,4,1.29,39.91
2024-04-23,tomato,Madurai,4,1.22,33.77
2024-04-23,tomato,Nagercoil,4,0.98,24.8
2024-04-23,tomato,Tuticorin,4,0.99,25.67
2024-04-23,tomato,Tenkasi,4,1.26,35.41
2024-04-23,brinjal,Tirunelveli,4,0.85,19.71
2024-04-23,brinjal,Madurai,4,1.11,27.69
2024-04-23,brinjal,Nagercoil,4,0.8,18.24
2024-04-23,brinjal,Tuticorin,4,0.96,23.55
2024-04-23,brinjal,Tenkasi,4,1.29,35.08
2024-04-23,onion,Tirunelveli,4,1.24,41.3
2024-04-23,onion,Madurai,4,1.22,41.25
2024-04-23,onion,Nagercoil,4,1.26,42.26
2024-04-23,onion,Tuticorin,4,1.3,44.29
2024-04-23,onion,Tenkasi,4,0.93,32.2
2024-04-23,carrot,Tirunelveli,4,0.92,29.42
2024-04-23,carrot,Madurai,4,1.25,39.83
2024-04-23,carrot,Nagercoil,4,1.07,33.41
2024-04-23,carrot,Tuticorin,4,1.04,33.96
2024-04-23,carrot,Tenkasi,4,0.9,26.86
2024-04-23,cabbage,Tirunelveli,4,1.08,21.15
2024-04-23,cabbage,Madurai,4,0.92,16.41
2024-04-23,cabbage,Nagercoil,4,1.05,21.85
2024-04-23,cabbage,Tuticorin,4,1.09,23.19
2024-04-23,cabbage,Tenkasi,4,0.84,15.86
2024-04-23,potato,Tirunelveli,4,1.19,33.12
2024-04-23,potato,Madurai,4,0.93,22.37
2024-04-23,potato,Nagercoil,4,1.23,31.83
2024-04-23,potato,Tuticorin,4,0.86,21.75
2024-04-23,potato,Tenkasi,4,1.15,31.56
2024-04-23,beans,Tirunelveli,4,1.25,48.77
2024-04-23,beans,Madurai,4,1.26,45.78
2024-04-23,beans,Nagercoil,4,1.06,45.96
2024-04-23,beans,Tuticorin,4,1.14,44.63
2024-04-23,beans,Tenkasi,4,0.85,33.37
2024-04-23,okra,Tirunelveli,4,0.84,26.48
2024-04-23,okra,Madurai,4,1.19,33.84
2024-04-23,okra,Nagercoil,4,1.12,32.44
2024-04-23,okra,Tuticorin,4,1.24,38.17
2024-04-23,okra,Tenkasi,4,0.98,28.23
2024-04-24,tomato,Tirunelveli,4,1.1,28.66
2024-04-24,tomato,Madurai,4,1.25,37.29
2024-04-24,tomato,Nagercoil,4,1.05,29.85
2024-04-24,tomato,Tuticorin,4,1.05,29.56
2024-04-24,tomato,Tenkasi,4,0.89,27.16
2024-04-24,brinjal,Tirunelveli,4,1.19,29.63
2024-04-24,brinjal,Madurai,4,1.19,28.17
2024-04-24,brinjal,Nagercoil,4,1.23,31.89
2024-04-24,brinjal,Tuticorin,4,1.25,30.52
2024-04-24,brinjal,Tenkasi,4,1.29,31.62
2024-04-24,onion,Tirunelveli,4,1.23,44.98
2024-04-24,onion,Madurai,4,1.07,37.26
2024-04-24,onion,Nagercoil,4,0.83,28.04
2024-04-24,onion,Tuticorin,4,1.12,40.62
2024-04-24,onion,Tenkasi,4,1.05,33.69
2024-04-24,carrot,Tirunelveli,4,0.94,29.67
2024-04-24,carrot,Madurai,4,0.88,27.11
2024-04-24,carrot,Nagercoil,4,1.1,33.59
2024-04-24,carrot,Tuticorin,4,1.11,35.57
2024-04-24,carrot,Tenkasi,4,1.19,37.02
2024-04-24,cabbage,Tirunelveli,4,0.92,19.13
2024-04-24,cabbage,Madurai,4,1.21,24.45
2024-04-24,cabbage,Nagercoil,4,1.15,23.14
2024-04-24,cabbage,Tuticorin,4,1.08,20.78
2024-04-24,cabbage,Tenkasi,4,0.89,21.43
2024-04-24,potato,Tirunelveli,4,0.96,24.47
2024-04-24,potato,Madurai,4,1.19,31.57
2024-04-24,potato,Nagercoil,4,1.22,34.44
2024-04-24,potato,Tuticorin,4,0.85,22.72
2024-04-24,potato,Tenkasi,4,0.84,23.19
2024-04-24,beans,Tirunelveli,4,1.12,45.67
2024-04-24,beans,Madurai,4,0.98,38.73
2024-04-24,beans,Nagercoil,4,0.94,32.64
2024-04-24,beans,Tuticorin,4,0.97,38.53
2024-04-24,beans,Tenkasi,4,1.15,46.23
2024-04-24,okra,Tirunelveli,4,1.29,38.44
2024-04-24,okra,Madurai,4,0.93,26.29
2024-04-24,okra,Nagercoil,4,1.14,35.75
2024-04-24,okra,Tuticorin,4,1.04,28.04
2024-04-24,okra,Tenkasi,4,0.99,28.54
2024-04-25,tomato,Tirunelveli,4,0.81,23.96
2024-04-25,tomato,Madurai,4,1.06,35.11
2024-04-25,tomato,Nagercoil,4,1.29,34.71
2024-04-25,tomato,Tuticorin,4,0.98,24.86
2024-04-25,tomato,Tenkasi,4,1.2,37.78
2024-04-25,brinjal,Tirunelveli,4,1.23,31.79
2024-04-25,brinjal,Madurai,4,1.2,30.51
2024-04-25,brinjal,Nagercoil,4,1.02,24.26
2024-04-25,brinjal,Tuticorin,4,0.95,23.52
2024-04-25,brinjal,Tenkasi,4,0.98,23.33
2024-04-25,onion,Tirunelveli,4,0.93,32.93
2024-04-25,onion,Madurai,4,0.92,32.39
2024-04-25,onion,Nagercoil,4,0.82,28.21
2024-04-25,onion,Tuticorin,4,0.96,33.45
2024-04-25,onion,Tenkasi,4,0.92,31.76
2024-04-25,carrot,Tirunelveli,4,0.88,26.44
2024-04-25,carrot,Madurai,4,1.06,31.2
2024-04-25,carrot,Nagercoil,4,0.82,26.97
2024-04-25,carrot,Tuticorin,4,0.82,27.44
2024-04-25,carrot,Tenkasi,4,1.02,31.19
2024-04-25,cabbage,Tirunelveli,4,1.03,23.64
2024-04-25,cabbage,Madurai,4,0.94,19.22
2024-04-25,cabbage,Nagercoil,4,0.86,14.64
2024-04-25,cabbage,Tuticorin,4,1.02,21.7
2024-04-25,cabbage,Tenkasi,4,1.12,26.42
2024-04-25,potato,Tirunelveli,4,1.07,28.9
2024-04-25,potato,Madurai,4,1.17,32.18
2024-04-25,potato,Nagercoil,4,1.14,33.67
2024-04-25,potato,Tuticorin,4,1.24,30.63
2024-04-25,potato,Tenkasi,4,1.18,29.8
2024-04-25,beans,Tirunelveli,4,1.09,43.35
2024-04-25,beans,Madurai,4,1.01,39.21
2024-04-25,beans,Nagercoil,4,0.97,38.37
2024-04-25,beans,Tuticorin,4,1.04,39.82
2024-04-25,beans,Tenkasi,4,0.85,35.88
2024-04-25,okra,Tirunelveli,4,1.18,35.8
2024-04-25,okra,Madurai,4,1.25,37.63
2024-04-25,okra,Nagercoil,4,1.23,36.05
2024-04-25,okra,Tuticorin,4,0.95,27.52
2024-04-25,okra,Tenkasi,4,1.0,27.62
2024-04-26,tomato,Tirunelveli,4,1.09,33.01
2024-04-26,tomato,Madurai,4,1.05,30.56
2024-04-26,tomato,Nagercoil,4,0.85,23.44
2024-04-26,tomato,Tuticorin,4,1.29,37.53
2024-04-26,tomato,Tenkasi,4,0.86,25.44
2024-04-26,brinjal,Tirunelveli,4,1.02,25.97
2024-04-26,brinjal,Madurai,4,1.26,34.07
2024-04-26,brinjal,Nagercoil,4,1.22,32.23
2024-04-26,brinjal,Tuticorin,4,0.95,24.66
2024-04-26,brinjal,Tenkasi,4,1.25,30.69
2024-04-26,onion,Tirunelveli,4,1.29,43.16
2024-04-26,onion,Madurai,4,1.3,45.73
2024-04-26,onion,Nagercoil,4,1.04,37.22
2024-04-26,onion,Tuticorin,4,0.96,36.37
2024-04-26,onion,Tenkasi,4,0.84,28.5
2024-04-26,carrot,Tirunelveli,4,0.87,27.66
2024-04-26,carrot,Madurai,4,1.19,35.7
2024-04-26,carrot,Nagercoil,4,0.93,31.96
2024-04-26,carrot,Tuticorin,4,1.23,39.57
2024-04-26,carrot,Tenkasi,4,1.1,37.7
2024-04-26,cabbage,Tirunelveli,4,0.85,15.11
2024-04-26,cabbage,Madurai,4,0.9,18.21
2024-04-26,cabbage,Nagercoil,4,1.13,22.71
2024-04-26,cabbage,Tuticorin,4,0.9,19.58
2024-04-26,cabbage,Tenkasi,4,1.12,23.43
2024-04-26,potato,Tirunelveli,4,1.23,34.31
2024-04-26,potato,Madurai,4,1.07,28.09
2024-04-26,potato,Nagercoil,4,0.97,27.04
2024-04-26,potato,Tuticorin,4,0.99,28.15
2024-04-26,potato,Tenkasi,4,1.24,33.58
2024-04-26,beans,Tirunelveli,4,0.87,33.6
2024-04-26,beans,Madurai,4,0.95,35.79
2024-04-26,beans,Nagercoil,4,1.11,45.28
2024-04-26,beans,Tuticorin,4,1.06,42.7
2024-04-26,beans,Tenkasi,4,0.9,39.74
2024-04-26,okra,Tirunelveli,4,1.17,36.19
2024-04-26,okra,Madurai,4,0.91,24.61
2024-04-26,okra,Nagercoil,4,1.28,35.54
2024-04-26,okra,Tuticorin,4,1.02,31.24
2024-04-26,okra,Tenkasi,4,0.93,28.64
2024-04-27,tomato,Tirunelveli,4,1.09,30.58
2024-04-27,tomato,Madurai,4,1.27,37.4
2024-04-27,tomato,Nagercoil,4,0.91,26.29
2024-04-27,tomato,Tuticorin,4,1.21,34.55
2024-04-27,tomato,Tenkasi,4,1.22,31.58
2024-04-27,brinjal,Tirunelveli,4,1.27,33.23
2024-04-27,brinjal,Madurai,4,1.02,21.8
2024-04-27,brinjal,Nagercoil,4,1.08,29.4
2024-04-27,brinjal,Tuticorin,4,1.04,28.91
2024-04-27,brinjal,Tenkasi,4,0.87,19.63
2024-04-27,onion,Tirunelveli,4,0.8,28.4
2024-04-27,onion,Madurai,4,0.85,27.27
2024-04-27,onion,Nagercoil,4,1.25,41.56
2024-04-27,onion,Tuticorin,4,0.89,29.27
2024-04-27,onion,Tenkasi,4,0.81,28.03
2024-04-27,carrot,Tirunelveli,4,1.11,35.51
2024-04-27,carrot,Madurai,4,0.89,27.98
2024-04-27,carrot,Nagercoil,4,1.28,37.68
2024-04-27,carrot,Tuticorin,4,0.92,28.57
2024-04-27,carrot,Tenkasi,4,0.95,32.51
2024-04-27,cabbage,Tirunelveli,4,1.03,22.13
2024-04-27,cabbage,Madurai,4,0.83,15.57
2024-04-27,cabbage,Nagercoil,4,1.28,26.3
2024-04-27,cabbage,Tuticorin,4,1.2,24.24
2024-04-27,cabbage,Tenkasi,4,1.28,28.76
2024-04-27,potato,Tirunelveli,4,0.99,26.46
2024-04-27,potato,Madurai,4,0.89,22.35
2024-04-27,potato,Nagercoil,4,1.29,34.7
2024-04-27,potato,Tuticorin,4,0.85,25.65
2024-04-27,potato,Tenkasi,4,1.07,30.86
2024-04-27,beans,Tirunelveli,4,1.13,44.95
2024-04-27,beans,Madurai,4,0.94,35.82
2024-04-27,beans,Nagercoil,4,1.27,51.4
2024-04-27,beans,Tuticorin,4,0.92,34.52
2024-04-27,beans,Tenkasi,4,1.05,42.21
2024-04-27,okra,Tirunelveli,4,1.0,30.31
2024-04-27,okra,Madurai,4,0.99,27.03
2024-04-27,okra,Nagercoil,4,1.12,32.55
2024-04-27,okra,Tuticorin,4,0.98,29.51
2024-04-27,okra,Tenkasi,4,1.11,33.37
2024-04-28,tomato,Tirunelveli,4,0.98,28.72
2024-04-28,tomato,Madurai,4,1.04,28.44
2024-04-28,tomato,Nagercoil,4,0.91,25.07
2024-04-28,tomato,Tuticorin,4,1.19,32.94
2024-04-28,tomato,Tenkasi,4,0.91,21.93
2024-04-28,brinjal,Tirunelveli,4,1.09,29.24
2024-04-28,brinjal,Madurai,4,1.24,30.57
2024-04-28,brinjal,Nagercoil,4,0.81,21.7
2024-04-28,brinjal,Tuticorin,4,1.01,26.89
2024-04-28,brinjal,Tenkasi,4,1.13,31.12
2024-04-28,onion,Tirunelveli,4,0.88,28.1
2024-04-28,onion,Madurai,4,1.18,40.59
2024-04-28,onion,Nagercoil,4,0.97,32.71
2024-04-28,onion,Tuticorin,4,1.0,34.1
2024-04-28,onion,Tenkasi,4,1.15,40.09
2024-04-28,carrot,Tirunelveli,4,1.12,34.34
2024-04-28,carrot,Madurai,4,1.09,34.21
2024-04-28,carrot,Nagercoil,4,1.1,31.47
2024-04-28,carrot,Tuticorin,4,1.04,31.9
2024-04-28,carrot,Tenkasi,4,0.9,31.17
2024-04-28,cabbage,Tirunelveli,4,0.91,19.61
2024-04-28,cabbage,Madurai,4,0.9,19.32
2024-04-28,cabbage,Nagercoil,4,1.28,27.3
2024-04-28,cabbage,Tuticorin,4,1.15,23.47
2024-04-28,cabbage,Tenkasi,4,1.16,25.34
2024-04-28,potato,Tirunelveli,4,0.97,25.35
2024-04-28,potato,Madurai,4,1.21,32.57
2024-04-28,potato,Nagercoil,4,0.97,26.05
2024-04-28,potato,Tuticorin,4,1.0,29.07
2024-04-28,potato,Tenkasi,4,0.85,21.96
2024-04-28,beans,Tirunelveli,4,0.98,38.2
2024-04-28,beans,Madurai,4,0.99,38.24
2024-04-28,beans,Nagercoil,4,1.19,49.56
2024-04-28,beans,Tuticorin,4,1.18,48.32
2024-04-28,beans,Tenkasi,4,0.86,34.75
2024-04-28,okra,Tirunelveli,4,1.09,33.24
2024-04-28,okra,Madurai,4,1.24,35.14
2024-04-28,okra,Nagercoil,4,1.01,30.78
2024-04-28,okra,Tuticorin,4,1.05,31.34
2024-04-28,okra,Tenkasi,4,1.05,29.84
2024-04-29,tomato,Tirunelveli,4,0.81,20.63
2024-04-29,tomato,Madurai,4,0.86,24.52
2024-04-29,tomato,Nagercoil,4,0.98,27.8
2024-04-29,tomato,Tuticorin,4,1.28,33.71
2024-04-29,tomato,Tenkasi,4,1.09,31.18
2024-04-29,brinjal,Tirunelveli,4,1.04,26.98
2024-04-29,brinjal,Madurai,4,1.23,32.15
2024-04-29,brinjal,Nagercoil,4,0.95,23.38
2024-04-29,brinjal,Tuticorin,4,0.86,21.89
2024-04-29,brinjal,Tenkasi,4,1.24,32.56
2024-04-29,onion,Tirunelveli,4,1.27,43.01
2024-04-29,onion,Madurai,4,0.99,32.46
2024-04-29,onion,Nagercoil,4,1.11,36.72
2024-04-29,onion,Tuticorin,4,1.08,37.89
2024-04-29,onion,Tenkasi,4,1.15,39.5
2024-04-29,carrot,Tirunelveli,4,1.1,34.46
2024-04-29,carrot,Madurai,4,1.27,39.2
2024-04-29,carrot,Nagercoil,4,1.05,32.86
2024-04-29,carrot,Tuticorin,4,0.84,26.91
2024-04-29,carrot,Tenkasi,4,0.98,33.59
2024-04-29,cabbage,Tirunelveli,4,0.83,18.83
2024-04-29,cabbage,Madurai,4,0.94,21.83
2024-04-29,cabbage,Nagercoil,4,1.26,24.82
2024-04-29,cabbage,Tuticorin,4,1.07,19.04
2024-04-29,cabbage,Tenkasi,4,0.85,17.02
2024-04-29,potato,Tirunelveli,4,0.84,23.72
2024-04-29,potato,Madurai,4,0.99,27.46
2024-04-29,potato,Nagercoil,4,1.15,34.87
2024-04-29,potato,Tuticorin,4,0.83,23.72
2024-04-29,potato,Tenkasi,4,0.84,21.92
2024-04-29,beans,Tirunelveli,4,1.23,50.46
2024-04-29,beans,Madurai,4,0.88,32.29
2024-04-29,beans,Nagercoil,4,0.83,32.33
2024-04-29,beans,Tuticorin,4,0.96,37.35
2024-04-29,beans,Tenkasi,4,1.06,43.84
2024-04-29,okra,Tirunelveli,4,1.13,33.76
2024-04-29,okra,Madurai,4,1.1,31.33
2024-04-29,okra,Nagercoil,4,1.01,25.85
2024-04-29,okra,Tuticorin,4,1.22,34.17
2024-04-29,okra,Tenkasi,4,1.25,37.44
2024-04-30,tomato,Tirunelveli,4,1.23,38.43
2024-04-30,tomato,Madurai,4,0.94,26.32
2024-04-30,tomato,Nagercoil,4,1.16,30.19
2024-04-30,tomato,Tuticorin,4,0.81,24.33
2024-04-30,tomato,Tenkasi,4,1.18,34.01
2024-04-30,brinjal,Tirunelveli,4,1.01,24.41
2024-04-30,brinjal,Madurai,4,1.09,25.21
2024-04-30,brinjal,Nagercoil,4,1.19,28.71
2024-04-30,brinjal,Tuticorin,4,1.02,25.34
2024-04-30,brinjal,Tenkasi,4,1.13,27.82
2024-04-30,onion,Tirunelveli,4,0.96,30.68
2024-04-30,onion,Madurai,4,1.14,36.73
2024-04-30,onion,Nagercoil,4,0.83,27.02
2024-04-30,onion,Tuticorin,4,0.84,29.55
2024-04-30,onion,Tenkasi,4,1.24,41.52
2024-04-30,carrot,Tirunelveli,4,1.15,38.0
2024-04-30,carrot,Madurai,4,1.08,33.46
2024-04-30,carrot,Nagercoil,4,1.06,34.86
2024-04-30,carrot,Tuticorin,4,1.04,34.18
2024-04-30,carrot,Tenkasi,4,0.88,27.49
2024-04-30,cabbage,Tirunelveli,4,0.87,20.55
2024-04-30,cabbage,Madurai,4,0.9,19.6
2024-04-30,cabbage,Nagercoil,4,1.0,22.04
2024-04-30,cabbage,Tuticorin,4,1.02,22.09
2024-04-30,cabbage,Tenkasi,4,1.27,25.36
2024-04-30,potato,Tirunelveli,4,1.08,31.94
2024-04-30,potato,Madurai,4,1.15,32.54
2024-04-30,potato,Nagercoil,4,0.98,26.89
2024-04-30,potato,Tuticorin,4,0.95,27.48
2024-04-30,potato,Tenkasi,4,1.11,31.94
2024-04-30,beans,Tirunelveli,4,1.22,50.07
2024-04-30,beans,Madurai,4,0.98,38.66
2024-04-30,beans,Nagercoil,4,1.26,48.38
2024-04-30,beans,Tuticorin,4,1.08,44.09
2024-04-30,beans,Tenkasi,4,1.07,42.57
2024-04-30,okra,Tirunelveli,4,0.96,26.55
2024-04-30,okra,Madurai,4,0.83,24.49
2024-04-30,okra,Nagercoil,4,1.24,37.09
2024-04-30,okra,Tuticorin,4,1.14,33.73
2024-04-30,okra,Tenkasi,4,1.14,30.09
2024-05-01,tomato,Tirunelveli,5,1.28,35.23
2024-05-01,tomato,Madurai,5,1.26,33.38
2024-05-01,tomato,Nagercoil,5,1.14,30.27
2024-05-01,tomato,Tuticorin,5,1.28,35.32
2024-05-01,tomato,Tenkasi,5,1.15,26.56
2024-05-01,brinjal,Tirunelveli,5,1.08,23.9
2024-05-01,brinjal,Madurai,5,0.87,22.59
2024-05-01,brinjal,Nagercoil,5,0.81,18.93
2024-05-01,brinjal,Tuticorin,5,0.94,23.42
2024-05-01,brinjal,Tenkasi,5,1.27,31.07
2024-05-01,onion,Tirunelveli,5,1.1,35.98
2024-05-01,onion,Madurai,5,1.19,38.09
2024-05-01,onion,Nagercoil,5,1.09,35.77
2024-05-01,onion,Tuticorin,5,1.16,37.61
2024-05-01,onion,Tenkasi,5,0.98,29.63
2024-05-01,carrot,Tirunelveli,5,0.88,24.03
2024-05-01,carrot,Madurai,5,0.81,24.98
2024-05-01,carrot,Nagercoil,5,1.2,34.83
2024-05-01,carrot,Tuticorin,5,1.29,40.59
2024-05-01,carrot,Tenkasi,5,1.27,35.66
2024-05-01,cabbage,Tirunelveli,5,0.88,18.54
2024-05-01,cabbage,Madurai,5,0.84,17.57
2024-05-01,cabbage,Nagercoil,5,1.23,23.99
2024-05-01,cabbage,Tuticorin,5,1.07,17.48
2024-05-01,cabbage,Tenkasi,5,0.93,17.72
2024-05-01,potato,Tirunelveli,5,0.82,22.32
2024-05-01,potato,Madurai,5,0.95,20.87
2024-05-01,potato,Nagercoil,5,0.94,25.41
2024-05-01,potato,Tuticorin,5,0.87,20.73
2024-05-01,potato,Tenkasi,5,1.11,26.3
2024-05-01,beans,Tirunelveli,5,1.16,44.83
2024-05-01,beans,Madurai,5,1.08,40.31
2024-05-01,beans,Nagercoil,5,1.03,39.21
2024-05-01,beans,Tuticorin,5,1.2,45.25
2024-05-01,beans,Tenkasi,5,0.82,30.31
2024-05-01,okra,Tirunelveli,5,0.96,23.69
2024-05-01,okra,Madurai,5,1.15,32.96
2024-05-01,okra,Nagercoil,5,1.29,37.34
2024-05-01,okra,Tuticorin,5,0.94,26.67
2024-05-01,okra,Tenkasi,5,0.98,28.13
2024-05-02,tomato,Tirunelveli,5,1.17,31.61
2024-05-02,tomato,Madurai,5,1.07,28.32
2024-05-02,tomato,Nagercoil,5,0.95,27.3
2024-05-02,tomato,Tuticorin,5,0.9,26.38
2024-05-02,tomato,Tenkasi,5,0.82,24.69
2024-05-02,brinjal,Tirunelveli,5,1.24,26.63
2024-05-02,brinjal,Madurai,5,1.26,32.34
2024-05-02,brinjal,Nagercoil,5,1.02,24.39
2024-05-02,brinjal,Tuticorin,5,1.17,26.95
2024-05-02,brinjal,Tenkasi,5,1.12,24.6
2024-05-02,onion,Tirunelveli,5,0.81,27.26
2024-05-02,onion,Madurai,5,1.0,33.01
2024-05-02,onion,Nagercoil,5,1.02,33.65
2024-05-02,onion,Tuticorin,5,0.94,31.24
2024-05-02,onion,Tenkasi,5,0.96,32.01
2024-05-02,carrot,Tirunelveli,5,0.88,29.31
2024-05-02,carrot,Madurai,5,0.95,29.19
2024-05-02,carrot,Nagercoil,5,1.29,39.87
2024-05-02,carrot,Tuticorin,5,1.18,35.08
2024-05-02,carrot,Tenkasi,5,0.97,32.34
2024-05-02,cabbage,Tirunelveli,5,1.23,21.44
2024-05-02,cabbage,Madurai,5,1.01,21.48
2024-05-02,cabbage,Nagercoil,5,1.22,24.06
2024-05-02,cabbage,Tuticorin,5,0.89,16.99
2024-05-02,cabbage,Tenkasi,5,1.13,20.14
2024-05-02,potato,Tirunelveli,5,0.96,26.05
2024-05-02,potato,Madurai,5,1.22,30.29
2024-05-02,potato,Nagercoil,5,1.07,29.25
2024-05-02,potato,Tuticorin,5,0.83,21.33
2024-05-02,potato,Tenkasi,5,0.84,19.55
2024-05-02,beans,Tirunelveli,5,1.22,46.25
2024-05-02,beans,Madurai,5,1.15,43.29
2024-05-02,beans,Nagercoil,5,1.27,50.99
2024-05-02,beans,Tuticorin,5,1.29,50.22
2024-05-02,beans,Tenkasi,5,1.12,44.83
2024-05-02,okra,Tirunelveli,5,1.3,37.49
2024-05-02,okra,Madurai,5,0.85,21.78
2024-05-02,okra,Nagercoil,5,1.12,32.73
2024-05-02,okra,Tuticorin,5,1.1,30.25
2024-05-02,okra,Tenkasi,5,1.11,30.34
2024-05-03,tomato,Tirunelveli,5,0.86,24.32
2024-05-03,tomato,Madurai,5,0.96,25.13
2024-05-03,tomato,Nagercoil,5,1.04,30.32
2024-05-03,tomato,Tuticorin,5,1.18,29.3
2024-05-03,tomato,Tenkasi,5,1.25,33.68
2024-05-03,brinjal,Tirunelveli,5,0.91,21.72
2024-05-03,brinjal,Madurai,5,0.81,17.7
2024-05-03,brinjal,Nagercoil,5,1.16,26.83
2024-05-03,brinjal,Tuticorin,5,1.13,26.11
2024-05-03,brinjal,Tenkasi,5,1.13,24.48
2024-05-03,onion,Tirunelveli,5,1.01,31.65
2024-05-03,onion,Madurai,5,1.0,32.13
2024-05-03,onion,Nagercoil,5,1.18,37.88
2024-05-03,onion,Tuticorin,5,1.01,33.82
2024-05-03,onion,Tenkasi,5,1.15,39.22
2024-05-03,carrot,Tirunelveli,5,1.1,32.83
2024-05-03,carrot,Madurai,5,0.86,24.01
2024-05-03,carrot,Nagercoil,5,1.06,32.47
2024-05-03,carrot,Tuticorin,5,1.06,31.89
2024-05-03,carrot,Tenkasi,5,0.94,29.86
2024-05-03,cabbage,Tirunelveli,5,0.92,17.6
2024-05-03,cabbage,Madurai,5,1.01,19.73
2024-05-03,cabbage,Nagercoil,5,0.89,17.07
2024-05-03,cabbage,Tuticorin,5,0.98,21.19
2024-05-03,cabbage,Tenkasi,5,0.98,19.24
2024-05-03,potato,Tirunelveli,5,1.16,31.63
2024-05-03,potato,Madurai,5,1.25,31.78
2024-05-03,potato,Nagercoil,5,1.28,33.94
2024-05-03,potato,Tuticorin,5,0.81,22.2
2024-05-03,potato,Tenkasi,5,0.94,23.8
2024-05-03,beans,Tirunelveli,5,0.94,36.56
2024-05-03,beans,Madurai,5,1.02,36.03
2024-05-03,beans,Nagercoil,5,1.16,44.24
2024-05-03,beans,Tuticorin,5,0.9,35.0
2024-05-03,beans,Tenkasi,5,1.27,46.62
2024-05-03,okra,Tirunelveli,5,0.84,22.93
2024-05-03,okra,Madurai,5,1.08,28.63
2024-05-03,okra,Nagercoil,5,1.1,29.34
2024-05-03,okra,Tuticorin,5,1.21,32.58
2024-05-03,okra,Tenkasi,5,0.92,27.1
2024-05-04,tomato,Tirunelveli,5,1.28,33.37
2024-05-04,tomato,Madurai,5,1.15,28.08
2024-05-04,tomato,Nagercoil,5,1.09,30.23
2024-05-04,tomato,Tuticorin,5,1.17,28.49
2024-05-04,tomato,Tenkasi,5,0.82,22.03
2024-05-04,brinjal,Tirunelveli,5,0.87,20.07
2024-05-04,brinjal,Madurai,5,1.13,26.28
2024-05-04,brinjal,Nagercoil,5,0.9,19.13
2024-05-04,brinjal,Tuticorin,5,1.07,26.06
2024-05-04,brinjal,Tenkasi,5,0.83,18.6
2024-05-04,onion,Tirunelveli,5,0.85,22.83
2024-05-04,onion,Madurai,5,1.28,42.33
2024-05-04,onion,Nagercoil,5,1.27,41.78
2024-05-04,onion,Tuticorin,5,1.03,35.17
2024-05-04,onion,Tenkasi,5,0.98,31.74
2024-05-04,carrot,Tirunelveli,5,1.09,33.65
2024-05-04,carrot,Madurai,5,0.92,26.71
2024-05-04,carrot,Nagercoil,5,0.86,23.02
2024-05-04,carrot,Tuticorin,5,1.22,35.55
2024-05-04,carrot,Tenkasi,5,1.08,33.37
2024-05-04,cabbage,Tirunelveli,5,0.96,18.93
2024-05-04,cabbage,Madurai,5,1.0,19.0
2024-05-04,cabbage,Nagercoil,5,1.0,18.74
2024-05-04,cabbage,Tuticorin,5,1.24,22.23
2024-05-04,cabbage,Tenkasi,5,0.98,18.58
2024-05-04,potato,Tirunelveli,5,1.23,31.32
2024-05-04,potato,Madurai,5,1.0,27.65
2024-05-04,potato,Nagercoil,5,0.87,22.99
2024-05-04,potato,Tuticorin,5,0.86,22.27
2024-05-04,potato,Tenkasi,5,1.09,28.59
2024-05-04,beans,Tirunelveli,5,1.18,46.85
2024-05-04,beans,Madurai,5,0.99,36.47
2024-05-04,beans,Nagercoil,5,0.92,33.85
2024-05-04,beans,Tuticorin,5,1.29,50.97
2024-05-04,beans,Tenkasi,5,0.97,37.78
2024-05-04,okra,Tirunelveli,5,1.02,27.46
2024-05-04,okra,Madurai,5,1.26,37.63
2024-05-04,okra,Nagercoil,5,1.03,28.39
2024-05-04,okra,Tuticorin,5,0.91,25.04
2024-05-04,okra,Tenkasi,5,1.18,30.9
2024-05-05,tomato,Tirunelveli,5,1.1,27.95
2024-05-05,tomato,Madurai,5,1.04,29.43
2024-05-05,tomato,Nagercoil,5,0.82,21.9
2024-05-05,tomato,Tuticorin,5,0.88,23.74
2024-05-05,tomato,Tenkasi,5,1.13,32.21
2024-05-05,brinjal,Tirunelveli,5,0.93,22.68
2024-05-05,brinjal,Madurai,5,1.18,26.28
2024-05-05,brinjal,Nagercoil,5,1.07,27.14
2024-05-05,brinjal,Tuticorin,5,0.87,22.19
2024-05-05,brinjal,Tenkasi,5,1.01,23.71
2024-05-05,onion,Tirunelveli,5,1.22,37.42
2024-05-05,onion,Madurai,5,1.09,35.73
2024-05-05,onion,Nagercoil,5,1.05,32.54
2024-05-05,onion,Tuticorin,5,1.01,32.14
2024-05-05,onion,Tenkasi,5,0.84,26.7
2024-05-05,carrot,Tirunelveli,5,0.95,27.37
2024-05-05,carrot,Madurai,5,1.26,40.03
2024-05-05,carrot,Nagercoil,5,1.07,31.09
2024-05-05,carrot,Tuticorin,5,1.15,36.58
2024-05-05,carrot,Tenkasi,5,0.98,29.75
2024-05-05,cabbage,Tirunelveli,5,0.85,14.37
2024-05-05,cabbage,Madurai,5,1.11,21.38
2024-05-05,cabbage,Nagercoil,5,1.29,26.95
2024-05-05,cabbage,Tuticorin,5,1.05,20.17
2024-05-05,cabbage,Tenkasi,5,1.05,19.24
2024-05-05,potato,Tirunelveli,5,1.07,29.12
2024-05-05,potato,Madurai,5,0.91,22.34
2024-05-05,potato,Nagercoil,5,1.22,27.13
2024-05-05,potato,Tuticorin,5,1.25,31.77
2024-05-05,potato,Tenkasi,5,1.23,31.68
2024-05-05,beans,Tirunelveli,5,0.89,32.97
2024-05-05,beans,Madurai,5,1.0,37.72
2024-05-05,beans,Nagercoil,5,1.29,48.39
2024-05-05,beans,Tuticorin,5,0.95,34.54
2024-05-05,beans,Tenkasi,5,1.25,46.58
2024-05-05,okra,Tirunelveli,5,0.84,24.26
2024-05-05,okra,Madurai,5,1.11,33.0
2024-05-05,okra,Nagercoil,5,0.82,21.03
2024-05-05,okra,Tuticorin,5,0.87,22.68
2024-05-05,okra,Tenkasi,5,1.23,35.35
2024-05-06,tomato,Tirunelveli,5,0.83,24.91
2024-05-06,tomato,Madurai,5,0.89,23.09
2024-05-06,tomato,Nagercoil,5,1.1,28.3
2024-05-06,tomato,Tuticorin,5,1.21,34.34
2024-05-06,tomato,Tenkasi,5,1.1,31.24
2024-05-06,brinjal,Tirunelveli,5,1.09,22.61
2024-05-06,brinjal,Madurai,5,0.88,18.33
2024-05-06,brinjal,Nagercoil,5,1.0,22.08
2024-05-06,brinjal,Tuticorin,5,1.18,28.99
2024-05-06,brinjal,Tenkasi,5,0.95,22.35
2024-05-06,onion,Tirunelveli,5,1.01,32.85
2024-05-06,onion,Madurai,5,1.07,36.8
2024-05-06,onion,Nagercoil,5,0.83,24.38
2024-05-06,onion,Tuticorin,5,1.3,40.91
2024-05-06,onion,Tenkasi,5,0.95,31.28
2024-05-06,carrot,Tirunelveli,5,0.97,30.33
2024-05-06,carrot,Madurai,5,1.07,31.57
2024-05-06,carrot,Nagercoil,5,0.97,27.67
2024-05-06,carrot,Tuticorin,5,0.82,26.31
2024-05-06,carrot,Tenkasi,5,0.99,30.27
2024-05-06,cabbage,Tirunelveli,5,1.17,20.51
2024-05-06,cabbage,Madurai,5,0.87,19.03
2024-05-06,cabbage,Nagercoil,5,1.15,23.0
2024-05-06,cabbage,Tuticorin,5,0.81,16.91
2024-05-06,cabbage,Tenkasi,5,0.91,17.75
2024-05-06,potato,Tirunelveli,5,1.18,29.31
2024-05-06,potato,Madurai,5,0.86,22.36
2024-05-06,potato,Nagercoil,5,1.14,31.36
2024-05-06,potato,Tuticorin,5,1.29,32.76
2024-05-06,potato,Tenkasi,5,1.23,30.18
2024-05-06,beans,Tirunelveli,5,1.25,51.01
2024-05-06,beans,Madurai,5,1.15,43.68
2024-05-06,beans,Nagercoil,5,1.22,46.05
2024-05-06,beans,Tuticorin,5,1.04,38.81
2024-05-06,beans,Tenkasi,5,1.03,39.07
2024-05-06,okra,Tirunelveli,5,1.27,31.49
2024-05-06,okra,Madurai,5,1.07,31.27
2024-05-06,okra,Nagercoil,5,1.14,32.75
2024-05-06,okra,Tuticorin,5,1.1,32.49
2024-05-06,okra,Tenkasi,5,1.21,34.14
2024-05-07,tomato,Tirunelveli,5,0.86,22.73
2024-05-07,tomato,Madurai,5,0.93,26.59
2024-05-07,tomato,Nagercoil,5,1.23,35.17
2024-05-07,tomato,Tuticorin,5,0.93,24.6
2024-05-07,tomato,Tenkasi,5,0.8,20.13
2024-05-07,brinjal,Tirunelveli,5,1.18,27.82
2024-05-07,brinjal,Madurai,5,0.94,20.92
2024-05-07,brinjal,Nagercoil,5,0.94,22.14
2024-05-07,brinjal,Tuticorin,5,1.19,28.78
2024-05-07,brinjal,Tenkasi,5,1.26,28.31
2024-05-07,onion,Tirunelveli,5,1.14,36.7
2024-05-07,onion,Madurai,5,0.93,29.89
2024-05-07,onion,Nagercoil,5,1.25,41.56
2024-05-07,onion,Tuticorin,5,1.13,38.56
2024-05-07,onion,Tenkasi,5,1.01,32.02
2024-05-07,carrot,Tirunelveli,5,1.25,40.61
2024-05-07,carrot,Madurai,5,0.97,30.19
2024-05-07,carrot,Nagercoil,5,1.2,35.49
2024-05-07,carrot,Tuticorin,5,1.06,31.35
2024-05-07,carrot,Tenkasi,5,1.13,33.33
2024-05-07,cabbage,Tirunelveli,5,0.99,18.48
2024-05-07,cabbage,Madurai,5,1.19,24.91
2024-05-07,cabbage,Nagercoil,5,0.98,20.09
2024-05-07,cabbage,Tuticorin,5,0.92,17.45
2024-05-07,cabbage,Tenkasi,5,0.9,16.48
2024-05-07,potato,Tirunelveli,5,0.82,22.72
2024-05-07,potato,Madurai,5,1.26,32.72
2024-05-07,potato,Nagercoil,5,0.94,22.5
2024-05-07,potato,Tuticorin,5,0.83,18.27
2024-05-07,potato,Tenkasi,5,1.01,25.74
2024-05-07,beans,Tirunelveli,5,1.26,47.96
2024-05-07,beans,Madurai,5,1.24,47.47
2024-05-07,beans,Nagercoil,5,0.96,38.3
2024-05-07,beans,Tuticorin,5,1.11,39.55
2024-05-07,beans,Tenkasi,5,1.04,39.42
2024-05-07,okra,Tirunelveli,5,1.21,33.78
2024-05-07,okra,Madurai,5,1.02,27.03
2024-05-07,okra,Nagercoil,5,0.85,25.15
2024-05-07,okra,Tuticorin,5,0.98,26.94
2024-05-07,okra,Tenkasi,5,1.21,33.68
2024-05-08,tomato,Tirunelveli,5,0.98,25.21
2024-05-08,tomato,Madurai,5,0.89,24.06
2024-05-08,tomato,Nagercoil,5,1.24,34.26
2024-05-08,tomato,Tuticorin,5,1.3,35.12
2024-05-08,tomato,Tenkasi,5,0.99,27.66
2024-05-08,brinjal,Tirunelveli,5,1.3,30.08
2024-05-08,brinjal,Madurai,5,1.11,27.3
2024-05-08,brinjal,Nagercoil,5,0.98,24.1
2024-05-08,brinjal,Tuticorin,5,1.09,26.47
2024-05-08,brinjal,Tenkasi,5,0.81,20.52
2024-05-08,onion,Tirunelveli,5,0.97,30.61
2024-05-08,onion,Madurai,5,1.25,39.58
2024-05-08,onion,Nagercoil,5,0.82,25.34
2024-05-08,onion,Tuticorin,5,1.11,34.2
2024-05-08,onion,Tenkasi,5,1.07,33.58
2024-05-08,carrot,Tirunelveli,5,0.92,26.94
2024-05-08,carrot,Madurai,5,1.05,30.6
2024-05-08,carrot,Nagercoil,5,1.16,34.97
2024-05-08,carrot,Tuticorin,5,0.96,27.09
2024-05-08,carrot,Tenkasi,5,1.09,34.02
2024-05-08,cabbage,Tirunelveli,5,1.19,22.74
2024-05-08,cabbage,Madurai,5,0.97,19.09
2024-05-08,cabbage,Nagercoil,5,1.03,18.5
2024-05-08,cabbage,Tuticorin,5,0.97,18.81
2024-05-08,cabbage,Tenkasi,5,0.87,17.63
2024-05-08,potato,Tirunelveli,5,1.3,33.72
2024-05-08,potato,Madurai,5,0.99,27.07
2024-05-08,potato,Nagercoil,5,0.86,22.6
2024-05-08,potato,Tuticorin,5,1.14,27.54
2024-05-08,potato,Tenkasi,5,1.0,25.22
2024-05-08,beans,Tirunelveli,5,0.84,29.93
2024-05-08,beans,Madurai,5,0.96,37.22
2024-05-08,beans,Nagercoil,5,0.86,32.35
2024-05-08,beans,Tuticorin,5,1.09,42.55
2024-05-08,beans,Tenkasi,5,1.08,38.89
2024-05-08,okra,Tirunelveli,5,1.17,32.21
2024-05-08,okra,Madurai,5,0.86,24.6
2024-05-08,okra,Nagercoil,5,0.9,24.4
2024-05-08,okra,Tuticorin,5,0.95,22.67
2024-05-08,okra,Tenkasi,5,1.15,30.32
2024-05-09,tomato,Tirunelveli,5,1.11,31.9
2024-05-09,tomato,Madurai,5,0.95,26.8
2024-05-09,tomato,Nagercoil,5,0.96,23.11
2024-05-09,tomato,Tuticorin,5,1.29,33.86
2024-05-09,tomato,Tenkasi,5,1.21,32.57
2024-05-09,brinjal,Tirunelveli,5,1.23,27.55
2024-05-09,brinjal,Madurai,5,1.17,26.92
2024-05-09,brinjal,Nagercoil,5,1.05,22.92
2024-05-09,brinjal,Tuticorin,5,1.21,31.41
2024-05-09,brinjal,Tenkasi,5,0.86,20.38
2024-05-09,onion,Tirunelveli,5,1.08,34.28
2024-05-09,onion,Madurai,5,1.12,33.69
2024-05-09,onion,Nagercoil,5,0.93,29.52
2024-05-09,onion,Tuticorin,5,0.91,28.73
2024-05-09,onion,Tenkasi,5,1.29,40.6
2024-05-09,carrot,Tirunelveli,5,1.07,31.71
2024-05-09,carrot,Madurai,5,1.23,35.22
2024-05-09,carrot,Nagercoil,5,1.08,34.08
2024-05-09,carrot,Tuticorin,5,1.16,36.18
2024-05-09,carrot,Tenkasi,5,1.24,39.02
2024-05-09,cabbage,Tirunelveli,5,1.24,21.41
2024-05-09,cabbage,Madurai,5,1.12,24.48
2024-05-09,cabbage,Nagercoil,5,1.21,23.21
2024-05-09,cabbage,Tuticorin,5,1.24,21.91
2024-05-09,cabbage,Tenkasi,5,0.91,16.0
2024-05-09,potato,Tirunelveli,5,1.0,25.63
2024-05-09,potato,Madurai,5,0.89,20.9
2024-05-09,potato,Nagercoil,5,1.3,31.27
2024-05-09,potato,Tuticorin,5,1.3,33.98
2024-05-09,potato,Tenkasi,5,0.83,20.44
2024-05-09,beans,Tirunelveli,5,0.82,29.94
2024-05-09,beans,Madurai,5,1.06,38.85
2024-05-09,beans,Nagercoil,5,1.08,41.89
2024-05-09,beans,Tuticorin,5,0.95,34.76
2024-05-09,beans,Tenkasi,5,1.26,46.27
2024-05-09,okra,Tirunelveli,5,1.19,36.29
2024-05-09,okra,Madurai,5,1.21,32.33
2024-05-09,okra,Nagercoil,5,1.27,33.53
2024-05-09,okra,Tuticorin,5,0.88,24.58
2024-05-09,okra,Tenkasi,5,1.2,32.7
2024-05-10,tomato,Tirunelveli,5,1.19,31.97
2024-05-10,tomato,Madurai,5,0.85,24.09
2024-05-10,tomato,Nagercoil,5,1.09,29.11
2024-05-10,tomato,Tuticorin,5,0.89,24.02
2024-05-10,tomato,Tenkasi,5,0.81,23.06
2024-05-10,brinjal,Tirunelveli,5,1.14,27.19
2024-05-10,brinjal,Madurai,5,1.29,29.68
2024-05-10,brinjal,Nagercoil,5,1.29,31.88
2024-05-10,brinjal,Tuticorin,5,0.94,22.9
2024-05-10,brinjal,Tenkasi,5,0.86,22.66
2024-05-10,onion,Tirunelveli,5,1.07,36.14
2024-05-10,onion,Madurai,5,1.18,37.16
2024-05-10,onion,Nagercoil,5,1.26,40.55
2024-05-10,onion,Tuticorin,5,1.11,35.7
2024-05-10,onion,Tenkasi,5,1.29,39.24
2024-05-10,carrot,Tirunelveli,5,1.11,31.97
2024-05-10,carrot,Madurai,5,1.21,39.37
2024-05-10,carrot,Nagercoil,5,1.23,35.41
2024-05-10,carrot,Tuticorin,5,1.05,30.61
2024-05-10,carrot,Tenkasi,5,0.8,23.35
2024-05-10,cabbage,Tirunelveli,5,1.16,21.99
2024-05-10,cabbage,Madurai,5,0.95,17.69
2024-05-10,cabbage,Nagercoil,5,1.08,23.37
2024-05-10,cabbage,Tuticorin,5,0.83,14.58
2024-05-10,cabbage,Tenkasi,5,0.86,13.5
2024-05-10,potato,Tirunelveli,5,0.95,24.44
2024-05-10,potato,Madurai,5,0.83,21.97
2024-05-10,potato,Nagercoil,5,0.86,23.18
2024-05-10,potato,Tuticorin,5,0.83,24.01
2024-05-10,potato,Tenkasi,5,1.18,29.36
2024-05-10,beans,Tirunelveli,5,1.19,40.81
2024-05-10,beans,Madurai,5,0.81,29.06
2024-05-10,beans,Nagercoil,5,1.26,45.6
2024-05-10,beans,Tuticorin,5,1.26,48.07
2024-05-10,beans,Tenkasi,5,1.26,47.82
2024-05-10,okra,Tirunelveli,5,0.92,26.12
2024-05-10,okra,Madurai,5,0.85,23.69
2024-05-10,okra,Nagercoil,5,0.92,25.09
2024-05-10,okra,Tuticorin,5,1.14,30.83
2024-05-10,okra,Tenkasi,5,0.88,24.81
2024-05-11,tomato,Tirunelveli,5,0.99,27.51
2024-05-11,tomato,Madurai,5,1.01,26.23
2024-05-11,tomato,Nagercoil,5,0.85,21.42
2024-05-11,tomato,Tuticorin,5,0.86,23.18
2024-05-11,tomato,Tenkasi,5,0.92,23.96
2024-05-11,brinjal,Tirunelveli,5,0.94,23.64
2024-05-11,brinjal,Madurai,5,1.07,26.74
2024-05-11,brinjal,Nagercoil,5,1.22,29.7
2024-05-11,brinjal,Tuticorin,5,1.14,26.97
2024-05-11,brinjal,Tenkasi,5,1.26,30.66
2024-05-11,onion,Tirunelveli,5,1.28,40.71
2024-05-11,onion,Madurai,5,0.9,30.24
2024-05-11,onion,Nagercoil,5,1.07,36.19
2024-05-11,onion,Tuticorin,5,0.85,27.22
2024-05-11,onion,Tenkasi,5,0.93,29.4
2024-05-11,carrot,Tirunelveli,5,0.96,29.25
2024-05-11,carrot,Madurai,5,0.99,28.31
2024-05-11,carrot,Nagercoil,5,1.23,37.6
2024-05-11,carrot,Tuticorin,5,1.02,30.72
2024-05-11,carrot,Tenkasi,5,0.94,29.48
2024-05-11,cabbage,Tirunelveli,5,0.87,16.87
2024-05-11,cabbage,Madurai,5,0.85,16.3
2024-05-11,cabbage,Nagercoil,5,1.0,16.89
2024-05-11,cabbage,Tuticorin,5,0.89,18.12
2024-05-11,cabbage,Tenkasi,5,1.19,23.54
2024-05-11,potato,Tirunelveli,5,0.96,24.48
2024-05-11,potato,Madurai,5,1.13,28.89
2024-05-11,potato,Nagercoil,5,1.19,30.31
2024-05-11,potato,Tuticorin,5,1.06,27.27
2024-05-11,potato,Tenkasi,5,1.23,32.98
2024-05-11,beans,Tirunelveli,5,1.02,39.68
2024-05-11,beans,Madurai,5,1.22,45.55
2024-05-11,beans,Nagercoil,5,0.91,33.08
2024-05-11,beans,Tuticorin,5,1.22,46.13
2024-05-11,beans,Tenkasi,5,0.89,33.14
2024-05-11,okra,Tirunelveli,5,1.09,29.38
2024-05-11,okra,Madurai,5,1.23,34.23
2024-05-11,okra,Nagercoil,5,0.83,23.83
2024-05-11,okra,Tuticorin,5,1.17,30.32
2024-05-11,okra,Tenkasi,5,0.95,29.82
2024-05-12,tomato,Tirunelveli,5,1.05,30.05
2024-05-12,tomato,Madurai,5,1.07,27.68
2024-05-12,tomato,Nagercoil,5,1.24,30.93
2024-05-12,tomato,Tuticorin,5,1.23,33.33
2024-05-12,tomato,Tenkasi,5,1.08,29.77
2024-05-12,brinjal,Tirunelveli,5,0.98,21.29
2024-05-12,brinjal,Madurai,5,1.22,31.49
2024-05-12,brinjal,Nagercoil,5,0.85,19.52
2024-05-12,brinjal,Tuticorin,5,1.0,22.86
2024-05-12,brinjal,Tenkasi,5,0.96,21.68
2024-05-12,onion,Tirunelveli,5,1.13,37.49
2024-05-12,onion,Madurai,5,1.05,35.26
2024-05-12,onion,Nagercoil,5,1.21,37.33
2024-05-12,onion,Tuticorin,5,1.08,34.64
2024-05-12,onion,Tenkasi,5,1.28,41.71
2024-05-12,carrot,Tirunelveli,5,1.12,35.86
2024-05-12,carrot,Madurai,5,1.27,35.32
2024-05-12,carrot,Nagercoil,5,1.29,37.61
2024-05-12,carrot,Tuticorin,5,1.23,36.47
2024-05-12,carrot,Tenkasi,5,1.01,27.36
2024-05-12,cabbage,Tirunelveli,5,0.87,16.76
2024-05-12,cabbage,Madurai,5,1.24,24.71
2024-05-12,cabbage,Nagercoil,5,0.89,16.69
2024-05-12,cabbage,Tuticorin,5,1.18,22.94
2024-05-12,cabbage,Tenkasi,5,1.09,20.33
2024-05-12,potato,Tirunelveli,5,0.91,23.58
2024-05-12,potato,Madurai,5,0.84,22.9
2024-05-12,potato,Nagercoil,5,1.08,25.78
2024-05-12,potato,Tuticorin,5,1.11,25.97
2024-05-12,potato,Tenkasi,5,0.92,24.35
2024-05-12,beans,Tirunelveli,5,0.87,33.2
2024-05-12,beans,Madurai,5,0.89,35.18
2024-05-12,beans,Nagercoil,5,0.89,33.99
2024-05-12,beans,Tuticorin,5,1.13,43.36
2024-05-12,beans,Tenkasi,5,1.0,36.79
2024-05-12,okra,Tirunelveli,5,1.22,35.65
2024-05-12,okra,Madurai,5,1.18,32.03
2024-05-12,okra,Nagercoil,5,0.89,22.37
2024-05-12,okra,Tuticorin,5,0.86,22.47
2024-05-12,okra,Tenkasi,5,1.21,35.2
2024-05-13,tomato,Tirunelveli,5,1.3,34.8
2024-05-13,tomato,Madurai,5,1.2,31.06
2024-05-13,tomato,Nagercoil,5,1.19,31.03
2024-05-13,tomato,Tuticorin,5,1.03,29.45
2024-05-13,tomato,Tenkasi,5,1.1,29.22
2024-05-13,brinjal,Tirunelveli,5,1.29,31.12
2024-05-13,brinjal,Madurai,5,1.14,30.27
2024-05-13,brinjal,Nagercoil,5,0.94,21.04
2024-05-13,brinjal,Tuticorin,5,0.94,23.99
2024-05-13,brinjal,Tenkasi,5,1.1,25.05
2024-05-13,onion,Tirunelveli,5,0.85,27.92
2024-05-13,onion,Madurai,5,1.28,42.9
2024-05-13,onion,Nagercoil,5,1.14,36.45
2024-05-13,onion,Tuticorin,5,1.12,34.3
2024-05-13,onion,Tenkasi,5,0.81,25.59
2024-05-13,carrot,Tirunelveli,5,1.04,29.07
2024-05-13,carrot,Madurai,5,0.87,27.56
2024-05-13,carrot,Nagercoil,5,0.95,31.04
2024-05-13,carrot,Tuticorin,5,0.81,24.01
2024-05-13,carrot,Tenkasi,5,0.88,25.32
2024-05-13,cabbage,Tirunelveli,5,0.99,20.31
2024-05-13,cabbage,Madurai,5,0.92,20.92
2024-05-13,cabbage,Nagercoil,5,0.97,20.32
2024-05-13,cabbage,Tuticorin,5,1.18,23.24
2024-05-13,cabbage,Tenkasi,5,1.08,18.78
2024-05-13,potato,Tirunelveli,5,1.24,29.89
2024-05-13,potato,Madurai,5,0.82,20.9
2024-05-13,potato,Nagercoil,5,1.1,28.55
2024-05-13,potato,Tuticorin,5,1.04,26.43
2024-05-13,potato,Tenkasi,5,1.25,31.3
2024-05-13,beans,Tirunelveli,5,1.07,39.36
2024-05-13,beans,Madurai,5,1.16,43.31
2024-05-13,beans,Nagercoil,5,1.15,43.65
2024-05-13,beans,Tuticorin,5,1.02,41.89
2024-05-13,beans,Tenkasi,5,1.1,38.72
2024-05-13,okra,Tirunelveli,5,1.02,29.84
2024-05-13,okra,Madurai,5,1.2,32.87
2024-05-13,okra,Nagercoil,5,1.14,30.63
2024-05-13,okra,Tuticorin,5,0.96,26.2
2024-05-13,okra,Tenkasi,5,1.18,33.47
2024-05-14,tomato,Tirunelveli,5,0.83,19.68
2024-05-14,tomato,Madurai,5,0.92,26.13
2024-05-14,tomato,Nagercoil,5,1.11,30.18
2024-05-14,tomato,Tuticorin,5,1.29,34.72
2024-05-14,tomato,Tenkasi,5,1.12,29.36
2024-05-14,brinjal,Tirunelveli,5,1.14,22.64
2024-05-14,brinjal,Madurai,5,0.85,19.3
2024-05-14,brinjal,Nagercoil,5,0.84,19.45
2024-05-14,brinjal,Tuticorin,5,0.9,23.48
2024-05-14,brinjal,Tenkasi,5,1.04,24.54
2024-05-14,onion,Tirunelveli,5,0.97,31.36
2024-05-14,onion,Madurai,5,0.94,28.94
2024-05-14,onion,Nagercoil,5,1.11,35.51
2024-05-14,onion,Tuticorin,5,1.28,39.21
2024-05-14,onion,Tenkasi,5,1.19,37.8
2024-05-14,carrot,Tirunelveli,5,1.3,40.07
2024-05-14,carrot,Madurai,5,0.85,25.39
2024-05-14,carrot,Nagercoil,5,1.29,38.35
2024-05-14,carrot,Tuticorin,5,1.13,35.17
2024-05-14,carrot,Tenkasi,5,1.07,33.18
2024-05-14,cabbage,Tirunelveli,5,1.2,20.7
2024-05-14,cabbage,Madurai,5,1.08,22.2
2024-05-14,cabbage,Nagercoil,5,1.07,22.82
2024-05-14,cabbage,Tuticorin,5,0.85,15.71
2024-05-14,cabbage,Tenkasi,5,1.19,22.39
2024-05-14,potato,Tirunelveli,5,0.98,25.16
2024-05-14,potato,Madurai,5,1.11,27.01
2024-05-14,potato,Nagercoil,5,1.0,27.51
2024-05-14,potato,Tuticorin,5,1.17,32.67
2024-05-14,potato,Tenkasi,5,0.99,27.12
2024-05-14,beans,Tirunelveli,5,1.04,36.77
2024-05-14,beans,Madurai,5,1.18,43.51
2024-05-14,beans,Nagercoil,5,1.18,43.77
2024-05-14,beans,Tuticorin,5,0.81,29.97
2024-05-14,beans,Tenkasi,5,1.01,38.39
2024-05-14,okra,Tirunelveli,5,1.03,28.88
2024-05-14,okra,Madurai,5,0.93,25.91
2024-05-14,okra,Nagercoil,5,1.1,32.22
2024-05-14,okra,Tuticorin,5,0.85,24.54
2024-05-14,okra,Tenkasi,5,1.09,30.38
2024-05-15,tomato,Tirunelveli,5,0.97,27.25
2024-05-15,tomato,Madurai,5,0.94,25.52
2024-05-15,tomato,Nagercoil,5,1.05,29.45
2024-05-15,tomato,Tuticorin,5,1.14,32.86
2024-05-15,tomato,Tenkasi,5,0.98,27.92
2024-05-15,brinjal,Tirunelveli,5,0.91,19.75
2024-05-15,brinjal,Madurai,5,1.01,23.78
2024-05-15,brinjal,Nagercoil,5,1.28,31.06
2024-05-15,brinjal,Tuticorin,5,0.87,18.6
2024-05-15,brinjal,Tenkasi,5,1.2,28.84
2024-05-15,onion,Tirunelveli,5,1.19,39.12
2024-05-15,onion,Madurai,5,1.29,39.85
2024-05-15,onion,Nagercoil,5,1.24,39.85
2024-05-15,onion,Tuticorin,5,0.85,28.03
2024-05-15,onion,Tenkasi,5,0.89,31.03
2024-05-15,carrot,Tirunelveli,5,0.88,26.34
2024-05-15,carrot,Madurai,5,1.13,32.28
2024-05-15,carrot,Nagercoil,5,1.13,32.12
2024-05-15,carrot,Tuticorin,5,1.03,30.51
2024-05-15,carrot,Tenkasi,5,1.19,36.52
2024-05-15,cabbage,Tirunelveli,5,0.83,16.94
2024-05-15,cabbage,Madurai,5,1.23,22.11
2024-05-15,cabbage,Nagercoil,5,0.93,18.57
2024-05-15,cabbage,Tuticorin,5,0.91,14.54
2024-05-15,cabbage,Tenkasi,5,1.21,22.54
2024-05-15,potato,Tirunelveli,5,1.03,27.23
2024-05-15,potato,Madurai,5,1.19,32.4
2024-05-15,potato,Nagercoil,5,0.83,19.13
2024-05-15,potato,Tuticorin,5,1.1,28.92
2024-05-15,potato,Tenkasi,5,0.98,24.78
2024-05-15,beans,Tirunelveli,5,0.94,32.93
2024-05-15,beans,Madurai,5,0.94,33.5
2024-05-15,beans,Nagercoil,5,1.26,47.6
2024-05-15,beans,Tuticorin,5,1.25,49.77
2024-05-15,beans,Tenkasi,5,0.96,36.03
2024-05-15,okra,Tirunelveli,5,1.04,33.35
2024-05-15,okra,Madurai,5,1.03,29.72
2024-05-15,okra,Nagercoil,5,1.03,27.54
2024-05-15,okra,Tuticorin,5,1.28,37.05
2024-05-15,okra,Tenkasi,5,1.27,33.81
2024-05-16,tomato,Tirunelveli,5,1.13,30.61
2024-05-16,tomato,Madurai,5,0.98,26.56
2024-05-16,tomato,Nagercoil,5,1.1,29.75
2024-05-16,tomato,Tuticorin,5,0.92,22.78
2024-05-16,tomato,Tenkasi,5,1.17,27.79
2024-05-16,brinjal,Tirunelveli,5,0.93,23.27
2024-05-16,brinjal,Madurai,5,1.3,30.33
2024-05-16,brinjal,Nagercoil,5,1.29,30.95
2024-05-16,brinjal,Tuticorin,5,0.87,22.75
2024-05-16,brinjal,Tenkasi,5,0.98,23.81
2024-05-16,onion,Tirunelveli,5,1.29,39.85
2024-05-16,onion,Madurai,5,1.03,32.99
2024-05-16,onion,Nagercoil,5,1.14,36.52
2024-05-16,onion,Tuticorin,5,1.1,37.26
2024-05-16,onion,Tenkasi,5,0.93,27.73
2024-05-16,carrot,Tirunelveli,5,1.28,39.05
2024-05-16,carrot,Madurai,5,1.04,29.84
2024-05-16,carrot,Nagercoil,5,0.92,26.96
2024-05-16,carrot,Tuticorin,5,1.22,37.75
2024-05-16,carrot,Tenkasi,5,0.92,27.88
2024-05-16,cabbage,Tirunelveli,5,0.86,16.66
2024-05-16,cabbage,Madurai,5,1.3,24.81
2024-05-16,cabbage,Nagercoil,5,1.15,23.3
2024-05-16,cabbage,Tuticorin,5,1.19,22.49
2024-05-16,cabbage,Tenkasi,5,0.81,14.77
2024-05-16,potato,Tirunelveli,5,0.87,23.94
2024-05-16,potato,Madurai,5,0.91,19.83
2024-05-16,potato,Nagercoil,5,0.94,22.81
2024-05-16,potato,Tuticorin,5,0.89,21.78
2024-05-16,potato,Tenkasi,5,0.92,25.27
2024-05-16,beans,Tirunelveli,5,0.91,34.43
2024-05-16,beans,Madurai,5,1.1,39.84
2024-05-16,beans,Nagercoil,5,1.15,41.62
2024-05-16,beans,Tuticorin,5,0.97,37.83
2024-05-16,beans,Tenkasi,5,1.14,41.17
2024-05-16,okra,Tirunelveli,5,0.99,26.68
2024-05-16,okra,Madurai,5,0.94,25.56
2024-05-16,okra,Nagercoil,5,0.83,24.02
2024-05-16,okra,Tuticorin,5,1.17,31.96
2024-05-16,okra,Tenkasi,5,0.83,21.29
2024-05-17,tomato,Tirunelveli,5,0.91,25.43
2024-05-17,tomato,Madurai,5,0.9,25.14
2024-05-17,tomato,Nagercoil,5,0.97,28.35
2024-05-17,tomato,Tuticorin,5,1.22,33.16
2024-05-17,tomato,Tenkasi,5,1.2,30.54
2024-05-17,brinjal,Tirunelveli,5,1.29,32.79
2024-05-17,brinjal,Madurai,5,1.13,26.18
2024-05-17,brinjal,Nagercoil,5,1.29,31.85
2024-05-17,brinjal,Tuticorin,5,0.88,22.97
2024-05-17,brinjal,Tenkasi,5,1.02,24.16
2024-05-17,onion,Tirunelveli,5,1.03,33.29
2024-05-17,onion,Madurai,5,1.1,35.92
2024-05-17,onion,Nagercoil,5,0.83,27.32
2024-05-17,onion,Tuticorin,5,1.0,33.81
2024-05-17,onion,Tenkasi,5,0.81,25.79
2024-05-17,carrot,Tirunelveli,5,0.8,24.15
2024-05-17,carrot,Madurai,5,1.11,32.58
2024-05-17,carrot,Nagercoil,5,1.13,33.13
2024-05-17,carrot,Tuticorin,5,0.83,23.62
2024-05-17,carrot,Tenkasi,5,1.09,32.14
2024-05-17,cabbage,Tirunelveli,5,1.13,20.45
2024-05-17,cabbage,Madurai,5,0.84,17.64
2024-05-17,cabbage,Nagercoil,5,0.84,17.18
2024-05-17,cabbage,Tuticorin,5,0.91,17.43
2024-05-17,cabbage,Tenkasi,5,0.93,18.3
2024-05-17,potato,Tirunelveli,5,1.14,28.14
2024-05-17,potato,Madurai,5,1.12,28.87
2024-05-17,potato,Nagercoil,5,0.87,24.08
2024-05-17,potato,Tuticorin,5,0.94,26.02
2024-05-17,potato,Tenkasi,5,1.07,29.86
2024-05-17,beans,Tirunelveli,5,1.14,44.24
2024-05-17,beans,Madurai,5,1.09,41.59
2024-05-17,beans,Nagercoil,5,1.19,45.96
2024-05-17,beans,Tuticorin,5,1.25,45.37
2024-05-17,beans,Tenkasi,5,0.99,38.44
2024-05-17,okra,Tirunelveli,5,0.83,24.54
2024-05-17,okra,Madurai,5,1.09,30.4
2024-05-17,okra,Nagercoil,5,0.86,24.13
2024-05-17,okra,Tuticorin,5,1.1,30.27
2024-05-17,okra,Tenkasi,5,1.07,29.8
2024-05-18,tomato,Tirunelveli,5,0.99,26.96
2024-05-18,tomato,Madurai,5,1.21,32.95
2024-05-18,tomato,Nagercoil,5,0.91,23.16
2024-05-18,tomato,Tuticorin,5,1.18,30.77
2024-05-18,tomato,Tenkasi,5,1.27,35.18
2024-05-18,brinjal,Tirunelveli,5,1.12,27.01
2024-05-18,brinjal,Madurai,5,0.99,22.37
2024-05-18,brinjal,Nagercoil,5,0.82,19.09
2024-05-18,brinjal,Tuticorin,5,1.15,29.76
2024-05-18,brinjal,Tenkasi,5,1.08,22.42
2024-05-18,onion,Tirunelveli,5,0.94,26.55
2024-05-18,onion,Madurai,5,0.99,29.0
2024-05-18,onion,Nagercoil,5,1.21,42.33
2024-05-18,onion,Tuticorin,5,1.25,38.69
2024-05-18,onion,Tenkasi,5,1.23,39.29
2024-05-18,carrot,Tirunelveli,5,0.82,25.42
2024-05-18,carrot,Madurai,5,0.93,28.72
2024-05-18,carrot,Nagercoil,5,1.12,33.47
2024-05-18,carrot,Tuticorin,5,0.84,27.37
2024-05-18,carrot,Tenkasi,5,1.23,38.16
2024-05-18,cabbage,Tirunelveli,5,1.27,23.63
2024-05-18,cabbage,Madurai,5,0.92,16.32
2024-05-18,cabbage,Nagercoil,5,0.98,19.17
2024-05-18,cabbage,Tuticorin,5,1.17,23.84
2024-05-18,cabbage,Tenkasi,5,1.05,22.89
2024-05-18,potato,Tirunelveli,5,0.91,23.88
2024-05-18,potato,Madurai,5,1.16,29.41
2024-05-18,potato,Nagercoil,5,1.17,32.18
2024-05-18,potato,Tuticorin,5,1.0,27.52
2024-05-18,potato,Tenkasi,5,1.3,34.56
2024-05-18,beans,Tirunelveli,5,0.97,34.84
2024-05-18,beans,Madurai,5,0.9,33.47
2024-05-18,beans,Nagercoil,5,1.15,42.86
2024-05-18,beans,Tuticorin,5,0.89,34.61
2024-05-18,beans,Tenkasi,5,0.94,32.76
2024-05-18,okra,Tirunelveli,5,0.92,25.04
2024-05-18,okra,Madurai,5,1.17,32.67
2024-05-18,okra,Nagercoil,5,1.2,33.12
2024-05-18,okra,Tuticorin,5,0.93,28.54
2024-05-18,okra,Tenkasi,5,1.13,33.02
2024-05-19,tomato,Tirunelveli,5,1.02,28.99
2024-05-19,tomato,Madurai,5,1.18,31.01
2024-05-19,tomato,Nagercoil,5,0.96,26.08
2024-05-19,tomato,Tuticorin,5,0.83,20.92
2024-05-19,tomato,Tenkasi,5,0.97,24.79
2024-05-19,brinjal,Tirunelveli,5,1.18,29.47
2024-05-19,brinjal,Madurai,5,1.17,28.97
2024-05-19,brinjal,Nagercoil,5,1.17,26.39
2024-05-19,brinjal,Tuticorin,5,1.0,23.78
2024-05-19,brinjal,Tenkasi,5,1.26,27.61
2024-05-19,onion,Tirunelveli,5,1.12,36.9
2024-05-19,onion,Madurai,5,1.01,31.28
2024-05-19,onion,Nagercoil,5,1.1,35.5
2024-05-19,onion,Tuticorin,5,1.21,41.53
2024-05-19,onion,Tenkasi,5,1.16,35.87
2024-05-19,carrot,Tirunelveli,5,1.22,37.18
2024-05-19,carrot,Madurai,5,1.27,38.11
2024-05-19,carrot,Nagercoil,5,0.93,26.28
2024-05-19,carrot,Tuticorin,5,1.18,34.38
2024-05-19,carrot,Tenkasi,5,1.24,37.93
2024-05-19,cabbage,Tirunelveli,5,0.89,16.92
2024-05-19,cabbage,Madurai,5,0.96,20.78
2024-05-19,cabbage,Nagercoil,5,0.88,17.73
2024-05-19,cabbage,Tuticorin,5,1.08,19.32
2024-05-19,cabbage,Tenkasi,5,0.86,17.96
2024-05-19,potato,Tirunelveli,5,0.83,22.89
2024-05-19,potato,Madurai,5,1.08,28.28
2024-05-19,potato,Nagercoil,5,1.26,33.44
2024-05-19,potato,Tuticorin,5,1.21,31.5
2024-05-19,potato,Tenkasi,5,0.95,26.44
2024-05-19,beans,Tirunelveli,5,0.91,35.84
2024-05-19,beans,Madurai,5,0.89,31.14
2024-05-19,beans,Nagercoil,5,0.93,32.62
2024-05-19,beans,Tuticorin,5,1.09,40.89
2024-05-19,beans,Tenkasi,5,1.26,48.67
2024-05-19,okra,Tirunelveli,5,1.09,32.29
2024-05-19,okra,Madurai,5,1.04,28.66
2024-05-19,okra,Nagercoil,5,1.18,32.52
2024-05-19,okra,Tuticorin,5,0.89,24.38
2024-05-19,okra,Tenkasi,5,0.87,24.16
2024-05-20,tomato,Tirunelveli,5,0.89,24.06
2024-05-20,tomato,Madurai,5,1.22,32.07
2024-05-20,tomato,Nagercoil,5,0.99,26.08
2024-05-20,tomato,Tuticorin,5,0.96,26.45
2024-05-20,tomato,Tenkasi,5,0.88,21.68
2024-05-20,brinjal,Tirunelveli,5,1.11,28.95
2024-05-20,brinjal,Madurai,5,1.18,31.15
2024-05-20,brinjal,Nagercoil,5,1.27,31.13
2024-05-20,brinjal,Tuticorin,5,0.95,24.5
2024-05-20,brinjal,Tenkasi,5,1.11,24.83
2024-05-20,onion,Tirunelveli,5,0.89,27.8
2024-05-20,onion,Madurai,5,1.01,29.17
2024-05-20,onion,Nagercoil,5,0.89,28.75
2024-05-20,onion,Tuticorin,5,1.04,33.68
2024-05-20,onion,Tenkasi,5,1.14,37.18
2024-05-20,carrot,Tirunelveli,5,1.2,33.67
2024-05-20,carrot,Madurai,5,0.82,24.58
2024-05-20,carrot,Nagercoil,5,0.98,29.99
2024-05-20,carrot,Tuticorin,5,0.95,29.22
2024-05-20,carrot,Tenkasi,5,1.28,37.64
2024-05-20,cabbage,Tirunelveli,5,1.01,22.54
2024-05-20,cabbage,Madurai,5,1.02,19.36
2024-05-20,cabbage,Nagercoil,5,1.08,21.11
2024-05-20,cabbage,Tuticorin,5,0.83,15.49
2024-05-20,cabbage,Tenkasi,5,1.21,22.59
2024-05-20,potato,Tirunelveli,5,0.96,25.8
2024-05-20,potato,Madurai,5,1.04,24.47
2024-05-20,potato,Nagercoil,5,1.1,29.37
2024-05-20,potato,Tuticorin,5,0.95,24.67
2024-05-20,potato,Tenkasi,5,1.28,32.79
2024-05-20,beans,Tirunelveli,5,1.01,36.37
2024-05-20,beans,Madurai,5,1.08,40.53
2024-05-20,beans,Nagercoil,5,0.87,33.79
2024-05-20,beans,Tuticorin,5,0.9,34.03
2024-05-20,beans,Tenkasi,5,1.18,44.39
2024-05-20,okra,Tirunelveli,5,0.86,23.55
2024-05-20,okra,Madurai,5,0.98,26.64
2024-05-20,okra,Nagercoil,5,1.01,26.53
2024-05-20,okra,Tuticorin,5,0.95,27.5
2024-05-20,okra,Tenkasi,5,1.0,28.31
2024-05-21,tomato,Tirunelveli,5,0.9,25.12
2024-05-21,tomato,Madurai,5,1.09,28.51
2024-05-21,tomato,Nagercoil,5,1.03,27.36
2024-05-21,tomato,Tuticorin,5,0.94,23.5
2024-05-21,tomato,Tenkasi,5,1.27,31.86
2024-05-21,brinjal,Tirunelveli,5,1.01,23.92
2024-05-21,brinjal,Madurai,5,1.24,26.2
2024-05-21,brinjal,Nagercoil,5,0.9,21.89
2024-05-21,brinjal,Tuticorin,5,1.2,27.52
2024-05-21,brinjal,Tenkasi,5,0.91,24.88
2024-05-21,onion,Tirunelveli,5,0.97,31.23
2024-05-21,onion,Madurai,5,1.0,33.12
2024-05-21,onion,Nagercoil,5,1.06,33.22
2024-05-21,onion,Tuticorin,5,0.89,30.41
2024-05-21,onion,Tenkasi,5,1.09,37.1
2024-05-21,carrot,Tirunelveli,5,1.24,38.8
2024-05-21,carrot,Madurai,5,0.99,32.67
2024-05-21,carrot,Nagercoil,5,1.13,32.53
2024-05-21,carrot,Tuticorin,5,1.07,33.28
2024-05-21,carrot,Tenkasi,5,1.2,35.04
2024-05-21,cabbage,Tirunelveli,5,1.08,19.31
2024-05-21,cabbage,Madurai,5,0.84,16.25
2024-05-21,cabbage,Nagercoil,5,0.97,19.13
2024-05-21,cabbage,Tuticorin,5,1.19,22.91
2024-05-21,cabbage,Tenkasi,5,1.13,19.96
2024-05-21,potato,Tirunelveli,5,1.29,33.36
2024-05-21,potato,Madurai,5,0.99,25.45
2024-05-21,potato,Nagercoil,5,1.24,30.44
2024-05-21,potato,Tuticorin,5,1.24,34.27
2024-05-21,potato,Tenkasi,5,1.21,33.95
2024-05-21,beans,Tirunelveli,5,1.19,45.09
2024-05-21,beans,Madurai,5,1.28,49.76
2024-05-21,beans,Nagercoil,5,1.3,45.18
2024-05-21,beans,Tuticorin,5,1.11,41.63
2024-05-21,beans,Tenkasi,5,0.83,32.79
2024-05-21,okra,Tirunelveli,5,0.91,25.37
2024-05-21,okra,Madurai,5,1.01,28.15
2024-05-21,okra,Nagercoil,5,0.98,28.38
2024-05-21,okra,Tuticorin,5,1.02,31.93
2024-05-21,okra,Tenkasi,5,1.2,34.05
2024-05-22,tomato,Tirunelveli,5,1.03,27.79
2024-05-22,tomato,Madurai,5,0.97,28.05
2024-05-22,tomato,Nagercoil,5,1.13,31.03
2024-05-22,tomato,Tuticorin,5,0.83,24.85
2024-05-22,tomato,Tenkasi,5,0.88,22.28
2024-05-22,brinjal,Tirunelveli,5,1.14,25.4
2024-05-22,brinjal,Madurai,5,0.81,17.91
2024-05-22,brinjal,Nagercoil,5,0.96,23.92
2024-05-22,brinjal,Tuticorin,5,1.06,25.67
2024-05-22,brinjal,Tenkasi,5,0.84,19.55
2024-05-22,onion,Tirunelveli,5,1.02,33.49
2024-05-22,onion,Madurai,5,0.95,32.09
2024-05-22,onion,Nagercoil,5,1.01,32.13
2024-05-22,onion,Tuticorin,5,1.3,43.03
2024-05-22,onion,Tenkasi,5,0.8,25.22
2024-05-22,carrot,Tirunelveli,5,1.17,32.83
2024-05-22,carrot,Madurai,5,1.11,33.51
2024-05-22,carrot,Nagercoil,5,1.26,35.61
2024-05-22,carrot,Tuticorin,5,1.21,35.87
2024-05-22,carrot,Tenkasi,5,0.82,24.84
2024-05-22,cabbage,Tirunelveli,5,0.88,15.89
2024-05-22,cabbage,Madurai,5,1.06,21.3
2024-05-22,cabbage,Nagercoil,5,0.85,16.04
2024-05-22,cabbage,Tuticorin,5,1.25,25.19
2024-05-22,cabbage,Tenkasi,5,1.27,24.6
2024-05-22,potato,Tirunelveli,5,0.81,20.66
2024-05-22,potato,Madurai,5,1.25,31.16
2024-05-22,potato,Nagercoil,5,0.86,22.11
2024-05-22,potato,Tuticorin,5,0.99,25.83
2024-05-22,potato,Tenkasi,5,1.23,32.38
2024-05-22,beans,Tirunelveli,5,0.98,37.39
2024-05-22,beans,Madurai,5,1.12,40.16
2024-05-22,beans,Nagercoil,5,1.17,45.51
2024-05-22,beans,Tuticorin,5,1.07,40.86
2024-05-22,beans,Tenkasi,5,1.01,37.98
2024-05-22,okra,Tirunelveli,5,1.23,35.0
2024-05-22,okra,Madurai,5,1.28,36.49
2024-05-22,okra,Nagercoil,5,0.8,25.31
2024-05-22,okra,Tuticorin,5,0.82,22.1
2024-05-22,okra,Tenkasi,5,0.93,25.14
2024-05-23,tomato,Tirunelveli,5,0.95,24.02
2024-05-23,tomato,Madurai,5,0.85,20.05
2024-05-23,tomato,Nagercoil,5,0.82,22.71
2024-05-23,tomato,Tuticorin,5,1.02,30.45
2024-05-23,tomato,Tenkasi,5,1.12,29.62
2024-05-23,brinjal,Tirunelveli,5,1.12,28.35
2024-05-23,brinjal,Madurai,5,1.28,29.81
2024-05-23,brinjal,Nagercoil,5,1.12,28.31
2024-05-23,brinjal,Tuticorin,5,0.89,21.53
2024-05-23,brinjal,Tenkasi,5,1.06,25.11
2024-05-23,onion,Tirunelveli,5,1.26,39.96
2024-05-23,onion,Madurai,5,1.09,35.4
2024-05-23,onion,Nagercoil,5,0.94,31.53
2024-05-23,onion,Tuticorin,5,0.94,29.46
2024-05-23,onion,Tenkasi,5,0.9,28.84
2024-05-23,carrot,Tirunelveli,5,1.1,33.45
2024-05-23,carrot,Madurai,5,1.1,34.51
2024-05-23,carrot,Nagercoil,5,1.14,34.41
2024-05-23,carrot,Tuticorin,5,1.0,29.78
2024-05-23,carrot,Tenkasi,5,1.07,32.69
2024-05-23,cabbage,Tirunelveli,5,1.28,26.4
2024-05-23,cabbage,Madurai,5,1.13,22.49
2024-05-23,cabbage,Nagercoil,5,1.22,23.54
2024-05-23,cabbage,Tuticorin,5,0.88,17.23
2024-05-23,cabbage,Tenkasi,5,1.04,18.66
2024-05-23,potato,Tirunelveli,5,0.8,21.8
2024-05-23,potato,Madurai,5,0.97,23.17
2024-05-23,potato,Nagercoil,5,0.98,24.63
2024-05-23,potato,Tuticorin,5,0.88,22.6
2024-05-23,potato,Tenkasi,5,1.03,25.99
2024-05-23,beans,Tirunelveli,5,0.9,32.51
2024-05-23,beans,Madurai,5,1.19,43.71
2024-05-23,beans,Nagercoil,5,1.16,41.54
2024-05-23,beans,Tuticorin,5,1.25,49.55
2024-05-23,beans,Tenkasi,5,1.28,47.57
2024-05-23,okra,Tirunelveli,5,1.06,28.8
2024-05-23,okra,Madurai,5,0.85,26.61
2024-05-23,okra,Nagercoil,5,1.06,27.35
2024-05-23,okra,Tuticorin,5,0.97,27.84
2024-05-23,okra,Tenkasi,5,0.9,25.32
2024-05-24,tomato,Tirunelveli,5,1.13,28.88
2024-05-24,tomato,Madurai,5,0.81,21.99
2024-05-24,tomato,Nagercoil,5,0.89,26.44
2024-05-24,tomato,Tuticorin,5,0.9,25.06
2024-05-24,tomato,Tenkasi,5,1.13,31.11
2024-05-24,brinjal,Tirunelveli,5,1.01,22.02
2024-05-24,brinjal,Madurai,5,1.13,25.46
2024-05-24,brinjal,Nagercoil,5,0.85,17.79
2024-05-24,brinjal,Tuticorin,5,0.86,20.38
2024-05-24,brinjal,Tenkasi,5,1.11,26.21
2024-05-24,onion,Tirunelveli,5,1.16,36.16
2024-05-24,onion,Madurai,5,0.82,27.84
2024-05-24,onion,Nagercoil,5,0.8,23.96
2024-05-24,onion,Tuticorin,5,0.83,25.73
2024-05-24,onion,Tenkasi,5,0.89,28.87
2024-05-24,carrot,Tirunelveli,5,1.1,31.31
2024-05-24,carrot,Madurai,5,1.07,31.82
2024-05-24,carrot,Nagercoil,5,0.83,23.87
2024-05-24,carrot,Tuticorin,5,1.0,30.43
2024-05-24,carrot,Tenkasi,5,1.15,32.52
2024-05-24,cabbage,Tirunelveli,5,1.07,17.63
2024-05-24,cabbage,Madurai,5,1.22,21.87
2024-05-24,cabbage,Nagercoil,5,0.91,18.94
2024-05-24,cabbage,Tuticorin,5,1.01,20.75
2024-05-24,cabbage,Tenkasi,5,0.95,17.01
2024-05-24,potato,Tirunelveli,5,0.82,21.13
2024-05-24,potato,Madurai,5,0.86,22.11
2024-05-24,potato,Nagercoil,5,1.22,29.54
2024-05-24,potato,Tuticorin,5,0.92,22.74
2024-05-24,potato,Tenkasi,5,1.08,27.68
2024-05-24,beans,Tirunelveli,5,1.08,37.37
2024-05-24,beans,Madurai,5,0.89,33.77
2024-05-24,beans,Nagercoil,5,0.8,34.57
2024-05-24,beans,Tuticorin,5,1.21,46.34
2024-05-24,beans,Tenkasi,5,1.05,39.92
2024-05-24,okra,Tirunelveli,5,1.22,35.17
2024-05-24,okra,Madurai,5,0.87,25.07
2024-05-24,okra,Nagercoil,5,0.89,26.04
2024-05-24,okra,Tuticorin,5,0.89,22.12
2024-05-24,okra,Tenkasi,5,1.13,31.07
2024-05-25,tomato,Tirunelveli,5,1.22,31.29
2024-05-25,tomato,Madurai,5,1.29,31.84
2024-05-25,tomato,Nagercoil,5,1.19,31.82
2024-05-25,tomato,Tuticorin,5,0.92,26.03
2024-05-25,tomato,Tenkasi,5,1.01,26.15
2024-05-25,brinjal,Tirunelveli,5,0.94,22.61
2024-05-25,brinjal,Madurai,5,0.82,21.34
2024-05-25,brinjal,Nagercoil,5,0.81,18.83
2024-05-25,brinjal,Tuticorin,5,1.14,28.49
2024-05-25,brinjal,Tenkasi,5,1.14,28.31
2024-05-25,onion,Tirunelveli,5,0.97,31.66
2024-05-25,onion,Madurai,5,1.04,31.79
2024-05-25,onion,Nagercoil,5,1.16,34.64
2024-05-25,onion,Tuticorin,5,0.95,29.47
2024-05-25,onion,Tenkasi,5,0.91,28.54
2024-05-25,carrot,Tirunelveli,5,0.97,28.91
2024-05-25,carrot,Madurai,5,0.82,25.51
2024-05-25,carrot,Nagercoil,5,0.96,27.86
2024-05-25,carrot,Tuticorin,5,1.13,35.06
2024-05-25,carrot,Tenkasi,5,1.28,40.97
2024-05-25,cabbage,Tirunelveli,5,0.81,15.42
2024-05-25,cabbage,Madurai,5,0.96,18.93
2024-05-25,cabbage,Nagercoil,5,0.89,19.5
2024-05-25,cabbage,Tuticorin,5,0.96,19.67
2024-05-25,cabbage,Tenkasi,5,1.07,19.63
2024-05-25,potato,Tirunelveli,5,1.23,34.27
2024-05-25,potato,Madurai,5,1.19,30.85
2024-05-25,potato,Nagercoil,5,0.92,22.76
2024-05-25,potato,Tuticorin,5,1.08,25.42
2024-05-25,potato,Tenkasi,5,0.92,22.56
2024-05-25,beans,Tirunelveli,5,1.07,40.31
2024-05-25,beans,Madurai,5,0.8,28.63
2024-05-25,beans,Nagercoil,5,0.96,34.9
2024-05-25,beans,Tuticorin,5,0.85,33.8
2024-05-25,beans,Tenkasi,5,1.06,40.1
2024-05-25,okra,Tirunelveli,5,1.22,31.83
2024-05-25,okra,Madurai,5,1.11,31.96
2024-05-25,okra,Nagercoil,5,1.26,38.56
2024-05-25,okra,Tuticorin,5,1.27,32.48
2024-05-25,okra,Tenkasi,5,1.03,28.97
2024-05-26,tomato,Tirunelveli,5,0.89,24.01
2024-05-26,tomato,Madurai,5,0.85,26.31
2024-05-26,tomato,Nagercoil,5,0.9,25.66
2024-05-26,tomato,Tuticorin,5,1.08,29.03
2024-05-26,tomato,Tenkasi,5,1.14,31.9
2024-05-26,brinjal,Tirunelveli,5,1.02,21.41
2024-05-26,brinjal,Madurai,5,1.13,26.7
2024-05-26,brinjal,Nagercoil,5,0.95,21.44
2024-05-26,brinjal,Tuticorin,5,0.96,22.93
2024-05-26,brinjal,Tenkasi,5,1.23,26.17
2024-05-26,onion,Tirunelveli,5,1.01,33.47
2024-05-26,onion,Madurai,5,0.96,31.45
2024-05-26,onion,Nagercoil,5,1.0,33.7
2024-05-26,onion,Tuticorin,5,0.82,25.84
2024-05-26,onion,Tenkasi,5,0.95,31.78
2024-05-26,carrot,Tirunelveli,5,1.02,33.41
2024-05-26,carrot,Madurai,5,1.07,31.74
2024-05-26,carrot,Nagercoil,5,1.05,29.61
2024-05-26,carrot,Tuticorin,5,1.25,38.55
2024-05-26,carrot,Tenkasi,5,1.12,33.18
2024-05-26,cabbage,Tirunelveli,5,0.81,14.12
2024-05-26,cabbage,Madurai,5,0.99,17.87
2024-05-26,cabbage,Nagercoil,5,0.98,16.71
2024-05-26,cabbage,Tuticorin,5,1.11,19.94
2024-05-26,cabbage,Tenkasi,5,0.88,17.6
2024-05-26,potato,Tirunelveli,5,1.04,27.38
2024-05-26,potato,Madurai,5,1.23,30.47
2024-05-26,potato,Nagercoil,5,1.08,31.27
2024-05-26,potato,Tuticorin,5,1.25,32.37
2024-05-26,potato,Tenkasi,5,1.18,30.93
2024-05-26,beans,Tirunelveli,5,0.84,32.43
2024-05-26,beans,Madurai,5,1.02,37.13
2024-05-26,beans,Nagercoil,5,1.02,39.82
2024-05-26,beans,Tuticorin,5,0.89,31.21
2024-05-26,beans,Tenkasi,5,1.11,40.19
2024-05-26,okra,Tirunelveli,5,1.24,33.71
2024-05-26,okra,Madurai,5,0.83,23.42
2024-05-26,okra,Nagercoil,5,1.04,27.15
2024-05-26,okra,Tuticorin,5,0.82,21.19
2024-05-26,okra,Tenkasi,5,1.04,31.08
2024-05-27,tomato,Tirunelveli,5,0.93,26.99
2024-05-27,tomato,Madurai,5,1.24,31.38
2024-05-27,tomato,Nagercoil,5,0.89,22.76
2024-05-27,tomato,Tuticorin,5,1.28,34.28
2024-05-27,tomato,Tenkasi,5,1.24,34.15
2024-05-27,brinjal,Tirunelveli,5,1.14,26.38
2024-05-27,brinjal,Madurai,5,1.23,28.33
2024-05-27,brinjal,Nagercoil,5,1.19,29.77
2024-05-27,brinjal,Tuticorin,5,0.93,20.94
2024-05-27,brinjal,Tenkasi,5,1.27,29.5
2024-05-27,onion,Tirunelveli,5,0.95,26.87
2024-05-27,onion,Madurai,5,1.28,41.97
2024-05-27,onion,Nagercoil,5,0.97,31.96
2024-05-27,onion,Tuticorin,5,1.02,33.41
2024-05-27,onion,Tenkasi,5,0.99,32.4
2024-05-27,carrot,Tirunelveli,5,1.18,35.74
2024-05-27,carrot,Madurai,5,0.91,27.11
2024-05-27,carrot,Nagercoil,5,1.09,34.08
2024-05-27,carrot,Tuticorin,5,1.22,37.43
2024-05-27,carrot,Tenkasi,5,1.1,32.14
2024-05-27,cabbage,Tirunelveli,5,1.25,23.68
2024-05-27,cabbage,Madurai,5,1.22,21.71
2024-05-27,cabbage,Nagercoil,5,0.81,14.94
2024-05-27,cabbage,Tuticorin,5,1.18,21.1
2024-05-27,cabbage,Tenkasi,5,1.13,23.22
2024-05-27,potato,Tirunelveli,5,1.22,35.25
2024-05-27,potato,Madurai,5,0.92,21.9
2024-05-27,potato,Nagercoil,5,1.1,28.03
2024-05-27,potato,Tuticorin,5,0.93,23.34
2024-05-27,potato,Tenkasi,5,0.81,17.9
2024-05-27,beans,Tirunelveli,5,0.85,30.8
2024-05-27,beans,Madurai,5,1.23,49.06
2024-05-27,beans,Nagercoil,5,1.15,43.36
2024-05-27,beans,Tuticorin,5,1.3,48.48
2024-05-27,beans,Tenkasi,5,1.07,38.45
2024-05-27,okra,Tirunelveli,5,1.02,29.62
2024-05-27,okra,Madurai,5,1.23,33.54
2024-05-27,okra,Nagercoil,5,1.02,27.47
2024-05-27,okra,Tuticorin,5,1.16,33.29
2024-05-27,okra,Tenkasi,5,0.85,23.4
2024-05-28,tomato,Tirunelveli,5,0.99,25.03
2024-05-28,tomato,Madurai,5,1.13,31.43
2024-05-28,tomato,Nagercoil,5,0.88,23.84
2024-05-28,tomato,Tuticorin,5,1.2,33.33
2024-05-28,tomato,Tenkasi,5,0.97,25.76
2024-05-28,brinjal,Tirunelveli,5,1.27,33.99
2024-05-28,brinjal,Madurai,5,1.17,25.34
2024-05-28,brinjal,Nagercoil,5,1.26,33.54
2024-05-28,brinjal,Tuticorin,5,0.93,21.06
2024-05-28,brinjal,Tenkasi,5,0.92,19.44
2024-05-28,onion,Tirunelveli,5,0.86,28.16
2024-05-28,onion,Madurai,5,1.23,41.37
2024-05-28,onion,Nagercoil,5,1.22,39.78
2024-05-28,onion,Tuticorin,5,0.84,24.51
2024-05-28,onion,Tenkasi,5,1.26,38.06
2024-05-28,carrot,Tirunelveli,5,0.95,26.39
2024-05-28,carrot,Madurai,5,1.03,29.98
2024-05-28,carrot,Nagercoil,5,1.2,34.07
2024-05-28,carrot,Tuticorin,5,1.22,36.18
2024-05-28,carrot,Tenkasi,5,1.24,34.38
2024-05-28,cabbage,Tirunelveli,5,0.83,15.63
2024-05-28,cabbage,Madurai,5,1.14,22.54
2024-05-28,cabbage,Nagercoil,5,1.09,22.79
2024-05-28,cabbage,Tuticorin,5,0.85,16.71
2024-05-28,cabbage,Tenkasi,5,0.97,20.87
2024-05-28,potato,Tirunelveli,5,0.91,23.68
2024-05-28,potato,Madurai,5,1.2,29.14
2024-05-28,potato,Nagercoil,5,1.18,29.83
2024-05-28,potato,Tuticorin,5,0.85,20.71
2024-05-28,potato,Tenkasi,5,0.98,25.28
2024-05-28,beans,Tirunelveli,5,1.1,38.23
2024-05-28,beans,Madurai,5,1.01,40.04
2024-05-28,beans,Nagercoil,5,0.91,35.28
2024-05-28,beans,Tuticorin,5,1.23,46.01
2024-05-28,beans,Tenkasi,5,0.87,36.61
2024-05-28,okra,Tirunelveli,5,1.19,35.94
2024-05-28,okra,Madurai,5,0.96,27.52
2024-05-28,okra,Nagercoil,5,1.14,31.72
2024-05-28,okra,Tuticorin,5,0.88,24.05
2024-05-28,okra,Tenkasi,5,1.18,32.51
2024-05-29,tomato,Tirunelveli,5,0.95,24.32
2024-05-29,tomato,Madurai,5,1.01,26.03
2024-05-29,tomato,Nagercoil,5,1.26,33.69
2024-05-29,tomato,Tuticorin,5,1.01,28.57
2024-05-29,tomato,Tenkasi,5,1.08,28.76
2024-05-29,brinjal,Tirunelveli,5,1.05,22.62
2024-05-29,brinjal,Madurai,5,0.81,18.61
2024-05-29,brinjal,Nagercoil,5,1.14,25.47
2024-05-29,brinjal,Tuticorin,5,0.91,23.92
2024-05-29,brinjal,Tenkasi,5,1.24,26.34
2024-05-29,onion,Tirunelveli,5,0.96,31.01
2024-05-29,onion,Madurai,5,1.17,36.17
2024-05-29,onion,Nagercoil,5,0.85,27.11
2024-05-29,onion,Tuticorin,5,0.82,26.27
2024-05-29,onion,Tenkasi,5,1.04,34.81
2024-05-29,carrot,Tirunelveli,5,1.1,32.43
2024-05-29,carrot,Madurai,5,1.03,30.79
2024-05-29,carrot,Nagercoil,5,0.82,20.79
2024-05-29,carrot,Tuticorin,5,1.25,39.4
2024-05-29,carrot,Tenkasi,5,1.22,38.72
2024-05-29,cabbage,Tirunelveli,5,1.18,25.99
2024-05-29,cabbage,Madurai,5,1.14,20.69
2024-05-29,cabbage,Nagercoil,5,1.06,23.71
2024-05-29,cabbage,Tuticorin,5,1.08,20.32
2024-05-29,cabbage,Tenkasi,5,1.12,23.95
2024-05-29,potato,Tirunelveli,5,1.12,30.09
2024-05-29,potato,Madurai,5,1.06,26.55
2024-05-29,potato,Nagercoil,5,0.92,26.61
2024-05-29,potato,Tuticorin,5,0.8,23.75
2024-05-29,potato,Tenkasi,5,1.29,35.22
2024-05-29,beans,Tirunelveli,5,0.98,34.99
2024-05-29,beans,Madurai,5,0.84,30.75
2024-05-29,beans,Nagercoil,5,1.19,45.57
2024-05-29,beans,Tuticorin,5,1.14,40.9
2024-05-29,beans,Tenkasi,5,1.04,38.73
2024-05-29,okra,Tirunelveli,5,0.94,27.89
2024-05-29,okra,Madurai,5,1.25,34.65
2024-05-29,okra,Nagercoil,5,0.81,22.97
2024-05-29,okra,Tuticorin,5,0.84,20.54
2024-05-29,okra,Tenkasi,5,1.24,36.2
2024-05-30,tomato,Tirunelveli,5,1.03,28.17
2024-05-30,tomato,Madurai,5,1.22,32.67
2024-05-30,tomato,Nagercoil,5,1.22,35.05
2024-05-30,tomato,Tuticorin,5,0.89,24.0
2024-05-30,tomato,Tenkasi,5,1.09,29.13
2024-05-30,brinjal,Tirunelveli,5,0.82,21.57
2024-05-30,brinjal,Madurai,5,1.18,28.59
2024-05-30,brinjal,Nagercoil,5,0.84,18.31
2024-05-30,brinjal,Tuticorin,5,1.27,28.66
2024-05-30,brinjal,Tenkasi,5,0.86,19.33
2024-05-30,onion,Tirunelveli,5,1.27,42.55
2024-05-30,onion,Madurai,5,1.05,35.17
2024-05-30,onion,Nagercoil,5,1.04,33.68
2024-05-30,onion,Tuticorin,5,0.92,28.34
2024-05-30,onion,Tenkasi,5,1.29,40.97
2024-05-30,carrot,Tirunelveli,5,0.88,28.35
2024-05-30,carrot,Madurai,5,1.19,35.62
2024-05-30,carrot,Nagercoil,5,0.91,26.92
2024-05-30,carrot,Tuticorin,5,1.08,31.46
2024-05-30,carrot,Tenkasi,5,0.84,26.91
2024-05-30,cabbage,Tirunelveli,5,1.03,18.76
2024-05-30,cabbage,Madurai,5,0.91,18.69
2024-05-30,cabbage,Nagercoil,5,1.27,23.87
2024-05-30,cabbage,Tuticorin,5,0.91,18.3
2024-05-30,cabbage,Tenkasi,5,0.97,19.14
2024-05-30,potato,Tirunelveli,5,1.19,30.67
2024-05-30,potato,Madurai,5,1.16,29.44
2024-05-30,potato,Nagercoil,5,1.24,32.4
2024-05-30,potato,Tuticorin,5,0.94,24.5
2024-05-30,potato,Tenkasi,5,1.13,28.14
2024-05-30,beans,Tirunelveli,5,0.85,33.63
2024-05-30,beans,Madurai,5,0.91,35.46
2024-05-30,beans,Nagercoil,5,0.84,30.17
2024-05-30,beans,Tuticorin,5,0.92,33.26
2024-05-30,beans,Tenkasi,5,0.9,31.0
2024-05-30,okra,Tirunelveli,5,1.21,35.01
2024-05-30,okra,Madurai,5,0.89,24.46
2024-05-30,okra,Nagercoil,5,1.04,29.06
2024-05-30,okra,Tuticorin,5,0.83,21.83
2024-05-30,okra,Tenkasi,5,1.1,30.61
2024-05-31,tomato,Tirunelveli,5,1.18,32.13
2024-05-31,tomato,Madurai,5,1.21,30.46
2024-05-31,tomato,Nagercoil,5,1.18,32.23
2024-05-31,tomato,Tuticorin,5,1.27,34.42
2024-05-31,tomato,Tenkasi,5,1.0,29.04
2024-05-31,brinjal,Tirunelveli,5,1.15,27.66
2024-05-31,brinjal,Madurai,5,1.3,29.23
2024-05-31,brinjal,Nagercoil,5,0.91,20.21
2024-05-31,brinjal,Tuticorin,5,1.15,27.61
2024-05-31,brinjal,Tenkasi,5,1.15,26.6
2024-05-31,onion,Tirunelveli,5,0.93,30.9
2024-05-31,onion,Madurai,5,1.18,36.06
2024-05-31,onion,Nagercoil,5,1.24,41.19
2024-05-31,onion,Tuticorin,5,1.2,39.09
2024-05-31,onion,Tenkasi,5,1.25,42.37
2024-05-31,carrot,Tirunelveli,5,0.86,25.8
2024-05-31,carrot,Madurai,5,1.0,28.64
2024-05-31,carrot,Nagercoil,5,0.86,24.4
2024-05-31,carrot,Tuticorin,5,1.2,36.7
2024-05-31,carrot,Tenkasi,5,0.93,26.09
2024-05-31,cabbage,Tirunelveli,5,0.93,21.24
2024-05-31,cabbage,Madurai,5,0.86,16.41
2024-05-31,cabbage,Nagercoil,5,0.89,19.51
2024-05-31,cabbage,Tuticorin,5,0.92,15.4
2024-05-31,cabbage,Tenkasi,5,1.05,16.66
2024-05-31,potato,Tirunelveli,5,0.87,21.3
2024-05-31,potato,Madurai,5,1.14,30.1
2024-05-31,potato,Nagercoil,5,1.22,31.53
2024-05-31,potato,Tuticorin,5,1.03,25.73
2024-05-31,potato,Tenkasi,5,1.06,27.82
2024-05-31,beans,Tirunelveli,5,0.94,34.96
2024-05-31,beans,Madurai,5,0.87,30.79
2024-05-31,beans,Nagercoil,5,1.15,45.85
2024-05-31,beans,Tuticorin,5,0.87,29.2
2024-05-31,beans,Tenkasi,5,0.87,33.1
2024-05-31,okra,Tirunelveli,5,0.85,23.77
2024-05-31,okra,Madurai,5,0.94,26.46
2024-05-31,okra,Nagercoil,5,1.0,29.66
2024-05-31,okra,Tuticorin,5,0.95,25.11
2024-05-31,okra,Tenkasi,5,1.24,33.08
2024-06-01,tomato,Tirunelveli,6,1.16,30.65
2024-06-01,tomato,Madurai,6,0.93,24.12
2024-06-01,tomato,Nagercoil,6,1.11,29.95
2024-06-01,tomato,Tuticorin,6,0.95,23.55
2024-06-01,tomato,Tenkasi,6,1.12,27.68
2024-06-01,brinjal,Tirunelveli,6,0.83,19.75
2024-06-01,brinjal,Madurai,6,1.06,25.24
2024-06-01,brinjal,Nagercoil,6,1.28,26.3
2024-06-01,brinjal,Tuticorin,6,1.04,26.09
2024-06-01,brinjal,Tenkasi,6,0.85,18.05
2024-06-01,onion,Tirunelveli,6,0.93,28.16
2024-06-01,onion,Madurai,6,0.81,25.08
2024-06-01,onion,Nagercoil,6,0.9,28.71
2024-06-01,onion,Tuticorin,6,1.22,37.73
2024-06-01,onion,Tenkasi,6,0.95,28.52
2024-06-01,carrot,Tirunelveli,6,1.15,33.27
2024-06-01,carrot,Madurai,6,1.1,30.22
2024-06-01,carrot,Nagercoil,6,1.21,32.97
2024-06-01,carrot,Tuticorin,6,1.11,31.15
2024-06-01,carrot,Tenkasi,6,0.99,29.55
2024-06-01,cabbage,Tirunelveli,6,1.26,23.54
2024-06-01,cabbage,Madurai,6,0.87,15.0
2024-06-01,cabbage,Nagercoil,6,1.09,19.52
2024-06-01,cabbage,Tuticorin,6,1.17,22.62
2024-06-01,cabbage,Tenkasi,6,1.2,22.07
2024-06-01,potato,Tirunelveli,6,1.02,24.8
2024-06-01,potato,Madurai,6,0.89,21.55
2024-06-01,potato,Nagercoil,6,0.89,19.73
2024-06-01,potato,Tuticorin,6,0.82,17.04
2024-06-01,potato,Tenkasi,6,1.25,31.62
2024-06-01,beans,Tirunelveli,6,0.84,29.3
2024-06-01,beans,Madurai,6,0.89,31.53
2024-06-01,beans,Nagercoil,6,1.14,39.28
2024-06-01,beans,Tuticorin,6,1.23,45.33
2024-06-01,beans,Tenkasi,6,0.88,29.9
2024-06-01,okra,Tirunelveli,6,0.91,23.14
2024-06-01,okra,Madurai,6,0.92,25.56
2024-06-01,okra,Nagercoil,6,1.25,28.77
2024-06-01,okra,Tuticorin,6,1.3,33.08
2024-06-01,okra,Tenkasi,6,1.0,26.36
2024-06-02,tomato,Tirunelveli,6,1.12,26.12
2024-06-02,tomato,Madurai,6,1.09,25.93
2024-06-02,tomato,Nagercoil,6,1.27,29.5
2024-06-02,tomato,Tuticorin,6,1.07,26.96
2024-06-02,tomato,Tenkasi,6,1.18,29.81
2024-06-02,brinjal,Tirunelveli,6,0.9,20.09
2024-06-02,brinjal,Madurai,6,1.1,23.85
2024-06-02,brinjal,Nagercoil,6,1.22,26.6
2024-06-02,brinjal,Tuticorin,6,0.93,19.49
2024-06-02,brinjal,Tenkasi,6,0.85,18.19
2024-06-02,onion,Tirunelveli,6,0.84,23.27
2024-06-02,onion,Madurai,6,0.98,29.99
2024-06-02,onion,Nagercoil,6,1.23,38.14
2024-06-02,onion,Tuticorin,6,1.05,31.25
2024-06-02,onion,Tenkasi,6,1.0,29.72
2024-06-02,carrot,Tirunelveli,6,0.84,23.81
2024-06-02,carrot,Madurai,6,1.13,33.73
2024-06-02,carrot,Nagercoil,6,1.26,35.13
2024-06-02,carrot,Tuticorin,6,0.99,27.86
2024-06-02,carrot,Tenkasi,6,1.29,39.99
2024-06-02,cabbage,Tirunelveli,6,1.22,21.56
2024-06-02,cabbage,Madurai,6,1.19,21.88
2024-06-02,cabbage,Nagercoil,6,0.93,17.25
2024-06-02,cabbage,Tuticorin,6,0.94,16.37
2024-06-02,cabbage,Tenkasi,6,0.98,18.18
2024-06-02,potato,Tirunelveli,6,0.97,21.3
2024-06-02,potato,Madurai,6,1.13,26.82
2024-06-02,potato,Nagercoil,6,1.21,27.66
2024-06-02,potato,Tuticorin,6,1.24,30.53
2024-06-02,potato,Tenkasi,6,1.18,26.13
2024-06-02,beans,Tirunelveli,6,0.94,34.04
2024-06-02,beans,Madurai,6,0.87,26.61
2024-06-02,beans,Nagercoil,6,0.81,29.02
2024-06-02,beans,Tuticorin,6,0.84,27.74
2024-06-02,beans,Tenkasi,6,0.89,30.43
2024-06-02,okra,Tirunelveli,6,0.9,22.95
2024-06-02,okra,Madurai,6,1.26,34.98
2024-06-02,okra,Nagercoil,6,1.09,26.89
2024-06-02,okra,Tuticorin,6,0.91,23.66
2024-06-02,okra,Tenkasi,6,1.21,33.3
2024-06-03,tomato,Tirunelveli,6,1.0,25.1
2024-06-03,tomato,Madurai,6,1.04,26.71
2024-06-03,tomato,Nagercoil,6,1.18,31.01
2024-06-03,tomato,Tuticorin,6,0.91,21.71
2024-06-03,tomato,Tenkasi,6,1.07,26.06
2024-06-03,brinjal,Tirunelveli,6,1.27,26.26
2024-06-03,brinjal,Madurai,6,0.87,21.04
2024-06-03,brinjal,Nagercoil,6,0.86,21.54
2024-06-03,brinjal,Tuticorin,6,0.96,19.21
2024-06-03,brinjal,Tenkasi,6,1.2,26.8
2024-06-03,onion,Tirunelveli,6,1.29,37.68
2024-06-03,onion,Madurai,6,1.03,30.0
2024-06-03,onion,Nagercoil,6,1.17,36.1
2024-06-03,onion,Tuticorin,6,1.0,29.95
2024-06-03,onion,Tenkasi,6,1.01,31.03
2024-06-03,carrot,Tirunelveli,6,1.29,38.6
2024-06-03,carrot,Madurai,6,1.14,32.52
2024-06-03,carrot,Nagercoil,6,1.17,33.63
2024-06-03,carrot,Tuticorin,6,0.95,27.97
2024-06-03,carrot,Tenkasi,6,0.95,25.51
2024-06-03,cabbage,Tirunelveli,6,1.08,20.55
2024-06-03,cabbage,Madurai,6,0.86,14.54
2024-06-03,cabbage,Nagercoil,6,1.21,20.02
2024-06-03,cabbage,Tuticorin,6,1.07,19.88
2024-06-03,cabbage,Tenkasi,6,0.94,15.24
2024-06-03,potato,Tirunelveli,6,0.83,17.94
2024-06-03,potato,Madurai,6,1.29,31.12
2024-06-03,potato,Nagercoil,6,0.99,23.4
2024-06-03,potato,Tuticorin,6,1.12,29.01
2024-06-03,potato,Tenkasi,6,1.16,26.24
2024-06-03,beans,Tirunelveli,6,1.15,40.57
2024-06-03,beans,Madurai,6,0.94,31.71
2024-06-03,beans,Nagercoil,6,0.81,26.22
2024-06-03,beans,Tuticorin,6,1.03,33.25
2024-06-03,beans,Tenkasi,6,1.15,38.68
2024-06-03,okra,Tirunelveli,6,0.83,19.87
2024-06-03,okra,Madurai,6,1.14,26.85
2024-06-03,okra,Nagercoil,6,1.15,31.26
2024-06-03,okra,Tuticorin,6,1.07,29.5
2024-06-03,okra,Tenkasi,6,1.12,24.43
2024-06-04,tomato,Tirunelveli,6,1.13,27.15
2024-06-04,tomato,Madurai,6,0.88,21.31
2024-06-04,tomato,Nagercoil,6,1.12,27.63
2024-06-04,tomato,Tuticorin,6,0.88,23.62
2024-06-04,tomato,Tenkasi,6,1.18,30.99
2024-06-04,brinjal,Tirunelveli,6,0.81,18.22
2024-06-04,brinjal,Madurai,6,0.85,19.18
2024-06-04,brinjal,Nagercoil,6,0.83,17.59
2024-06-04,brinjal,Tuticorin,6,1.05,20.15
2024-06-04,brinjal,Tenkasi,6,1.24,26.75
2024-06-04,onion,Tirunelveli,6,0.89,28.37
2024-06-04,onion,Madurai,6,0.82,23.48
2024-06-04,onion,Nagercoil,6,1.14,33.54
2024-06-04,onion,Tuticorin,6,1.09,33.94
2024-06-04,onion,Tenkasi,6,0.84,24.55
2024-06-04,carrot,Tirunelveli,6,0.96,26.45
2024-06-04,carrot,Madurai,6,1.24,35.84
2024-06-04,carrot,Nagercoil,6,1.02,25.54
2024-06-04,carrot,Tuticorin,6,1.03,27.08
2024-06-04,carrot,Tenkasi,6,0.83,26.04
2024-06-04,cabbage,Tirunelveli,6,1.04,19.98
2024-06-04,cabbage,Madurai,6,1.08,20.87
2024-06-04,cabbage,Nagercoil,6,1.03,19.03
2024-06-04,cabbage,Tuticorin,6,1.21,22.31
2024-06-04,cabbage,Tenkasi,6,1.21,20.79
2024-06-04,potato,Tirunelveli,6,1.23,32.74
2024-06-04,potato,Madurai,6,1.26,29.88
2024-06-04,potato,Nagercoil,6,0.86,22.07
2024-06-04,potato,Tuticorin,6,0.84,19.45
2024-06-04,potato,Tenkasi,6,1.04,24.08
2024-06-04,beans,Tirunelveli,6,1.15,40.23
2024-06-04,beans,Madurai,6,1.06,37.49
2024-06-04,beans,Nagercoil,6,1.06,39.06
2024-06-04,beans,Tuticorin,6,0.8,32.43
2024-06-04,beans,Tenkasi,6,0.8,26.61
2024-06-04,okra,Tirunelveli,6,1.25,33.42
2024-06-04,okra,Madurai,6,1.26,32.99
2024-06-04,okra,Nagercoil,6,0.89,20.43
2024-06-04,okra,Tuticorin,6,1.2,33.58
2024-06-04,okra,Tenkasi,6,0.85,21.48
2024-06-05,tomato,Tirunelveli,6,0.82,19.83
2024-06-05,tomato,Madurai,6,1.3,34.74
2024-06-05,tomato,Nagercoil,6,0.85,21.12
2024-06-05,tomato,Tuticorin,6,1.21,32.08
2024-06-05,tomato,Tenkasi,6,1.21,29.85
2024-06-05,brinjal,Tirunelveli,6,1.27,28.8
2024-06-05,brinjal,Madurai,6,0.88,19.07
2024-06-05,brinjal,Nagercoil,6,1.21,25.51
2024-06-05,brinjal,Tuticorin,6,1.04,23.61
2024-06-05,brinjal,Tenkasi,6,0.9,21.06
2024-06-05,onion,Tirunelveli,6,1.27,38.24
2024-06-05,onion,Madurai,6,1.01,27.43
2024-06-05,onion,Nagercoil,6,0.89,24.87
2024-06-05,onion,Tuticorin,6,0.9,26.27
2024-06-05,onion,Tenkasi,6,0.89,28.96
2024-06-05,carrot,Tirunelveli,6,1.08,30.29
2024-06-05,carrot,Madurai,6,1.25,37.03
2024-06-05,carrot,Nagercoil,6,1.13,33.28
2024-06-05,carrot,Tuticorin,6,1.02,28.01
2024-06-05,carrot,Tenkasi,6,1.23,34.74
2024-06-05,cabbage,Tirunelveli,6,1.19,22.59
2024-06-05,cabbage,Madurai,6,0.81,13.38
2024-06-05,cabbage,Nagercoil,6,0.91,17.42
2024-06-05,cabbage,Tuticorin,6,0.8,15.31
2024-06-05,cabbage,Tenkasi,6,1.05,17.7
2024-06-05,potato,Tirunelveli,6,1.12,27.72
2024-06-05,potato,Madurai,6,0.84,20.06
2024-06-05,potato,Nagercoil,6,1.13,25.04
2024-06-05,potato,Tuticorin,6,0.87,20.16
2024-06-05,potato,Tenkasi,6,0.92,21.23
2024-06-05,beans,Tirunelveli,6,0.91,34.43
2024-06-05,beans,Madurai,6,1.02,33.99
2024-06-05,beans,Nagercoil,6,1.19,40.6
2024-06-05,beans,Tuticorin,6,0.82,29.43
2024-06-05,beans,Tenkasi,6,1.24,43.44
2024-06-05,okra,Tirunelveli,6,1.09,28.07
2024-06-05,okra,Madurai,6,1.29,33.31
2024-06-05,okra,Nagercoil,6,0.99,27.03
2024-06-05,okra,Tuticorin,6,0.95,23.48
2024-06-05,okra,Tenkasi,6,1.28,31.71
2024-06-06,tomato,Tirunelveli,6,1.09,24.29
2024-06-06,tomato,Madurai,6,0.89,21.58
2024-06-06,tomato,Nagercoil,6,0.87,19.86
2024-06-06,tomato,Tuticorin,6,0.98,24.08
2024-06-06,tomato,Tenkasi,6,0.86,19.03
2024-06-06,brinjal,Tirunelveli,6,0.98,20.98
2024-06-06,brinjal,Madurai,6,0.85,19.09
2024-06-06,brinjal,Nagercoil,6,0.96,21.15
2024-06-06,brinjal,Tuticorin,6,1.24,28.17
2024-06-06,brinjal,Tenkasi,6,1.23,28.71
2024-06-06,onion,Tirunelveli,6,0.84,25.55
2024-06-06,onion,Madurai,6,1.18,35.51
2024-06-06,onion,Nagercoil,6,1.28,39.05
2024-06-06,onion,Tuticorin,6,1.15,35.06
2024-06-06,onion,Tenkasi,6,1.18,36.62
2024-06-06,carrot,Tirunelveli,6,1.21,34.02
2024-06-06,carrot,Madurai,6,1.22,32.4
2024-06-06,carrot,Nagercoil,6,0.82,24.5
2024-06-06,carrot,Tuticorin,6,1.27,33.0
2024-06-06,carrot,Tenkasi,6,0.87,25.56
2024-06-06,cabbage,Tirunelveli,6,1.21,22.45
2024-06-06,cabbage,Madurai,6,1.12,20.83
2024-06-06,cabbage,Nagercoil,6,0.98,17.8
2024-06-06,cabbage,Tuticorin,6,1.06,22.61
2024-06-06,cabbage,Tenkasi,6,1.26,21.71
2024-06-06,potato,Tirunelveli,6,1.19,28.5
2024-06-06,potato,Madurai,6,1.06,27.39
2024-06-06,potato,Nagercoil,6,1.02,25.13
2024-06-06,potato,Tuticorin,6,1.08,26.55
2024-06-06,potato,Tenkasi,6,0.91,23.78
2024-06-06,beans,Tirunelveli,6,1.11,40.81
2024-06-06,beans,Madurai,6,1.11,40.01
2024-06-06,beans,Nagercoil,6,1.28,47.95
2024-06-06,beans,Tuticorin,6,0.85,30.41
2024-06-06,beans,Tenkasi,6,0.99,35.8
2024-06-06,okra,Tirunelveli,6,0.82,22.8
2024-06-06,okra,Madurai,6,1.07,29.9
2024-06-06,okra,Nagercoil,6,1.02,25.22
2024-06-06,okra,Tuticorin,6,1.13,27.4
2024-06-06,okra,Tenkasi,6,1.01,24.59
2024-06-07,tomato,Tirunelveli,6,0.87,21.12
2024-06-07,tomato,Madurai,6,1.0,26.54
2024-06-07,tomato,Nagercoil,6,1.25,35.83
2024-06-07,tomato,Tuticorin,6,1.28,31.6
2024-06-07,tomato,Tenkasi,6,1.24,30.93
2024-06-07,brinjal,Tirunelveli,6,1.29,26.37
2024-06-07,brinjal,Madurai,6,0.99,19.92
2024-06-07,brinjal,Nagercoil,6,0.86,18.11
2024-06-07,brinjal,Tuticorin,6,1.17,24.64
2024-06-07,brinjal,Tenkasi,6,0.82,19.21
2024-06-07,onion,Tirunelveli,6,1.29,36.86
2024-06-07,onion,Madurai,6,1.25,35.96
2024-06-07,onion,Nagercoil,6,1.09,33.23
2024-06-07,onion,Tuticorin,6,1.3,38.56
2024-06-07,onion,Tenkasi,6,0.84,24.84
2024-06-07,carrot,Tirunelveli,6,1.06,31.25
2024-06-07,carrot,Madurai,6,1.26,34.79
2024-06-07,carrot,Nagercoil,6,1.01,28.22
2024-06-07,carrot,Tuticorin,6,0.84,22.69
2024-06-07,carrot,Tenkasi,6,1.22,33.94
2024-06-07,cabbage,Tirunelveli,6,0.9,17.52
2024-06-07,cabbage,Madurai,6,1.17,20.55
2024-06-07,cabbage,Nagercoil,6,0.91,16.65
2024-06-07,cabbage,Tuticorin,6,1.0,17.37
2024-06-07,cabbage,Tenkasi,6,1.18,18.31
2024-06-07,potato,Tirunelveli,6,1.03,23.55
2024-06-07,potato,Madurai,6,1.17,27.41
2024-06-07,potato,Nagercoil,6,1.03,24.86
2024-06-07,potato,Tuticorin,6,1.24,30.71
2024-06-07,potato,Tenkasi,6,1.12,26.48
2024-06-07,beans,Tirunelveli,6,1.27,43.75
2024-06-07,beans,Madurai,6,0.92,32.43
2024-06-07,beans,Nagercoil,6,1.0,34.87
2024-06-07,beans,Tuticorin,6,1.04,34.31
2024-06-07,beans,Tenkasi,6,1.28,46.87
2024-06-07,okra,Tirunelveli,6,1.27,32.55
2024-06-07,okra,Madurai,6,1.24,32.17
2024-06-07,okra,Nagercoil,6,0.97,23.12
2024-06-07,okra,Tuticorin,6,1.0,27.61
2024-06-07,okra,Tenkasi,6,1.03,25.99
2024-06-08,tomato,Tirunelveli,6,1.06,28.87
2024-06-08,tomato,Madurai,6,0.88,21.79
2024-06-08,tomato,Nagercoil,6,1.11,28.44
2024-06-08,tomato,Tuticorin,6,0.96,23.53
2024-06-08,tomato,Tenkasi,6,0.96,22.28
2024-06-08,brinjal,Tirunelveli,6,0.94,21.3
2024-06-08,brinjal,Madurai,6,1.01,22.74
2024-06-08,brinjal,Nagercoil,6,1.1,20.94
2024-06-08,brinjal,Tuticorin,6,1.08,21.86
2024-06-08,brinjal,Tenkasi,6,0.86,20.57
2024-06-08,onion,Tirunelveli,6,1.18,34.73
2024-06-08,onion,Madurai,6,1.0,31.09
2024-06-08,onion,Nagercoil,6,1.05,34.59
2024-06-08,onion,Tuticorin,6,0.82,25.27
2024-06-08,onion,Tenkasi,6,1.16,34.74
2024-06-08,carrot,Tirunelveli,6,1.21,32.91
2024-06-08,carrot,Madurai,6,1.03,29.11
2024-06-08,carrot,Nagercoil,6,1.01,28.72
2024-06-08,carrot,Tuticorin,6,0.89,25.05
2024-06-08,carrot,Tenkasi,6,1.23,35.38
2024-06-08,cabbage,Tirunelveli,6,0.97,15.76
2024-06-08,cabbage,Madurai,6,0.91,16.48
2024-06-08,cabbage,Nagercoil,6,1.04,18.67
2024-06-08,cabbage,Tuticorin,6,1.01,17.3
2024-06-08,cabbage,Tenkasi,6,1.19,21.94
2024-06-08,potato,Tirunelveli,6,0.84,18.43
2024-06-08,potato,Madurai,6,1.17,26.84
2024-06-08,potato,Nagercoil,6,1.22,33.47
2024-06-08,potato,Tuticorin,6,1.27,29.9
2024-06-08,potato,Tenkasi,6,0.94,22.14
2024-06-08,beans,Tirunelveli,6,1.18,42.04
2024-06-08,beans,Madurai,6,1.12,39.81
2024-06-08,beans,Nagercoil,6,1.06,35.79
2024-06-08,beans,Tuticorin,6,1.22,45.03
2024-06-08,beans,Tenkasi,6,1.14,40.36
2024-06-08,okra,Tirunelveli,6,1.24,35.13
2024-06-08,okra,Madurai,6,0.93,26.03
2024-06-08,okra,Nagercoil,6,1.05,26.37
2024-06-08,okra,Tuticorin,6,1.24,30.51
2024-06-08,okra,Tenkasi,6,1.24,30.18
2024-06-09,tomato,Tirunelveli,6,1.03,22.69
2024-06-09,tomato,Madurai,6,0.94,23.76
2024-06-09,tomato,Nagercoil,6,1.13,27.25
2024-06-09,tomato,Tuticorin,6,1.15,29.53
2024-06-09,tomato,Tenkasi,6,1.1,26.65
2024-06-09,brinjal,Tirunelveli,6,1.0,20.88
2024-06-09,brinjal,Madurai,6,1.15,26.05
2024-06-09,brinjal,Nagercoil,6,1.18,29.33
2024-06-09,brinjal,Tuticorin,6,1.18,27.85
2024-06-09,brinjal,Tenkasi,6,0.97,22.06
2024-06-09,onion,Tirunelveli,6,1.24,38.96
2024-06-09,onion,Madurai,6,1.07,32.81
2024-06-09,onion,Nagercoil,6,0.91,24.02
2024-06-09,onion,Tuticorin,6,1.15,35.53
2024-06-09,onion,Tenkasi,6,1.04,31.87
2024-06-09,carrot,Tirunelveli,6,1.14,33.37
2024-06-09,carrot,Madurai,6,0.91,24.48
2024-06-09,carrot,Nagercoil,6,1.07,31.53
2024-06-09,carrot,Tuticorin,6,0.87,22.58
2024-06-09,carrot,Tenkasi,6,1.08,30.33
2024-06-09,cabbage,Tirunelveli,6,1.12,20.19
2024-06-09,cabbage,Madurai,6,1.24,18.59
2024-06-09,cabbage,Nagercoil,6,0.85,14.57
2024-06-09,cabbage,Tuticorin,6,0.82,15.44
2024-06-09,cabbage,Tenkasi,6,0.89,15.3
2024-06-09,potato,Tirunelveli,6,1.24,31.81
2024-06-09,potato,Madurai,6,1.06,25.8
2024-06-09,potato,Nagercoil,6,0.88,20.8
2024-06-09,potato,Tuticorin,6,0.97,24.99
2024-06-09,potato,Tenkasi,6,0.9,20.85
2024-06-09,beans,Tirunelveli,6,1.2,40.5
2024-06-09,beans,Madurai,6,0.95,34.13
2024-06-09,beans,Nagercoil,6,0.87,28.43
2024-06-09,beans,Tuticorin,6,1.12,38.53
2024-06-09,beans,Tenkasi,6,1.3,45.44
2024-06-09,okra,Tirunelveli,6,1.09,27.83
2024-06-09,okra,Madurai,6,1.26,37.32
2024-06-09,okra,Nagercoil,6,1.04,27.57
2024-06-09,okra,Tuticorin,6,0.93,24.11
2024-06-09,okra,Tenkasi,6,0.83,20.56
2024-06-10,tomato,Tirunelveli,6,1.08,27.38
2024-06-10,tomato,Madurai,6,0.87,18.82
2024-06-10,tomato,Nagercoil,6,1.27,33.37
2024-06-10,tomato,Tuticorin,6,0.85,18.83
2024-06-10,tomato,Tenkasi,6,0.98,24.89
2024-06-10,brinjal,Tirunelveli,6,1.23,26.7
2024-06-10,brinjal,Madurai,6,1.09,25.13
2024-06-10,brinjal,Nagercoil,6,1.27,27.91
2024-06-10,brinjal,Tuticorin,6,1.28,28.95
2024-06-10,brinjal,Tenkasi,6,0.81,20.74
2024-06-10,onion,Tirunelveli,6,0.83,26.14
2024-06-10,onion,Madurai,6,1.1,32.46
2024-06-10,onion,Nagercoil,6,1.2,34.64
2024-06-10,onion,Tuticorin,6,1.02,30.23
2024-06-10,onion,Tenkasi,6,1.03,29.44
2024-06-10,carrot,Tirunelveli,6,1.3,36.46
2024-06-10,carrot,Madurai,6,0.92,26.01
2024-06-10,carrot,Nagercoil,6,1.07,27.8
2024-06-10,carrot,Tuticorin,6,1.02,28.7
2024-06-10,carrot,Tenkasi,6,1.1,33.27
2024-06-10,cabbage,Tirunelveli,6,1.16,21.0
2024-06-10,cabbage,Madurai,6,1.24,21.76
2024-06-10,cabbage,Nagercoil,6,0.81,15.63
2024-06-10,cabbage,Tuticorin,6,0.98,17.34
2024-06-10,cabbage,Tenkasi,6,1.03,18.4
2024-06-10,potato,Tirunelveli,6,1.06,27.02
2024-06-10,potato,Madurai,6,1.22,27.9
2024-06-10,potato,Nagercoil,6,0.81,20.76
2024-06-10,potato,Tuticorin,6,1.04,22.77
2024-06-10,potato,Tenkasi,6,1.19,31.65
2024-06-10,beans,Tirunelveli,6,1.17,39.65
2024-06-10,beans,Madurai,6,1.26,44.33
2024-06-10,beans,Nagercoil,6,1.03,38.01
2024-06-10,beans,Tuticorin,6,1.14,37.64
2024-06-10,beans,Tenkasi,6,0.91,30.92
2024-06-10,okra,Tirunelveli,6,0.89,24.45
2024-06-10,okra,Madurai,6,1.0,23.44
2024-06-10,okra,Nagercoil,6,1.21,32.29
2024-06-10,okra,Tuticorin,6,1.14,30.03
2024-06-10,okra,Tenkasi,6,0.92,18.27
2024-06-11,tomato,Tirunelveli,6,1.1,24.57
2024-06-11,tomato,Madurai,6,0.98,21.55
2024-06-11,tomato,Nagercoil,6,0.81,17.09
2024-06-11,tomato,Tuticorin,6,0.8,20.43
2024-06-11,tomato,Tenkasi,6,0.95,22.75
2024-06-11,brinjal,Tirunelveli,6,0.87,16.77
2024-06-11,brinjal,Madurai,6,1.05,24.66
2024-06-11,brinjal,Nagercoil,6,1.2,28.62
2024-06-11,brinjal,Tuticorin,6,1.03,24.64
2024-06-11,brinjal,Tenkasi,6,1.01,22.43
2024-06-11,onion,Tirunelveli,6,1.15,31.59
2024-06-11,onion,Madurai,6,1.18,33.07
2024-06-11,onion,Nagercoil,6,0.89,24.89
2024-06-11,onion,Tuticorin,6,0.98,28.37
2024-06-11,onion,Tenkasi,6,0.92,29.47
2024-06-11,carrot,Tirunelveli,6,1.19,33.95
2024-06-11,carrot,Madurai,6,0.98,27.54
2024-06-11,carrot,Nagercoil,6,1.0,28.19
2024-06-11,carrot,Tuticorin,6,1.22,35.47
2024-06-11,carrot,Tenkasi,6,0.9,26.41
2024-06-11,cabbage,Tirunelveli,6,1.03,18.63
2024-06-11,cabbage,Madurai,6,1.14,22.26
2024-06-11,cabbage,Nagercoil,6,1.09,18.96
2024-06-11,cabbage,Tuticorin,6,1.09,20.75
2024-06-11,cabbage,Tenkasi,6,0.86,17.17
2024-06-11,potato,Tirunelveli,6,0.82,21.07
2024-06-11,potato,Madurai,6,1.14,25.82
2024-06-11,potato,Nagercoil,6,1.01,23.9
2024-06-11,potato,Tuticorin,6,0.9,18.82
2024-06-11,potato,Tenkasi,6,1.17,26.08
2024-06-11,beans,Tirunelveli,6,1.19,41.12
2024-06-11,beans,Madurai,6,1.27,44.39
2024-06-11,beans,Nagercoil,6,1.14,40.54
2024-06-11,beans,Tuticorin,6,1.03,34.16
2024-06-11,beans,Tenkasi,6,1.01,35.12
2024-06-11,okra,Tirunelveli,6,0.84,23.22
2024-06-11,okra,Madurai,6,1.27,33.46
2024-06-11,okra,Nagercoil,6,1.03,27.68
2024-06-11,okra,Tuticorin,6,0.85,22.11
2024-06-11,okra,Tenkasi,6,0.88,21.75
2024-06-12,tomato,Tirunelveli,6,0.8,18.49
2024-06-12,tomato,Madurai,6,0.88,21.67
2024-06-12,tomato,Nagercoil,6,0.84,21.95
2024-06-12,tomato,Tuticorin,6,1.2,28.75
2024-06-12,tomato,Tenkasi,6,1.03,24.88
2024-06-12,brinjal,Tirunelveli,6,0.83,18.37
2024-06-12,brinjal,Madurai,6,0.93,22.94
2024-06-12,brinjal,Nagercoil,6,1.1,24.71
2024-06-12,brinjal,Tuticorin,6,1.0,22.33
2024-06-12,brinjal,Tenkasi,6,0.98,21.04
2024-06-12,onion,Tirunelveli,6,1.17,37.61
2024-06-12,onion,Madurai,6,1.25,37.75
2024-06-12,onion,Nagercoil,6,1.26,39.32
2024-06-12,onion,Tuticorin,6,0.93,32.59
2024-06-12,onion,Tenkasi,6,1.27,36.44
2024-06-12,carrot,Tirunelveli,6,1.02,28.28
2024-06-12,carrot,Madurai,6,0.86,28.52
2024-06-12,carrot,Nagercoil,6,0.97,27.31
2024-06-12,carrot,Tuticorin,6,0.84,22.79
2024-06-12,carrot,Tenkasi,6,1.18,34.62
2024-06-12,cabbage,Tirunelveli,6,1.04,18.29
2024-06-12,cabbage,Madurai,6,0.97,17.13
2024-06-12,cabbage,Nagercoil,6,0.87,13.04
2024-06-12,cabbage,Tuticorin,6,0.95,13.91
2024-06-12,cabbage,Tenkasi,6,1.09,20.15
2024-06-12,potato,Tirunelveli,6,0.97,22.44
2024-06-12,potato,Madurai,6,1.1,27.19
2024-06-12,potato,Nagercoil,6,1.22,29.73
2024-06-12,potato,Tuticorin,6,1.1,26.61
2024-06-12,potato,Tenkasi,6,1.18,24.75
2024-06-12,beans,Tirunelveli,6,1.24,42.99
2024-06-12,beans,Madurai,6,1.19,40.32
2024-06-12,beans,Nagercoil,6,1.02,34.17
2024-06-12,beans,Tuticorin,6,1.1,35.94
2024-06-12,beans,Tenkasi,6,1.3,43.29
2024-06-12,okra,Tirunelveli,6,0.88,22.86
2024-06-12,okra,Madurai,6,0.82,23.86
2024-06-12,okra,Nagercoil,6,0.9,26.78
2024-06-12,okra,Tuticorin,6,1.15,28.53
2024-06-12,okra,Tenkasi,6,0.97,26.59
2024-06-13,tomato,Tirunelveli,6,1.3,34.38
2024-06-13,tomato,Madurai,6,1.03,24.7
2024-06-13,tomato,Nagercoil,6,1.2,30.99
2024-06-13,tomato,Tuticorin,6,1.23,32.4
2024-06-13,tomato,Tenkasi,6,1.27,29.52
2024-06-13,brinjal,Tirunelveli,6,1.0,22.66
2024-06-13,brinjal,Madurai,6,1.18,24.36
2024-06-13,brinjal,Nagercoil,6,0.83,18.91
2024-06-13,brinjal,Tuticorin,6,1.14,25.11
2024-06-13,brinjal,Tenkasi,6,1.17,23.31
2024-06-13,onion,Tirunelveli,6,1.08,31.37
2024-06-13,onion,Madurai,6,1.08,31.24
2024-06-13,onion,Nagercoil,6,1.05,33.21
2024-06-13,onion,Tuticorin,6,1.22,36.59
2024-06-13,onion,Tenkasi,6,1.06,30.31
2024-06-13,carrot,Tirunelveli,6,1.14,32.96
2024-06-13,carrot,Madurai,6,0.94,25.77
2024-06-13,carrot,Nagercoil,6,1.24,35.04
2024-06-13,carrot,Tuticorin,6,0.95,26.4
2024-06-13,carrot,Tenkasi,6,0.98,30.77
2024-06-13,cabbage,Tirunelveli,6,1.12,20.5
2024-06-13,cabbage,Madurai,6,1.2,22.77
2024-06-13,cabbage,Nagercoil,6,0.99,19.5
2024-06-13,cabbage,Tuticorin,6,1.01,18.01
2024-06-13,cabbage,Tenkasi,6,1.07,21.25
2024-06-13,potato,Tirunelveli,6,1.09,27.52
2024-06-13,potato,Madurai,6,0.87,17.88
2024-06-13,potato,Nagercoil,6,1.05,24.0
2024-06-13,potato,Tuticorin,6,1.24,29.54
2024-06-13,potato,Tenkasi,6,1.25,29.95
2024-06-13,beans,Tirunelveli,6,1.04,35.33
2024-06-13,beans,Madurai,6,1.14,40.37
2024-06-13,beans,Nagercoil,6,0.92,31.65
2024-06-13,beans,Tuticorin,6,0.88,30.59
2024-06-13,beans,Tenkasi,6,0.85,29.07
2024-06-13,okra,Tirunelveli,6,1.15,29.44
2024-06-13,okra,Madurai,6,0.81,19.67
2024-06-13,okra,Nagercoil,6,1.27,33.58
2024-06-13,okra,Tuticorin,6,1.27,33.76
2024-06-13,okra,Tenkasi,6,0.81,19.17
2024-06-14,tomato,Tirunelveli,6,1.27,30.75
2024-06-14,tomato,Madurai,6,0.97,24.33
2024-06-14,tomato,Nagercoil,6,0.84,23.38
2024-06-14,tomato,Tuticorin,6,1.03,24.35
2024-06-14,tomato,Tenkasi,6,0.99,24.3
2024-06-14,brinjal,Tirunelveli,6,0.85,17.97
2024-06-14,brinjal,Madurai,6,1.2,26.89
2024-06-14,brinjal,Nagercoil,6,0.97,19.83
2024-06-14,brinjal,Tuticorin,6,0.91,19.1
2024-06-14,brinjal,Tenkasi,6,1.0,25.18
2024-06-14,onion,Tirunelveli,6,1.1,30.0
2024-06-14,onion,Madurai,6,1.08,32.26
2024-06-14,onion,Nagercoil,6,1.13,33.99
2024-06-14,onion,Tuticorin,6,0.83,24.18
2024-06-14,onion,Tenkasi,6,0.89,28.41
2024-06-14,carrot,Tirunelveli,6,1.24,35.03
2024-06-14,carrot,Madurai,6,0.83,25.98
2024-06-14,carrot,Nagercoil,6,0.87,21.93
2024-06-14,carrot,Tuticorin,6,1.18,33.74
2024-06-14,carrot,Tenkasi,6,0.8,22.9
2024-06-14,cabbage,Tirunelveli,6,0.91,17.11
2024-06-14,cabbage,Madurai,6,1.25,23.92
2024-06-14,cabbage,Nagercoil,6,0.83,17.0
2024-06-14,cabbage,Tuticorin,6,0.82,17.65
2024-06-14,cabbage,Tenkasi,6,1.06,17.18
2024-06-14,potato,Tirunelveli,6,0.94,23.13
2024-06-14,potato,Madurai,6,1.12,28.6
2024-06-14,potato,Nagercoil,6,0.97,23.16
2024-06-14,potato,Tuticorin,6,0.93,20.99
2024-06-14,potato,Tenkasi,6,1.21,27.64
2024-06-14,beans,Tirunelveli,6,1.16,42.99
2024-06-14,beans,Madurai,6,1.3,44.44
2024-06-14,beans,Nagercoil,6,1.16,40.94
2024-06-14,beans,Tuticorin,6,1.23,41.92
2024-06-14,beans,Tenkasi,6,1.28,44.73
2024-06-14,okra,Tirunelveli,6,1.14,27.43
2024-06-14,okra,Madurai,6,0.92,21.79
2024-06-14,okra,Nagercoil,6,0.97,26.06
2024-06-14,okra,Tuticorin,6,1.02,22.73
2024-06-14,okra,Tenkasi,6,1.05,29.41
2024-06-15,tomato,Tirunelveli,6,0.95,24.26
2024-06-15,tomato,Madurai,6,1.19,27.86
2024-06-15,tomato,Nagercoil,6,0.88,22.56
2024-06-15,tomato,Tuticorin,6,0.95,23.12
2024-06-15,tomato,Tenkasi,6,1.28,30.44
2024-06-15,brinjal,Tirunelveli,6,0.94,22.59
2024-06-15,brinjal,Madurai,6,1.06,24.14
2024-06-15,brinjal,Nagercoil,6,1.06,22.33
2024-06-15,brinjal,Tuticorin,6,0.81,16.53
2024-06-15,brinjal,Tenkasi,6,1.06,25.92
2024-06-15,onion,Tirunelveli,6,0.91,27.78
2024-06-15,onion,Madurai,6,0.84,25.16
2024-06-15,onion,Nagercoil,6,0.94,27.05
2024-06-15,onion,Tuticorin,6,0.99,28.45
2024-06-15,onion,Tenkasi,6,1.21,39.47
2024-06-15,carrot,Tirunelveli,6,1.06,30.71
2024-06-15,carrot,Madurai,6,1.02,28.4
2024-06-15,carrot,Nagercoil,6,1.0,25.93
2024-06-15,carrot,Tuticorin,6,1.2,32.76
2024-06-15,carrot,Tenkasi,6,0.84,24.2
2024-06-15,cabbage,Tirunelveli,6,1.25,24.29
2024-06-15,cabbage,Madurai,6,0.83,15.09
2024-06-15,cabbage,Nagercoil,6,1.06,20.83
2024-06-15,cabbage,Tuticorin,6,0.85,15.46
2024-06-15,cabbage,Tenkasi,6,0.92,18.1
2024-06-15,potato,Tirunelveli,6,1.27,30.07
2024-06-15,potato,Madurai,6,1.3,32.66
2024-06-15,potato,Nagercoil,6,1.25,29.2
2024-06-15,potato,Tuticorin,6,0.89,22.53
2024-06-15,potato,Tenkasi,6,1.03,25.08
2024-06-15,beans,Tirunelveli,6,0.85,26.53
2024-06-15,beans,Madurai,6,1.09,36.99
2024-06-15,beans,Nagercoil,6,1.02,33.33
2024-06-15,beans,Tuticorin,6,1.28,48.58
2024-06-15,beans,Tenkasi,6,0.88,31.5
2024-06-15,okra,Tirunelveli,6,0.93,23.41
2024-06-15,okra,Madurai,6,1.2,29.08
2024-06-15,okra,Nagercoil,6,1.18,30.77
2024-06-15,okra,Tuticorin,6,1.12,29.88
2024-06-15,okra,Tenkasi,6,1.12,28.35
2024-06-16,tomato,Tirunelveli,6,1.13,28.77
2024-06-16,tomato,Madurai,6,1.03,27.64
2024-06-16,tomato,Nagercoil,6,1.12,26.61
2024-06-16,tomato,Tuticorin,6,1.11,26.85
2024-06-16,tomato,Tenkasi,6,0.92,20.51
2024-06-16,brinjal,Tirunelveli,6,1.18,27.77
2024-06-16,brinjal,Madurai,6,0.99,17.89
2024-06-16,brinjal,Nagercoil,6,1.13,24.18
2024-06-16,brinjal,Tuticorin,6,0.98,24.04
2024-06-16,brinjal,Tenkasi,6,1.17,22.25
2024-06-16,onion,Tirunelveli,6,1.15,34.93
2024-06-16,onion,Madurai,6,1.3,39.85
2024-06-16,onion,Nagercoil,6,0.97,30.0
2024-06-16,onion,Tuticorin,6,1.15,35.68
2024-06-16,onion,Tenkasi,6,0.96,29.2
2024-06-16,carrot,Tirunelveli,6,0.91,25.68
2024-06-16,carrot,Madurai,6,1.11,28.83
2024-06-16,carrot,Nagercoil,6,0.99,27.56
2024-06-16,carrot,Tuticorin,6,1.13,31.82
2024-06-16,carrot,Tenkasi,6,1.27,34.36
2024-06-16,cabbage,Tirunelveli,6,1.23,20.78
2024-06-16,cabbage,Madurai,6,0.81,15.26
2024-06-16,cabbage,Nagercoil,6,0.89,17.08
2024-06-16,cabbage,Tuticorin,6,1.09,18.49
2024-06-16,cabbage,Tenkasi,6,1.19,21.08
2024-06-16,potato,Tirunelveli,6,1.08,26.36
2024-06-16,potato,Madurai,6,1.12,25.88
2024-06-16,potato,Nagercoil,6,1.27,30.42
2024-06-16,potato,Tuticorin,6,1.09,26.59
2024-06-16,potato,Tenkasi,6,1.22,32.06
2024-06-16,beans,Tirunelveli,6,0.82,28.24
2024-06-16,beans,Madurai,6,0.84,26.75
2024-06-16,beans,Nagercoil,6,1.15,38.1
2024-06-16,beans,Tuticorin,6,0.8,27.0
2024-06-16,beans,Tenkasi,6,1.16,40.06
2024-06-16,okra,Tirunelveli,6,1.08,29.84
2024-06-16,okra,Madurai,6,0.91,27.09
2024-06-16,okra,Nagercoil,6,1.26,32.47
2024-06-16,okra,Tuticorin,6,0.99,26.54
2024-06-16,okra,Tenkasi,6,1.26,34.98
2024-06-17,tomato,Tirunelveli,6,1.0,26.06
2024-06-17,tomato,Madurai,6,0.82,20.11
2024-06-17,tomato,Nagercoil,6,0.87,21.53
2024-06-17,tomato,Tuticorin,6,1.0,25.0
2024-06-17,tomato,Tenkasi,6,0.89,24.58
2024-06-17,brinjal,Tirunelveli,6,1.04,24.52
2024-06-17,brinjal,Madurai,6,0.82,19.5
2024-06-17,brinjal,Nagercoil,6,1.16,26.19
2024-06-17,brinjal,Tuticorin,6,1.21,27.05
2024-06-17,brinjal,Tenkasi,6,0.96,20.9
2024-06-17,onion,Tirunelveli,6,0.81,22.41
2024-06-17,onion,Madurai,6,0.93,28.81
2024-06-17,onion,Nagercoil,6,1.03,30.18
2024-06-17,onion,Tuticorin,6,1.2,37.41
2024-06-17,onion,Tenkasi,6,1.26,34.93
2024-06-17,carrot,Tirunelveli,6,1.2,32.09
2024-06-17,carrot,Madurai,6,1.06,31.31
2024-06-17,carrot,Nagercoil,6,0.88,26.79
2024-06-17,carrot,Tuticorin,6,1.22,35.49
2024-06-17,carrot,Tenkasi,6,0.94,25.04
2024-06-17,cabbage,Tirunelveli,6,0.96,18.89
2024-06-17,cabbage,Madurai,6,1.08,18.16
2024-06-17,cabbage,Nagercoil,6,1.24,24.0
2024-06-17,cabbage,Tuticorin,6,1.18,19.52
2024-06-17,cabbage,Tenkasi,6,0.88,15.12
2024-06-17,potato,Tirunelveli,6,0.98,19.73
2024-06-17,potato,Madurai,6,0.96,21.51
2024-06-17,potato,Nagercoil,6,1.15,28.74
2024-06-17,potato,Tuticorin,6,1.27,33.43
2024-06-17,potato,Tenkasi,6,0.83,21.79
2024-06-17,beans,Tirunelveli,6,1.23,44.33
2024-06-17,beans,Madurai,6,1.29,42.89
2024-06-17,beans,Nagercoil,6,1.1,37.8
2024-06-17,beans,Tuticorin,6,0.83,31.62
2024-06-17,beans,Tenkasi,6,1.2,42.03
2024-06-17,okra,Tirunelveli,6,1.1,26.72
2024-06-17,okra,Madurai,6,1.03,26.12
2024-06-17,okra,Nagercoil,6,0.96,21.73
2024-06-17,okra,Tuticorin,6,1.02,27.87
2024-06-17,okra,Tenkasi,6,0.92,20.96
2024-06-18,tomato,Tirunelveli,6,1.29,30.25
2024-06-18,tomato,Madurai,6,1.04,25.97
2024-06-18,tomato,Nagercoil,6,1.23,28.94
2024-06-18,tomato,Tuticorin,6,1.21,30.49
2024-06-18,tomato,Tenkasi,6,0.98,25.89
2024-06-18,brinjal,Tirunelveli,6,1.12,23.82
2024-06-18,brinjal,Madurai,6,1.25,29.53
2024-06-18,brinjal,Nagercoil,6,1.22,27.91
2024-06-18,brinjal,Tuticorin,6,0.83,19.02
2024-06-18,brinjal,Tenkasi,6,0.83,20.36
2024-06-18,onion,Tirunelveli,6,1.05,31.93
2024-06-18,onion,Madurai,6,1.07,31.66
2024-06-18,onion,Nagercoil,6,1.28,38.91
2024-06-18,onion,Tuticorin,6,0.91,25.37
2024-06-18,onion,Tenkasi,6,1.11,34.65
2024-06-18,carrot,Tirunelveli,6,1.21,35.26
2024-06-18,carrot,Madurai,6,1.23,34.01
2024-06-18,carrot,Nagercoil,6,1.14,31.11
2024-06-18,carrot,Tuticorin,6,1.05,29.72
2024-06-18,carrot,Tenkasi,6,1.0,26.09
2024-06-18,cabbage,Tirunelveli,6,1.0,17.34
2024-06-18,cabbage,Madurai,6,0.81,16.54
2024-06-18,cabbage,Nagercoil,6,0.83,13.39
2024-06-18,cabbage,Tuticorin,6,1.27,24.98
2024-06-18,cabbage,Tenkasi,6,1.13,21.05
2024-06-18,potato,Tirunelveli,6,0.99,24.64
2024-06-18,potato,Madurai,6,1.04,24.06
2024-06-18,potato,Nagercoil,6,1.19,27.21
2024-06-18,potato,Tuticorin,6,1.25,29.52
2024-06-18,potato,Tenkasi,6,0.84,22.87
2024-06-18,beans,Tirunelveli,6,0.83,28.04
2024-06-18,beans,Madurai,6,1.1,35.32
2024-06-18,beans,Nagercoil,6,0.8,28.29
2024-06-18,beans,Tuticorin,6,0.87,32.07
2024-06-18,beans,Tenkasi,6,1.2,42.32
2024-06-18,okra,Tirunelveli,6,1.06,30.25
2024-06-18,okra,Madurai,6,0.84,22.94
2024-06-18,okra,Nagercoil,6,0.85,22.39
2024-06-18,okra,Tuticorin,6,0.93,23.8
2024-06-18,okra,Tenkasi,6,1.13,30.1
2024-06-19,tomato,Tirunelveli,6,1.07,24.38
2024-06-19,tomato,Madurai,6,0.95,26.39
2024-06-19,tomato,Nagercoil,6,0.82,21.89
2024-06-19,tomato,Tuticorin,6,1.14,29.66
2024-06-19,tomato,Tenkasi,6,1.12,27.99
2024-06-19,brinjal,Tirunelveli,6,0.95,23.06
2024-06-19,brinjal,Madurai,6,0.85,18.45
2024-06-19,brinjal,Nagercoil,6,1.2,25.66
2024-06-19,brinjal,Tuticorin,6,1.26,27.8
2024-06-19,brinjal,Tenkasi,6,0.91,21.36
2024-06-19,onion,Tirunelveli,6,1.2,34.93
2024-06-19,onion,Madurai,6,0.92,26.22
2024-06-19,onion,Nagercoil,6,1.06,30.39
2024-06-19,onion,Tuticorin,6,1.03,30.11
2024-06-19,onion,Tenkasi,6,1.24,38.62
2024-06-19,carrot,Tirunelveli,6,0.9,25.42
2024-06-19,carrot,Madurai,6,0.88,22.99
2024-06-19,carrot,Nagercoil,6,1.13,35.25
2024-06-19,carrot,Tuticorin,6,1.2,31.57
2024-06-19,carrot,Tenkasi,6,1.08,29.44
2024-06-19,cabbage,Tirunelveli,6,0.86,14.01
2024-06-19,cabbage,Madurai,6,1.0,16.96
2024-06-19,cabbage,Nagercoil,6,0.86,15.51
2024-06-19,cabbage,Tuticorin,6,1.11,19.57
2024-06-19,cabbage,Tenkasi,6,1.15,19.6
2024-06-19,potato,Tirunelveli,6,0.95,23.18
2024-06-19,potato,Madurai,6,0.86,21.47
2024-06-19,potato,Nagercoil,6,0.9,22.62
2024-06-19,potato,Tuticorin,6,0.97,23.43
2024-06-19,potato,Tenkasi,6,1.2,29.47
2024-06-19,beans,Tirunelveli,6,0.93,33.59
2024-06-19,beans,Madurai,6,1.14,39.02
2024-06-19,beans,Nagercoil,6,1.14,43.02
2024-06-19,beans,Tuticorin,6,1.17,43.44
2024-06-19,beans,Tenkasi,6,0.94,34.04
2024-06-19,okra,Tirunelveli,6,0.95,24.29
2024-06-19,okra,Madurai,6,1.07,25.04
2024-06-19,okra,Nagercoil,6,1.22,29.18
2024-06-19,okra,Tuticorin,6,1.2,30.86
2024-06-19,okra,Tenkasi,6,0.96,27.59
2024-06-20,tomato,Tirunelveli,6,1.1,27.35
2024-06-20,tomato,Madurai,6,1.03,24.4
2024-06-20,tomato,Nagercoil,6,1.29,30.9
2024-06-20,tomato,Tuticorin,6,0.81,22.87
2024-06-20,tomato,Tenkasi,6,1.08,26.69
2024-06-20,brinjal,Tirunelveli,6,1.01,24.75
2024-06-20,brinjal,Madurai,6,1.25,25.98
2024-06-20,brinjal,Nagercoil,6,1.27,26.68
2024-06-20,brinjal,Tuticorin,6,1.2,25.78
2024-06-20,brinjal,Tenkasi,6,0.87,19.94
2024-06-20,onion,Tirunelveli,6,0.81,25.53
2024-06-20,onion,Madurai,6,0.92,26.51
2024-06-20,onion,Nagercoil,6,1.16,34.02
2024-06-20,onion,Tuticorin,6,1.29,36.57
2024-06-20,onion,Tenkasi,6,0.92,25.45
2024-06-20,carrot,Tirunelveli,6,0.85,22.56
2024-06-20,carrot,Madurai,6,1.04,31.51
2024-06-20,carrot,Nagercoil,6,1.21,32.45
2024-06-20,carrot,Tuticorin,6,1.07,30.16
2024-06-20,carrot,Tenkasi,6,0.83,22.63
2024-06-20,cabbage,Tirunelveli,6,1.11,18.45
2024-06-20,cabbage,Madurai,6,1.21,22.69
2024-06-20,cabbage,Nagercoil,6,1.26,21.73
2024-06-20,cabbage,Tuticorin,6,1.09,21.08
2024-06-20,cabbage,Tenkasi,6,1.26,24.09
2024-06-20,potato,Tirunelveli,6,0.8,18.5
2024-06-20,potato,Madurai,6,0.8,20.42
2024-06-20,potato,Nagercoil,6,1.19,29.84
2024-06-20,potato,Tuticorin,6,1.27,29.91
2024-06-20,potato,Tenkasi,6,1.25,29.4
2024-06-20,beans,Tirunelveli,6,0.89,31.6
2024-06-20,beans,Madurai,6,0.84,32.41
2024-06-20,beans,Nagercoil,6,0.94,34.76
2024-06-20,beans,Tuticorin,6,1.15,40.48
2024-06-20,beans,Tenkasi,6,1.11,36.02
2024-06-20,okra,Tirunelveli,6,0.86,22.29
2024-06-20,okra,Madurai,6,1.0,23.24
2024-06-20,okra,Nagercoil,6,0.82,18.99
2024-06-20,okra,Tuticorin,6,1.09,27.26
2024-06-20,okra,Tenkasi,6,1.27,33.2
2024-06-21,tomato,Tirunelveli,6,0.85,20.2
2024-06-21,tomato,Madurai,6,1.17,31.16
2024-06-21,tomato,Nagercoil,6,1.0,24.98
2024-06-21,tomato,Tuticorin,6,1.16,28.06
2024-06-21,tomato,Tenkasi,6,1.0,25.96
2024-06-21,brinjal,Tirunelveli,6,1.19,25.09
2024-06-21,brinjal,Madurai,6,1.26,27.93
2024-06-21,brinjal,Nagercoil,6,0.98,18.06
2024-06-21,brinjal,Tuticorin,6,0.93,19.27
2024-06-21,brinjal,Tenkasi,6,1.01,24.13
2024-06-21,onion,Tirunelveli,6,1.0,30.73
2024-06-21,onion,Madurai,6,1.13,34.35
2024-06-21,onion,Nagercoil,6,1.04,32.0
2024-06-21,onion,Tuticorin,6,0.83,26.74
2024-06-21,onion,Tenkasi,6,0.85,25.36
2024-06-21,carrot,Tirunelveli,6,1.21,33.15
2024-06-21,carrot,Madurai,6,0.96,27.94
2024-06-21,carrot,Nagercoil,6,1.22,33.79
2024-06-21,carrot,Tuticorin,6,1.13,30.86
2024-06-21,carrot,Tenkasi,6,0.81,22.11
2024-06-21,cabbage,Tirunelveli,6,0.85,16.03
2024-06-21,cabbage,Madurai,6,0.83,12.29
2024-06-21,cabbage,Nagercoil,6,0.87,16.32
2024-06-21,cabbage,Tuticorin,6,1.11,18.25
2024-06-21,cabbage,Tenkasi,6,1.08,18.31
2024-06-21,potato,Tirunelveli,6,0.85,18.34
2024-06-21,potato,Madurai,6,0.91,22.91
2024-06-21,potato,Nagercoil,6,1.12,27.26
2024-06-21,potato,Tuticorin,6,0.82,17.92
2024-06-21,potato,Tenkasi,6,1.0,25.15
2024-06-21,beans,Tirunelveli,6,1.12,36.93
2024-06-21,beans,Madurai,6,0.97,33.25
2024-06-21,beans,Nagercoil,6,0.97,31.87
2024-06-21,beans,Tuticorin,6,1.21,41.9
2024-06-21,beans,Tenkasi,6,0.88,29.91
2024-06-21,okra,Tirunelveli,6,1.24,30.42
2024-06-21,okra,Madurai,6,0.87,22.49
2024-06-21,okra,Nagercoil,6,0.94,22.81
2024-06-21,okra,Tuticorin,6,1.08,24.95
2024-06-21,okra,Tenkasi,6,0.86,19.84
2024-06-22,tomato,Tirunelveli,6,0.87,21.14
2024-06-22,tomato,Madurai,6,0.83,20.24
2024-06-22,tomato,Nagercoil,6,1.1,26.33
2024-06-22,tomato,Tuticorin,6,1.14,30.65
2024-06-22,tomato,Tenkasi,6,1.16,29.38
2024-06-22,brinjal,Tirunelveli,6,1.09,24.5
2024-06-22,brinjal,Madurai,6,0.84,17.11
2024-06-22,brinjal,Nagercoil,6,1.08,22.19
2024-06-22,brinjal,Tuticorin,6,0.93,20.68
2024-06-22,brinjal,Tenkasi,6,0.95,20.44
2024-06-22,onion,Tirunelveli,6,1.03,31.17
2024-06-22,onion,Madurai,6,1.08,32.01
2024-06-22,onion,Nagercoil,6,1.25,38.58
2024-06-22,onion,Tuticorin,6,1.25,37.37
2024-06-22,onion,Tenkasi,6,1.09,32.36
2024-06-22,carrot,Tirunelveli,6,0.98,28.23
2024-06-22,carrot,Madurai,6,0.82,25.43
2024-06-22,carrot,Nagercoil,6,1.19,34.19
2024-06-22,carrot,Tuticorin,6,0.87,22.58
2024-06-22,carrot,Tenkasi,6,1.13,31.34
2024-06-22,cabbage,Tirunelveli,6,0.88,15.54
2024-06-22,cabbage,Madurai,6,0.95,17.45
2024-06-22,cabbage,Nagercoil,6,1.23,21.42
2024-06-22,cabbage,Tuticorin,6,1.05,18.8
2024-06-22,cabbage,Tenkasi,6,0.84,15.22
2024-06-22,potato,Tirunelveli,6,0.93,22.62
2024-06-22,potato,Madurai,6,1.08,24.04
2024-06-22,potato,Nagercoil,6,0.82,17.87
2024-06-22,potato,Tuticorin,6,1.13,23.62
2024-06-22,potato,Tenkasi,6,1.25,33.01
2024-06-22,beans,Tirunelveli,6,0.88,27.95
2024-06-22,beans,Madurai,6,0.89,31.2
2024-06-22,beans,Nagercoil,6,1.18,42.09
2024-06-22,beans,Tuticorin,6,0.97,32.6
2024-06-22,beans,Tenkasi,6,1.06,38.72
2024-06-22,okra,Tirunelveli,6,1.09,28.44
2024-06-22,okra,Madurai,6,0.94,26.85
2024-06-22,okra,Nagercoil,6,1.25,30.99
2024-06-22,okra,Tuticorin,6,0.82,21.02
2024-06-22,okra,Tenkasi,6,0.92,23.05
2024-06-23,tomato,Tirunelveli,6,0.93,22.34
2024-06-23,tomato,Madurai,6,0.87,20.74
2024-06-23,tomato,Nagercoil,6,1.27,31.14
2024-06-23,tomato,Tuticorin,6,0.92,22.43
2024-06-23,tomato,Tenkasi,6,1.27,32.8
2024-06-23,brinjal,Tirunelveli,6,0.85,19.76
2024-06-23,brinjal,Madurai,6,1.22,24.5
2024-06-23,brinjal,Nagercoil,6,1.09,23.04
2024-06-23,brinjal,Tuticorin,6,1.21,27.15
2024-06-23,brinjal,Tenkasi,6,1.26,28.17
2024-06-23,onion,Tirunelveli,6,0.92,27.18
2024-06-23,onion,Madurai,6,1.24,37.13
2024-06-23,onion,Nagercoil,6,0.88,25.71
2024-06-23,onion,Tuticorin,6,0.98,30.81
2024-06-23,onion,Tenkasi,6,0.82,25.69
2024-06-23,carrot,Tirunelveli,6,0.81,22.27
2024-06-23,carrot,Madurai,6,1.0,27.95
2024-06-23,carrot,Nagercoil,6,0.89,24.33
2024-06-23,carrot,Tuticorin,6,0.93,25.67
2024-06-23,carrot,Tenkasi,6,0.94,27.76
2024-06-23,cabbage,Tirunelveli,6,1.09,19.06
2024-06-23,cabbage,Madurai,6,1.07,18.36
2024-06-23,cabbage,Nagercoil,6,0.92,16.39
2024-06-23,cabbage,Tuticorin,6,1.19,24.38
2024-06-23,cabbage,Tenkasi,6,1.27,22.43
2024-06-23,potato,Tirunelveli,6,0.96,21.87
2024-06-23,potato,Madurai,6,0.88,21.9
2024-06-23,potato,Nagercoil,6,1.04,26.07
2024-06-23,potato,Tuticorin,6,1.07,25.78
2024-06-23,potato,Tenkasi,6,1.2,27.67
2024-06-23,beans,Tirunelveli,6,1.09,39.34
2024-06-23,beans,Madurai,6,0.98,32.51
2024-06-23,beans,Nagercoil,6,1.07,33.97
2024-06-23,beans,Tuticorin,6,1.16,40.21
2024-06-23,beans,Tenkasi,6,1.24,46.33
2024-06-23,okra,Tirunelveli,6,1.23,32.09
2024-06-23,okra,Madurai,6,1.03,26.31
2024-06-23,okra,Nagercoil,6,0.88,23.45
2024-06-23,okra,Tuticorin,6,1.13,29.93
2024-06-23,okra,Tenkasi,6,0.97,28.39
2024-06-24,tomato,Tirunelveli,6,1.29,33.95
2024-06-24,tomato,Madurai,6,1.07,25.39
2024-06-24,tomato,Nagercoil,6,1.1,28.24
2024-06-24,tomato,Tuticorin,6,1.09,27.0
2024-06-24,tomato,Tenkasi,6,1.27,31.75
2024-06-24,brinjal,Tirunelveli,6,1.16,25.29
2024-06-24,brinjal,Madurai,6,1.17,25.57
2024-06-24,brinjal,Nagercoil,6,0.83,15.99
2024-06-24,brinjal,Tuticorin,6,1.06,22.63
2024-06-24,brinjal,Tenkasi,6,0.97,21.1
2024-06-24,onion,Tirunelveli,6,1.0,30.31
2024-06-24,onion,Madurai,6,1.2,35.92
2024-06-24,onion,Nagercoil,6,1.3,38.88
2024-06-24,onion,Tuticorin,6,1.15,35.21
2024-06-24,onion,Tenkasi,6,0.86,27.66
2024-06-24,carrot,Tirunelveli,6,1.05,29.09
2024-06-24,carrot,Madurai,6,1.15,30.96
2024-06-24,carrot,Nagercoil,6,1.24,35.93
2024-06-24,carrot,Tuticorin,6,1.03,29.46
2024-06-24,carrot,Tenkasi,6,1.01,27.76
2024-06-24,cabbage,Tirunelveli,6,1.18,17.9
2024-06-24,cabbage,Madurai,6,1.2,23.01
2024-06-24,cabbage,Nagercoil,6,1.09,18.34
2024-06-24,cabbage,Tuticorin,6,1.25,22.09
2024-06-24,cabbage,Tenkasi,6,0.82,14.18
2024-06-24,potato,Tirunelveli,6,1.12,28.27
2024-06-24,potato,Madurai,6,1.26,30.6
2024-06-24,potato,Nagercoil,6,1.18,26.65
2024-06-24,potato,Tuticorin,6,1.18,31.73
2024-06-24,potato,Tenkasi,6,1.18,29.0
2024-06-24,beans,Tirunelveli,6,1.22,41.67
2024-06-24,beans,Madurai,6,1.3,47.32
2024-06-24,beans,Nagercoil,6,1.02,35.52
2024-06-24,beans,Tuticorin,6,0.86,29.95
2024-06-24,beans,Tenkasi,6,0.86,29.92
2024-06-24,okra,Tirunelveli,6,1.14,29.65
2024-06-24,okra,Madurai,6,0.84,21.62
2024-06-24,okra,Nagercoil,6,1.09,27.96
2024-06-24,okra,Tuticorin,6,1.28,32.51
2024-06-24,okra,Tenkasi,6,0.84,20.65
2024-06-25,tomato,Tirunelveli,6,1.19,29.88
2024-06-25,tomato,Madurai,6,0.92,21.98
2024-06-25,tomato,Nagercoil,6,0.92,23.43
2024-06-25,tomato,Tuticorin,6,1.24,32.68
2024-06-25,tomato,Tenkasi,6,1.12,27.96
2024-06-25,brinjal,Tirunelveli,6,1.1,24.36
2024-06-25,brinjal,Madurai,6,1.15,26.6
2024-06-25,brinjal,Nagercoil,6,1.29,27.98
2024-06-25,brinjal,Tuticorin,6,1.05,22.12
2024-06-25,brinjal,Tenkasi,6,1.23,23.44
2024-06-25,onion,Tirunelveli,6,1.12,33.76
2024-06-25,onion,Madurai,6,0.81,23.37
2024-06-25,onion,Nagercoil,6,1.19,35.18
2024-06-25,onion,Tuticorin,6,1.2,32.94
2024-06-25,onion,Tenkasi,6,0.82,24.2
2024-06-25,carrot,Tirunelveli,6,0.91,23.95
2024-06-25,carrot,Madurai,6,0.97,25.21
2024-06-25,carrot,Nagercoil,6,0.92,24.17
2024-06-25,carrot,Tuticorin,6,1.22,32.36
2024-06-25,carrot,Tenkasi,6,0.99,28.81
2024-06-25,cabbage,Tirunelveli,6,1.05,20.45
2024-06-25,cabbage,Madurai,6,0.99,17.93
2024-06-25,cabbage,Nagercoil,6,1.25,24.98
2024-06-25,cabbage,Tuticorin,6,1.27,22.2
2024-06-25,cabbage,Tenkasi,6,1.25,18.61
2024-06-25,potato,Tirunelveli,6,1.12,25.56
2024-06-25,potato,Madurai,6,1.27,30.35
2024-06-25,potato,Nagercoil,6,0.9,20.03
2024-06-25,potato,Tuticorin,6,1.25,29.89
2024-06-25,potato,Tenkasi,6,0.85,21.25
2024-06-25,beans,Tirunelveli,6,1.19,40.24
2024-06-25,beans,Madurai,6,1.24,45.57
2024-06-25,beans,Nagercoil,6,1.29,48.05
2024-06-25,beans,Tuticorin,6,0.95,35.82
2024-06-25,beans,Tenkasi,6,1.09,35.53
2024-06-25,okra,Tirunelveli,6,0.83,20.85
2024-06-25,okra,Madurai,6,0.93,24.38
2024-06-25,okra,Nagercoil,6,1.1,26.53
2024-06-25,okra,Tuticorin,6,1.1,26.74
2024-06-25,okra,Tenkasi,6,1.22,28.85
2024-06-26,tomato,Tirunelveli,6,1.04,25.9
2024-06-26,tomato,Madurai,6,1.12,28.51
2024-06-26,tomato,Nagercoil,6,0.83,22.05
2024-06-26,tomato,Tuticorin,6,1.27,32.4
2024-06-26,tomato,Tenkasi,6,1.3,33.33
2024-06-26,brinjal,Tirunelveli,6,1.03,20.06
2024-06-26,brinjal,Madurai,6,1.08,24.04
2024-06-26,brinjal,Nagercoil,6,1.25,27.38
2024-06-26,brinjal,Tuticorin,6,1.02,21.48
2024-06-26,brinjal,Tenkasi,6,1.14,24.47
2024-06-26,onion,Tirunelveli,6,0.96,29.08
2024-06-26,onion,Madurai,6,1.12,34.64
2024-06-26,onion,Nagercoil,6,1.08,35.12
2024-06-26,onion,Tuticorin,6,0.83,25.33
2024-06-26,onion,Tenkasi,6,1.12,34.59
2024-06-26,carrot,Tirunelveli,6,1.19,34.24
2024-06-26,carrot,Madurai,6,0.91,27.08
2024-06-26,carrot,Nagercoil,6,0.97,25.45
2024-06-26,carrot,Tuticorin,6,1.28,35.94
2024-06-26,carrot,Tenkasi,6,1.01,26.96
2024-06-26,cabbage,Tirunelveli,6,0.96,15.99
2024-06-26,cabbage,Madurai,6,1.16,21.38
2024-06-26,cabbage,Nagercoil,6,1.29,23.78
2024-06-26,cabbage,Tuticorin,6,0.98,18.11
2024-06-26,cabbage,Tenkasi,6,0.96,16.4
2024-06-26,potato,Tirunelveli,6,1.27,30.58
2024-06-26,potato,Madurai,6,0.87,20.42
2024-06-26,potato,Nagercoil,6,0.82,20.12
2024-06-26,potato,Tuticorin,6,1.16,29.3
2024-06-26,potato,Tenkasi,6,1.08,24.36
2024-06-26,beans,Tirunelveli,6,0.85,29.78
2024-06-26,beans,Madurai,6,1.17,41.97
2024-06-26,beans,Nagercoil,6,1.05,34.39
2024-06-26,beans,Tuticorin,6,0.9,32.77
2024-06-26,beans,Tenkasi,6,1.07,34.39
2024-06-26,okra,Tirunelveli,6,1.14,27.86
2024-06-26,okra,Madurai,6,1.15,29.58
2024-06-26,okra,Nagercoil,6,1.01,25.61
2024-06-26,okra,Tuticorin,6,0.85,21.35
2024-06-26,okra,Tenkasi,6,1.19,33.59
2024-06-27,tomato,Tirunelveli,6,1.26,29.69
2024-06-27,tomato,Madurai,6,1.19,30.37
2024-06-27,tomato,Nagercoil,6,1.28,34.58
2024-06-27,tomato,Tuticorin,6,0.97,25.38
2024-06-27,tomato,Tenkasi,6,0.99,25.18
2024-06-27,brinjal,Tirunelveli,6,1.11,24.74
2024-06-27,brinjal,Madurai,6,1.19,25.56
2024-06-27,brinjal,Nagercoil,6,1.07,22.62
2024-06-27,brinjal,Tuticorin,6,0.89,17.44
2024-06-27,brinjal,Tenkasi,6,1.2,27.67
2024-06-27,onion,Tirunelveli,6,1.2,34.14
2024-06-27,onion,Madurai,6,1.12,33.48
2024-06-27,onion,Nagercoil,6,1.3,38.31
2024-06-27,onion,Tuticorin,6,0.81,24.41
2024-06-27,onion,Tenkasi,6,0.96,29.6
2024-06-27,carrot,Tirunelveli,6,1.22,33.46
2024-06-27,carrot,Madurai,6,0.93,24.33
2024-06-27,carrot,Nagercoil,6,1.25,34.0
2024-06-27,carrot,Tuticorin,6,1.05,27.98
2024-06-27,carrot,Tenkasi,6,1.12,33.92
2024-06-27,cabbage,Tirunelveli,6,0.99,19.67
2024-06-27,cabbage,Madurai,6,1.1,17.57
2024-06-27,cabbage,Nagercoil,6,0.95,16.48
2024-06-27,cabbage,Tuticorin,6,1.01,16.63
2024-06-27,cabbage,Tenkasi,6,1.11,18.97
2024-06-27,potato,Tirunelveli,6,1.05,24.31
2024-06-27,potato,Madurai,6,1.01,22.99
2024-06-27,potato,Nagercoil,6,1.1,27.55
2024-06-27,potato,Tuticorin,6,1.24,30.17
2024-06-27,potato,Tenkasi,6,0.92,22.26
2024-06-27,beans,Tirunelveli,6,0.9,33.44
2024-06-27,beans,Madurai,6,1.26,45.34
2024-06-27,beans,Nagercoil,6,1.12,39.23
2024-06-27,beans,Tuticorin,6,0.97,34.4
2024-06-27,beans,Tenkasi,6,1.07,38.86
2024-06-27,okra,Tirunelveli,6,1.17,31.76
2024-06-27,okra,Madurai,6,0.97,21.96
2024-06-27,okra,Nagercoil,6,0.81,21.54
2024-06-27,okra,Tuticorin,6,1.08,28.14
2024-06-27,okra,Tenkasi,6,1.29,34.45
2024-06-28,tomato,Tirunelveli,6,0.83,18.02
2024-06-28,tomato,Madurai,6,1.22,32.04
2024-06-28,tomato,Nagercoil,6,0.98,25.48
2024-06-28,tomato,Tuticorin,6,0.99,24.04
2024-06-28,tomato,Tenkasi,6,0.81,22.62
2024-06-28,brinjal,Tirunelveli,6,0.93,18.69
2024-06-28,brinjal,Madurai,6,1.02,22.54
2024-06-28,brinjal,Nagercoil,6,1.18,24.98
2024-06-28,brinjal,Tuticorin,6,1.01,20.91
2024-06-28,brinjal,Tenkasi,6,0.9,19.58
2024-06-28,onion,Tirunelveli,6,0.88,30.48
2024-06-28,onion,Madurai,6,1.27,35.63
2024-06-28,onion,Nagercoil,6,0.84,26.06
2024-06-28,onion,Tuticorin,6,1.06,35.38
2024-06-28,onion,Tenkasi,6,1.24,35.34
2024-06-28,carrot,Tirunelveli,6,0.81,24.6
2024-06-28,carrot,Madurai,6,0.93,27.33
2024-06-28,carrot,Nagercoil,6,0.89,22.52
2024-06-28,carrot,Tuticorin,6,1.01,23.89
2024-06-28,carrot,Tenkasi,6,1.29,34.19
2024-06-28,cabbage,Tirunelveli,6,0.82,14.97
2024-06-28,cabbage,Madurai,6,1.2,22.43
2024-06-28,cabbage,Nagercoil,6,1.02,19.82
2024-06-28,cabbage,Tuticorin,6,1.25,22.28
2024-06-28,cabbage,Tenkasi,6,0.92,16.52
2024-06-28,potato,Tirunelveli,6,1.25,27.86
2024-06-28,potato,Madurai,6,0.96,25.04
2024-06-28,potato,Nagercoil,6,1.19,29.98
2024-06-28,potato,Tuticorin,6,1.08,26.6
2024-06-28,potato,Tenkasi,6,1.11,26.4
2024-06-28,beans,Tirunelveli,6,1.16,42.7
2024-06-28,beans,Madurai,6,0.93,30.73
2024-06-28,beans,Nagercoil,6,0.92,32.56
2024-06-28,beans,Tuticorin,6,1.14,42.69
2024-06-28,beans,Tenkasi,6,0.93,30.91
2024-06-28,okra,Tirunelveli,6,1.1,31.74
2024-06-28,okra,Madurai,6,0.95,25.9
2024-06-28,okra,Nagercoil,6,0.93,25.11
2024-06-28,okra,Tuticorin,6,0.95,26.62
2024-06-28,okra,Tenkasi,6,1.15,31.53
2024-06-29,tomato,Tirunelveli,6,1.14,26.23
2024-06-29,tomato,Madurai,6,0.93,20.84
2024-06-29,tomato,Nagercoil,6,0.88,21.08
2024-06-29,tomato,Tuticorin,6,1.27,32.14
2024-06-29,tomato,Tenkasi,6,1.21,32.01
2024-06-29,brinjal,Tirunelveli,6,0.88,18.9
2024-06-29,brinjal,Madurai,6,0.81,16.62
2024-06-29,brinjal,Nagercoil,6,1.14,26.23
2024-06-29,brinjal,Tuticorin,6,0.82,17.58
2024-06-29,brinjal,Tenkasi,6,1.15,25.78
2024-06-29,onion,Tirunelveli,6,0.91,27.32
2024-06-29,onion,Madurai,6,0.88,25.39
2024-06-29,onion,Nagercoil,6,1.16,33.86
2024-06-29,onion,Tuticorin,6,1.08,30.71
2024-06-29,onion,Tenkasi,6,0.94,30.02
2024-06-29,carrot,Tirunelveli,6,0.89,24.23
2024-06-29,carrot,Madurai,6,0.84,22.35
2024-06-29,carrot,Nagercoil,6,1.07,27.28
2024-06-29,carrot,Tuticorin,6,0.99,24.65
2024-06-29,carrot,Tenkasi,6,1.12,29.75
2024-06-29,cabbage,Tirunelveli,6,1.28,23.58
2024-06-29,cabbage,Madurai,6,0.95,17.13
2024-06-29,cabbage,Nagercoil,6,0.82,14.14
2024-06-29,cabbage,Tuticorin,6,0.96,15.54
2024-06-29,cabbage,Tenkasi,6,0.85,12.44
2024-06-29,potato,Tirunelveli,6,0.86,19.49
2024-06-29,potato,Madurai,6,0.95,22.24
2024-06-29,potato,Nagercoil,6,1.16,28.77
2024-06-29,potato,Tuticorin,6,1.11,24.28
2024-06-29,potato,Tenkasi,6,0.98,23.0
2024-06-29,beans,Tirunelveli,6,1.1,36.6
2024-06-29,beans,Madurai,6,0.86,29.11
2024-06-29,beans,Nagercoil,6,1.24,46.46
2024-06-29,beans,Tuticorin,6,1.05,35.12
2024-06-29,beans,Tenkasi,6,1.24,41.55
2024-06-29,okra,Tirunelveli,6,1.26,37.02
2024-06-29,okra,Madurai,6,1.16,30.96
2024-06-29,okra,Nagercoil,6,1.07,28.57
2024-06-29,okra,Tuticorin,6,1.08,26.61
2024-06-29,okra,Tenkasi,6,1.14,32.67
2024-06-30,tomato,Tirunelveli,6,0.85,19.18
2024-06-30,tomato,Madurai,6,0.88,23.57
2024-06-30,tomato,Nagercoil,6,1.0,26.9
2024-06-30,tomato,Tuticorin,6,0.99,26.94
2024-06-30,tomato,Tenkasi,6,1.11,30.03
2024-06-30,brinjal,Tirunelveli,6,1.07,23.16
2024-06-30,brinjal,Madurai,6,1.13,25.14
2024-06-30,brinjal,Nagercoil,6,0.83,18.21
2024-06-30,brinjal,Tuticorin,6,1.05,21.4
2024-06-30,brinjal,Tenkasi,6,1.28,27.66
2024-06-30,onion,Tirunelveli,6,1.27,39.99
2024-06-30,onion,Madurai,6,1.07,29.91
2024-06-30,onion,Nagercoil,6,1.21,37.41
2024-06-30,onion,Tuticorin,6,1.05,32.9
2024-06-30,onion,Tenkasi,6,1.25,37.62
2024-06-30,carrot,Tirunelveli,6,1.1,32.25
2024-06-30,carrot,Madurai,6,1.3,34.79
2024-06-30,carrot,Nagercoil,6,0.89,23.17
2024-06-30,carrot,Tuticorin,6,1.25,34.25
2024-06-30,carrot,Tenkasi,6,1.29,36.58
2024-06-30,cabbage,Tirunelveli,6,1.17,23.86
2024-06-30,cabbage,Madurai,6,1.07,19.36
2024-06-30,cabbage,Nagercoil,6,1.13,19.72
2024-06-30,cabbage,Tuticorin,6,1.22,23.76
2024-06-30,cabbage,Tenkasi,6,0.88,13.86
2024-06-30,potato,Tirunelveli,6,1.2,26.6
2024-06-30,potato,Madurai,6,1.13,29.96
2024-06-30,potato,Nagercoil,6,0.83,18.62
2024-06-30,potato,Tuticorin,6,0.89,23.56
2024-06-30,potato,Tenkasi,6,1.19,30.46
2024-06-30,beans,Tirunelveli,6,1.0,36.47
2024-06-30,beans,Madurai,6,1.28,46.57
2024-06-30,beans,Nagercoil,6,0.91,35.02
2024-06-30,beans,Tuticorin,6,1.3,47.13
2024-06-30,beans,Tenkasi,6,0.9,28.32
2024-06-30,okra,Tirunelveli,6,1.06,28.12
2024-06-30,okra,Madurai,6,0.92,23.96
2024-06-30,okra,Nagercoil,6,0.97,24.29
2024-06-30,okra,Tuticorin,6,0.89,22.66
2024-06-30,okra,Tenkasi,6,1.28,32.96
2024-07-01,tomato,Tirunelveli,7,1.09,24.75
2024-07-01,tomato,Madurai,7,1.25,30.86
2024-07-01,tomato,Nagercoil,7,1.04,23.63
2024-07-01,tomato,Tuticorin,7,1.17,31.09
2024-07-01,tomato,Tenkasi,7,1.08,24.01
2024-07-01,brinjal,Tirunelveli,7,1.1,21.78
2024-07-01,brinjal,Madurai,7,1.04,20.94
2024-07-01,brinjal,Nagercoil,7,1.06,20.28
2024-07-01,brinjal,Tuticorin,7,1.21,24.37
2024-07-01,brinjal,Tenkasi,7,1.21,23.74
2024-07-01,onion,Tirunelveli,7,1.12,32.38
2024-07-01,onion,Madurai,7,1.05,28.33
2024-07-01,onion,Nagercoil,7,1.05,27.7
2024-07-01,onion,Tuticorin,7,0.96,26.16
2024-07-01,onion,Tenkasi,7,0.82,22.53
2024-07-01,carrot,Tirunelveli,7,1.27,32.5
2024-07-01,carrot,Madurai,7,1.24,36.21
2024-07-01,carrot,Nagercoil,7,0.8,21.53
2024-07-01,carrot,Tuticorin,7,0.91,21.65
2024-07-01,carrot,Tenkasi,7,0.88,23.75
2024-07-01,cabbage,Tirunelveli,7,1.11,18.98
2024-07-01,cabbage,Madurai,7,0.97,17.02
2024-07-01,cabbage,Nagercoil,7,1.09,19.18
2024-07-01,cabbage,Tuticorin,7,1.01,18.96
2024-07-01,cabbage,Tenkasi,7,1.11,18.25
2024-07-01,potato,Tirunelveli,7,1.0,22.07
2024-07-01,potato,Madurai,7,1.27,27.02
2024-07-01,potato,Nagercoil,7,1.24,27.91
2024-07-01,potato,Tuticorin,7,0.93,19.53
2024-07-01,potato,Tenkasi,7,1.09,22.63
2024-07-01,beans,Tirunelveli,7,1.07,37.45
2024-07-01,beans,Madurai,7,0.96,30.92
2024-07-01,beans,Nagercoil,7,1.19,39.32
2024-07-01,beans,Tuticorin,7,1.13,35.77
2024-07-01,beans,Tenkasi,7,1.14,40.07
2024-07-01,okra,Tirunelveli,7,0.84,19.86
2024-07-01,okra,Madurai,7,1.23,31.85
2024-07-01,okra,Nagercoil,7,0.84,20.92
2024-07-01,okra,Tuticorin,7,1.26,30.43
2024-07-01,okra,Tenkasi,7,1.04,25.53
2024-07-02,tomato,Tirunelveli,7,1.17,26.95
2024-07-02,tomato,Madurai,7,1.26,25.99
2024-07-02,tomato,Nagercoil,7,1.28,29.33
2024-07-02,tomato,Tuticorin,7,0.92,21.58
2024-07-02,tomato,Tenkasi,7,0.95,19.16
2024-07-02,brinjal,Tirunelveli,7,0.99,19.21
2024-07-02,brinjal,Madurai,7,1.11,23.78
2024-07-02,brinjal,Nagercoil,7,1.21,25.89
2024-07-02,brinjal,Tuticorin,7,0.82,20.29
2024-07-02,brinjal,Tenkasi,7,0.83,18.37
2024-07-02,onion,Tirunelveli,7,0.93,27.17
2024-07-02,onion,Madurai,7,1.26,35.47
2024-07-02,onion,Nagercoil,7,1.05,31.02
2024-07-02,onion,Tuticorin,7,1.07,29.92
2024-07-02,onion,Tenkasi,7,1.06,29.48
2024-07-02,carrot,Tirunelveli,7,1.25,32.64
2024-07-02,carrot,Madurai,7,0.91,25.38
2024-07-02,carrot,Nagercoil,7,0.86,22.29
2024-07-02,carrot,Tuticorin,7,1.2,31.74
2024-07-02,carrot,Tenkasi,7,1.11,27.89
2024-07-02,cabbage,Tirunelveli,7,0.9,17.9
2024-07-02,cabbage,Madurai,7,1.12,18.16
2024-07-02,cabbage,Nagercoil,7,1.01,16.95
2024-07-02,cabbage,Tuticorin,7,1.05,18.95
2024-07-02,cabbage,Tenkasi,7,0.83,15.94
2024-07-02,potato,Tirunelveli,7,0.91,20.35
2024-07-02,potato,Madurai,7,1.06,24.79
2024-07-02,potato,Nagercoil,7,1.08,22.85
2024-07-02,potato,Tuticorin,7,1.23,27.7
2024-07-02,potato,Tenkasi,7,1.16,26.97
2024-07-02,beans,Tirunelveli,7,1.07,37.13
2024-07-02,beans,Madurai,7,1.25,38.78
2024-07-02,beans,Nagercoil,7,1.01,31.23
2024-07-02,beans,Tuticorin,7,1.02,30.6
2024-07-02,beans,Tenkasi,7,0.84,20.99
2024-07-02,okra,Tirunelveli,7,1.09,24.65
2024-07-02,okra,Madurai,7,0.98,25.0
2024-07-02,okra,Nagercoil,7,1.28,31.15
2024-07-02,okra,Tuticorin,7,1.09,24.76
2024-07-02,okra,Tenkasi,7,0.87,22.89
2024-07-03,tomato,Tirunelveli,7,0.87,20.3
2024-07-03,tomato,Madurai,7,1.15,27.97
2024-07-03,tomato,Nagercoil,7,1.21,28.54
2024-07-03,tomato,Tuticorin,7,1.28,30.04
2024-07-03,tomato,Tenkasi,7,1.02,23.89
2024-07-03,brinjal,Tirunelveli,7,1.14,22.54
2024-07-03,brinjal,Madurai,7,1.25,27.31
2024-07-03,brinjal,Nagercoil,7,0.81,13.69
2024-07-03,brinjal,Tuticorin,7,0.97,19.71
2024-07-03,brinjal,Tenkasi,7,1.21,23.51
2024-07-03,onion,Tirunelveli,7,0.9,22.91
2024-07-03,onion,Madurai,7,0.86,24.07
2024-07-03,onion,Nagercoil,7,1.06,29.53
2024-07-03,onion,Tuticorin,7,0.82,21.49
2024-07-03,onion,Tenkasi,7,0.85,26.98
2024-07-03,carrot,Tirunelveli,7,0.81,22.9
2024-07-03,carrot,Madurai,7,1.09,28.9
2024-07-03,carrot,Nagercoil,7,0.87,23.57
2024-07-03,carrot,Tuticorin,7,1.1,28.08
2024-07-03,carrot,Tenkasi,7,1.23,31.91
2024-07-03,cabbage,Tirunelveli,7,1.25,21.3
2024-07-03,cabbage,Madurai,7,1.17,19.99
2024-07-03,cabbage,Nagercoil,7,1.12,20.11
2024-07-03,cabbage,Tuticorin,7,1.13,19.72
2024-07-03,cabbage,Tenkasi,7,0.96,17.28
2024-07-03,potato,Tirunelveli,7,0.81,17.57
2024-07-03,potato,Madurai,7,1.15,25.56
2024-07-03,potato,Nagercoil,7,1.3,28.89
2024-07-03,potato,Tuticorin,7,1.14,24.74
2024-07-03,potato,Tenkasi,7,0.96,18.6
2024-07-03,beans,Tirunelveli,7,0.93,27.3
2024-07-03,beans,Madurai,7,1.12,34.48
2024-07-03,beans,Nagercoil,7,1.21,37.61
2024-07-03,beans,Tuticorin,7,1.13,35.66
2024-07-03,beans,Tenkasi,7,1.14,36.86
2024-07-03,okra,Tirunelveli,7,1.11,28.47
2024-07-03,okra,Madurai,7,0.85,18.13
2024-07-03,okra,Nagercoil,7,0.93,21.75
2024-07-03,okra,Tuticorin,7,1.05,26.19
2024-07-03,okra,Tenkasi,7,1.1,27.49
2024-07-04,tomato,Tirunelveli,7,1.07,25.36
2024-07-04,tomato,Madurai,7,1.08,24.88
2024-07-04,tomato,Nagercoil,7,0.93,22.28
2024-07-04,tomato,Tuticorin,7,1.06,22.51
2024-07-04,tomato,Tenkasi,7,0.8,19.38
2024-07-04,brinjal,Tirunelveli,7,1.13,24.3
2024-07-04,brinjal,Madurai,7,0.83,17.84
2024-07-04,brinjal,Nagercoil,7,1.23,24.78
2024-07-04,brinjal,Tuticorin,7,0.94,18.92
2024-07-04,brinjal,Tenkasi,7,0.98,18.1
2024-07-04,onion,Tirunelveli,7,1.14,31.52
2024-07-04,onion,Madurai,7,0.83,23.55
2024-07-04,onion,Nagercoil,7,1.25,35.34
2024-07-04,onion,Tuticorin,7,0.9,25.22
2024-07-04,onion,Tenkasi,7,0.82,18.35
2024-07-04,carrot,Tirunelveli,7,0.97,23.96
2024-07-04,carrot,Madurai,7,1.28,33.89
2024-07-04,carrot,Nagercoil,7,0.88,24.36
2024-07-04,carrot,Tuticorin,7,1.17,29.42
2024-07-04,carrot,Tenkasi,7,1.26,35.14
2024-07-04,cabbage,Tirunelveli,7,0.88,14.44
2024-07-04,cabbage,Madurai,7,1.2,19.8
2024-07-04,cabbage,Nagercoil,7,1.11,17.14
2024-07-04,cabbage,Tuticorin,7,0.82,12.91
2024-07-04,cabbage,Tenkasi,7,0.88,12.3
2024-07-04,potato,Tirunelveli,7,0.93,20.19
2024-07-04,potato,Madurai,7,1.24,30.12
2024-07-04,potato,Nagercoil,7,0.82,18.33
2024-07-04,potato,Tuticorin,7,0.98,19.77
2024-07-04,potato,Tenkasi,7,0.86,18.96
2024-07-04,beans,Tirunelveli,7,1.24,40.53
2024-07-04,beans,Madurai,7,0.84,27.07
2024-07-04,beans,Nagercoil,7,1.12,34.45
2024-07-04,beans,Tuticorin,7,0.9,29.01
2024-07-04,beans,Tenkasi,7,1.24,40.61
2024-07-04,okra,Tirunelveli,7,1.18,29.62
2024-07-04,okra,Madurai,7,1.17,29.65
2024-07-04,okra,Nagercoil,7,1.14,28.23
2024-07-04,okra,Tuticorin,7,1.07,26.84
2024-07-04,okra,Tenkasi,7,1.04,23.67
2024-07-05,tomato,Tirunelveli,7,0.95,22.85
2024-07-05,tomato,Madurai,7,1.27,30.78
2024-07-05,tomato,Nagercoil,7,0.88,18.54
2024-07-05,tomato,Tuticorin,7,1.25,30.04
2024-07-05,tomato,Tenkasi,7,0.85,21.35
2024-07-05,brinjal,Tirunelveli,7,0.98,20.8
2024-07-05,brinjal,Madurai,7,1.28,25.3
2024-07-05,brinjal,Nagercoil,7,0.8,17.54
2024-07-05,brinjal,Tuticorin,7,0.95,20.17
2024-07-05,brinjal,Tenkasi,7,1.28,25.63
2024-07-05,onion,Tirunelveli,7,0.84,26.99
2024-07-05,onion,Madurai,7,0.85,21.22
2024-07-05,onion,Nagercoil,7,0.99,28.01
2024-07-05,onion,Tuticorin,7,1.13,28.45
2024-07-05,onion,Tenkasi,7,1.15,32.36
2024-07-05,carrot,Tirunelveli,7,1.14,29.04
2024-07-05,carrot,Madurai,7,1.24,33.66
2024-07-05,carrot,Nagercoil,7,1.23,31.75
2024-07-05,carrot,Tuticorin,7,1.02,27.35
2024-07-05,carrot,Tenkasi,7,1.16,29.72
2024-07-05,cabbage,Tirunelveli,7,1.26,21.75
2024-07-05,cabbage,Madurai,7,0.86,16.19
2024-07-05,cabbage,Nagercoil,7,0.95,16.16
2024-07-05,cabbage,Tuticorin,7,1.17,18.63
2024-07-05,cabbage,Tenkasi,7,0.94,15.27
2024-07-05,potato,Tirunelveli,7,0.81,15.2
2024-07-05,potato,Madurai,7,1.19,27.79
2024-07-05,potato,Nagercoil,7,1.2,26.01
2024-07-05,potato,Tuticorin,7,1.13,25.39
2024-07-05,potato,Tenkasi,7,1.02,19.64
2024-07-05,beans,Tirunelveli,7,0.97,31.3
2024-07-05,beans,Madurai,7,1.22,41.18
2024-07-05,beans,Nagercoil,7,0.85,28.04
2024-07-05,beans,Tuticorin,7,1.06,38.29
2024-07-05,beans,Tenkasi,7,0.91,28.72
2024-07-05,okra,Tirunelveli,7,1.09,26.49
2024-07-05,okra,Madurai,7,1.09,26.19
2024-07-05,okra,Nagercoil,7,0.87,22.18
2024-07-05,okra,Tuticorin,7,1.09,26.15
2024-07-05,okra,Tenkasi,7,0.84,19.5
2024-07-06,tomato,Tirunelveli,7,1.03,24.16
2024-07-06,tomato,Madurai,7,0.84,19.85
2024-07-06,tomato,Nagercoil,7,0.91,22.15
2024-07-06,tomato,Tuticorin,7,0.82,19.35
2024-07-06,tomato,Tenkasi,7,1.21,30.35
2024-07-06,brinjal,Tirunelveli,7,1.28,29.31
2024-07-06,brinjal,Madurai,7,1.17,23.28
2024-07-06,brinjal,Nagercoil,7,1.08,23.38
2024-07-06,brinjal,Tuticorin,7,1.11,23.62
2024-07-06,brinjal,Tenkasi,7,0.92,15.96
2024-07-06,onion,Tirunelveli,7,0.87,26.27
2024-07-06,onion,Madurai,7,1.26,33.82
2024-07-06,onion,Nagercoil,7,1.03,27.39
2024-07-06,onion,Tuticorin,7,1.25,35.17
2024-07-06,onion,Tenkasi,7,1.08,31.08
2024-07-06,carrot,Tirunelveli,7,0.93,24.98
2024-07-06,carrot,Madurai,7,1.06,27.78
2024-07-06,carrot,Nagercoil,7,0.95,24.7
2024-07-06,carrot,Tuticorin,7,1.23,31.94
2024-07-06,carrot,Tenkasi,7,0.92,23.83
2024-07-06,cabbage,Tirunelveli,7,0.97,16.67
2024-07-06,cabbage,Madurai,7,0.98,17.77
2024-07-06,cabbage,Nagercoil,7,0.84,15.2
2024-07-06,cabbage,Tuticorin,7,1.26,22.31
2024-07-06,cabbage,Tenkasi,7,1.17,20.2
2024-07-06,potato,Tirunelveli,7,1.12,25.83
2024-07-06,potato,Madurai,7,1.01,22.91
2024-07-06,potato,Nagercoil,7,1.0,23.28
2024-07-06,potato,Tuticorin,7,0.84,19.25
2024-07-06,potato,Tenkasi,7,0.94,18.11
2024-07-06,beans,Tirunelveli,7,0.91,27.56
2024-07-06,beans,Madurai,7,1.2,39.02
2024-07-06,beans,Nagercoil,7,1.04,32.06
2024-07-06,beans,Tuticorin,7,0.96,31.51
2024-07-06,beans,Tenkasi,7,1.01,33.42
2024-07-06,okra,Tirunelveli,7,0.91,22.93
2024-07-06,okra,Madurai,7,1.11,26.77
2024-07-06,okra,Nagercoil,7,1.15,28.54
2024-07-06,okra,Tuticorin,7,1.2,30.32
2024-07-06,okra,Tenkasi,7,1.28,32.37
2024-07-07,tomato,Tirunelveli,7,1.1,26.9
2024-07-07,tomato,Madurai,7,1.13,26.83
2024-07-07,tomato,Nagercoil,7,1.17,26.03
2024-07-07,tomato,Tuticorin,7,0.87,18.24
2024-07-07,tomato,Tenkasi,7,1.05,24.47
2024-07-07,brinjal,Tirunelveli,7,1.11,22.49
2024-07-07,brinjal,Madurai,7,1.19,25.75
2024-07-07,brinjal,Nagercoil,7,1.11,21.8
2024-07-07,brinjal,Tuticorin,7,1.15,24.01
2024-07-07,brinjal,Tenkasi,7,1.12,20.02
2024-07-07,onion,Tirunelveli,7,1.09,30.39
2024-07-07,onion,Madurai,7,1.29,35.73
2024-07-07,onion,Nagercoil,7,1.22,32.98
2024-07-07,onion,Tuticorin,7,0.92,23.06
2024-07-07,onion,Tenkasi,7,0.8,21.42
2024-07-07,carrot,Tirunelveli,7,0.96,27.26
2024-07-07,carrot,Madurai,7,1.18,29.72
2024-07-07,carrot,Nagercoil,7,0.95,27.88
2024-07-07,carrot,Tuticorin,7,0.91,22.95
2024-07-07,carrot,Tenkasi,7,1.3,31.53
2024-07-07,cabbage,Tirunelveli,7,0.8,12.52
2024-07-07,cabbage,Madurai,7,1.16,18.51
2024-07-07,cabbage,Nagercoil,7,0.98,14.5
2024-07-07,cabbage,Tuticorin,7,1.0,16.48
2024-07-07,cabbage,Tenkasi,7,0.85,12.79
2024-07-07,potato,Tirunelveli,7,1.2,26.65
2024-07-07,potato,Madurai,7,1.08,23.17
2024-07-07,potato,Nagercoil,7,0.99,24.42
2024-07-07,potato,Tuticorin,7,0.85,21.5
2024-07-07,potato,Tenkasi,7,1.03,27.31
2024-07-07,beans,Tirunelveli,7,1.17,38.66
2024-07-07,beans,Madurai,7,0.87,29.25
2024-07-07,beans,Nagercoil,7,1.11,36.32
2024-07-07,beans,Tuticorin,7,0.99,31.32
2024-07-07,beans,Tenkasi,7,0.87,28.52
2024-07-07,okra,Tirunelveli,7,0.98,25.01
2024-07-07,okra,Madurai,7,0.82,20.82
2024-07-07,okra,Nagercoil,7,1.1,26.52
2024-07-07,okra,Tuticorin,7,1.29,31.23
2024-07-07,okra,Tenkasi,7,1.2,27.22
2024-07-08,tomato,Tirunelveli,7,1.06,24.83
2024-07-08,tomato,Madurai,7,1.11,24.32
2024-07-08,tomato,Nagercoil,7,1.16,28.08
2024-07-08,tomato,Tuticorin,7,1.13,27.28
2024-07-08,tomato,Tenkasi,7,0.91,23.07
2024-07-08,brinjal,Tirunelveli,7,1.28,25.26
2024-07-08,brinjal,Madurai,7,0.84,14.19
2024-07-08,brinjal,Nagercoil,7,0.91,19.12
2024-07-08,brinjal,Tuticorin,7,1.05,22.33
2024-07-08,brinjal,Tenkasi,7,1.28,26.9
2024-07-08,onion,Tirunelveli,7,0.89,22.51
2024-07-08,onion,Madurai,7,0.97,29.68
2024-07-08,onion,Nagercoil,7,1.08,31.28
2024-07-08,onion,Tuticorin,7,0.99,28.78
2024-07-08,onion,Tenkasi,7,1.18,33.88
2024-07-08,carrot,Tirunelveli,7,0.89,22.66
2024-07-08,carrot,Madurai,7,0.95,21.65
2024-07-08,carrot,Nagercoil,7,1.01,27.02
2024-07-08,carrot,Tuticorin,7,1.05,27.21
2024-07-08,carrot,Tenkasi,7,0.98,27.15
2024-07-08,cabbage,Tirunelveli,7,0.92,16.04
2024-07-08,cabbage,Madurai,7,1.17,15.69
2024-07-08,cabbage,Nagercoil,7,0.86,13.49
2024-07-08,cabbage,Tuticorin,7,0.98,14.37
2024-07-08,cabbage,Tenkasi,7,1.0,15.63
2024-07-08,potato,Tirunelveli,7,1.05,24.92
2024-07-08,potato,Madurai,7,1.11,25.84
2024-07-08,potato,Nagercoil,7,1.07,22.42
2024-07-08,potato,Tuticorin,7,1.02,21.83
2024-07-08,potato,Tenkasi,7,1.24,28.64
2024-07-08,beans,Tirunelveli,7,1.08,36.41
2024-07-08,beans,Madurai,7,1.21,39.55
2024-07-08,beans,Nagercoil,7,1.1,35.02
2024-07-08,beans,Tuticorin,7,1.07,37.09
2024-07-08,beans,Tenkasi,7,0.83,27.85
2024-07-08,okra,Tirunelveli,7,1.1,23.96
2024-07-08,okra,Madurai,7,1.19,33.54
2024-07-08,okra,Nagercoil,7,1.16,31.08
2024-07-08,okra,Tuticorin,7,1.05,26.51
2024-07-08,okra,Tenkasi,7,1.0,24.41
2024-07-09,tomato,Tirunelveli,7,0.99,22.96
2024-07-09,tomato,Madurai,7,1.2,27.06
2024-07-09,tomato,Nagercoil,7,1.07,26.16
2024-07-09,tomato,Tuticorin,7,0.93,20.57
2024-07-09,tomato,Tenkasi,7,1.17,25.26
2024-07-09,brinjal,Tirunelveli,7,1.25,26.06
2024-07-09,brinjal,Madurai,7,0.9,17.1
2024-07-09,brinjal,Nagercoil,7,0.81,15.46
2024-07-09,brinjal,Tuticorin,7,1.17,25.22
2024-07-09,brinjal,Tenkasi,7,0.93,19.88
2024-07-09,onion,Tirunelveli,7,1.02,27.26
2024-07-09,onion,Madurai,7,1.15,34.79
2024-07-09,onion,Nagercoil,7,1.12,31.38
2024-07-09,onion,Tuticorin,7,1.16,31.67
2024-07-09,onion,Tenkasi,7,1.13,30.58
2024-07-09,carrot,Tirunelveli,7,1.0,24.74
2024-07-09,carrot,Madurai,7,0.94,25.35
2024-07-09,carrot,Nagercoil,7,1.12,28.09
2024-07-09,carrot,Tuticorin,7,1.08,28.08
2024-07-09,carrot,Tenkasi,7,0.9,23.17
2024-07-09,cabbage,Tirunelveli,7,1.2,18.97
2024-07-09,cabbage,Madurai,7,0.96,15.1
2024-07-09,cabbage,Nagercoil,7,0.8,11.66
2024-07-09,cabbage,Tuticorin,7,1.21,21.46
2024-07-09,cabbage,Tenkasi,7,0.98,17.1
2024-07-09,potato,Tirunelveli,7,0.92,20.41
2024-07-09,potato,Madurai,7,1.16,24.6
2024-07-09,potato,Nagercoil,7,1.05,24.39
2024-07-09,potato,Tuticorin,7,0.98,22.53
2024-07-09,potato,Tenkasi,7,1.04,25.01
2024-07-09,beans,Tirunelveli,7,1.19,39.67
2024-07-09,beans,Madurai,7,1.23,38.7
2024-07-09,beans,Nagercoil,7,1.24,39.46
2024-07-09,beans,Tuticorin,7,1.29,43.84
2024-07-09,beans,Tenkasi,7,0.99,30.49
2024-07-09,okra,Tirunelveli,7,1.29,31.66
2024-07-09,okra,Madurai,7,1.15,28.84
2024-07-09,okra,Nagercoil,7,1.14,28.4
2024-07-09,okra,Tuticorin,7,0.95,21.25
2024-07-09,okra,Tenkasi,7,1.04,24.87
2024-07-10,tomato,Tirunelveli,7,0.92,19.81
2024-07-10,tomato,Madurai,7,0.92,20.49
2024-07-10,tomato,Nagercoil,7,0.84,19.48
2024-07-10,tomato,Tuticorin,7,1.0,24.33
2024-07-10,tomato,Tenkasi,7,1.07,25.7
2024-07-10,brinjal,Tirunelveli,7,0.89,18.41
2024-07-10,brinjal,Madurai,7,0.95,19.19
2024-07-10,brinjal,Nagercoil,7,0.81,16.86
2024-07-10,brinjal,Tuticorin,7,0.87,18.35
2024-07-10,brinjal,Tenkasi,7,1.3,26.12
2024-07-10,onion,Tirunelveli,7,1.1,26.74
2024-07-10,onion,Madurai,7,1.1,29.87
2024-07-10,onion,Nagercoil,7,1.02,28.38
2024-07-10,onion,Tuticorin,7,1.15,32.94
2024-07-10,onion,Tenkasi,7,1.25,34.01
2024-07-10,carrot,Tirunelveli,7,0.85,21.29
2024-07-10,carrot,Madurai,7,0.87,19.5
2024-07-10,carrot,Nagercoil,7,1.01,26.41
2024-07-10,carrot,Tuticorin,7,1.29,33.66
2024-07-10,carrot,Tenkasi,7,0.85,20.19
2024-07-10,cabbage,Tirunelveli,7,0.96,16.97
2024-07-10,cabbage,Madurai,7,1.0,16.64
2024-07-10,cabbage,Nagercoil,7,0.83,12.3
2024-07-10,cabbage,Tuticorin,7,0.91,14.74
2024-07-10,cabbage,Tenkasi,7,1.11,18.37
2024-07-10,potato,Tirunelveli,7,1.1,23.4
2024-07-10,potato,Madurai,7,1.01,24.32
2024-07-10,potato,Nagercoil,7,0.96,20.48
2024-07-10,potato,Tuticorin,7,1.04,20.64
2024-07-10,potato,Tenkasi,7,0.81,16.31
2024-07-10,beans,Tirunelveli,7,0.98,32.23
2024-07-10,beans,Madurai,7,0.87,29.27
2024-07-10,beans,Nagercoil,7,1.1,35.96
2024-07-10,beans,Tuticorin,7,0.87,29.26
2024-07-10,beans,Tenkasi,7,1.23,39.31
2024-07-10,okra,Tirunelveli,7,1.06,22.8
2024-07-10,okra,Madurai,7,1.23,25.31
2024-07-10,okra,Nagercoil,7,1.1,29.62
2024-07-10,okra,Tuticorin,7,1.04,25.57
2024-07-10,okra,Tenkasi,7,0.84,19.86
2024-07-11,tomato,Tirunelveli,7,1.1,25.64
2024-07-11,tomato,Madurai,7,1.15,29.54
2024-07-11,tomato,Nagercoil,7,0.89,19.42
2024-07-11,tomato,Tuticorin,7,1.07,24.55
2024-07-11,tomato,Tenkasi,7,1.13,27.36
2024-07-11,brinjal,Tirunelveli,7,1.04,21.25
2024-07-11,brinjal,Madurai,7,1.08,19.62
2024-07-11,brinjal,Nagercoil,7,1.22,27.34
2024-07-11,brinjal,Tuticorin,7,0.89,20.74
2024-07-11,brinjal,Tenkasi,7,1.25,26.11
2024-07-11,onion,Tirunelveli,7,1.24,37.81
2024-07-11,onion,Madurai,7,1.0,27.87
2024-07-11,onion,Nagercoil,7,1.03,29.15
2024-07-11,onion,Tuticorin,7,1.19,29.66
2024-07-11,onion,Tenkasi,7,1.08,29.97
2024-07-11,carrot,Tirunelveli,7,1.16,30.25
2024-07-11,carrot,Madurai,7,1.2,32.72
2024-07-11,carrot,Nagercoil,7,1.07,27.76
2024-07-11,carrot,Tuticorin,7,1.01,25.69
2024-07-11,carrot,Tenkasi,7,1.17,28.91
2024-07-11,cabbage,Tirunelveli,7,1.26,19.87
2024-07-11,cabbage,Madurai,7,0.88,12.67
2024-07-11,cabbage,Nagercoil,7,1.15,19.24
2024-07-11,cabbage,Tuticorin,7,1.11,19.02
2024-07-11,cabbage,Tenkasi,7,1.08,18.28
2024-07-11,potato,Tirunelveli,7,1.1,23.8
2024-07-11,potato,Madurai,7,1.13,25.35
2024-07-11,potato,Nagercoil,7,1.19,26.78
2024-07-11,potato,Tuticorin,7,1.26,28.09
2024-07-11,potato,Tenkasi,7,0.85,19.21
2024-07-11,beans,Tirunelveli,7,1.03,33.35
2024-07-11,beans,Madurai,7,0.98,34.51
2024-07-11,beans,Nagercoil,7,0.85,26.27
2024-07-11,beans,Tuticorin,7,0.93,31.93
2024-07-11,beans,Tenkasi,7,1.13,33.43
2024-07-11,okra,Tirunelveli,7,1.12,28.25
2024-07-11,okra,Madurai,7,0.94,21.54
2024-07-11,okra,Nagercoil,7,0.88,22.19
2024-07-11,okra,Tuticorin,7,1.19,27.33
2024-07-11,okra,Tenkasi,7,0.86,21.5
2024-07-12,tomato,Tirunelveli,7,1.22,27.16
2024-07-12,tomato,Madurai,7,1.13,27.77
2024-07-12,tomato,Nagercoil,7,0.86,19.35
2024-07-12,tomato,Tuticorin,7,1.0,23.04
2024-07-12,tomato,Tenkasi,7,0.84,15.52
2024-07-12,brinjal,Tirunelveli,7,1.02,19.58
2024-07-12,brinjal,Madurai,7,0.82,18.68
2024-07-12,brinjal,Nagercoil,7,0.98,18.99
2024-07-12,brinjal,Tuticorin,7,1.16,21.89
2024-07-12,brinjal,Tenkasi,7,1.08,19.19
2024-07-12,onion,Tirunelveli,7,1.28,36.21
2024-07-12,onion,Madurai,7,1.29,36.13
2024-07-12,onion,Nagercoil,7,1.04,32.15
2024-07-12,onion,Tuticorin,7,1.08,29.2
2024-07-12,onion,Tenkasi,7,1.12,31.55
2024-07-12,carrot,Tirunelveli,7,1.05,27.99
2024-07-12,carrot,Madurai,7,1.03,25.7
2024-07-12,carrot,Nagercoil,7,1.03,29.82
2024-07-12,carrot,Tuticorin,7,0.81,20.86
2024-07-12,carrot,Tenkasi,7,1.21,29.41
2024-07-12,cabbage,Tirunelveli,7,0.94,12.44
2024-07-12,cabbage,Madurai,7,0.85,14.66
2024-07-12,cabbage,Nagercoil,7,1.28,19.95
2024-07-12,cabbage,Tuticorin,7,1.3,23.55
2024-07-12,cabbage,Tenkasi,7,0.95,16.43
2024-07-12,potato,Tirunelveli,7,1.22,24.75
2024-07-12,potato,Madurai,7,0.9,19.44
2024-07-12,potato,Nagercoil,7,1.26,28.18
2024-07-12,potato,Tuticorin,7,0.84,18.63
2024-07-12,potato,Tenkasi,7,1.02,24.03
2024-07-12,beans,Tirunelveli,7,1.29,41.68
2024-07-12,beans,Madurai,7,1.06,32.84
2024-07-12,beans,Nagercoil,7,1.06,33.73
2024-07-12,beans,Tuticorin,7,1.16,37.48
2024-07-12,beans,Tenkasi,7,1.16,37.7
2024-07-12,okra,Tirunelveli,7,1.08,24.61
2024-07-12,okra,Madurai,7,1.14,27.78
2024-07-12,okra,Nagercoil,7,0.94,21.53
2024-07-12,okra,Tuticorin,7,1.05,26.45
2024-07-12,okra,Tenkasi,7,0.86,22.15
2024-07-13,tomato,Tirunelveli,7,1.1,26.01
2024-07-13,tomato,Madurai,7,1.19,28.63
2024-07-13,tomato,Nagercoil,7,0.94,22.55
2024-07-13,tomato,Tuticorin,7,0.98,22.25
2024-07-13,tomato,Tenkasi,7,0.83,17.77
2024-07-13,brinjal,Tirunelveli,7,1.2,24.78
2024-07-13,brinjal,Madurai,7,1.12,23.26
2024-07-13,brinjal,Nagercoil,7,0.86,18.01
2024-07-13,brinjal,Tuticorin,7,0.99,19.51
2024-07-13,brinjal,Tenkasi,7,1.29,28.32
2024-07-13,onion,Tirunelveli,7,1.17,33.36
2024-07-13,onion,Madurai,7,1.07,30.25
2024-07-13,onion,Nagercoil,7,0.94,24.22
2024-07-13,onion,Tuticorin,7,0.96,24.85
2024-07-13,onion,Tenkasi,7,0.92,26.82
2024-07-13,carrot,Tirunelveli,7,0.95,25.04
2024-07-13,carrot,Madurai,7,0.89,23.89
2024-07-13,carrot,Nagercoil,7,1.27,33.82
2024-07-13,carrot,Tuticorin,7,0.88,23.06
2024-07-13,carrot,Tenkasi,7,1.11,26.96
2024-07-13,cabbage,Tirunelveli,7,1.04,15.5
2024-07-13,cabbage,Madurai,7,1.04,17.88
2024-07-13,cabbage,Nagercoil,7,1.13,21.55
2024-07-13,cabbage,Tuticorin,7,1.03,16.04
2024-07-13,cabbage,Tenkasi,7,0.97,14.96
2024-07-13,potato,Tirunelveli,7,0.81,15.51
2024-07-13,potato,Madurai,7,1.13,24.55
2024-07-13,potato,Nagercoil,7,0.82,19.76
2024-07-13,potato,Tuticorin,7,1.29,27.82
2024-07-13,potato,Tenkasi,7,0.98,21.3
2024-07-13,beans,Tirunelveli,7,1.17,38.78
2024-07-13,beans,Madurai,7,1.01,30.07
2024-07-13,beans,Nagercoil,7,0.86,29.62
2024-07-13,beans,Tuticorin,7,1.11,34.44
2024-07-13,beans,Tenkasi,7,0.86,28.49
2024-07-13,okra,Tirunelveli,7,1.21,27.47
2024-07-13,okra,Madurai,7,0.97,21.67
2024-07-13,okra,Nagercoil,7,0.96,23.5
2024-07-13,okra,Tuticorin,7,0.81,18.71
2024-07-13,okra,Tenkasi,7,1.21,31.16
2024-07-14,tomato,Tirunelveli,7,1.15,25.88
2024-07-14,tomato,Madurai,7,0.89,21.88
2024-07-14,tomato,Nagercoil,7,1.29,30.94
2024-07-14,tomato,Tuticorin,7,0.81,19.43
2024-07-14,tomato,Tenkasi,7,0.98,22.17
2024-07-14,brinjal,Tirunelveli,7,1.08,22.3
2024-07-14,brinjal,Madurai,7,1.01,19.74
2024-07-14,brinjal,Nagercoil,7,1.12,22.2
2024-07-14,brinjal,Tuticorin,7,0.92,19.54
2024-07-14,brinjal,Tenkasi,7,1.03,20.59
2024-07-14,onion,Tirunelveli,7,1.0,28.33
2024-07-14,onion,Madurai,7,0.81,22.92
2024-07-14,onion,Nagercoil,7,1.02,26.05
2024-07-14,onion,Tuticorin,7,1.19,34.36
2024-07-14,onion,Tenkasi,7,1.29,33.52
2024-07-14,carrot,Tirunelveli,7,1.15,29.57
2024-07-14,carrot,Madurai,7,0.94,25.28
2024-07-14,carrot,Nagercoil,7,0.88,22.29
2024-07-14,carrot,Tuticorin,7,0.83,22.59
2024-07-14,carrot,Tenkasi,7,0.86,20.08
2024-07-14,cabbage,Tirunelveli,7,1.04,18.78
2024-07-14,cabbage,Madurai,7,0.91,15.8
2024-07-14,cabbage,Nagercoil,7,1.21,21.24
2024-07-14,cabbage,Tuticorin,7,1.02,15.23
2024-07-14,cabbage,Tenkasi,7,0.86,12.87
2024-07-14,potato,Tirunelveli,7,0.89,20.78
2024-07-14,potato,Madurai,7,0.98,19.92
2024-07-14,potato,Nagercoil,7,0.89,20.84
2024-07-14,potato,Tuticorin,7,0.8,14.05
2024-07-14,potato,Tenkasi,7,0.92,18.84
2024-07-14,beans,Tirunelveli,7,0.83,28.87
2024-07-14,beans,Madurai,7,1.16,36.96
2024-07-14,beans,Nagercoil,7,1.23,39.55
2024-07-14,beans,Tuticorin,7,0.98,29.14
2024-07-14,beans,Tenkasi,7,0.98,32.38
2024-07-14,okra,Tirunelveli,7,1.3,32.17
2024-07-14,okra,Madurai,7,1.11,25.3
2024-07-14,okra,Nagercoil,7,1.3,31.11
2024-07-14,okra,Tuticorin,7,1.08,24.73
2024-07-14,okra,Tenkasi,7,1.07,28.28
2024-07-15,tomato,Tirunelveli,7,1.27,28.62
2024-07-15,tomato,Madurai,7,0.88,19.01
2024-07-15,tomato,Nagercoil,7,1.2,27.86
2024-07-15,tomato,Tuticorin,7,1.0,20.35
2024-07-15,tomato,Tenkasi,7,0.82,20.47
2024-07-15,brinjal,Tirunelveli,7,1.09,20.78
2024-07-15,brinjal,Madurai,7,0.92,18.6
2024-07-15,brinjal,Nagercoil,7,1.01,17.96
2024-07-15,brinjal,Tuticorin,7,0.95,19.12
2024-07-15,brinjal,Tenkasi,7,1.13,25.03
2024-07-15,onion,Tirunelveli,7,0.89,21.88
2024-07-15,onion,Madurai,7,1.06,30.05
2024-07-15,onion,Nagercoil,7,1.19,32.03
2024-07-15,onion,Tuticorin,7,1.15,33.68
2024-07-15,onion,Tenkasi,7,1.27,33.73
2024-07-15,carrot,Tirunelveli,7,1.14,30.07
2024-07-15,carrot,Madurai,7,0.85,22.15
2024-07-15,carrot,Nagercoil,7,0.99,27.33
2024-07-15,carrot,Tuticorin,7,0.83,22.66
2024-07-15,carrot,Tenkasi,7,0.81,20.64
2024-07-15,cabbage,Tirunelveli,7,1.04,17.03
2024-07-15,cabbage,Madurai,7,1.01,17.89
2024-07-15,cabbage,Nagercoil,7,1.09,16.24
2024-07-15,cabbage,Tuticorin,7,0.81,13.26
2024-07-15,cabbage,Tenkasi,7,1.1,17.57
2024-07-15,potato,Tirunelveli,7,1.2,24.89
2024-07-15,potato,Madurai,7,0.93,20.89
2024-07-15,potato,Nagercoil,7,1.13,26.09
2024-07-15,potato,Tuticorin,7,0.98,21.0
2024-07-15,potato,Tenkasi,7,0.82,19.02
2024-07-15,beans,Tirunelveli,7,1.0,32.95
2024-07-15,beans,Madurai,7,1.06,35.17
2024-07-15,beans,Nagercoil,7,1.09,36.1
2024-07-15,beans,Tuticorin,7,1.03,35.16
2024-07-15,beans,Tenkasi,7,1.28,42.0
2024-07-15,okra,Tirunelveli,7,0.99,24.99
2024-07-15,okra,Madurai,7,1.11,23.84
2024-07-15,okra,Nagercoil,7,0.95,24.95
2024-07-15,okra,Tuticorin,7,1.0,21.51
2024-07-15,okra,Tenkasi,7,0.93,25.11
2024-07-16,tomato,Tirunelveli,7,1.18,26.17
2024-07-16,tomato,Madurai,7,0.98,22.84
2024-07-16,tomato,Nagercoil,7,1.24,27.55
2024-07-16,tomato,Tuticorin,7,1.27,31.05
2024-07-16,tomato,Tenkasi,7,0.84,19.35
2024-07-16,brinjal,Tirunelveli,7,0.98,19.65
2024-07-16,brinjal,Madurai,7,1.07,22.48
2024-07-16,brinjal,Nagercoil,7,1.0,20.98
2024-07-16,brinjal,Tuticorin,7,1.01,19.81
2024-07-16,brinjal,Tenkasi,7,1.17,24.02
2024-07-16,onion,Tirunelveli,7,1.07,29.96
2024-07-16,onion,Madurai,7,0.89,22.64
2024-07-16,onion,Nagercoil,7,1.02,28.02
2024-07-16,onion,Tuticorin,7,0.87,26.38
2024-07-16,onion,Tenkasi,7,1.16,33.13
2024-07-16,carrot,Tirunelveli,7,1.04,25.76
2024-07-16,carrot,Madurai,7,1.03,27.28
2024-07-16,carrot,Nagercoil,7,0.82,22.3
2024-07-16,carrot,Tuticorin,7,0.95,27.13
2024-07-16,carrot,Tenkasi,7,1.11,29.28
2024-07-16,cabbage,Tirunelveli,7,1.18,21.06
2024-07-16,cabbage,Madurai,7,1.21,21.81
2024-07-16,cabbage,Nagercoil,7,1.12,17.65
2024-07-16,cabbage,Tuticorin,7,1.16,15.65
2024-07-16,cabbage,Tenkasi,7,1.24,19.3
2024-07-16,potato,Tirunelveli,7,1.27,26.2
2024-07-16,potato,Madurai,7,1.09,24.96
2024-07-16,potato,Nagercoil,7,1.3,27.23
2024-07-16,potato,Tuticorin,7,1.21,25.71
2024-07-16,potato,Tenkasi,7,1.24,28.49
2024-07-16,beans,Tirunelveli,7,1.06,33.93
2024-07-16,beans,Madurai,7,0.83,28.01
2024-07-16,beans,Nagercoil,7,1.04,35.0
2024-07-16,beans,Tuticorin,7,1.28,39.9
2024-07-16,beans,Tenkasi,7,1.15,36.9
2024-07-16,okra,Tirunelveli,7,1.19,30.01
2024-07-16,okra,Madurai,7,1.22,29.48
2024-07-16,okra,Nagercoil,7,1.11,29.55
2024-07-16,okra,Tuticorin,7,1.15,28.8
2024-07-16,okra,Tenkasi,7,1.28,29.76
2024-07-17,tomato,Tirunelveli,7,1.03,25.46
2024-07-17,tomato,Madurai,7,1.13,27.5
2024-07-17,tomato,Nagercoil,7,1.07,24.62
2024-07-17,tomato,Tuticorin,7,0.83,20.73
2024-07-17,tomato,Tenkasi,7,1.22,29.6
2024-07-17,brinjal,Tirunelveli,7,0.87,18.36
2024-07-17,brinjal,Madurai,7,0.82,17.31
2024-07-17,brinjal,Nagercoil,7,1.15,24.18
2024-07-17,brinjal,Tuticorin,7,0.87,18.74
2024-07-17,brinjal,Tenkasi,7,1.01,21.09
2024-07-17,onion,Tirunelveli,7,1.01,26.71
2024-07-17,onion,Madurai,7,1.25,34.41
2024-07-17,onion,Nagercoil,7,1.23,33.11
2024-07-17,onion,Tuticorin,7,1.13,32.43
2024-07-17,onion,Tenkasi,7,1.12,31.72
2024-07-17,carrot,Tirunelveli,7,0.99,27.27
2024-07-17,carrot,Madurai,7,0.83,19.7
2024-07-17,carrot,Nagercoil,7,1.03,28.59
2024-07-17,carrot,Tuticorin,7,1.14,26.29
2024-07-17,carrot,Tenkasi,7,0.92,22.39
2024-07-17,cabbage,Tirunelveli,7,0.99,14.87
2024-07-17,cabbage,Madurai,7,0.98,16.56
2024-07-17,cabbage,Nagercoil,7,1.07,17.08
2024-07-17,cabbage,Tuticorin,7,1.28,21.29
2024-07-17,cabbage,Tenkasi,7,0.94,14.01
2024-07-17,potato,Tirunelveli,7,0.82,18.58
2024-07-17,potato,Madurai,7,0.99,20.68
2024-07-17,potato,Nagercoil,7,0.96,21.65
2024-07-17,potato,Tuticorin,7,1.01,22.43
2024-07-17,potato,Tenkasi,7,0.84,16.85
2024-07-17,beans,Tirunelveli,7,0.82,24.18
2024-07-17,beans,Madurai,7,0.85,27.64
2024-07-17,beans,Nagercoil,7,1.01,33.11
2024-07-17,beans,Tuticorin,7,1.21,39.74
2024-07-17,beans,Tenkasi,7,1.24,37.61
2024-07-17,okra,Tirunelveli,7,0.89,23.36
2024-07-17,okra,Madurai,7,1.14,27.48
2024-07-17,okra,Nagercoil,7,1.16,28.21
2024-07-17,okra,Tuticorin,7,1.05,22.28
2024-07-17,okra,Tenkasi,7,1.05,23.09
2024-07-18,tomato,Tirunelveli,7,0.98,23.56
2024-07-18,tomato,Madurai,7,1.24,29.25
2024-07-18,tomato,Nagercoil,7,0.91,20.69
2024-07-18,tomato,Tuticorin,7,0.95,23.19
2024-07-18,tomato,Tenkasi,7,1.16,26.47
2024-07-18,brinjal,Tirunelveli,7,0.99,19.89
2024-07-18,brinjal,Madurai,7,1.16,25.27
2024-07-18,brinjal,Nagercoil,7,1.13,20.8
2024-07-18,brinjal,Tuticorin,7,1.17,23.51
2024-07-18,brinjal,Tenkasi,7,0.88,19.35
2024-07-18,onion,Tirunelveli,7,0.96,29.18
2024-07-18,onion,Madurai,7,0.81,21.57
2024-07-18,onion,Nagercoil,7,0.96,27.6
2024-07-18,onion,Tuticorin,7,1.17,34.02
2024-07-18,onion,Tenkasi,7,1.21,34.48
2024-07-18,carrot,Tirunelveli,7,1.02,28.0
2024-07-18,carrot,Madurai,7,1.29,31.4
2024-07-18,carrot,Nagercoil,7,0.95,24.99
2024-07-18,carrot,Tuticorin,7,1.15,29.36
2024-07-18,carrot,Tenkasi,7,0.99,26.24
2024-07-18,cabbage,Tirunelveli,7,1.13,20.01
2024-07-18,cabbage,Madurai,7,0.85,13.68
2024-07-18,cabbage,Nagercoil,7,0.82,12.63
2024-07-18,cabbage,Tuticorin,7,0.86,12.88
2024-07-18,cabbage,Tenkasi,7,0.83,12.88
2024-07-18,potato,Tirunelveli,7,1.26,28.65
2024-07-18,potato,Madurai,7,0.98,20.16
2024-07-18,potato,Nagercoil,7,0.92,21.47
2024-07-18,potato,Tuticorin,7,1.09,26.4
2024-07-18,potato,Tenkasi,7,1.18,26.68
2024-07-18,beans,Tirunelveli,7,1.14,38.21
2024-07-18,beans,Madurai,7,1.11,35.79
2024-07-18,beans,Nagercoil,7,1.3,43.02
2024-07-18,beans,Tuticorin,7,1.16,34.86
2024-07-18,beans,Tenkasi,7,1.08,33.77
2024-07-18,okra,Tirunelveli,7,0.89,22.82
2024-07-18,okra,Madurai,7,0.83,22.55
2024-07-18,okra,Nagercoil,7,0.96,24.2
2024-07-18,okra,Tuticorin,7,1.11,25.22
2024-07-18,okra,Tenkasi,7,1.14,29.46
2024-07-19,tomato,Tirunelveli,7,1.22,27.72
2024-07-19,tomato,Madurai,7,1.04,24.55
2024-07-19,tomato,Nagercoil,7,1.17,28.03
2024-07-19,tomato,Tuticorin,7,0.91,22.15
2024-07-19,tomato,Tenkasi,7,0.9,23.02
2024-07-19,brinjal,Tirunelveli,7,0.96,20.38
2024-07-19,brinjal,Madurai,7,0.85,15.87
2024-07-19,brinjal,Nagercoil,7,0.88,19.57
2024-07-19,brinjal,Tuticorin,7,0.87,19.04
2024-07-19,brinjal,Tenkasi,7,0.98,17.41
2024-07-19,onion,Tirunelveli,7,0.81,22.06
2024-07-19,onion,Madurai,7,1.13,30.53
2024-07-19,onion,Nagercoil,7,0.85,22.05
2024-07-19,onion,Tuticorin,7,0.91,25.38
2024-07-19,onion,Tenkasi,7,0.89,24.88
2024-07-19,carrot,Tirunelveli,7,1.03,25.97
2024-07-19,carrot,Madurai,7,1.22,33.05
2024-07-19,carrot,Nagercoil,7,0.95,23.54
2024-07-19,carrot,Tuticorin,7,1.0,25.27
2024-07-19,carrot,Tenkasi,7,1.27,32.54
2024-07-19,cabbage,Tirunelveli,7,1.07,18.82
2024-07-19,cabbage,Madurai,7,1.06,19.3
2024-07-19,cabbage,Nagercoil,7,0.84,12.57
2024-07-19,cabbage,Tuticorin,7,1.01,17.39
2024-07-19,cabbage,Tenkasi,7,1.11,19.59
2024-07-19,potato,Tirunelveli,7,1.14,26.79
2024-07-19,potato,Madurai,7,0.87,18.87
2024-07-19,potato,Nagercoil,7,1.16,25.56
2024-07-19,potato,Tuticorin,7,1.28,27.74
2024-07-19,potato,Tenkasi,7,1.04,22.7
2024-07-19,beans,Tirunelveli,7,1.23,38.87
2024-07-19,beans,Madurai,7,1.29,41.77
2024-07-19,beans,Nagercoil,7,1.21,36.13
2024-07-19,beans,Tuticorin,7,1.03,32.14
2024-07-19,beans,Tenkasi,7,1.22,38.69
2024-07-19,okra,Tirunelveli,7,1.28,31.01
2024-07-19,okra,Madurai,7,0.87,22.12
2024-07-19,okra,Nagercoil,7,0.89,23.49
2024-07-19,okra,Tuticorin,7,0.89,20.96
2024-07-19,okra,Tenkasi,7,1.13,28.66
2024-07-20,tomato,Tirunelveli,7,1.05,24.09
2024-07-20,tomato,Madurai,7,0.94,24.47
2024-07-20,tomato,Nagercoil,7,0.98,22.55
2024-07-20,tomato,Tuticorin,7,0.91,22.68
2024-07-20,tomato,Tenkasi,7,1.27,28.59
2024-07-20,brinjal,Tirunelveli,7,1.15,22.4
2024-07-20,brinjal,Madurai,7,1.19,23.03
2024-07-20,brinjal,Nagercoil,7,0.95,18.13
2024-07-20,brinjal,Tuticorin,7,1.1,23.98
2024-07-20,brinjal,Tenkasi,7,1.05,22.41
2024-07-20,onion,Tirunelveli,7,0.98,24.28
2024-07-20,onion,Madurai,7,1.28,33.71
2024-07-20,onion,Nagercoil,7,1.18,32.1
2024-07-20,onion,Tuticorin,7,1.07,27.85
2024-07-20,onion,Tenkasi,7,1.11,32.76
2024-07-20,carrot,Tirunelveli,7,1.18,30.45
2024-07-20,carrot,Madurai,7,1.05,27.91
2024-07-20,carrot,Nagercoil,7,1.19,31.72
2024-07-20,carrot,Tuticorin,7,1.28,31.74
2024-07-20,carrot,Tenkasi,7,1.24,30.86
2024-07-20,cabbage,Tirunelveli,7,1.19,18.25
2024-07-20,cabbage,Madurai,7,1.05,18.05
2024-07-20,cabbage,Nagercoil,7,0.88,12.46
2024-07-20,cabbage,Tuticorin,7,0.85,16.19
2024-07-20,cabbage,Tenkasi,7,0.96,14.29
2024-07-20,potato,Tirunelveli,7,1.22,25.22
2024-07-20,potato,Madurai,7,1.12,26.31
2024-07-20,potato,Nagercoil,7,1.27,30.36
2024-07-20,potato,Tuticorin,7,0.9,22.68
2024-07-20,potato,Tenkasi,7,1.12,26.4
2024-07-20,beans,Tirunelveli,7,0.83,23.46
2024-07-20,beans,Madurai,7,1.18,39.19
2024-07-20,beans,Nagercoil,7,1.06,33.28
2024-07-20,beans,Tuticorin,7,1.28,42.16
2024-07-20,beans,Tenkasi,7,0.91,28.02
2024-07-20,okra,Tirunelveli,7,1.1,26.33
2024-07-20,okra,Madurai,7,0.99,25.33
2024-07-20,okra,Nagercoil,7,0.8,18.65
2024-07-20,okra,Tuticorin,7,1.2,29.23
2024-07-20,okra,Tenkasi,7,1.09,26.39
2024-07-21,tomato,Tirunelveli,7,0.83,18.48
2024-07-21,tomato,Madurai,7,1.11,27.12
2024-07-21,tomato,Nagercoil,7,1.04,24.04
2024-07-21,tomato,Tuticorin,7,1.22,28.28
2024-07-21,tomato,Tenkasi,7,1.15,26.81
2024-07-21,brinjal,Tirunelveli,7,0.84,17.91
2024-07-21,brinjal,Madurai,7,1.1,20.79
2024-07-21,brinjal,Nagercoil,7,1.0,21.34
2024-07-21,brinjal,Tuticorin,7,1.1,20.22
2024-07-21,brinjal,Tenkasi,7,0.87,15.47
2024-07-21,onion,Tirunelveli,7,1.27,36.42
2024-07-21,onion,Madurai,7,0.8,23.62
2024-07-21,onion,Nagercoil,7,0.98,25.86
2024-07-21,onion,Tuticorin,7,1.19,36.3
2024-07-21,onion,Tenkasi,7,1.01,29.32
2024-07-21,carrot,Tirunelveli,7,0.87,21.14
2024-07-21,carrot,Madurai,7,0.96,22.96
2024-07-21,carrot,Nagercoil,7,1.02,26.17
2024-07-21,carrot,Tuticorin,7,0.88,25.65
2024-07-21,carrot,Tenkasi,7,0.83,22.57
2024-07-21,cabbage,Tirunelveli,7,1.24,19.74
2024-07-21,cabbage,Madurai,7,1.13,17.87
2024-07-21,cabbage,Nagercoil,7,1.03,15.59
2024-07-21,cabbage,Tuticorin,7,1.2,20.03
2024-07-21,cabbage,Tenkasi,7,1.11,17.96
2024-07-21,potato,Tirunelveli,7,1.21,25.31
2024-07-21,potato,Madurai,7,1.08,23.66
2024-07-21,potato,Nagercoil,7,0.92,19.19
2024-07-21,potato,Tuticorin,7,1.06,23.18
2024-07-21,potato,Tenkasi,7,1.02,24.34
2024-07-21,beans,Tirunelveli,7,1.25,43.04
2024-07-21,beans,Madurai,7,0.93,33.0
2024-07-21,beans,Nagercoil,7,1.1,32.92
2024-07-21,beans,Tuticorin,7,1.3,44.01
2024-07-21,beans,Tenkasi,7,1.24,40.54
2024-07-21,okra,Tirunelveli,7,1.03,27.25
2024-07-21,okra,Madurai,7,0.89,23.01
2024-07-21,okra,Nagercoil,7,1.03,23.6
2024-07-21,okra,Tuticorin,7,1.24,29.89
2024-07-21,okra,Tenkasi,7,1.12,25.24
2024-07-22,tomato,Tirunelveli,7,1.06,25.06
2024-07-22,tomato,Madurai,7,0.99,21.62
2024-07-22,tomato,Nagercoil,7,1.17,29.56
2024-07-22,tomato,Tuticorin,7,1.18,25.49
2024-07-22,tomato,Tenkasi,7,1.07,23.54
2024-07-22,brinjal,Tirunelveli,7,1.01,20.58
2024-07-22,brinjal,Madurai,7,1.07,23.22
2024-07-22,brinjal,Nagercoil,7,1.25,25.37
2024-07-22,brinjal,Tuticorin,7,1.21,26.81
2024-07-22,brinjal,Tenkasi,7,1.0,19.06
2024-07-22,onion,Tirunelveli,7,0.92,24.58
2024-07-22,onion,Madurai,7,0.97,26.49
2024-07-22,onion,Nagercoil,7,1.03,28.45
2024-07-22,onion,Tuticorin,7,1.25,35.07
2024-07-22,onion,Tenkasi,7,0.91,25.5
2024-07-22,carrot,Tirunelveli,7,1.14,27.36
2024-07-22,carrot,Madurai,7,0.82,20.94
2024-07-22,carrot,Nagercoil,7,0.97,22.77
2024-07-22,carrot,Tuticorin,7,1.16,28.09
2024-07-22,carrot,Tenkasi,7,1.25,32.36
2024-07-22,cabbage,Tirunelveli,7,0.95,17.07
2024-07-22,cabbage,Madurai,7,1.28,22.42
2024-07-22,cabbage,Nagercoil,7,1.05,15.13
2024-07-22,cabbage,Tuticorin,7,1.14,20.61
2024-07-22,cabbage,Tenkasi,7,1.03,18.86
2024-07-22,potato,Tirunelveli,7,0.83,18.02
2024-07-22,potato,Madurai,7,1.24,27.58
2024-07-22,potato,Nagercoil,7,1.05,24.98
2024-07-22,potato,Tuticorin,7,0.98,24.33
2024-07-22,potato,Tenkasi,7,1.27,29.4
2024-07-22,beans,Tirunelveli,7,1.19,37.27
2024-07-22,beans,Madurai,7,0.99,32.42
2024-07-22,beans,Nagercoil,7,0.87,28.65
2024-07-22,beans,Tuticorin,7,1.18,38.93
2024-07-22,beans,Tenkasi,7,1.13,34.67
2024-07-22,okra,Tirunelveli,7,0.96,23.24
2024-07-22,okra,Madurai,7,0.87,19.75
2024-07-22,okra,Nagercoil,7,1.15,28.43
2024-07-22,okra,Tuticorin,7,1.15,25.91
2024-07-22,okra,Tenkasi,7,0.96,22.84
2024-07-23,tomato,Tirunelveli,7,0.96,21.21
2024-07-23,tomato,Madurai,7,1.21,28.6
2024-07-23,tomato,Nagercoil,7,1.18,28.19
2024-07-23,tomato,Tuticorin,7,1.13,24.96
2024-07-23,tomato,Tenkasi,7,1.17,26.53
2024-07-23,brinjal,Tirunelveli,7,0.92,18.12
2024-07-23,brinjal,Madurai,7,0.98,21.0
2024-07-23,brinjal,Nagercoil,7,1.26,26.93
2024-07-23,brinjal,Tuticorin,7,0.83,15.49
2024-07-23,brinjal,Tenkasi,7,1.07,20.0
2024-07-23,onion,Tirunelveli,7,0.85,21.55
2024-07-23,onion,Madurai,7,1.12,32.67
2024-07-23,onion,Nagercoil,7,1.22,34.99
2024-07-23,onion,Tuticorin,7,0.9,25.17
2024-07-23,onion,Tenkasi,7,1.1,32.67
2024-07-23,carrot,Tirunelveli,7,1.1,27.84
2024-07-23,carrot,Madurai,7,1.05,26.79
2024-07-23,carrot,Nagercoil,7,0.91,24.68
2024-07-23,carrot,Tuticorin,7,1.1,27.1
2024-07-23,carrot,Tenkasi,7,1.04,30.08
2024-07-23,cabbage,Tirunelveli,7,1.28,20.5
2024-07-23,cabbage,Madurai,7,0.91,15.57
2024-07-23,cabbage,Nagercoil,7,1.29,22.06
2024-07-23,cabbage,Tuticorin,7,0.95,16.19
2024-07-23,cabbage,Tenkasi,7,1.17,17.99
2024-07-23,potato,Tirunelveli,7,1.08,25.44
2024-07-23,potato,Madurai,7,1.11,26.67
2024-07-23,potato,Nagercoil,7,1.22,26.89
2024-07-23,potato,Tuticorin,7,1.23,27.12
2024-07-23,potato,Tenkasi,7,0.99,24.11
2024-07-23,beans,Tirunelveli,7,1.22,36.89
2024-07-23,beans,Madurai,7,1.05,34.02
2024-07-23,beans,Nagercoil,7,0.87,26.58
2024-07-23,beans,Tuticorin,7,0.93,32.0
2024-07-23,beans,Tenkasi,7,1.28,42.41
2024-07-23,okra,Tirunelveli,7,1.11,27.73
2024-07-23,okra,Madurai,7,1.22,30.15
2024-07-23,okra,Nagercoil,7,1.28,32.95
2024-07-23,okra,Tuticorin,7,0.9,21.34
2024-07-23,okra,Tenkasi,7,1.06,26.5
2024-07-24,tomato,Tirunelveli,7,0.86,23.31
2024-07-24,tomato,Madurai,7,1.3,31.26
2024-07-24,tomato,Nagercoil,7,1.29,29.65
2024-07-24,tomato,Tuticorin,7,1.3,30.36
2024-07-24,tomato,Tenkasi,7,1.03,23.17
2024-07-24,brinjal,Tirunelveli,7,1.05,22.17
2024-07-24,brinjal,Madurai,7,1.28,26.32
2024-07-24,brinjal,Nagercoil,7,1.2,24.91
2024-07-24,brinjal,Tuticorin,7,0.89,19.25
2024-07-24,brinjal,Tenkasi,7,0.85,19.41
2024-07-24,onion,Tirunelveli,7,0.86,24.25
2024-07-24,onion,Madurai,7,0.87,23.33
2024-07-24,onion,Nagercoil,7,1.03,29.78
2024-07-24,onion,Tuticorin,7,1.15,28.91
2024-07-24,onion,Tenkasi,7,1.14,27.3
2024-07-24,carrot,Tirunelveli,7,1.0,27.78
2024-07-24,carrot,Madurai,7,1.23,30.09
2024-07-24,carrot,Nagercoil,7,1.17,29.09
2024-07-24,carrot,Tuticorin,7,0.98,24.71
2024-07-24,carrot,Tenkasi,7,1.15,31.17
2024-07-24,cabbage,Tirunelveli,7,0.82,11.34
2024-07-24,cabbage,Madurai,7,1.21,18.4
2024-07-24,cabbage,Nagercoil,7,1.28,23.31
2024-07-24,cabbage,Tuticorin,7,1.15,18.91
2024-07-24,cabbage,Tenkasi,7,1.28,21.82
2024-07-24,potato,Tirunelveli,7,0.81,20.65
2024-07-24,potato,Madurai,7,0.93,20.36
2024-07-24,potato,Nagercoil,7,1.05,23.07
2024-07-24,potato,Tuticorin,7,1.22,27.65
2024-07-24,potato,Tenkasi,7,1.26,29.56
2024-07-24,beans,Tirunelveli,7,1.05,33.82
2024-07-24,beans,Madurai,7,0.94,31.86
2024-07-24,beans,Nagercoil,7,1.26,40.85
2024-07-24,beans,Tuticorin,7,0.96,27.56
2024-07-24,beans,Tenkasi,7,1.13,35.03
2024-07-24,okra,Tirunelveli,7,1.18,27.69
2024-07-24,okra,Madurai,7,0.83,17.16
2024-07-24,okra,Nagercoil,7,0.87,21.55
2024-07-24,okra,Tuticorin,7,1.19,27.5
2024-07-24,okra,Tenkasi,7,0.94,21.51
2024-07-25,tomato,Tirunelveli,7,1.09,24.67
2024-07-25,tomato,Madurai,7,0.97,20.04
2024-07-25,tomato,Nagercoil,7,1.24,29.54
2024-07-25,tomato,Tuticorin,7,0.97,24.28
2024-07-25,tomato,Tenkasi,7,1.15,27.07
2024-07-25,brinjal,Tirunelveli,7,1.19,25.94
2024-07-25,brinjal,Madurai,7,1.17,21.23
2024-07-25,brinjal,Nagercoil,7,1.17,24.89
2024-07-25,brinjal,Tuticorin,7,0.9,19.35
2024-07-25,brinjal,Tenkasi,7,1.21,25.53
2024-07-25,onion,Tirunelveli,7,1.04,29.53
2024-07-25,onion,Madurai,7,1.13,31.71
2024-07-25,onion,Nagercoil,7,0.87,27.17
2024-07-25,onion,Tuticorin,7,1.19,30.9
2024-07-25,onion,Tenkasi,7,1.17,35.01
2024-07-25,carrot,Tirunelveli,7,1.25,33.34
2024-07-25,carrot,Madurai,7,1.24,32.06
2024-07-25,carrot,Nagercoil,7,1.22,32.11
2024-07-25,carrot,Tuticorin,7,1.01,23.93
2024-07-25,carrot,Tenkasi,7,1.21,30.58
2024-07-25,cabbage,Tirunelveli,7,1.29,22.2
2024-07-25,cabbage,Madurai,7,1.28,23.07
2024-07-25,cabbage,Nagercoil,7,0.93,15.4
2024-07-25,cabbage,Tuticorin,7,0.84,12.86
2024-07-25,cabbage,Tenkasi,7,0.93,15.02
2024-07-25,potato,Tirunelveli,7,0.85,18.29
2024-07-25,potato,Madurai,7,1.28,27.7
2024-07-25,potato,Nagercoil,7,1.25,25.16
2024-07-25,potato,Tuticorin,7,1.14,27.53
2024-07-25,potato,Tenkasi,7,1.21,28.25
2024-07-25,beans,Tirunelveli,7,1.24,41.32
2024-07-25,beans,Madurai,7,1.07,35.01
2024-07-25,beans,Nagercoil,7,0.94,30.56
2024-07-25,beans,Tuticorin,7,1.25,42.11
2024-07-25,beans,Tenkasi,7,0.82,27.4
2024-07-25,okra,Tirunelveli,7,0.92,22.05
2024-07-25,okra,Madurai,7,1.27,33.5
2024-07-25,okra,Nagercoil,7,1.23,30.97
2024-07-25,okra,Tuticorin,7,1.19,28.66
2024-07-25,okra,Tenkasi,7,1.14,27.51
2024-07-26,tomato,Tirunelveli,7,1.29,26.52
2024-07-26,tomato,Madurai,7,1.19,26.18
2024-07-26,tomato,Nagercoil,7,0.88,17.88
2024-07-26,tomato,Tuticorin,7,1.09,24.42
2024-07-26,tomato,Tenkasi,7,0.83,19.86
2024-07-26,brinjal,Tirunelveli,7,0.89,17.21
2024-07-26,brinjal,Madurai,7,0.92,18.09
2024-07-26,brinjal,Nagercoil,7,0.97,19.73
2024-07-26,brinjal,Tuticorin,7,1.15,26.02
2024-07-26,brinjal,Tenkasi,7,0.97,17.81
2024-07-26,onion,Tirunelveli,7,1.22,32.44
2024-07-26,onion,Madurai,7,1.17,34.36
2024-07-26,onion,Nagercoil,7,1.27,34.83
2024-07-26,onion,Tuticorin,7,1.03,27.76
2024-07-26,onion,Tenkasi,7,1.05,26.33
2024-07-26,carrot,Tirunelveli,7,1.13,29.95
2024-07-26,carrot,Madurai,7,1.12,27.64
2024-07-26,carrot,Nagercoil,7,1.04,27.19
2024-07-26,carrot,Tuticorin,7,0.98,26.57
2024-07-26,carrot,Tenkasi,7,1.04,26.92
2024-07-26,cabbage,Tirunelveli,7,0.81,15.36
2024-07-26,cabbage,Madurai,7,1.19,19.45
2024-07-26,cabbage,Nagercoil,7,1.06,17.25
2024-07-26,cabbage,Tuticorin,7,1.08,15.56
2024-07-26,cabbage,Tenkasi,7,1.3,23.7
2024-07-26,potato,Tirunelveli,7,1.05,24.74
2024-07-26,potato,Madurai,7,0.98,21.66
2024-07-26,potato,Nagercoil,7,1.3,30.85
2024-07-26,potato,Tuticorin,7,1.03,23.13
2024-07-26,potato,Tenkasi,7,0.82,17.58
2024-07-26,beans,Tirunelveli,7,0.93,31.9
2024-07-26,beans,Madurai,7,1.05,32.71
2024-07-26,beans,Nagercoil,7,0.81,24.36
2024-07-26,beans,Tuticorin,7,1.26,43.47
2024-07-26,beans,Tenkasi,7,1.05,32.55
2024-07-26,okra,Tirunelveli,7,1.18,29.46
2024-07-26,okra,Madurai,7,1.16,30.77
2024-07-26,okra,Nagercoil,7,0.85,19.55
2024-07-26,okra,Tuticorin,7,1.01,24.03
2024-07-26,okra,Tenkasi,7,1.29,32.09
2024-07-27,tomato,Tirunelveli,7,0.83,20.07
2024-07-27,tomato,Madurai,7,1.05,26.75
2024-07-27,tomato,Nagercoil,7,1.29,28.09
2024-07-27,tomato,Tuticorin,7,1.25,30.23
2024-07-27,tomato,Tenkasi,7,1.01,22.83
2024-07-27,brinjal,Tirunelveli,7,1.23,26.74
2024-07-27,brinjal,Madurai,7,1.12,23.34
2024-07-27,brinjal,Nagercoil,7,0.9,16.84
2024-07-27,brinjal,Tuticorin,7,1.01,20.75
2024-07-27,brinjal,Tenkasi,7,1.04,18.99
2024-07-27,onion,Tirunelveli,7,1.05,30.37
2024-07-27,onion,Madurai,7,1.15,30.32
2024-07-27,onion,Nagercoil,7,0.98,27.65
2024-07-27,onion,Tuticorin,7,1.16,33.36
2024-07-27,onion,Tenkasi,7,0.94,25.84
2024-07-27,carrot,Tirunelveli,7,0.99,25.74
2024-07-27,carrot,Madurai,7,1.13,30.65
2024-07-27,carrot,Nagercoil,7,0.87,23.11
2024-07-27,carrot,Tuticorin,7,1.01,25.95
2024-07-27,carrot,Tenkasi,7,0.81,19.69
2024-07-27,cabbage,Tirunelveli,7,1.25,22.58
2024-07-27,cabbage,Madurai,7,0.83,13.96
2024-07-27,cabbage,Nagercoil,7,0.91,14.2
2024-07-27,cabbage,Tuticorin,7,1.2,17.85
2024-07-27,cabbage,Tenkasi,7,0.99,16.71
2024-07-27,potato,Tirunelveli,7,1.02,22.43
2024-07-27,potato,Madurai,7,1.16,24.61
2024-07-27,potato,Nagercoil,7,0.87,19.95
2024-07-27,potato,Tuticorin,7,1.18,24.95
2024-07-27,potato,Tenkasi,7,0.84,20.79
2024-07-27,beans,Tirunelveli,7,0.81,25.45
2024-07-27,beans,Madurai,7,0.86,25.69
2024-07-27,beans,Nagercoil,7,0.85,27.88
2024-07-27,beans,Tuticorin,7,1.27,42.37
2024-07-27,beans,Tenkasi,7,0.97,29.93
2024-07-27,okra,Tirunelveli,7,1.11,27.62
2024-07-27,okra,Madurai,7,0.86,21.95
2024-07-27,okra,Nagercoil,7,0.97,23.4
2024-07-27,okra,Tuticorin,7,0.96,25.57
2024-07-27,okra,Tenkasi,7,1.08,24.89
2024-07-28,tomato,Tirunelveli,7,1.26,27.69
2024-07-28,tomato,Madurai,7,1.06,23.6
2024-07-28,tomato,Nagercoil,7,1.05,23.86
2024-07-28,tomato,Tuticorin,7,1.0,22.64
2024-07-28,tomato,Tenkasi,7,1.0,21.94
2024-07-28,brinjal,Tirunelveli,7,0.8,15.66
2024-07-28,brinjal,Madurai,7,1.29,26.11
2024-07-28,brinjal,Nagercoil,7,1.3,27.44
2024-07-28,brinjal,Tuticorin,7,1.14,23.47
2024-07-28,brinjal,Tenkasi,7,1.22,25.92
2024-07-28,onion,Tirunelveli,7,1.25,33.74
2024-07-28,onion,Madurai,7,0.89,24.71
2024-07-28,onion,Nagercoil,7,0.83,22.58
2024-07-28,onion,Tuticorin,7,0.86,21.94
2024-07-28,onion,Tenkasi,7,0.88,21.55
2024-07-28,carrot,Tirunelveli,7,1.03,25.77
2024-07-28,carrot,Madurai,7,1.01,27.1
2024-07-28,carrot,Nagercoil,7,0.85,22.39
2024-07-28,carrot,Tuticorin,7,0.85,22.04
2024-07-28,carrot,Tenkasi,7,1.18,32.42
2024-07-28,cabbage,Tirunelveli,7,0.91,13.9
2024-07-28,cabbage,Madurai,7,1.25,21.19
2024-07-28,cabbage,Nagercoil,7,1.2,19.34
2024-07-28,cabbage,Tuticorin,7,0.91,15.65
2024-07-28,cabbage,Tenkasi,7,1.09,19.4
2024-07-28,potato,Tirunelveli,7,1.1,22.66
2024-07-28,potato,Madurai,7,0.85,19.86
2024-07-28,potato,Nagercoil,7,0.88,19.88
2024-07-28,potato,Tuticorin,7,1.1,23.6
2024-07-28,potato,Tenkasi,7,0.94,17.87
2024-07-28,beans,Tirunelveli,7,0.98,31.65
2024-07-28,beans,Madurai,7,0.99,35.65
2024-07-28,beans,Nagercoil,7,1.07,32.35
2024-07-28,beans,Tuticorin,7,1.03,31.46
2024-07-28,beans,Tenkasi,7,0.94,30.71
2024-07-28,okra,Tirunelveli,7,1.22,27.43
2024-07-28,okra,Madurai,7,0.88,22.13
2024-07-28,okra,Nagercoil,7,1.02,24.83
2024-07-28,okra,Tuticorin,7,1.29,29.54
2024-07-28,okra,Tenkasi,7,1.12,25.72
2024-07-29,tomato,Tirunelveli,7,0.99,20.67
2024-07-29,tomato,Madurai,7,1.11,27.07
2024-07-29,tomato,Nagercoil,7,0.94,23.15
2024-07-29,tomato,Tuticorin,7,1.08,26.69
2024-07-29,tomato,Tenkasi,7,0.86,19.06
2024-07-29,brinjal,Tirunelveli,7,1.25,24.01
2024-07-29,brinjal,Madurai,7,0.89,18.11
2024-07-29,brinjal,Nagercoil,7,1.16,24.78
2024-07-29,brinjal,Tuticorin,7,0.86,16.04
2024-07-29,brinjal,Tenkasi,7,0.9,16.73
2024-07-29,onion,Tirunelveli,7,0.86,24.99
2024-07-29,onion,Madurai,7,1.03,26.64
2024-07-29,onion,Nagercoil,7,1.08,30.23
2024-07-29,onion,Tuticorin,7,1.19,32.65
2024-07-29,onion,Tenkasi,7,0.81,21.53
2024-07-29,carrot,Tirunelveli,7,1.2,30.72
2024-07-29,carrot,Madurai,7,1.17,29.94
2024-07-29,carrot,Nagercoil,7,1.03,27.13
2024-07-29,carrot,Tuticorin,7,0.89,23.7
2024-07-29,carrot,Tenkasi,7,0.83,17.99
2024-07-29,cabbage,Tirunelveli,7,1.16,21.18
2024-07-29,cabbage,Madurai,7,0.94,15.83
2024-07-29,cabbage,Nagercoil,7,1.25,21.79
2024-07-29,cabbage,Tuticorin,7,1.09,18.94
2024-07-29,cabbage,Tenkasi,7,0.9,16.68
2024-07-29,potato,Tirunelveli,7,1.29,30.17
2024-07-29,potato,Madurai,7,1.07,25.14
2024-07-29,potato,Nagercoil,7,1.29,26.92
2024-07-29,potato,Tuticorin,7,0.89,20.44
2024-07-29,potato,Tenkasi,7,0.89,16.69
2024-07-29,beans,Tirunelveli,7,0.81,27.55
2024-07-29,beans,Madurai,7,0.82,26.03
2024-07-29,beans,Nagercoil,7,1.01,32.78
2024-07-29,beans,Tuticorin,7,1.28,41.67
2024-07-29,beans,Tenkasi,7,0.82,27.6
2024-07-29,okra,Tirunelveli,7,0.92,24.19
2024-07-29,okra,Madurai,7,1.05,27.3
2024-07-29,okra,Nagercoil,7,0.88,18.94
2024-07-29,okra,Tuticorin,7,0.9,21.74
2024-07-29,okra,Tenkasi,7,1.05,23.29
2024-07-30,tomato,Tirunelveli,7,0.89,19.33
2024-07-30,tomato,Madurai,7,0.89,22.67
2024-07-30,tomato,Nagercoil,7,0.97,24.85
2024-07-30,tomato,Tuticorin,7,1.04,24.78
2024-07-30,tomato,Tenkasi,7,1.06,24.89
2024-07-30,brinjal,Tirunelveli,7,0.81,17.19
2024-07-30,brinjal,Madurai,7,1.07,23.61
2024-07-30,brinjal,Nagercoil,7,1.0,21.12
2024-07-30,brinjal,Tuticorin,7,0.96,17.79
2024-07-30,brinjal,Tenkasi,7,0.98,19.73
2024-07-30,onion,Tirunelveli,7,1.23,33.72
2024-07-30,onion,Madurai,7,1.3,34.56
2024-07-30,onion,Nagercoil,7,0.89,25.75
2024-07-30,onion,Tuticorin,7,1.18,34.7
2024-07-30,onion,Tenkasi,7,1.05,28.25
2024-07-30,carrot,Tirunelveli,7,1.02,24.45
2024-07-30,carrot,Madurai,7,1.26,31.78
2024-07-30,carrot,Nagercoil,7,1.0,26.12
2024-07-30,carrot,Tuticorin,7,1.01,26.25
2024-07-30,carrot,Tenkasi,7,1.12,29.6
2024-07-30,cabbage,Tirunelveli,7,1.16,20.21
2024-07-30,cabbage,Madurai,7,0.92,17.2
2024-07-30,cabbage,Nagercoil,7,1.24,21.97
2024-07-30,cabbage,Tuticorin,7,1.3,22.93
2024-07-30,cabbage,Tenkasi,7,1.2,19.99
2024-07-30,potato,Tirunelveli,7,1.09,22.4
2024-07-30,potato,Madurai,7,0.96,22.13
2024-07-30,potato,Nagercoil,7,1.16,26.69
2024-07-30,potato,Tuticorin,7,1.3,30.15
2024-07-30,potato,Tenkasi,7,1.08,22.53
2024-07-30,beans,Tirunelveli,7,0.96,32.76
2024-07-30,beans,Madurai,7,1.07,35.26
2024-07-30,beans,Nagercoil,7,0.91,27.77
2024-07-30,beans,Tuticorin,7,1.29,39.34
2024-07-30,beans,Tenkasi,7,0.8,25.98
2024-07-30,okra,Tirunelveli,7,1.28,31.07
2024-07-30,okra,Madurai,7,1.0,22.81
2024-07-30,okra,Nagercoil,7,0.94,22.81
2024-07-30,okra,Tuticorin,7,0.84,20.7
2024-07-30,okra,Tenkasi,7,1.25,31.68
2024-07-31,tomato,Tirunelveli,7,1.14,26.47
2024-07-31,tomato,Madurai,7,1.12,26.62
2024-07-31,tomato,Nagercoil,7,1.09,26.98
2024-07-31,tomato,Tuticorin,7,1.12,25.87
2024-07-31,tomato,Tenkasi,7,1.2,26.85
2024-07-31,brinjal,Tirunelveli,7,1.13,23.74
2024-07-31,brinjal,Madurai,7,0.9,20.94
2024-07-31,brinjal,Nagercoil,7,1.3,27.66
2024-07-31,brinjal,Tuticorin,7,0.82,18.39
2024-07-31,brinjal,Tenkasi,7,1.22,24.3
2024-07-31,onion,Tirunelveli,7,1.17,31.97
2024-07-31,onion,Madurai,7,0.84,24.45
2024-07-31,onion,Nagercoil,7,0.83,23.69
2024-07-31,onion,Tuticorin,7,1.15,32.94
2024-07-31,onion,Tenkasi,7,0.97,27.59
2024-07-31,carrot,Tirunelveli,7,0.83,21.37
2024-07-31,carrot,Madurai,7,1.19,30.6
2024-07-31,carrot,Nagercoil,7,1.17,30.28
2024-07-31,carrot,Tuticorin,7,0.97,26.45
2024-07-31,carrot,Tenkasi,7,1.07,29.19
2024-07-31,cabbage,Tirunelveli,7,1.19,17.31
2024-07-31,cabbage,Madurai,7,1.17,20.37
2024-07-31,cabbage,Nagercoil,7,1.09,19.85
2024-07-31,cabbage,Tuticorin,7,1.24,20.87
2024-07-31,cabbage,Tenkasi,7,1.02,13.04
2024-07-31,potato,Tirunelveli,7,1.02,23.11
2024-07-31,potato,Madurai,7,1.25,27.12
2024-07-31,potato,Nagercoil,7,1.11,24.98
2024-07-31,potato,Tuticorin,7,1.3,30.84
2024-07-31,potato,Tenkasi,7,1.18,26.97
2024-07-31,beans,Tirunelveli,7,0.98,33.69
2024-07-31,beans,Madurai,7,1.05,32.78
2024-07-31,beans,Nagercoil,7,1.09,36.56
2024-07-31,beans,Tuticorin,7,0.94,31.39
2024-07-31,beans,Tenkasi,7,0.87,28.38
2024-07-31,okra,Tirunelveli,7,0.97,20.55
2024-07-31,okra,Madurai,7,1.08,26.1
2024-07-31,okra,Nagercoil,7,0.98,22.66
2024-07-31,okra,Tuticorin,7,1.07,23.18
2024-07-31,okra,Tenkasi,7,1.25,29.22
2024-08-01,tomato,Tirunelveli,8,0.89,20.19
2024-08-01,tomato,Madurai,8,1.07,23.59
2024-08-01,tomato,Nagercoil,8,1.24,26.91
2024-08-01,tomato,Tuticorin,8,1.03,20.77
2024-08-01,tomato,Tenkasi,8,0.8,14.41
2024-08-01,brinjal,Tirunelveli,8,1.13,20.39
2024-08-01,brinjal,Madurai,8,1.27,23.91
2024-08-01,brinjal,Nagercoil,8,1.02,18.65
2024-08-01,brinjal,Tuticorin,8,1.03,19.21
2024-08-01,brinjal,Tenkasi,8,0.81,17.81
2024-08-01,onion,Tirunelveli,8,1.16,30.21
2024-08-01,onion,Madurai,8,1.09,30.0
2024-08-01,onion,Nagercoil,8,0.88,21.95
2024-08-01,onion,Tuticorin,8,1.02,25.39
2024-08-01,onion,Tenkasi,8,1.26,30.92
2024-08-01,carrot,Tirunelveli,8,0.93,22.88
2024-08-01,carrot,Madurai,8,0.99,22.67
2024-08-01,carrot,Nagercoil,8,1.0,27.34
2024-08-01,carrot,Tuticorin,8,1.08,26.09
2024-08-01,carrot,Tenkasi,8,0.81,19.61
2024-08-01,cabbage,Tirunelveli,8,0.93,14.1
2024-08-01,cabbage,Madurai,8,1.19,17.59
2024-08-01,cabbage,Nagercoil,8,1.16,19.71
2024-08-01,cabbage,Tuticorin,8,0.94,15.23
2024-08-01,cabbage,Tenkasi,8,1.24,17.1
2024-08-01,potato,Tirunelveli,8,1.0,18.53
2024-08-01,potato,Madurai,8,0.85,15.81
2024-08-01,potato,Nagercoil,8,0.84,15.79
2024-08-01,potato,Tuticorin,8,0.88,17.73
2024-08-01,potato,Tenkasi,8,0.86,19.29
2024-08-01,beans,Tirunelveli,8,1.12,34.26
2024-08-01,beans,Madurai,8,0.92,26.02
2024-08-01,beans,Nagercoil,8,1.27,37.26
2024-08-01,beans,Tuticorin,8,0.92,25.57
2024-08-01,beans,Tenkasi,8,1.25,37.69
2024-08-01,okra,Tirunelveli,8,1.13,26.73
2024-08-01,okra,Madurai,8,0.88,22.95
2024-08-01,okra,Nagercoil,8,0.99,20.98
2024-08-01,okra,Tuticorin,8,0.98,22.73
2024-08-01,okra,Tenkasi,8,0.93,23.76
2024-08-02,tomato,Tirunelveli,8,1.3,30.83
2024-08-02,tomato,Madurai,8,1.14,26.09
2024-08-02,tomato,Nagercoil,8,1.22,27.68
2024-08-02,tomato,Tuticorin,8,1.14,25.31
2024-08-02,tomato,Tenkasi,8,1.01,23.9
2024-08-02,brinjal,Tirunelveli,8,1.17,21.24
2024-08-02,brinjal,Madurai,8,1.1,21.75
2024-08-02,brinjal,Nagercoil,8,1.08,20.29
2024-08-02,brinjal,Tuticorin,8,1.2,21.94
2024-08-02,brinjal,Tenkasi,8,1.24,21.96
2024-08-02,onion,Tirunelveli,8,0.83,17.14
2024-08-02,onion,Madurai,8,1.18,33.65
2024-08-02,onion,Nagercoil,8,0.94,23.18
2024-08-02,onion,Tuticorin,8,0.9,23.65
2024-08-02,onion,Tenkasi,8,1.3,34.59
2024-08-02,carrot,Tirunelveli,8,1.01,22.75
2024-08-02,carrot,Madurai,8,1.24,31.11
2024-08-02,carrot,Nagercoil,8,0.81,21.8
2024-08-02,carrot,Tuticorin,8,1.24,31.32
2024-08-02,carrot,Tenkasi,8,1.05,25.38
2024-08-02,cabbage,Tirunelveli,8,1.15,18.11
2024-08-02,cabbage,Madurai,8,0.97,14.93
2024-08-02,cabbage,Nagercoil,8,0.98,14.45
2024-08-02,cabbage,Tuticorin,8,1.25,17.99
2024-08-02,cabbage,Tenkasi,8,0.98,14.8
2024-08-02,potato,Tirunelveli,8,1.1,23.21
2024-08-02,potato,Madurai,8,1.04,24.0
2024-08-02,potato,Nagercoil,8,0.9,18.35
2024-08-02,potato,Tuticorin,8,1.08,22.26
2024-08-02,potato,Tenkasi,8,0.91,18.16
2024-08-02,beans,Tirunelveli,8,1.16,37.8
2024-08-02,beans,Madurai,8,1.06,32.11
2024-08-02,beans,Nagercoil,8,0.84,26.78
2024-08-02,beans,Tuticorin,8,1.25,38.9
2024-08-02,beans,Tenkasi,8,1.09,34.3
2024-08-02,okra,Tirunelveli,8,0.88,21.09
2024-08-02,okra,Madurai,8,0.88,19.64
2024-08-02,okra,Nagercoil,8,1.04,22.71
2024-08-02,okra,Tuticorin,8,1.3,31.87
2024-08-02,okra,Tenkasi,8,1.15,25.18
2024-08-03,tomato,Tirunelveli,8,0.9,19.73
2024-08-03,tomato,Madurai,8,1.15,23.99
2024-08-03,tomato,Nagercoil,8,1.3,29.43
2024-08-03,tomato,Tuticorin,8,0.99,21.14
2024-08-03,tomato,Tenkasi,8,1.14,24.03
2024-08-03,brinjal,Tirunelveli,8,0.84,16.26
2024-08-03,brinjal,Madurai,8,0.81,17.55
2024-08-03,brinjal,Nagercoil,8,0.89,15.9
2024-08-03,brinjal,Tuticorin,8,1.1,22.49
2024-08-03,brinjal,Tenkasi,8,1.2,21.98
2024-08-03,onion,Tirunelveli,8,1.19,28.28
2024-08-03,onion,Madurai,8,1.2,31.76
2024-08-03,onion,Nagercoil,8,0.89,22.0
2024-08-03,onion,Tuticorin,8,1.14,28.81
2024-08-03,onion,Tenkasi,8,1.14,28.35
2024-08-03,carrot,Tirunelveli,8,0.85,23.4
2024-08-03,carrot,Madurai,8,1.26,26.72
2024-08-03,carrot,Nagercoil,8,1.09,26.98
2024-08-03,carrot,Tuticorin,8,0.9,21.45
2024-08-03,carrot,Tenkasi,8,0.91,20.73
2024-08-03,cabbage,Tirunelveli,8,0.92,14.56
2024-08-03,cabbage,Madurai,8,1.04,17.78
2024-08-03,cabbage,Nagercoil,8,1.14,18.38
2024-08-03,cabbage,Tuticorin,8,0.87,15.45
2024-08-03,cabbage,Tenkasi,8,0.95,17.78
2024-08-03,potato,Tirunelveli,8,0.92,18.97
2024-08-03,potato,Madurai,8,1.07,21.5
2024-08-03,potato,Nagercoil,8,1.23,28.55
2024-08-03,potato,Tuticorin,8,1.23,26.48
2024-08-03,potato,Tenkasi,8,0.84,17.45
2024-08-03,beans,Tirunelveli,8,0.8,26.5
2024-08-03,beans,Madurai,8,1.11,31.48
2024-08-03,beans,Nagercoil,8,1.04,31.54
2024-08-03,beans,Tuticorin,8,1.23,37.25
2024-08-03,beans,Tenkasi,8,1.23,39.35
2024-08-03,okra,Tirunelveli,8,1.1,26.73
2024-08-03,okra,Madurai,8,0.9,23.03
2024-08-03,okra,Nagercoil,8,1.07,23.21
2024-08-03,okra,Tuticorin,8,0.81,19.35
2024-08-03,okra,Tenkasi,8,1.26,26.4
2024-08-04,tomato,Tirunelveli,8,0.85,13.78
2024-08-04,tomato,Madurai,8,1.01,22.19
2024-08-04,tomato,Nagercoil,8,1.22,25.57
2024-08-04,tomato,Tuticorin,8,0.83,17.87
2024-08-04,tomato,Tenkasi,8,0.82,20.26
2024-08-04,brinjal,Tirunelveli,8,0.9,16.27
2024-08-04,brinjal,Madurai,8,1.12,19.84
2024-08-04,brinjal,Nagercoil,8,1.1,22.33
2024-08-04,brinjal,Tuticorin,8,1.14,18.79
2024-08-04,brinjal,Tenkasi,8,1.11,20.61
2024-08-04,onion,Tirunelveli,8,1.29,30.77
2024-08-04,onion,Madurai,8,1.03,25.0
2024-08-04,onion,Nagercoil,8,0.84,18.98
2024-08-04,onion,Tuticorin,8,0.86,23.37
2024-08-04,onion,Tenkasi,8,1.03,27.26
2024-08-04,carrot,Tirunelveli,8,0.94,20.72
2024-08-04,carrot,Madurai,8,1.05,23.02
2024-08-04,carrot,Nagercoil,8,1.15,27.34
2024-08-04,carrot,Tuticorin,8,0.86,21.0
2024-08-04,carrot,Tenkasi,8,1.03,28.34
2024-08-04,cabbage,Tirunelveli,8,1.05,13.37
2024-08-04,cabbage,Madurai,8,1.05,14.65
2024-08-04,cabbage,Nagercoil,8,1.06,18.33
2024-08-04,cabbage,Tuticorin,8,0.99,17.0
2024-08-04,cabbage,Tenkasi,8,1.01,16.73
2024-08-04,potato,Tirunelveli,8,1.03,18.11
2024-08-04,potato,Madurai,8,1.24,26.92
2024-08-04,potato,Nagercoil,8,1.15,24.57
2024-08-04,potato,Tuticorin,8,1.29,27.38
2024-08-04,potato,Tenkasi,8,0.88,18.51
2024-08-04,beans,Tirunelveli,8,0.83,25.58
2024-08-04,beans,Madurai,8,1.01,30.79
2024-08-04,beans,Nagercoil,8,0.91,30.85
2024-08-04,beans,Tuticorin,8,0.96,29.63
2024-08-04,beans,Tenkasi,8,1.16,33.75
2024-08-04,okra,Tirunelveli,8,0.99,20.5
2024-08-04,okra,Madurai,8,1.0,22.91
2024-08-04,okra,Nagercoil,8,0.98,21.7
2024-08-04,okra,Tuticorin,8,1.24,24.45
2024-08-04,okra,Tenkasi,8,1.06,24.63
2024-08-05,tomato,Tirunelveli,8,0.96,19.78
2024-08-05,tomato,Madurai,8,1.11,24.51
2024-08-05,tomato,Nagercoil,8,0.94,20.45
2024-08-05,tomato,Tuticorin,8,1.09,23.18
2024-08-05,tomato,Tenkasi,8,1.01,20.68
2024-08-05,brinjal,Tirunelveli,8,1.06,20.6
2024-08-05,brinjal,Madurai,8,1.05,20.3
2024-08-05,brinjal,Nagercoil,8,1.2,22.13
2024-08-05,brinjal,Tuticorin,8,1.17,23.07
2024-08-05,brinjal,Tenkasi,8,0.97,18.11
2024-08-05,onion,Tirunelveli,8,1.27,33.2
2024-08-05,onion,Madurai,8,1.1,27.5
2024-08-05,onion,Nagercoil,8,0.92,25.02
2024-08-05,onion,Tuticorin,8,0.81,23.06
2024-08-05,onion,Tenkasi,8,1.1,26.71
2024-08-05,carrot,Tirunelveli,8,1.3,31.56
2024-08-05,carrot,Madurai,8,1.25,30.96
2024-08-05,carrot,Nagercoil,8,0.96,20.62
2024-08-05,carrot,Tuticorin,8,1.19,28.64
2024-08-05,carrot,Tenkasi,8,1.2,30.2
2024-08-05,cabbage,Tirunelveli,8,1.05,17.38
2024-08-05,cabbage,Madurai,8,1.06,16.3
2024-08-05,cabbage,Nagercoil,8,1.03,14.42
2024-08-05,cabbage,Tuticorin,8,0.96,16.35
2024-08-05,cabbage,Tenkasi,8,1.27,21.26
2024-08-05,potato,Tirunelveli,8,0.94,20.32
2024-08-05,potato,Madurai,8,1.07,22.44
2024-08-05,potato,Nagercoil,8,0.99,18.89
2024-08-05,potato,Tuticorin,8,0.88,20.57
2024-08-05,potato,Tenkasi,8,1.23,26.22
2024-08-05,beans,Tirunelveli,8,1.15,33.72
2024-08-05,beans,Madurai,8,0.92,25.67
2024-08-05,beans,Nagercoil,8,0.83,22.72
2024-08-05,beans,Tuticorin,8,1.2,36.83
2024-08-05,beans,Tenkasi,8,0.8,25.97
2024-08-05,okra,Tirunelveli,8,1.27,30.03
2024-08-05,okra,Madurai,8,0.9,19.22
2024-08-05,okra,Nagercoil,8,1.07,26.3
2024-08-05,okra,Tuticorin,8,1.13,27.73
2024-08-05,okra,Tenkasi,8,0.84,20.34
2024-08-06,tomato,Tirunelveli,8,0.98,18.85
2024-08-06,tomato,Madurai,8,0.89,18.61
2024-08-06,tomato,Nagercoil,8,0.87,18.74
2024-08-06,tomato,Tuticorin,8,0.83,14.65
2024-08-06,tomato,Tenkasi,8,1.27,28.86
2024-08-06,brinjal,Tirunelveli,8,0.89,18.31
2024-08-06,brinjal,Madurai,8,1.1,21.64
2024-08-06,brinjal,Nagercoil,8,1.17,22.5
2024-08-06,brinjal,Tuticorin,8,1.09,20.56
2024-08-06,brinjal,Tenkasi,8,0.81,15.73
2024-08-06,onion,Tirunelveli,8,1.15,28.59
2024-08-06,onion,Madurai,8,1.11,30.47
2024-08-06,onion,Nagercoil,8,1.26,31.28
2024-08-06,onion,Tuticorin,8,0.85,21.25
2024-08-06,onion,Tenkasi,8,0.87,19.84
2024-08-06,carrot,Tirunelveli,8,1.15,27.05
2024-08-06,carrot,Madurai,8,1.24,30.33
2024-08-06,carrot,Nagercoil,8,0.85,22.96
2024-08-06,carrot,Tuticorin,8,1.15,27.09
2024-08-06,carrot,Tenkasi,8,1.22,29.4
2024-08-06,cabbage,Tirunelveli,8,0.97,15.81
2024-08-06,cabbage,Madurai,8,1.25,19.11
2024-08-06,cabbage,Nagercoil,8,0.97,16.7
2024-08-06,cabbage,Tuticorin,8,1.17,15.51
2024-08-06,cabbage,Tenkasi,8,0.83,13.85
2024-08-06,potato,Tirunelveli,8,0.93,19.61
2024-08-06,potato,Madurai,8,1.25,24.99
2024-08-06,potato,Nagercoil,8,1.17,25.58
2024-08-06,potato,Tuticorin,8,1.2,26.28
2024-08-06,potato,Tenkasi,8,1.21,23.73
2024-08-06,beans,Tirunelveli,8,0.98,30.36
2024-08-06,beans,Madurai,8,1.21,36.98
2024-08-06,beans,Nagercoil,8,1.02,28.34
2024-08-06,beans,Tuticorin,8,0.88,27.29
2024-08-06,beans,Tenkasi,8,1.04,34.13
2024-08-06,okra,Tirunelveli,8,1.28,24.84
2024-08-06,okra,Madurai,8,1.1,23.47
2024-08-06,okra,Nagercoil,8,1.3,29.79
2024-08-06,okra,Tuticorin,8,1.19,26.5
2024-08-06,okra,Tenkasi,8,1.05,25.26
2024-08-07,tomato,Tirunelveli,8,1.06,23.99
2024-08-07,tomato,Madurai,8,1.25,25.76
2024-08-07,tomato,Nagercoil,8,0.88,19.5
2024-08-07,tomato,Tuticorin,8,0.94,19.81
2024-08-07,tomato,Tenkasi,8,1.11,22.58
2024-08-07,brinjal,Tirunelveli,8,1.21,24.89
2024-08-07,brinjal,Madurai,8,1.07,21.12
2024-08-07,brinjal,Nagercoil,8,1.23,24.39
2024-08-07,brinjal,Tuticorin,8,0.81,15.04
2024-08-07,brinjal,Tenkasi,8,1.02,19.25
2024-08-07,onion,Tirunelveli,8,1.24,34.27
2024-08-07,onion,Madurai,8,0.96,24.99
2024-08-07,onion,Nagercoil,8,0.97,25.06
2024-08-07,onion,Tuticorin,8,1.19,32.56
2024-08-07,onion,Tenkasi,8,0.92,24.12
2024-08-07,carrot,Tirunelveli,8,1.18,29.65
2024-08-07,carrot,Madurai,8,0.84,21.99
2024-08-07,carrot,Nagercoil,8,1.24,30.15
2024-08-07,carrot,Tuticorin,8,0.82,19.27
2024-08-07,carrot,Tenkasi,8,0.89,18.86
2024-08-07,cabbage,Tirunelveli,8,1.16,17.47
2024-08-07,cabbage,Madurai,8,1.13,16.12
2024-08-07,cabbage,Nagercoil,8,1.04,16.83
2024-08-07,cabbage,Tuticorin,8,0.92,13.37
2024-08-07,cabbage,Tenkasi,8,1.01,14.08
2024-08-07,potato,Tirunelveli,8,1.25,24.16
2024-08-07,potato,Madurai,8,1.17,24.57
2024-08-07,potato,Nagercoil,8,0.92,19.78
2024-08-07,potato,Tuticorin,8,0.96,18.4
2024-08-07,potato,Tenkasi,8,1.14,21.93
2024-08-07,beans,Tirunelveli,8,1.07,30.87
2024-08-07,beans,Madurai,8,0.81,24.19
2024-08-07,beans,Nagercoil,8,0.91,28.0
2024-08-07,beans,Tuticorin,8,0.86,25.66
2024-08-07,beans,Tenkasi,8,1.16,34.37
2024-08-07,okra,Tirunelveli,8,1.21,27.02
2024-08-07,okra,Madurai,8,1.09,25.22
2024-08-07,okra,Nagercoil,8,0.82,18.23
2024-08-07,okra,Tuticorin,8,0.9,21.63
2024-08-07,okra,Tenkasi,8,0.94,22.87
2024-08-08,tomato,Tirunelveli,8,0.83,17.44
2024-08-08,tomato,Madurai,8,0.9,20.76
2024-08-08,tomato,Nagercoil,8,1.06,23.62
2024-08-08,tomato,Tuticorin,8,1.01,24.26
2024-08-08,tomato,Tenkasi,8,1.17,24.45
2024-08-08,brinjal,Tirunelveli,8,1.09,23.65
2024-08-08,brinjal,Madurai,8,1.17,19.88
2024-08-08,brinjal,Nagercoil,8,1.12,20.53
2024-08-08,brinjal,Tuticorin,8,1.01,17.0
2024-08-08,brinjal,Tenkasi,8,0.88,19.48
2024-08-08,onion,Tirunelveli,8,1.03,28.49
2024-08-08,onion,Madurai,8,1.05,28.27
2024-08-08,onion,Nagercoil,8,0.88,25.1
2024-08-08,onion,Tuticorin,8,1.01,25.66
2024-08-08,onion,Tenkasi,8,1.15,27.54
2024-08-08,carrot,Tirunelveli,8,1.2,29.26
2024-08-08,carrot,Madurai,8,0.84,18.33
2024-08-08,carrot,Nagercoil,8,0.83,20.49
2024-08-08,carrot,Tuticorin,8,1.05,28.43
2024-08-08,carrot,Tenkasi,8,1.17,28.56
2024-08-08,cabbage,Tirunelveli,8,1.16,20.87
2024-08-08,cabbage,Madurai,8,1.09,15.23
2024-08-08,cabbage,Nagercoil,8,1.01,16.7
2024-08-08,cabbage,Tuticorin,8,0.9,14.23
2024-08-08,cabbage,Tenkasi,8,1.25,19.42
2024-08-08,potato,Tirunelveli,8,0.94,19.25
2024-08-08,potato,Madurai,8,1.11,23.96
2024-08-08,potato,Nagercoil,8,1.03,23.04
2024-08-08,potato,Tuticorin,8,1.27,26.44
2024-08-08,potato,Tenkasi,8,1.15,25.96
2024-08-08,beans,Tirunelveli,8,1.08,30.38
2024-08-08,beans,Madurai,8,1.03,32.76
2024-08-08,beans,Nagercoil,8,0.84,27.62
2024-08-08,beans,Tuticorin,8,1.28,37.37
2024-08-08,beans,Tenkasi,8,1.28,42.2
2024-08-08,okra,Tirunelveli,8,0.89,21.86
2024-08-08,okra,Madurai,8,1.15,25.69
2024-08-08,okra,Nagercoil,8,1.13,25.12
2024-08-08,okra,Tuticorin,8,0.96,21.0
2024-08-08,okra,Tenkasi,8,0.84,18.68
2024-08-09,tomato,Tirunelveli,8,0.93,20.94
2024-08-09,tomato,Madurai,8,0.96,19.97
2024-08-09,tomato,Nagercoil,8,1.2,26.11
2024-08-09,tomato,Tuticorin,8,1.14,22.93
2024-08-09,tomato,Tenkasi,8,1.13,25.57
2024-08-09,brinjal,Tirunelveli,8,0.91,17.76
2024-08-09,brinjal,Madurai,8,1.05,18.01
2024-08-09,brinjal,Nagercoil,8,0.9,18.26
2024-08-09,brinjal,Tuticorin,8,1.03,17.6
2024-08-09,brinjal,Tenkasi,8,0.95,19.14
2024-08-09,onion,Tirunelveli,8,1.11,29.12
2024-08-09,onion,Madurai,8,1.19,31.68
2024-08-09,onion,Nagercoil,8,0.98,25.15
2024-08-09,onion,Tuticorin,8,1.2,28.84
2024-08-09,onion,Tenkasi,8,1.03,26.32
2024-08-09,carrot,Tirunelveli,8,0.87,19.52
2024-08-09,carrot,Madurai,8,1.24,31.04
2024-08-09,carrot,Nagercoil,8,1.29,31.72
2024-08-09,carrot,Tuticorin,8,1.05,24.51
2024-08-09,carrot,Tenkasi,8,0.91,21.31
2024-08-09,cabbage,Tirunelveli,8,1.15,20.5
2024-08-09,cabbage,Madurai,8,1.13,19.58
2024-08-09,cabbage,Nagercoil,8,0.99,15.67
2024-08-09,cabbage,Tuticorin,8,0.85,15.43
2024-08-09,cabbage,Tenkasi,8,1.2,18.35
2024-08-09,potato,Tirunelveli,8,0.87,14.56
2024-08-09,potato,Madurai,8,1.23,27.16
2024-08-09,potato,Nagercoil,8,1.14,22.65
2024-08-09,potato,Tuticorin,8,1.1,22.08
2024-08-09,potato,Tenkasi,8,0.82,16.25
2024-08-09,beans,Tirunelveli,8,0.92,29.54
2024-08-09,beans,Madurai,8,0.98,29.24
2024-08-09,beans,Nagercoil,8,1.18,38.01
2024-08-09,beans,Tuticorin,8,1.29,38.77
2024-08-09,beans,Tenkasi,8,0.92,28.51
2024-08-09,okra,Tirunelveli,8,1.21,28.82
2024-08-09,okra,Madurai,8,1.13,23.28
2024-08-09,okra,Nagercoil,8,0.84,18.28
2024-08-09,okra,Tuticorin,8,1.07,25.61
2024-08-09,okra,Tenkasi,8,1.18,26.03
2024-08-10,tomato,Tirunelveli,8,0.94,18.9
2024-08-10,tomato,Madurai,8,1.2,24.53
2024-08-10,tomato,Nagercoil,8,1.27,28.36
2024-08-10,tomato,Tuticorin,8,0.92,22.06
2024-08-10,tomato,Tenkasi,8,1.06,24.15
2024-08-10,brinjal,Tirunelveli,8,0.99,18.13
2024-08-10,brinjal,Madurai,8,1.22,25.01
2024-08-10,brinjal,Nagercoil,8,0.97,17.88
2024-08-10,brinjal,Tuticorin,8,1.02,18.54
2024-08-10,brinjal,Tenkasi,8,1.27,24.65
2024-08-10,onion,Tirunelveli,8,1.09,30.23
2024-08-10,onion,Madurai,8,1.23,32.22
2024-08-10,onion,Nagercoil,8,1.06,28.05
2024-08-10,onion,Tuticorin,8,0.98,24.12
2024-08-10,onion,Tenkasi,8,1.03,25.54
2024-08-10,carrot,Tirunelveli,8,1.21,26.98
2024-08-10,carrot,Madurai,8,1.1,25.31
2024-08-10,carrot,Nagercoil,8,0.97,22.23
2024-08-10,carrot,Tuticorin,8,1.22,30.15
2024-08-10,carrot,Tenkasi,8,0.91,23.37
2024-08-10,cabbage,Tirunelveli,8,0.91,13.49
2024-08-10,cabbage,Madurai,8,1.22,16.73
2024-08-10,cabbage,Nagercoil,8,1.19,18.69
2024-08-10,cabbage,Tuticorin,8,1.26,21.71
2024-08-10,cabbage,Tenkasi,8,0.96,15.81
2024-08-10,potato,Tirunelveli,8,1.07,21.14
2024-08-10,potato,Madurai,8,1.23,27.09
2024-08-10,potato,Nagercoil,8,0.82,15.17
2024-08-10,potato,Tuticorin,8,1.1,21.79
2024-08-10,potato,Tenkasi,8,0.91,21.07
2024-08-10,beans,Tirunelveli,8,1.07,31.8
2024-08-10,beans,Madurai,8,0.93,29.62
2024-08-10,beans,Nagercoil,8,0.94,28.39
2024-08-10,beans,Tuticorin,8,0.8,25.12
2024-08-10,beans,Tenkasi,8,1.19,35.17
2024-08-10,okra,Tirunelveli,8,1.29,29.82
2024-08-10,okra,Madurai,8,1.1,21.37
2024-08-10,okra,Nagercoil,8,1.25,28.29
2024-08-10,okra,Tuticorin,8,0.92,19.88
2024-08-10,okra,Tenkasi,8,1.18,26.13
2024-08-11,tomato,Tirunelveli,8,1.1,21.89
2024-08-11,tomato,Madurai,8,1.13,25.25
2024-08-11,tomato,Nagercoil,8,1.18,27.46
2024-08-11,tomato,Tuticorin,8,0.97,20.38
2024-08-11,tomato,Tenkasi,8,1.18,25.73
2024-08-11,brinjal,Tirunelveli,8,1.28,23.84
2024-08-11,brinjal,Madurai,8,1.29,24.01
2024-08-11,brinjal,Nagercoil,8,0.83,13.33
2024-08-11,brinjal,Tuticorin,8,1.24,20.71
2024-08-11,brinjal,Tenkasi,8,0.86,18.16
2024-08-11,onion,Tirunelveli,8,1.27,30.54
2024-08-11,onion,Madurai,8,0.98,25.83
2024-08-11,onion,Nagercoil,8,0.94,25.44
2024-08-11,onion,Tuticorin,8,1.23,32.31
2024-08-11,onion,Tenkasi,8,1.03,26.46
2024-08-11,carrot,Tirunelveli,8,0.93,24.41
2024-08-11,carrot,Madurai,8,1.29,29.87
2024-08-11,carrot,Nagercoil,8,1.29,29.76
2024-08-11,carrot,Tuticorin,8,0.87,20.91
2024-08-11,carrot,Tenkasi,8,0.99,24.06
2024-08-11,cabbage,Tirunelveli,8,0.86,15.45
2024-08-11,cabbage,Madurai,8,1.02,15.37
2024-08-11,cabbage,Nagercoil,8,1.02,19.04
2024-08-11,cabbage,Tuticorin,8,1.23,21.41
2024-08-11,cabbage,Tenkasi,8,0.95,15.33
2024-08-11,potato,Tirunelveli,8,0.95,21.75
2024-08-11,potato,Madurai,8,0.95,21.77
2024-08-11,potato,Nagercoil,8,0.92,16.88
2024-08-11,potato,Tuticorin,8,1.26,27.49
2024-08-11,potato,Tenkasi,8,0.82,17.4
2024-08-11,beans,Tirunelveli,8,0.97,28.09
2024-08-11,beans,Madurai,8,1.01,30.46
2024-08-11,beans,Nagercoil,8,1.22,39.25
2024-08-11,beans,Tuticorin,8,0.97,30.77
2024-08-11,beans,Tenkasi,8,1.27,37.8
2024-08-11,okra,Tirunelveli,8,1.01,25.44
2024-08-11,okra,Madurai,8,1.26,31.04
2024-08-11,okra,Nagercoil,8,1.01,23.76
2024-08-11,okra,Tuticorin,8,0.91,21.72
2024-08-11,okra,Tenkasi,8,1.05,26.03
2024-08-12,tomato,Tirunelveli,8,1.11,25.11
2024-08-12,tomato,Madurai,8,1.27,26.8
2024-08-12,tomato,Nagercoil,8,1.25,25.76
2024-08-12,tomato,Tuticorin,8,1.2,23.67
2024-08-12,tomato,Tenkasi,8,1.1,25.04
2024-08-12,brinjal,Tirunelveli,8,1.07,20.57
2024-08-12,brinjal,Madurai,8,1.06,18.99
2024-08-12,brinjal,Nagercoil,8,1.22,19.77
2024-08-12,brinjal,Tuticorin,8,1.1,18.82
2024-08-12,brinjal,Tenkasi,8,1.22,24.54
2024-08-12,onion,Tirunelveli,8,0.88,21.67
2024-08-12,onion,Madurai,8,1.14,28.16
2024-08-12,onion,Nagercoil,8,0.91,22.79
2024-08-12,onion,Tuticorin,8,0.87,23.21
2024-08-12,onion,Tenkasi,8,1.05,27.64
2024-08-12,carrot,Tirunelveli,8,1.14,28.08
2024-08-12,carrot,Madurai,8,1.11,25.57
2024-08-12,carrot,Nagercoil,8,1.07,26.65
2024-08-12,carrot,Tuticorin,8,0.99,25.84
2024-08-12,carrot,Tenkasi,8,0.86,17.05
2024-08-12,cabbage,Tirunelveli,8,0.98,14.83
2024-08-12,cabbage,Madurai,8,1.25,18.7
2024-08-12,cabbage,Nagercoil,8,1.04,15.84
2024-08-12,cabbage,Tuticorin,8,0.86,11.96
2024-08-12,cabbage,Tenkasi,8,0.9,13.97
2024-08-12,potato,Tirunelveli,8,1.2,24.19
2024-08-12,potato,Madurai,8,1.09,20.92
2024-08-12,potato,Nagercoil,8,0.97,20.97
2024-08-12,potato,Tuticorin,8,1.22,27.41
2024-08-12,potato,Tenkasi,8,0.96,19.94
2024-08-12,beans,Tirunelveli,8,0.97,30.7
2024-08-12,beans,Madurai,8,0.91,28.9
2024-08-12,beans,Nagercoil,8,1.29,41.52
2024-08-12,beans,Tuticorin,8,1.28,40.0
2024-08-12,beans,Tenkasi,8,1.0,30.64
2024-08-12,okra,Tirunelveli,8,0.94,20.88
2024-08-12,okra,Madurai,8,1.02,21.88
2024-08-12,okra,Nagercoil,8,1.04,23.57
2024-08-12,okra,Tuticorin,8,1.01,24.3
2024-08-12,okra,Tenkasi,8,0.89,22.21
2024-08-13,tomato,Tirunelveli,8,0.9,18.56
2024-08-13,tomato,Madurai,8,1.13,23.71
2024-08-13,tomato,Nagercoil,8,1.3,29.93
2024-08-13,tomato,Tuticorin,8,1.0,24.3
2024-08-13,tomato,Tenkasi,8,0.96,18.01
2024-08-13,brinjal,Tirunelveli,8,1.19,22.64
2024-08-13,brinjal,Madurai,8,0.87,17.58
2024-08-13,brinjal,Nagercoil,8,0.86,17.34
2024-08-13,brinjal,Tuticorin,8,1.29,22.19
2024-08-13,brinjal,Tenkasi,8,1.09,20.85
2024-08-13,onion,Tirunelveli,8,1.01,25.83
2024-08-13,onion,Madurai,8,1.13,27.5
2024-08-13,onion,Nagercoil,8,0.84,22.91
2024-08-13,onion,Tuticorin,8,0.83,23.65
2024-08-13,onion,Tenkasi,8,1.28,33.57
2024-08-13,carrot,Tirunelveli,8,1.19,28.45
2024-08-13,carrot,Madurai,8,1.19,29.27
2024-08-13,carrot,Nagercoil,8,1.04,26.58
2024-08-13,carrot,Tuticorin,8,0.82,16.99
2024-08-13,carrot,Tenkasi,8,1.19,30.99
2024-08-13,cabbage,Tirunelveli,8,1.0,14.71
2024-08-13,cabbage,Madurai,8,0.87,14.02
2024-08-13,cabbage,Nagercoil,8,0.87,13.71
2024-08-13,cabbage,Tuticorin,8,1.2,17.84
2024-08-13,cabbage,Tenkasi,8,1.11,19.99
2024-08-13,potato,Tirunelveli,8,0.97,21.37
2024-08-13,potato,Madurai,8,0.98,22.19
2024-08-13,potato,Nagercoil,8,0.88,16.9
2024-08-13,potato,Tuticorin,8,0.81,17.77
2024-08-13,potato,Tenkasi,8,1.1,23.27
2024-08-13,beans,Tirunelveli,8,1.19,36.24
2024-08-13,beans,Madurai,8,1.16,38.39
2024-08-13,beans,Nagercoil,8,1.21,35.89
2024-08-13,beans,Tuticorin,8,0.91,26.05
2024-08-13,beans,Tenkasi,8,1.03,30.76
2024-08-13,okra,Tirunelveli,8,0.99,23.54
2024-08-13,okra,Madurai,8,1.23,32.23
2024-08-13,okra,Nagercoil,8,1.23,29.74
2024-08-13,okra,Tuticorin,8,1.05,22.78
2024-08-13,okra,Tenkasi,8,0.89,20.5
2024-08-14,tomato,Tirunelveli,8,1.0,22.6
2024-08-14,tomato,Madurai,8,1.29,27.95
2024-08-14,tomato,Nagercoil,8,1.23,26.76
2024-08-14,tomato,Tuticorin,8,1.14,24.86
2024-08-14,tomato,Tenkasi,8,1.0,22.05
2024-08-14,brinjal,Tirunelveli,8,1.12,21.09
2024-08-14,brinjal,Madurai,8,0.98,20.18
2024-08-14,brinjal,Nagercoil,8,1.12,21.36
2024-08-14,brinjal,Tuticorin,8,1.0,18.58
2024-08-14,brinjal,Tenkasi,8,1.29,23.67
2024-08-14,onion,Tirunelveli,8,1.02,26.34
2024-08-14,onion,Madurai,8,1.24,27.34
2024-08-14,onion,Nagercoil,8,1.1,27.43
2024-08-14,onion,Tuticorin,8,0.81,23.6
2024-08-14,onion,Tenkasi,8,1.27,34.35
2024-08-14,carrot,Tirunelveli,8,1.1,27.51
2024-08-14,carrot,Madurai,8,0.87,21.66
2024-08-14,carrot,Nagercoil,8,0.98,23.64
2024-08-14,carrot,Tuticorin,8,1.23,29.65
2024-08-14,carrot,Tenkasi,8,0.98,22.77
2024-08-14,cabbage,Tirunelveli,8,0.83,12.65
2024-08-14,cabbage,Madurai,8,1.22,18.74
2024-08-14,cabbage,Nagercoil,8,0.83,14.41
2024-08-14,cabbage,Tuticorin,8,1.12,19.83
2024-08-14,cabbage,Tenkasi,8,0.99,16.47
2024-08-14,potato,Tirunelveli,8,1.21,23.84
2024-08-14,potato,Madurai,8,0.87,15.67
2024-08-14,potato,Nagercoil,8,0.88,18.33
2024-08-14,potato,Tuticorin,8,1.17,22.15
2024-08-14,potato,Tenkasi,8,0.96,20.24
2024-08-14,beans,Tirunelveli,8,1.28,42.39
2024-08-14,beans,Madurai,8,0.99,29.03
2024-08-14,beans,Nagercoil,8,0.84,27.9
2024-08-14,beans,Tuticorin,8,0.94,26.26
2024-08-14,beans,Tenkasi,8,1.22,36.7
2024-08-14,okra,Tirunelveli,8,0.86,18.0
2024-08-14,okra,Madurai,8,1.0,21.86
2024-08-14,okra,Nagercoil,8,1.07,20.55
2024-08-14,okra,Tuticorin,8,0.94,23.1
2024-08-14,okra,Tenkasi,8,0.96,26.52
2024-08-15,tomato,Tirunelveli,8,1.22,23.46
2024-08-15,tomato,Madurai,8,1.27,28.52
2024-08-15,tomato,Nagercoil,8,1.22,24.41
2024-08-15,tomato,Tuticorin,8,1.13,23.41
2024-08-15,tomato,Tenkasi,8,1.29,29.4
2024-08-15,brinjal,Tirunelveli,8,0.96,18.9
2024-08-15,brinjal,Madurai,8,1.0,19.53
2024-08-15,brinjal,Nagercoil,8,1.29,25.21
2024-08-15,brinjal,Tuticorin,8,1.19,24.98
2024-08-15,brinjal,Tenkasi,8,1.25,20.19
2024-08-15,onion,Tirunelveli,8,1.08,27.45
2024-08-15,onion,Madurai,8,1.06,25.23
2024-08-15,onion,Nagercoil,8,0.85,21.41
2024-08-15,onion,Tuticorin,8,1.0,26.62
2024-08-15,onion,Tenkasi,8,1.2,33.21
2024-08-15,carrot,Tirunelveli,8,0.97,23.48
2024-08-15,carrot,Madurai,8,1.28,31.7
2024-08-15,carrot,Nagercoil,8,0.92,23.12
2024-08-15,carrot,Tuticorin,8,1.29,32.45
2024-08-15,carrot,Tenkasi,8,1.05,25.65
2024-08-15,cabbage,Tirunelveli,8,1.04,13.27
2024-08-15,cabbage,Madurai,8,1.07,15.8
2024-08-15,cabbage,Nagercoil,8,1.03,16.7
2024-08-15,cabbage,Tuticorin,8,1.1,16.73
2024-08-15,cabbage,Tenkasi,8,1.18,18.7
2024-08-15,potato,Tirunelveli,8,1.29,27.56
2024-08-15,potato,Madurai,8,0.96,19.39
2024-08-15,potato,Nagercoil,8,1.04,19.76
2024-08-15,potato,Tuticorin,8,1.25,23.42
2024-08-15,potato,Tenkasi,8,1.17,25.22
2024-08-15,beans,Tirunelveli,8,1.05,32.47
2024-08-15,beans,Madurai,8,1.26,36.47
2024-08-15,beans,Nagercoil,8,1.22,34.51
2024-08-15,beans,Tuticorin,8,0.84,27.58
2024-08-15,beans,Tenkasi,8,1.03,30.43
2024-08-15,okra,Tirunelveli,8,0.92,22.71
2024-08-15,okra,Madurai,8,1.27,29.34
2024-08-15,okra,Nagercoil,8,0.87,21.29
2024-08-15,okra,Tuticorin,8,0.87,20.1
2024-08-15,okra,Tenkasi,8,0.86,18.15
2024-08-16,tomato,Tirunelveli,8,1.22,29.25
2024-08-16,tomato,Madurai,8,1.27,27.01
2024-08-16,tomato,Nagercoil,8,1.25,28.33
2024-08-16,tomato,Tuticorin,8,0.87,20.48
2024-08-16,tomato,Tenkasi,8,1.05,21.85
2024-08-16,brinjal,Tirunelveli,8,1.24,24.67
2024-08-16,brinjal,Madurai,8,0.83,16.62
2024-08-16,brinjal,Nagercoil,8,0.96,20.28
2024-08-16,brinjal,Tuticorin,8,1.16,24.38
2024-08-16,brinjal,Tenkasi,8,1.1,19.54
2024-08-16,onion,Tirunelveli,8,1.06,28.21
2024-08-16,onion,Madurai,8,0.89,20.54
2024-08-16,onion,Nagercoil,8,1.25,32.24
2024-08-16,onion,Tuticorin,8,1.21,34.78
2024-08-16,onion,Tenkasi,8,1.03,25.33
2024-08-16,carrot,Tirunelveli,8,1.14,27.36
2024-08-16,carrot,Madurai,8,1.04,24.87
2024-08-16,carrot,Nagercoil,8,0.9,19.22
2024-08-16,carrot,Tuticorin,8,1.26,34.33
2024-08-16,carrot,Tenkasi,8,0.95,23.52
2024-08-16,cabbage,Tirunelveli,8,1.28,21.08
2024-08-16,cabbage,Madurai,8,1.3,17.9
2024-08-16,cabbage,Nagercoil,8,1.24,19.82
2024-08-16,cabbage,Tuticorin,8,1.15,18.05
2024-08-16,cabbage,Tenkasi,8,0.9,11.6
2024-08-16,potato,Tirunelveli,8,0.97,18.84
2024-08-16,potato,Madurai,8,1.18,23.91
2024-08-16,potato,Nagercoil,8,1.24,26.0
2024-08-16,potato,Tuticorin,8,0.95,20.07
2024-08-16,potato,Tenkasi,8,0.91,16.79
2024-08-16,beans,Tirunelveli,8,0.93,27.62
2024-08-16,beans,Madurai,8,1.28,39.29
2024-08-16,beans,Nagercoil,8,1.26,38.81
2024-08-16,beans,Tuticorin,8,1.03,27.91
2024-08-16,beans,Tenkasi,8,1.24,36.12
2024-08-16,okra,Tirunelveli,8,1.02,24.58
2024-08-16,okra,Madurai,8,1.01,26.14
2024-08-16,okra,Nagercoil,8,1.08,24.69
2024-08-16,okra,Tuticorin,8,0.83,18.61
2024-08-16,okra,Tenkasi,8,0.96,21.83
2024-08-17,tomato,Tirunelveli,8,1.27,28.07
2024-08-17,tomato,Madurai,8,0.93,19.89
2024-08-17,tomato,Nagercoil,8,0.96,22.8
2024-08-17,tomato,Tuticorin,8,1.05,23.83
2024-08-17,tomato,Tenkasi,8,1.24,27.33
2024-08-17,brinjal,Tirunelveli,8,1.0,18.88
2024-08-17,brinjal,Madurai,8,1.22,21.81
2024-08-17,brinjal,Nagercoil,8,1.26,24.88
2024-08-17,brinjal,Tuticorin,8,0.92,18.73
2024-08-17,brinjal,Tenkasi,8,0.85,15.46
2024-08-17,onion,Tirunelveli,8,0.91,25.71
2024-08-17,onion,Madurai,8,0.87,22.83
2024-08-17,onion,Nagercoil,8,1.07,29.13
2024-08-17,onion,Tuticorin,8,1.27,33.73
2024-08-17,onion,Tenkasi,8,1.19,29.87
2024-08-17,carrot,Tirunelveli,8,0.86,23.74
2024-08-17,carrot,Madurai,8,1.15,28.13
2024-08-17,carrot,Nagercoil,8,1.11,26.42
2024-08-17,carrot,Tuticorin,8,1.14,28.57
2024-08-17,carrot,Tenkasi,8,0.91,24.79
2024-08-17,cabbage,Tirunelveli,8,1.27,18.35
2024-08-17,cabbage,Madurai,8,0.96,16.22
2024-08-17,cabbage,Nagercoil,8,1.26,19.41
2024-08-17,cabbage,Tuticorin,8,0.82,14.21
2024-08-17,cabbage,Tenkasi,8,0.82,14.18
2024-08-17,potato,Tirunelveli,8,1.09,20.67
2024-08-17,potato,Madurai,8,1.12,22.9
2024-08-17,potato,Nagercoil,8,0.88,17.14
2024-08-17,potato,Tuticorin,8,0.84,19.16
2024-08-17,potato,Tenkasi,8,1.18,25.31
2024-08-17,beans,Tirunelveli,8,1.21,38.63
2024-08-17,beans,Madurai,8,0.94,29.78
2024-08-17,beans,Nagercoil,8,1.3,38.68
2024-08-17,beans,Tuticorin,8,0.94,27.87
2024-08-17,beans,Tenkasi,8,1.29,39.75
2024-08-17,okra,Tirunelveli,8,1.29,32.51
2024-08-17,okra,Madurai,8,1.15,25.74
2024-08-17,okra,Nagercoil,8,0.97,22.42
2024-08-17,okra,Tuticorin,8,1.23,28.96
2024-08-17,okra,Tenkasi,8,0.97,21.93
2024-08-18,tomato,Tirunelveli,8,1.16,28.66
2024-08-18,tomato,Madurai,8,1.05,22.42
2024-08-18,tomato,Nagercoil,8,1.28,26.3
2024-08-18,tomato,Tuticorin,8,1.25,28.55
2024-08-18,tomato,Tenkasi,8,0.95,19.39
2024-08-18,brinjal,Tirunelveli,8,1.25,23.54
2024-08-18,brinjal,Madurai,8,0.94,18.51
2024-08-18,brinjal,Nagercoil,8,1.2,22.76
2024-08-18,brinjal,Tuticorin,8,0.87,16.96
2024-08-18,brinjal,Tenkasi,8,0.84,16.26
2024-08-18,onion,Tirunelveli,8,1.21,34.61
2024-08-18,onion,Madurai,8,1.05,28.14
2024-08-18,onion,Nagercoil,8,1.15,29.92
2024-08-18,onion,Tuticorin,8,0.88,22.09
2024-08-18,onion,Tenkasi,8,1.21,30.93
2024-08-18,carrot,Tirunelveli,8,1.01,21.86
2024-08-18,carrot,Madurai,8,1.19,31.11
2024-08-18,carrot,Nagercoil,8,0.84,20.24
2024-08-18,carrot,Tuticorin,8,0.9,22.79
2024-08-18,carrot,Tenkasi,8,0.84,20.51
2024-08-18,cabbage,Tirunelveli,8,0.82,13.49
2024-08-18,cabbage,Madurai,8,1.0,14.14
2024-08-18,cabbage,Nagercoil,8,1.21,20.38
2024-08-18,cabbage,Tuticorin,8,1.14,15.7
2024-08-18,cabbage,Tenkasi,8,0.86,13.26
2024-08-18,potato,Tirunelveli,8,1.16,24.84
2024-08-18,potato,Madurai,8,1.06,22.99
2024-08-18,potato,Nagercoil,8,1.21,24.6
2024-08-18,potato,Tuticorin,8,1.0,18.55
2024-08-18,potato,Tenkasi,8,1.14,24.75
2024-08-18,beans,Tirunelveli,8,0.95,28.42
2024-08-18,beans,Madurai,8,0.81,25.38
2024-08-18,beans,Nagercoil,8,0.93,28.51
2024-08-18,beans,Tuticorin,8,0.9,25.38
2024-08-18,beans,Tenkasi,8,1.18,37.19
2024-08-18,okra,Tirunelveli,8,1.09,23.14
2024-08-18,okra,Madurai,8,1.29,28.35
2024-08-18,okra,Nagercoil,8,1.18,28.69
2024-08-18,okra,Tuticorin,8,1.28,28.97
2024-08-18,okra,Tenkasi,8,0.91,19.93
2024-08-19,tomato,Tirunelveli,8,1.08,27.15
2024-08-19,tomato,Madurai,8,1.08,21.77
2024-08-19,tomato,Nagercoil,8,1.28,29.61
2024-08-19,tomato,Tuticorin,8,0.96,21.15
2024-08-19,tomato,Tenkasi,8,1.02,19.5
2024-08-19,brinjal,Tirunelveli,8,0.99,18.59
2024-08-19,brinjal,Madurai,8,1.1,23.82
2024-08-19,brinjal,Nagercoil,8,0.98,20.31
2024-08-19,brinjal,Tuticorin,8,0.96,16.86
2024-08-19,brinjal,Tenkasi,8,0.93,18.18
2024-08-19,onion,Tirunelveli,8,0.82,21.35
2024-08-19,onion,Madurai,8,0.81,21.0
2024-08-19,onion,Nagercoil,8,0.92,23.33
2024-08-19,onion,Tuticorin,8,1.02,26.85
2024-08-19,onion,Tenkasi,8,1.26,31.81
2024-08-19,carrot,Tirunelveli,8,1.26,32.24
2024-08-19,carrot,Madurai,8,0.96,23.36
2024-08-19,carrot,Nagercoil,8,1.13,29.24
2024-08-19,carrot,Tuticorin,8,1.14,26.84
2024-08-19,carrot,Tenkasi,8,1.03,24.37
2024-08-19,cabbage,Tirunelveli,8,1.26,19.62
2024-08-19,cabbage,Madurai,8,1.12,16.48
2024-08-19,cabbage,Nagercoil,8,1.14,17.73
2024-08-19,cabbage,Tuticorin,8,1.09,16.13
2024-08-19,cabbage,Tenkasi,8,0.83,13.63
2024-08-19,potato,Tirunelveli,8,1.06,20.86
2024-08-19,potato,Madurai,8,0.88,19.69
2024-08-19,potato,Nagercoil,8,0.81,16.98
2024-08-19,potato,Tuticorin,8,1.12,23.04
2024-08-19,potato,Tenkasi,8,1.2,23.39
2024-08-19,beans,Tirunelveli,8,0.94,26.77
2024-08-19,beans,Madurai,8,0.92,30.59
2024-08-19,beans,Nagercoil,8,1.06,32.95
2024-08-19,beans,Tuticorin,8,1.22,37.93
2024-08-19,beans,Tenkasi,8,0.97,28.59
2024-08-19,okra,Tirunelveli,8,1.17,27.4
2024-08-19,okra,Madurai,8,1.27,28.77
2024-08-19,okra,Nagercoil,8,1.12,25.0
2024-08-19,okra,Tuticorin,8,1.15,24.37
2024-08-19,okra,Tenkasi,8,0.81,18.9
2024-08-20,tomato,Tirunelveli,8,1.19,28.76
2024-08-20,tomato,Madurai,8,1.14,26.93
2024-08-20,tomato,Nagercoil,8,1.0,23.08
2024-08-20,tomato,Tuticorin,8,1.26,25.93
2024-08-20,tomato,Tenkasi,8,1.14,23.25
2024-08-20,brinjal,Tirunelveli,8,1.07,21.49
2024-08-20,brinjal,Madurai,8,1.08,20.94
2024-08-20,brinjal,Nagercoil,8,0.87,16.2
2024-08-20,brinjal,Tuticorin,8,1.11,20.55
2024-08-20,brinjal,Tenkasi,8,0.91,14.44
2024-08-20,onion,Tirunelveli,8,1.23,33.11
2024-08-20,onion,Madurai,8,1.09,28.56
2024-08-20,onion,Nagercoil,8,0.86,21.43
2024-08-20,onion,Tuticorin,8,0.95,27.37
2024-08-20,onion,Tenkasi,8,0.88,21.37
2024-08-20,carrot,Tirunelveli,8,0.88,19.8
2024-08-20,carrot,Madurai,8,1.05,25.4
2024-08-20,carrot,Nagercoil,8,0.98,24.53
2024-08-20,carrot,Tuticorin,8,1.04,27.25
2024-08-20,carrot,Tenkasi,8,0.9,22.21
2024-08-20,cabbage,Tirunelveli,8,1.24,20.57
2024-08-20,cabbage,Madurai,8,0.84,14.62
2024-08-20,cabbage,Nagercoil,8,0.81,14.26
2024-08-20,cabbage,Tuticorin,8,1.09,17.51
2024-08-20,cabbage,Tenkasi,8,0.91,14.6
2024-08-20,potato,Tirunelveli,8,1.16,23.42
2024-08-20,potato,Madurai,8,0.89,18.39
2024-08-20,potato,Nagercoil,8,1.09,22.2
2024-08-20,potato,Tuticorin,8,1.15,24.73
2024-08-20,potato,Tenkasi,8,0.86,19.69
2024-08-20,beans,Tirunelveli,8,1.14,34.17
2024-08-20,beans,Madurai,8,1.18,36.89
2024-08-20,beans,Nagercoil,8,1.23,35.62
2024-08-20,beans,Tuticorin,8,1.28,40.11
2024-08-20,beans,Tenkasi,8,1.03,29.98
2024-08-20,okra,Tirunelveli,8,0.85,22.12
2024-08-20,okra,Madurai,8,1.17,27.44
2024-08-20,okra,Nagercoil,8,0.9,21.67
2024-08-20,okra,Tuticorin,8,1.14,27.61
2024-08-20,okra,Tenkasi,8,1.0,22.0
2024-08-21,tomato,Tirunelveli,8,0.81,17.5
2024-08-21,tomato,Madurai,8,1.27,24.41
2024-08-21,tomato,Nagercoil,8,1.27,26.94
2024-08-21,tomato,Tuticorin,8,0.88,18.47
2024-08-21,tomato,Tenkasi,8,1.19,23.55
2024-08-21,brinjal,Tirunelveli,8,0.85,16.56
2024-08-21,brinjal,Madurai,8,0.98,18.89
2024-08-21,brinjal,Nagercoil,8,1.29,22.02
2024-08-21,brinjal,Tuticorin,8,0.86,17.43
2024-08-21,brinjal,Tenkasi,8,1.24,23.43
2024-08-21,onion,Tirunelveli,8,1.0,25.22
2024-08-21,onion,Madurai,8,1.16,30.57
2024-08-21,onion,Nagercoil,8,1.29,33.39
2024-08-21,onion,Tuticorin,8,0.89,28.15
2024-08-21,onion,Tenkasi,8,1.12,31.78
2024-08-21,carrot,Tirunelveli,8,0.81,21.37
2024-08-21,carrot,Madurai,8,1.07,24.18
2024-08-21,carrot,Nagercoil,8,0.9,22.67
2024-08-21,carrot,Tuticorin,8,0.94,24.02
2024-08-21,carrot,Tenkasi,8,1.22,32.11
2024-08-21,cabbage,Tirunelveli,8,0.95,15.16
2024-08-21,cabbage,Madurai,8,1.0,16.16
2024-08-21,cabbage,Nagercoil,8,0.85,11.63
2024-08-21,cabbage,Tuticorin,8,0.89,12.18
2024-08-21,cabbage,Tenkasi,8,1.2,17.48
2024-08-21,potato,Tirunelveli,8,1.01,19.22
2024-08-21,potato,Madurai,8,1.02,21.4
2024-08-21,potato,Nagercoil,8,1.21,21.27
2024-08-21,potato,Tuticorin,8,1.21,25.11
2024-08-21,potato,Tenkasi,8,1.2,25.17
2024-08-21,beans,Tirunelveli,8,0.86,26.51
2024-08-21,beans,Madurai,8,1.24,39.64
2024-08-21,beans,Nagercoil,8,1.29,41.73
2024-08-21,beans,Tuticorin,8,1.18,38.1
2024-08-21,beans,Tenkasi,8,0.92,28.66
2024-08-21,okra,Tirunelveli,8,0.97,21.03
2024-08-21,okra,Madurai,8,0.87,18.03
2024-08-21,okra,Nagercoil,8,1.28,26.93
2024-08-21,okra,Tuticorin,8,1.15,26.74
2024-08-21,okra,Tenkasi,8,1.25,28.36
2024-08-22,tomato,Tirunelveli,8,1.06,22.68
2024-08-22,tomato,Madurai,8,0.92,21.15
2024-08-22,tomato,Nagercoil,8,0.92,19.95
2024-08-22,tomato,Tuticorin,8,1.13,27.75
2024-08-22,tomato,Tenkasi,8,1.14,22.81
2024-08-22,brinjal,Tirunelveli,8,1.12,21.59
2024-08-22,brinjal,Madurai,8,1.08,18.07
2024-08-22,brinjal,Nagercoil,8,1.12,22.53
2024-08-22,brinjal,Tuticorin,8,1.21,21.23
2024-08-22,brinjal,Tenkasi,8,1.14,22.22
2024-08-22,onion,Tirunelveli,8,1.27,32.09
2024-08-22,onion,Madurai,8,0.87,21.61
2024-08-22,onion,Nagercoil,8,1.17,29.52
2024-08-22,onion,Tuticorin,8,1.24,32.09
2024-08-22,onion,Tenkasi,8,1.08,26.37
2024-08-22,carrot,Tirunelveli,8,0.95,21.08
2024-08-22,carrot,Madurai,8,1.03,25.92
2024-08-22,carrot,Nagercoil,8,1.19,25.92
2024-08-22,carrot,Tuticorin,8,1.14,28.1
2024-08-22,carrot,Tenkasi,8,1.22,26.94
2024-08-22,cabbage,Tirunelveli,8,0.83,13.22
2024-08-22,cabbage,Madurai,8,1.12,16.34
2024-08-22,cabbage,Nagercoil,8,0.91,15.34
2024-08-22,cabbage,Tuticorin,8,1.26,21.69
2024-08-22,cabbage,Tenkasi,8,0.88,13.43
2024-08-22,potato,Tirunelveli,8,1.08,22.87
2024-08-22,potato,Madurai,8,1.08,24.09
2024-08-22,potato,Nagercoil,8,0.8,16.23
2024-08-22,potato,Tuticorin,8,1.06,23.2
2024-08-22,potato,Tenkasi,8,0.82,15.93
2024-08-22,beans,Tirunelveli,8,1.22,37.51
2024-08-22,beans,Madurai,8,0.88,27.18
2024-08-22,beans,Nagercoil,8,1.12,34.33
2024-08-22,beans,Tuticorin,8,1.17,38.14
2024-08-22,beans,Tenkasi,8,0.85,23.04
2024-08-22,okra,Tirunelveli,8,1.29,29.48
2024-08-22,okra,Madurai,8,1.23,28.12
2024-08-22,okra,Nagercoil,8,0.97,22.2
2024-08-22,okra,Tuticorin,8,1.25,30.05
2024-08-22,okra,Tenkasi,8,1.17,25.1
2024-08-23,tomato,Tirunelveli,8,0.81,19.77
2024-08-23,tomato,Madurai,8,0.9,19.91
2024-08-23,tomato,Nagercoil,8,1.04,21.01
2024-08-23,tomato,Tuticorin,8,1.19,26.4
2024-08-23,tomato,Tenkasi,8,0.95,21.09
2024-08-23,brinjal,Tirunelveli,8,1.01,17.1
2024-08-23,brinjal,Madurai,8,1.26,24.05
2024-08-23,brinjal,Nagercoil,8,0.98,20.32
2024-08-23,brinjal,Tuticorin,8,0.96,18.92
2024-08-23,brinjal,Tenkasi,8,1.2,20.47
2024-08-23,onion,Tirunelveli,8,0.96,24.78
2024-08-23,onion,Madurai,8,0.83,19.72
2024-08-23,onion,Nagercoil,8,1.15,28.98
2024-08-23,onion,Tuticorin,8,0.95,30.14
2024-08-23,onion,Tenkasi,8,1.25,34.04
2024-08-23,carrot,Tirunelveli,8,1.16,27.93
2024-08-23,carrot,Madurai,8,0.85,21.52
2024-08-23,carrot,Nagercoil,8,0.82,21.27
2024-08-23,carrot,Tuticorin,8,0.87,23.25
2024-08-23,carrot,Tenkasi,8,1.17,30.37
2024-08-23,cabbage,Tirunelveli,8,1.16,19.95
2024-08-23,cabbage,Madurai,8,1.09,18.1
2024-08-23,cabbage,Nagercoil,8,0.93,16.64
2024-08-23,cabbage,Tuticorin,8,1.01,14.67
2024-08-23,cabbage,Tenkasi,8,0.81,13.01
2024-08-23,potato,Tirunelveli,8,1.28,25.95
2024-08-23,potato,Madurai,8,1.08,19.45
2024-08-23,potato,Nagercoil,8,0.93,19.5
2024-08-23,potato,Tuticorin,8,0.81,16.35
2024-08-23,potato,Tenkasi,8,0.9,16.21
2024-08-23,beans,Tirunelveli,8,0.84,26.54
2024-08-23,beans,Madurai,8,1.27,39.09
2024-08-23,beans,Nagercoil,8,1.11,34.25
2024-08-23,beans,Tuticorin,8,1.19,35.12
2024-08-23,beans,Tenkasi,8,1.16,33.79
2024-08-23,okra,Tirunelveli,8,1.26,29.88
2024-08-23,okra,Madurai,8,0.89,19.7
2024-08-23,okra,Nagercoil,8,0.87,20.49
2024-08-23,okra,Tuticorin,8,1.21,28.26
2024-08-23,okra,Tenkasi,8,1.15,25.42
2024-08-24,tomato,Tirunelveli,8,1.13,23.83
2024-08-24,tomato,Madurai,8,1.22,26.18
2024-08-24,tomato,Nagercoil,8,0.89,21.23
2024-08-24,tomato,Tuticorin,8,1.04,20.15
2024-08-24,tomato,Tenkasi,8,0.9,19.84
2024-08-24,brinjal,Tirunelveli,8,0.84,14.67
2024-08-24,brinjal,Madurai,8,1.1,20.41
2024-08-24,brinjal,Nagercoil,8,0.88,18.74
2024-08-24,brinjal,Tuticorin,8,0.89,17.2
2024-08-24,brinjal,Tenkasi,8,0.82,17.33
2024-08-24,onion,Tirunelveli,8,1.03,27.81
2024-08-24,onion,Madurai,8,1.04,28.48
2024-08-24,onion,Nagercoil,8,1.23,32.82
2024-08-24,onion,Tuticorin,8,1.21,32.74
2024-08-24,onion,Tenkasi,8,1.07,28.96
2024-08-24,carrot,Tirunelveli,8,0.98,26.64
2024-08-24,carrot,Madurai,8,1.08,25.82
2024-08-24,carrot,Nagercoil,8,0.94,20.48
2024-08-24,carrot,Tuticorin,8,0.86,22.29
2024-08-24,carrot,Tenkasi,8,0.99,23.47
2024-08-24,cabbage,Tirunelveli,8,1.17,17.95
2024-08-24,cabbage,Madurai,8,0.86,11.57
2024-08-24,cabbage,Nagercoil,8,0.87,15.78
2024-08-24,cabbage,Tuticorin,8,0.91,16.57
2024-08-24,cabbage,Tenkasi,8,1.04,15.93
2024-08-24,potato,Tirunelveli,8,0.81,17.25
2024-08-24,potato,Madurai,8,1.13,22.56
2024-08-24,potato,Nagercoil,8,1.01,24.72
2024-08-24,potato,Tuticorin,8,1.09,20.96
2024-08-24,potato,Tenkasi,8,1.08,23.27
2024-08-24,beans,Tirunelveli,8,0.87,26.41
2024-08-24,beans,Madurai,8,1.12,34.18
2024-08-24,beans,Nagercoil,8,1.09,33.84
2024-08-24,beans,Tuticorin,8,0.83,23.41
2024-08-24,beans,Tenkasi,8,1.1,36.63
2024-08-24,okra,Tirunelveli,8,1.25,29.27
2024-08-24,okra,Madurai,8,1.23,28.32
2024-08-24,okra,Nagercoil,8,0.84,19.93
2024-08-24,okra,Tuticorin,8,0.82,18.6
2024-08-24,okra,Tenkasi,8,1.21,29.19
2024-08-25,tomato,Tirunelveli,8,0.96,23.19
2024-08-25,tomato,Madurai,8,1.26,26.14
2024-08-25,tomato,Nagercoil,8,0.84,18.86
2024-08-25,tomato,Tuticorin,8,0.96,21.46
2024-08-25,tomato,Tenkasi,8,0.98,19.89
2024-08-25,brinjal,Tirunelveli,8,0.9,17.09
2024-08-25,brinjal,Madurai,8,1.22,26.31
2024-08-25,brinjal,Nagercoil,8,0.89,18.65
2024-08-25,brinjal,Tuticorin,8,1.21,23.35
2024-08-25,brinjal,Tenkasi,8,1.26,25.7
2024-08-25,onion,Tirunelveli,8,1.22,33.29
2024-08-25,onion,Madurai,8,0.85,23.62
2024-08-25,onion,Nagercoil,8,0.94,22.28
2024-08-25,onion,Tuticorin,8,1.05,28.16
2024-08-25,onion,Tenkasi,8,0.91,23.11
2024-08-25,carrot,Tirunelveli,8,1.14,27.99
2024-08-25,carrot,Madurai,8,1.12,28.42
2024-08-25,carrot,Nagercoil,8,0.84,19.4
2024-08-25,carrot,Tuticorin,8,1.04,24.47
2024-08-25,carrot,Tenkasi,8,0.97,24.38
2024-08-25,cabbage,Tirunelveli,8,0.88,12.18
2024-08-25,cabbage,Madurai,8,0.98,16.34
2024-08-25,cabbage,Nagercoil,8,1.04,18.72
2024-08-25,cabbage,Tuticorin,8,1.08,18.39
2024-08-25,cabbage,Tenkasi,8,0.98,17.56
2024-08-25,potato,Tirunelveli,8,0.83,17.06
2024-08-25,potato,Madurai,8,1.15,24.85
2024-08-25,potato,Nagercoil,8,0.81,18.39
2024-08-25,potato,Tuticorin,8,0.89,16.8
2024-08-25,potato,Tenkasi,8,1.28,25.7
2024-08-25,beans,Tirunelveli,8,1.13,34.9
2024-08-25,beans,Madurai,8,1.17,35.35
2024-08-25,beans,Nagercoil,8,0.94,26.86
2024-08-25,beans,Tuticorin,8,1.29,38.41
2024-08-25,beans,Tenkasi,8,1.06,31.8
2024-08-25,okra,Tirunelveli,8,1.23,28.96
2024-08-25,okra,Madurai,8,0.83,20.58
2024-08-25,okra,Nagercoil,8,1.18,25.67
2024-08-25,okra,Tuticorin,8,1.25,27.78
2024-08-25,okra,Tenkasi,8,1.23,25.02
2024-08-26,tomato,Tirunelveli,8,1.19,27.5
2024-08-26,tomato,Madurai,8,0.82,17.41
2024-08-26,tomato,Nagercoil,8,1.19,24.91
2024-08-26,tomato,Tuticorin,8,1.05,21.39
2024-08-26,tomato,Tenkasi,8,1.02,26.44
2024-08-26,brinjal,Tirunelveli,8,0.97,20.39
2024-08-26,brinjal,Madurai,8,0.89,16.21
2024-08-26,brinjal,Nagercoil,8,1.05,22.25
2024-08-26,brinjal,Tuticorin,8,1.12,21.88
2024-08-26,brinjal,Tenkasi,8,0.82,16.53
2024-08-26,onion,Tirunelveli,8,1.22,31.8
2024-08-26,onion,Madurai,8,1.28,33.96
2024-08-26,onion,Nagercoil,8,1.07,25.02
2024-08-26,onion,Tuticorin,8,1.13,28.75
2024-08-26,onion,Tenkasi,8,0.91,22.7
2024-08-26,carrot,Tirunelveli,8,1.08,23.87
2024-08-26,carrot,Madurai,8,0.95,21.66
2024-08-26,carrot,Nagercoil,8,0.93,22.46
2024-08-26,carrot,Tuticorin,8,0.82,22.45
2024-08-26,carrot,Tenkasi,8,0.9,22.44
2024-08-26,cabbage,Tirunelveli,8,0.98,16.06
2024-08-26,cabbage,Madurai,8,1.0,15.41
2024-08-26,cabbage,Nagercoil,8,1.06,18.36
2024-08-26,cabbage,Tuticorin,8,1.29,17.62
2024-08-26,cabbage,Tenkasi,8,1.3,19.61
2024-08-26,potato,Tirunelveli,8,1.05,23.95
2024-08-26,potato,Madurai,8,0.98,20.02
2024-08-26,potato,Nagercoil,8,1.06,22.1
2024-08-26,potato,Tuticorin,8,1.29,24.97
2024-08-26,potato,Tenkasi,8,0.81,17.08
2024-08-26,beans,Tirunelveli,8,0.98,32.89
2024-08-26,beans,Madurai,8,1.07,34.58
2024-08-26,beans,Nagercoil,8,1.15,37.81
2024-08-26,beans,Tuticorin,8,0.86,24.93
2024-08-26,beans,Tenkasi,8,0.93,27.66
2024-08-26,okra,Tirunelveli,8,1.26,28.65
2024-08-26,okra,Madurai,8,1.15,28.66
2024-08-26,okra,Nagercoil,8,1.01,20.67
2024-08-26,okra,Tuticorin,8,1.03,22.1
2024-08-26,okra,Tenkasi,8,0.91,19.92
2024-08-27,tomato,Tirunelveli,8,0.81,16.48
2024-08-27,tomato,Madurai,8,0.82,16.04
2024-08-27,tomato,Nagercoil,8,1.1,22.69
2024-08-27,tomato,Tuticorin,8,1.1,24.1
2024-08-27,tomato,Tenkasi,8,1.3,27.4
2024-08-27,brinjal,Tirunelveli,8,0.83,17.66
2024-08-27,brinjal,Madurai,8,0.95,18.54
2024-08-27,brinjal,Nagercoil,8,1.13,18.63
2024-08-27,brinjal,Tuticorin,8,1.17,21.29
2024-08-27,brinjal,Tenkasi,8,0.95,16.57
2024-08-27,onion,Tirunelveli,8,0.98,23.07
2024-08-27,onion,Madurai,8,1.04,25.1
2024-08-27,onion,Nagercoil,8,1.01,26.12
2024-08-27,onion,Tuticorin,8,0.95,26.66
2024-08-27,onion,Tenkasi,8,1.19,30.62
2024-08-27,carrot,Tirunelveli,8,1.13,29.28
2024-08-27,carrot,Madurai,8,0.83,19.3
2024-08-27,carrot,Nagercoil,8,0.81,19.9
2024-08-27,carrot,Tuticorin,8,1.11,28.56
2024-08-27,carrot,Tenkasi,8,1.25,29.11
2024-08-27,cabbage,Tirunelveli,8,0.87,13.79
2024-08-27,cabbage,Madurai,8,0.86,16.08
2024-08-27,cabbage,Nagercoil,8,1.13,18.15
2024-08-27,cabbage,Tuticorin,8,1.26,23.43
2024-08-27,cabbage,Tenkasi,8,1.06,16.62
2024-08-27,potato,Tirunelveli,8,0.86,18.33
2024-08-27,potato,Madurai,8,1.04,22.18
2024-08-27,potato,Nagercoil,8,1.15,22.11
2024-08-27,potato,Tuticorin,8,1.03,21.49
2024-08-27,potato,Tenkasi,8,0.84,16.17
2024-08-27,beans,Tirunelveli,8,1.14,34.91
2024-08-27,beans,Madurai,8,1.08,31.24
2024-08-27,beans,Nagercoil,8,1.26,36.91
2024-08-27,beans,Tuticorin,8,1.02,31.55
2024-08-27,beans,Tenkasi,8,1.13,35.47
2024-08-27,okra,Tirunelveli,8,0.89,20.77
2024-08-27,okra,Madurai,8,1.28,29.47
2024-08-27,okra,Nagercoil,8,1.17,27.76
2024-08-27,okra,Tuticorin,8,0.84,19.07
2024-08-27,okra,Tenkasi,8,0.91,19.25
2024-08-28,tomato,Tirunelveli,8,1.23,29.5
2024-08-28,tomato,Madurai,8,1.13,23.74
2024-08-28,tomato,Nagercoil,8,0.96,19.76
2024-08-28,tomato,Tuticorin,8,1.2,24.25
2024-08-28,tomato,Tenkasi,8,1.09,24.88
2024-08-28,brinjal,Tirunelveli,8,0.83,14.98
2024-08-28,brinjal,Madurai,8,1.15,24.5
2024-08-28,brinjal,Nagercoil,8,1.26,23.53
2024-08-28,brinjal,Tuticorin,8,1.18,20.75
2024-08-28,brinjal,Tenkasi,8,1.2,22.74
2024-08-28,onion,Tirunelveli,8,1.03,27.19
2024-08-28,onion,Madurai,8,0.95,24.12
2024-08-28,onion,Nagercoil,8,0.82,21.46
2024-08-28,onion,Tuticorin,8,0.94,25.94
2024-08-28,onion,Tenkasi,8,1.16,31.83
2024-08-28,carrot,Tirunelveli,8,0.9,23.17
2024-08-28,carrot,Madurai,8,1.04,25.77
2024-08-28,carrot,Nagercoil,8,1.22,29.28
2024-08-28,carrot,Tuticorin,8,0.85,21.64
2024-08-28,carrot,Tenkasi,8,0.97,24.69
2024-08-28,cabbage,Tirunelveli,8,1.15,21.14
2024-08-28,cabbage,Madurai,8,1.13,19.08
2024-08-28,cabbage,Nagercoil,8,1.08,17.4
2024-08-28,cabbage,Tuticorin,8,1.25,21.19
2024-08-28,cabbage,Tenkasi,8,1.09,18.83
2024-08-28,potato,Tirunelveli,8,1.29,28.58
2024-08-28,potato,Madurai,8,0.84,15.22
2024-08-28,potato,Nagercoil,8,1.12,22.67
2024-08-28,potato,Tuticorin,8,1.2,25.06
2024-08-28,potato,Tenkasi,8,1.19,25.68
2024-08-28,beans,Tirunelveli,8,1.26,36.67
2024-08-28,beans,Madurai,8,1.1,34.8
2024-08-28,beans,Nagercoil,8,1.28,38.86
2024-08-28,beans,Tuticorin,8,0.92,28.46
2024-08-28,beans,Tenkasi,8,1.28,38.46
2024-08-28,okra,Tirunelveli,8,1.01,22.37
2024-08-28,okra,Madurai,8,1.09,22.42
2024-08-28,okra,Nagercoil,8,1.26,29.68
2024-08-28,okra,Tuticorin,8,1.26,26.62
2024-08-28,okra,Tenkasi,8,1.15,23.04
2024-08-29,tomato,Tirunelveli,8,1.13,22.65
2024-08-29,tomato,Madurai,8,0.97,18.49
2024-08-29,tomato,Nagercoil,8,0.92,22.83
2024-08-29,tomato,Tuticorin,8,1.17,24.83
2024-08-29,tomato,Tenkasi,8,1.19,27.86
2024-08-29,brinjal,Tirunelveli,8,0.8,14.44
2024-08-29,brinjal,Madurai,8,1.04,20.69
2024-08-29,brinjal,Nagercoil,8,1.04,21.67
2024-08-29,brinjal,Tuticorin,8,1.12,21.7
2024-08-29,brinjal,Tenkasi,8,1.2,24.27
2024-08-29,onion,Tirunelveli,8,1.29,34.6
2024-08-29,onion,Madurai,8,0.82,23.94
2024-08-29,onion,Nagercoil,8,0.99,27.83
2024-08-29,onion,Tuticorin,8,1.02,27.05
2024-08-29,onion,Tenkasi,8,1.28,34.8
2024-08-29,carrot,Tirunelveli,8,1.01,23.3
2024-08-29,carrot,Madurai,8,1.04,24.47
2024-08-29,carrot,Nagercoil,8,0.85,22.07
2024-08-29,carrot,Tuticorin,8,1.06,27.97
2024-08-29,carrot,Tenkasi,8,1.28,31.49
2024-08-29,cabbage,Tirunelveli,8,0.83,15.5
2024-08-29,cabbage,Madurai,8,1.29,21.53
2024-08-29,cabbage,Nagercoil,8,1.27,20.19
2024-08-29,cabbage,Tuticorin,8,0.88,16.55
2024-08-29,cabbage,Tenkasi,8,0.99,17.94
2024-08-29,potato,Tirunelveli,8,1.12,24.25
2024-08-29,potato,Madurai,8,1.16,26.63
2024-08-29,potato,Nagercoil,8,0.87,17.44
2024-08-29,potato,Tuticorin,8,0.88,18.12
2024-08-29,potato,Tenkasi,8,1.26,23.92
2024-08-29,beans,Tirunelveli,8,1.09,32.26
2024-08-29,beans,Madurai,8,1.26,37.01
2024-08-29,beans,Nagercoil,8,1.01,29.25
2024-08-29,beans,Tuticorin,8,0.99,33.63
2024-08-29,beans,Tenkasi,8,0.91,29.46
2024-08-29,okra,Tirunelveli,8,0.94,22.66
2024-08-29,okra,Madurai,8,1.19,26.28
2024-08-29,okra,Nagercoil,8,1.23,26.55
2024-08-29,okra,Tuticorin,8,0.9,19.05
2024-08-29,okra,Tenkasi,8,1.02,20.52
2024-08-30,tomato,Tirunelveli,8,1.22,27.75
2024-08-30,tomato,Madurai,8,1.11,23.65
2024-08-30,tomato,Nagercoil,8,1.06,21.42
2024-08-30,tomato,Tuticorin,8,1.11,23.02
2024-08-30,tomato,Tenkasi,8,1.02,22.24
2024-08-30,brinjal,Tirunelveli,8,1.06,21.54
2024-08-30,brinjal,Madurai,8,1.01,18.76
2024-08-30,brinjal,Nagercoil,8,0.93,19.97
2024-08-30,brinjal,Tuticorin,8,1.23,25.93
2024-08-30,brinjal,Tenkasi,8,1.11,23.67
2024-08-30,onion,Tirunelveli,8,1.16,29.85
2024-08-30,onion,Madurai,8,1.16,30.65
2024-08-30,onion,Nagercoil,8,0.84,21.06
2024-08-30,onion,Tuticorin,8,1.06,27.44
2024-08-30,onion,Tenkasi,8,1.13,28.76
2024-08-30,carrot,Tirunelveli,8,1.27,29.17
2024-08-30,carrot,Madurai,8,1.02,25.08
2024-08-30,carrot,Nagercoil,8,1.21,29.31
2024-08-30,carrot,Tuticorin,8,1.22,30.75
2024-08-30,carrot,Tenkasi,8,0.84,21.58
2024-08-30,cabbage,Tirunelveli,8,0.92,14.35
2024-08-30,cabbage,Madurai,8,1.0,16.49
2024-08-30,cabbage,Nagercoil,8,1.22,18.86
2024-08-30,cabbage,Tuticorin,8,0.99,14.25
2024-08-30,cabbage,Tenkasi,8,0.97,13.76
2024-08-30,potato,Tirunelveli,8,0.89,17.51
2024-08-30,potato,Madurai,8,1.12,23.42
2024-08-30,potato,Nagercoil,8,0.95,21.07
2024-08-30,potato,Tuticorin,8,0.88,16.39
2024-08-30,potato,Tenkasi,8,1.1,21.56
2024-08-30,beans,Tirunelveli,8,1.19,39.39
2024-08-30,beans,Madurai,8,1.16,34.17
2024-08-30,beans,Nagercoil,8,1.28,41.25
2024-08-30,beans,Tuticorin,8,1.09,31.99
2024-08-30,beans,Tenkasi,8,1.04,30.52
2024-08-30,okra,Tirunelveli,8,0.86,21.9
2024-08-30,okra,Madurai,8,1.04,21.48
2024-08-30,okra,Nagercoil,8,1.27,28.84
2024-08-30,okra,Tuticorin,8,0.91,18.99
2024-08-30,okra,Tenkasi,8,1.07,23.72
2024-08-31,tomato,Tirunelveli,8,0.95,18.43
2024-08-31,tomato,Madurai,8,0.83,17.9
2024-08-31,tomato,Nagercoil,8,1.19,23.8
2024-08-31,tomato,Tuticorin,8,0.82,19.76
2024-08-31,tomato,Tenkasi,8,1.23,23.65
2024-08-31,brinjal,Tirunelveli,8,1.17,21.99
2024-08-31,brinjal,Madurai,8,1.24,21.84
2024-08-31,brinjal,Nagercoil,8,1.02,16.85
2024-08-31,brinjal,Tuticorin,8,1.26,22.53
2024-08-31,brinjal,Tenkasi,8,0.89,18.31
2024-08-31,onion,Tirunelveli,8,0.92,22.59
2024-08-31,onion,Madurai,8,1.13,28.34
2024-08-31,onion,Nagercoil,8,0.86,24.72
2024-08-31,onion,Tuticorin,8,0.95,22.58
2024-08-31,onion,Tenkasi,8,0.83,22.43
2024-08-31,carrot,Tirunelveli,8,0.83,21.76
2024-08-31,carrot,Madurai,8,1.0,25.12
2024-08-31,carrot,Nagercoil,8,1.06,23.4
2024-08-31,carrot,Tuticorin,8,1.04,24.14
2024-08-31,carrot,Tenkasi,8,1.17,27.91
2024-08-31,cabbage,Tirunelveli,8,1.24,20.75
2024-08-31,cabbage,Madurai,8,1.27,21.35
2024-08-31,cabbage,Nagercoil,8,0.93,12.35
2024-08-31,cabbage,Tuticorin,8,1.18,20.45
2024-08-31,cabbage,Tenkasi,8,1.23,19.92
2024-08-31,potato,Tirunelveli,8,0.86,14.58
2024-08-31,potato,Madurai,8,1.01,19.39
2024-08-31,potato,Nagercoil,8,1.25,25.31
2024-08-31,potato,Tuticorin,8,0.87,19.49
2024-08-31,potato,Tenkasi,8,1.26,26.66
2024-08-31,beans,Tirunelveli,8,1.2,37.1
2024-08-31,beans,Madurai,8,0.94,27.9
2024-08-31,beans,Nagercoil,8,1.26,39.83
2024-08-31,beans,Tuticorin,8,0.84,26.7
2024-08-31,beans,Tenkasi,8,1.09,33.65
2024-08-31,okra,Tirunelveli,8,0.81,18.79
2024-08-31,okra,Madurai,8,1.27,28.9
2024-08-31,okra,Nagercoil,8,1.15,25.23
2024-08-31,okra,Tuticorin,8,0.85,18.03
2024-08-31,okra,Tenkasi,8,1.18,26.35
2024-09-01,tomato,Tirunelveli,9,1.22,24.29
2024-09-01,tomato,Madurai,9,0.81,17.61
2024-09-01,tomato,Nagercoil,9,1.15,27.49
2024-09-01,tomato,Tuticorin,9,1.21,26.65
2024-09-01,tomato,Tenkasi,9,1.02,24.91
2024-09-01,brinjal,Tirunelveli,9,1.27,24.98
2024-09-01,brinjal,Madurai,9,1.27,21.07
2024-09-01,brinjal,Nagercoil,9,1.3,25.21
2024-09-01,brinjal,Tuticorin,9,1.14,23.35
2024-09-01,brinjal,Tenkasi,9,1.01,15.75
2024-09-01,onion,Tirunelveli,9,1.24,33.7
2024-09-01,onion,Madurai,9,1.22,31.01
2024-09-01,onion,Nagercoil,9,1.21,31.98
2024-09-01,onion,Tuticorin,9,0.99,26.01
2024-09-01,onion,Tenkasi,9,0.86,21.85
2024-09-01,carrot,Tirunelveli,9,0.86,22.4
2024-09-01,carrot,Madurai,9,0.86,21.14
2024-09-01,carrot,Nagercoil,9,1.16,26.51
2024-09-01,carrot,Tuticorin,9,0.9,20.75
2024-09-01,carrot,Tenkasi,9,1.2,29.61
2024-09-01,cabbage,Tirunelveli,9,1.04,14.87
2024-09-01,cabbage,Madurai,9,0.97,17.05
2024-09-01,cabbage,Nagercoil,9,1.22,17.36
2024-09-01,cabbage,Tuticorin,9,1.11,19.94
2024-09-01,cabbage,Tenkasi,9,0.86,13.7
2024-09-01,potato,Tirunelveli,9,0.92,18.73
2024-09-01,potato,Madurai,9,1.16,26.59
2024-09-01,potato,Nagercoil,9,0.9,17.17
2024-09-01,potato,Tuticorin,9,1.04,22.69
2024-09-01,potato,Tenkasi,9,1.08,24.92
2024-09-01,beans,Tirunelveli,9,1.11,32.39
2024-09-01,beans,Madurai,9,1.25,37.19
2024-09-01,beans,Nagercoil,9,1.21,35.62
2024-09-01,beans,Tuticorin,9,1.19,33.44
2024-09-01,beans,Tenkasi,9,1.29,37.94
2024-09-01,okra,Tirunelveli,9,1.0,23.4
2024-09-01,okra,Madurai,9,1.03,20.88
2024-09-01,okra,Nagercoil,9,0.81,19.16
2024-09-01,okra,Tuticorin,9,0.87,16.66
2024-09-01,okra,Tenkasi,9,1.18,25.42
2024-09-02,tomato,Tirunelveli,9,0.85,18.49
2024-09-02,tomato,Madurai,9,0.85,18.74
2024-09-02,tomato,Nagercoil,9,1.02,23.01
2024-09-02,tomato,Tuticorin,9,1.19,22.64
2024-09-02,tomato,Tenkasi,9,1.26,27.95
2024-09-02,brinjal,Tirunelveli,9,1.03,21.03
2024-09-02,brinjal,Madurai,9,1.1,19.78
2024-09-02,brinjal,Nagercoil,9,1.26,23.64
2024-09-02,brinjal,Tuticorin,9,1.04,20.32
2024-09-02,brinjal,Tenkasi,9,1.25,22.84
2024-09-02,onion,Tirunelveli,9,1.03,24.34
2024-09-02,onion,Madurai,9,1.28,32.4
2024-09-02,onion,Nagercoil,9,0.91,23.95
2024-09-02,onion,Tuticorin,9,0.92,21.9
2024-09-02,onion,Tenkasi,9,1.27,27.06
2024-09-02,carrot,Tirunelveli,9,0.88,23.15
2024-09-02,carrot,Madurai,9,1.05,26.31
2024-09-02,carrot,Nagercoil,9,0.8,18.84
2024-09-02,carrot,Tuticorin,9,1.29,29.11
2024-09-02,carrot,Tenkasi,9,0.82,20.15
2024-09-02,cabbage,Tirunelveli,9,1.07,15.2
2024-09-02,cabbage,Madurai,9,0.92,12.58
2024-09-02,cabbage,Nagercoil,9,1.13,16.02
2024-09-02,cabbage,Tuticorin,9,1.06,16.42
2024-09-02,cabbage,Tenkasi,9,1.2,19.17
2024-09-02,potato,Tirunelveli,9,0.87,17.98
2024-09-02,potato,Madurai,9,1.3,27.81
2024-09-02,potato,Nagercoil,9,1.06,24.48
2024-09-02,potato,Tuticorin,9,0.81,16.82
2024-09-02,potato,Tenkasi,9,0.85,18.05
2024-09-02,beans,Tirunelveli,9,0.81,24.31
2024-09-02,beans,Madurai,9,1.11,32.12
2024-09-02,beans,Nagercoil,9,1.05,31.7
2024-09-02,beans,Tuticorin,9,1.06,28.61
2024-09-02,beans,Tenkasi,9,0.81,23.88
2024-09-02,okra,Tirunelveli,9,1.25,27.52
2024-09-02,okra,Madurai,9,1.16,26.08
2024-09-02,okra,Nagercoil,9,1.03,24.11
2024-09-02,okra,Tuticorin,9,0.91,20.79
2024-09-02,okra,Tenkasi,9,0.92,20.66
2024-09-03,tomato,Tirunelveli,9,0.89,17.6
2024-09-03,tomato,Madurai,9,1.01,22.93
2024-09-03,tomato,Nagercoil,9,0.99,21.71
2024-09-03,tomato,Tuticorin,9,1.09,24.07
2024-09-03,tomato,Tenkasi,9,0.94,20.19
2024-09-03,brinjal,Tirunelveli,9,1.29,24.81
2024-09-03,brinjal,Madurai,9,1.09,21.07
2024-09-03,brinjal,Nagercoil,9,0.97,18.82
2024-09-03,brinjal,Tuticorin,9,1.28,23.85
2024-09-03,brinjal,Tenkasi,9,1.12,21.37
2024-09-03,onion,Tirunelveli,9,1.08,28.36
2024-09-03,onion,Madurai,9,1.1,28.65
2024-09-03,onion,Nagercoil,9,1.21,29.21
2024-09-03,onion,Tuticorin,9,1.02,24.79
2024-09-03,onion,Tenkasi,9,1.14,29.9
2024-09-03,carrot,Tirunelveli,9,1.0,22.25
2024-09-03,carrot,Madurai,9,1.2,28.63
2024-09-03,carrot,Nagercoil,9,1.12,26.43
2024-09-03,carrot,Tuticorin,9,1.27,31.6
2024-09-03,carrot,Tenkasi,9,1.25,30.79
2024-09-03,cabbage,Tirunelveli,9,1.14,18.45
2024-09-03,cabbage,Madurai,9,1.17,17.36
2024-09-03,cabbage,Nagercoil,9,1.01,16.55
2024-09-03,cabbage,Tuticorin,9,1.29,20.31
2024-09-03,cabbage,Tenkasi,9,1.28,18.32
2024-09-03,potato,Tirunelveli,9,0.85,14.75
2024-09-03,potato,Madurai,9,0.92,18.38
2024-09-03,potato,Nagercoil,9,1.11,23.93
2024-09-03,potato,Tuticorin,9,1.13,22.2
2024-09-03,potato,Tenkasi,9,0.95,20.24
2024-09-03,beans,Tirunelveli,9,1.02,30.35
2024-09-03,beans,Madurai,9,1.24,38.77
2024-09-03,beans,Nagercoil,9,0.97,27.97
2024-09-03,beans,Tuticorin,9,1.19,36.32
2024-09-03,beans,Tenkasi,9,1.03,30.12
2024-09-03,okra,Tirunelveli,9,1.0,21.31
2024-09-03,okra,Madurai,9,1.17,26.28
2024-09-03,okra,Nagercoil,9,1.16,24.74
2024-09-03,okra,Tuticorin,9,1.13,23.89
2024-09-03,okra,Tenkasi,9,1.09,24.99
2024-09-04,tomato,Tirunelveli,9,1.27,29.29
2024-09-04,tomato,Madurai,9,1.17,27.1
2024-09-04,tomato,Nagercoil,9,0.97,21.3
2024-09-04,tomato,Tuticorin,9,0.81,17.48
2024-09-04,tomato,Tenkasi,9,1.24,25.9
2024-09-04,brinjal,Tirunelveli,9,1.23,20.71
2024-09-04,brinjal,Madurai,9,1.21,25.66
2024-09-04,brinjal,Nagercoil,9,1.0,17.6
2024-09-04,brinjal,Tuticorin,9,0.98,20.63
2024-09-04,brinjal,Tenkasi,9,1.05,18.98
2024-09-04,onion,Tirunelveli,9,1.21,29.32
2024-09-04,onion,Madurai,9,1.03,29.22
2024-09-04,onion,Nagercoil,9,1.21,32.33
2024-09-04,onion,Tuticorin,9,1.16,29.67
2024-09-04,onion,Tenkasi,9,1.08,25.17
2024-09-04,carrot,Tirunelveli,9,1.29,30.21
2024-09-04,carrot,Madurai,9,1.07,23.62
2024-09-04,carrot,Nagercoil,9,0.96,24.24
2024-09-04,carrot,Tuticorin,9,0.97,22.66
2024-09-04,carrot,Tenkasi,9,1.06,28.04
2024-09-04,cabbage,Tirunelveli,9,1.1,16.41
2024-09-04,cabbage,Madurai,9,1.19,18.42
2024-09-04,cabbage,Nagercoil,9,1.08,14.72
2024-09-04,cabbage,Tuticorin,9,1.0,17.16
2024-09-04,cabbage,Tenkasi,9,0.92,14.0
2024-09-04,potato,Tirunelveli,9,1.3,27.1
2024-09-04,potato,Madurai,9,1.04,21.38
2024-09-04,potato,Nagercoil,9,0.82,14.44
2024-09-04,potato,Tuticorin,9,1.25,26.41
2024-09-04,potato,Tenkasi,9,1.1,23.76
2024-09-04,beans,Tirunelveli,9,1.09,33.04
2024-09-04,beans,Madurai,9,1.29,40.43
2024-09-04,beans,Nagercoil,9,1.21,36.14
2024-09-04,beans,Tuticorin,9,1.16,32.2
2024-09-04,beans,Tenkasi,9,1.19,35.32
2024-09-04,okra,Tirunelveli,9,0.92,20.19
2024-09-04,okra,Madurai,9,1.24,28.01
2024-09-04,okra,Nagercoil,9,0.93,19.24
2024-09-04,okra,Tuticorin,9,0.98,24.99
2024-09-04,okra,Tenkasi,9,0.96,21.41
2024-09-05,tomato,Tirunelveli,9,1.15,24.06
2024-09-05,tomato,Madurai,9,1.0,22.07
2024-09-05,tomato,Nagercoil,9,1.17,24.32
2024-09-05,tomato,Tuticorin,9,0.86,17.07
2024-09-05,tomato,Tenkasi,9,1.03,19.68
2024-09-05,brinjal,Tirunelveli,9,0.81,15.6
2024-09-05,brinjal,Madurai,9,1.16,22.69
2024-09-05,brinjal,Nagercoil,9,1.02,17.32
2024-09-05,brinjal,Tuticorin,9,0.83,18.08
2024-09-05,brinjal,Tenkasi,9,1.23,18.7
2024-09-05,onion,Tirunelveli,9,1.17,28.67
2024-09-05,onion,Madurai,9,1.03,25.7
2024-09-05,onion,Nagercoil,9,1.29,35.5
2024-09-05,onion,Tuticorin,9,1.14,29.26
2024-09-05,onion,Tenkasi,9,1.22,32.28
2024-09-05,carrot,Tirunelveli,9,1.24,28.36
2024-09-05,carrot,Madurai,9,0.89,21.38
2024-09-05,carrot,Nagercoil,9,1.19,28.23
2024-09-05,carrot,Tuticorin,9,0.94,19.38
2024-09-05,carrot,Tenkasi,9,1.04,26.89
2024-09-05,cabbage,Tirunelveli,9,0.98,16.37
2024-09-05,cabbage,Madurai,9,1.19,16.41
2024-09-05,cabbage,Nagercoil,9,1.24,19.42
2024-09-05,cabbage,Tuticorin,9,0.93,13.67
2024-09-05,cabbage,Tenkasi,9,1.01,15.35
2024-09-05,potato,Tirunelveli,9,0.9,19.71
2024-09-05,potato,Madurai,9,0.88,20.34
2024-09-05,potato,Nagercoil,9,1.3,26.25
2024-09-05,potato,Tuticorin,9,1.19,24.88
2024-09-05,potato,Tenkasi,9,1.25,26.26
2024-09-05,beans,Tirunelveli,9,0.84,24.69
2024-09-05,beans,Madurai,9,1.26,38.53
2024-09-05,beans,Nagercoil,9,0.84,26.41
2024-09-05,beans,Tuticorin,9,1.3,39.98
2024-09-05,beans,Tenkasi,9,1.18,36.76
2024-09-05,okra,Tirunelveli,9,0.98,18.61
2024-09-05,okra,Madurai,9,0.9,18.65
2024-09-05,okra,Nagercoil,9,1.07,22.66
2024-09-05,okra,Tuticorin,9,1.25,27.49
2024-09-05,okra,Tenkasi,9,0.93,20.16
2024-09-06,tomato,Tirunelveli,9,0.85,20.09
2024-09-06,tomato,Madurai,9,1.09,20.5
2024-09-06,tomato,Nagercoil,9,1.07,24.67
2024-09-06,tomato,Tuticorin,9,1.21,24.3
2024-09-06,tomato,Tenkasi,9,0.97,20.31
2024-09-06,brinjal,Tirunelveli,9,0.87,15.49
2024-09-06,brinjal,Madurai,9,1.03,19.13
2024-09-06,brinjal,Nagercoil,9,0.91,15.22
2024-09-06,brinjal,Tuticorin,9,1.17,21.94
2024-09-06,brinjal,Tenkasi,9,0.88,15.88
2024-09-06,onion,Tirunelveli,9,0.8,20.99
2024-09-06,onion,Madurai,9,0.85,22.9
2024-09-06,onion,Nagercoil,9,1.13,28.02
2024-09-06,onion,Tuticorin,9,1.01,29.29
2024-09-06,onion,Tenkasi,9,1.24,30.85
2024-09-06,carrot,Tirunelveli,9,0.96,20.8
2024-09-06,carrot,Madurai,9,1.19,29.8
2024-09-06,carrot,Nagercoil,9,1.29,31.98
2024-09-06,carrot,Tuticorin,9,0.8,21.15
2024-09-06,carrot,Tenkasi,9,1.26,31.1
2024-09-06,cabbage,Tirunelveli,9,1.24,18.69
2024-09-06,cabbage,Madurai,9,0.81,12.35
2024-09-06,cabbage,Nagercoil,9,1.07,13.97
2024-09-06,cabbage,Tuticorin,9,1.0,12.07
2024-09-06,cabbage,Tenkasi,9,1.26,20.7
2024-09-06,potato,Tirunelveli,9,1.25,24.96
2024-09-06,potato,Madurai,9,1.05,23.75
2024-09-06,potato,Nagercoil,9,1.15,23.07
2024-09-06,potato,Tuticorin,9,0.96,19.24
2024-09-06,potato,Tenkasi,9,0.87,16.93
2024-09-06,beans,Tirunelveli,9,0.95,29.34
2024-09-06,beans,Madurai,9,1.28,35.99
2024-09-06,beans,Nagercoil,9,1.14,33.1
2024-09-06,beans,Tuticorin,9,0.96,31.01
2024-09-06,beans,Tenkasi,9,1.22,36.23
2024-09-06,okra,Tirunelveli,9,0.8,19.12
2024-09-06,okra,Madurai,9,1.2,26.56
2024-09-06,okra,Nagercoil,9,1.14,27.35
2024-09-06,okra,Tuticorin,9,1.26,28.15
2024-09-06,okra,Tenkasi,9,0.95,25.62
2024-09-07,tomato,Tirunelveli,9,0.95,19.88
2024-09-07,tomato,Madurai,9,0.88,20.84
2024-09-07,tomato,Nagercoil,9,0.85,14.31
2024-09-07,tomato,Tuticorin,9,1.13,21.09
2024-09-07,tomato,Tenkasi,9,1.04,22.04
2024-09-07,brinjal,Tirunelveli,9,1.25,21.69
2024-09-07,brinjal,Madurai,9,0.88,17.68
2024-09-07,brinjal,Nagercoil,9,1.17,24.45
2024-09-07,brinjal,Tuticorin,9,0.88,16.6
2024-09-07,brinjal,Tenkasi,9,1.22,23.74
2024-09-07,onion,Tirunelveli,9,0.92,24.8
2024-09-07,onion,Madurai,9,1.0,26.54
2024-09-07,onion,Nagercoil,9,0.99,24.26
2024-09-07,onion,Tuticorin,9,1.17,30.18
2024-09-07,onion,Tenkasi,9,0.82,21.79
2024-09-07,carrot,Tirunelveli,9,0.85,18.63
2024-09-07,carrot,Madurai,9,1.29,31.09
2024-09-07,carrot,Nagercoil,9,1.21,30.21
2024-09-07,carrot,Tuticorin,9,1.24,30.6
2024-09-07,carrot,Tenkasi,9,0.9,20.67
2024-09-07,cabbage,Tirunelveli,9,1.01,18.01
2024-09-07,cabbage,Madurai,9,0.82,13.18
2024-09-07,cabbage,Nagercoil,9,0.95,12.04
2024-09-07,cabbage,Tuticorin,9,1.19,20.01
2024-09-07,cabbage,Tenkasi,9,1.13,16.39
2024-09-07,potato,Tirunelveli,9,1.11,22.11
2024-09-07,potato,Madurai,9,1.03,20.16
2024-09-07,potato,Nagercoil,9,0.95,17.98
2024-09-07,potato,Tuticorin,9,0.85,19.76
2024-09-07,potato,Tenkasi,9,1.09,22.61
2024-09-07,beans,Tirunelveli,9,1.21,35.82
2024-09-07,beans,Madurai,9,1.1,31.3
2024-09-07,beans,Nagercoil,9,1.14,35.48
2024-09-07,beans,Tuticorin,9,1.13,34.88
2024-09-07,beans,Tenkasi,9,0.85,26.83
2024-09-07,okra,Tirunelveli,9,1.3,30.07
2024-09-07,okra,Madurai,9,1.15,25.58
2024-09-07,okra,Nagercoil,9,1.23,30.23
2024-09-07,okra,Tuticorin,9,1.3,29.49
2024-09-07,okra,Tenkasi,9,0.84,20.54
2024-09-08,tomato,Tirunelveli,9,1.16,26.18
2024-09-08,tomato,Madurai,9,0.86,19.42
2024-09-08,tomato,Nagercoil,9,1.13,25.46
2024-09-08,tomato,Tuticorin,9,0.92,18.36
2024-09-08,tomato,Tenkasi,9,1.14,23.0
2024-09-08,brinjal,Tirunelveli,9,1.13,21.56
2024-09-08,brinjal,Madurai,9,1.26,22.82
2024-09-08,brinjal,Nagercoil,9,1.25,25.05
2024-09-08,brinjal,Tuticorin,9,1.19,22.09
2024-09-08,brinjal,Tenkasi,9,0.97,17.03
2024-09-08,onion,Tirunelveli,9,1.19,32.96
2024-09-08,onion,Madurai,9,1.1,26.84
2024-09-08,onion,Nagercoil,9,1.29,32.67
2024-09-08,onion,Tuticorin,9,1.16,30.65
2024-09-08,onion,Tenkasi,9,1.21,29.38
2024-09-08,carrot,Tirunelveli,9,1.02,22.45
2024-09-08,carrot,Madurai,9,0.88,24.23
2024-09-08,carrot,Nagercoil,9,1.05,24.88
2024-09-08,carrot,Tuticorin,9,1.13,27.2
2024-09-08,carrot,Tenkasi,9,1.24,30.42
2024-09-08,cabbage,Tirunelveli,9,0.87,12.81
2024-09-08,cabbage,Madurai,9,1.0,15.7
2024-09-08,cabbage,Nagercoil,9,0.96,12.19
2024-09-08,cabbage,Tuticorin,9,1.12,18.2
2024-09-08,cabbage,Tenkasi,9,0.98,15.58
2024-09-08,potato,Tirunelveli,9,0.91,19.96
2024-09-08,potato,Madurai,9,0.97,19.23
2024-09-08,potato,Nagercoil,9,1.07,23.38
2024-09-08,potato,Tuticorin,9,1.12,20.97
2024-09-08,potato,Tenkasi,9,1.04,19.71
2024-09-08,beans,Tirunelveli,9,0.91,26.58
2024-09-08,beans,Madurai,9,0.95,28.12
2024-09-08,beans,Nagercoil,9,0.96,28.71
2024-09-08,beans,Tuticorin,9,1.19,36.24
2024-09-08,beans,Tenkasi,9,0.82,22.7
2024-09-08,okra,Tirunelveli,9,1.0,22.86
2024-09-08,okra,Madurai,9,1.07,26.0
2024-09-08,okra,Nagercoil,9,1.29,29.54
2024-09-08,okra,Tuticorin,9,1.2,28.03
2024-09-08,okra,Tenkasi,9,1.18,24.58
2024-09-09,tomato,Tirunelveli,9,1.16,23.78
2024-09-09,tomato,Madurai,9,0.83,18.79
2024-09-09,tomato,Nagercoil,9,1.0,20.97
2024-09-09,tomato,Tuticorin,9,1.14,24.39
2024-09-09,tomato,Tenkasi,9,0.8,16.58
2024-09-09,brinjal,Tirunelveli,9,0.84,14.55
2024-09-09,brinjal,Madurai,9,1.22,23.46
2024-09-09,brinjal,Nagercoil,9,0.92,18.07
2024-09-09,brinjal,Tuticorin,9,1.06,18.98
2024-09-09,brinjal,Tenkasi,9,1.06,18.52
2024-09-09,onion,Tirunelveli,9,1.17,29.35
2024-09-09,onion,Madurai,9,1.26,31.38
2024-09-09,onion,Nagercoil,9,1.01,23.13
2024-09-09,onion,Tuticorin,9,1.2,30.83
2024-09-09,onion,Tenkasi,9,0.88,23.63
2024-09-09,carrot,Tirunelveli,9,1.02,23.16
2024-09-09,carrot,Madurai,9,0.9,23.37
2024-09-09,carrot,Nagercoil,9,0.86,21.78
2024-09-09,carrot,Tuticorin,9,0.94,21.5
2024-09-09,carrot,Tenkasi,9,1.18,26.18
2024-09-09,cabbage,Tirunelveli,9,1.16,17.12
2024-09-09,cabbage,Madurai,9,0.94,13.57
2024-09-09,cabbage,Nagercoil,9,0.87,12.26
2024-09-09,cabbage,Tuticorin,9,1.18,17.74
2024-09-09,cabbage,Tenkasi,9,1.19,17.01
2024-09-09,potato,Tirunelveli,9,1.25,25.63
2024-09-09,potato,Madurai,9,1.28,27.14
2024-09-09,potato,Nagercoil,9,1.22,23.5
2024-09-09,potato,Tuticorin,9,1.07,21.46
2024-09-09,potato,Tenkasi,9,1.06,18.52
2024-09-09,beans,Tirunelveli,9,1.0,29.92
2024-09-09,beans,Madurai,9,0.92,27.67
2024-09-09,beans,Nagercoil,9,1.09,31.3
2024-09-09,beans,Tuticorin,9,0.98,29.77
2024-09-09,beans,Tenkasi,9,1.25,35.12
2024-09-09,okra,Tirunelveli,9,0.86,19.55
2024-09-09,okra,Madurai,9,1.06,20.43
2024-09-09,okra,Nagercoil,9,1.12,25.5
2024-09-09,okra,Tuticorin,9,0.83,18.66
2024-09-09,okra,Tenkasi,9,0.83,16.64
2024-09-10,tomato,Tirunelveli,9,1.24,26.99
2024-09-10,tomato,Madurai,9,1.0,19.87
2024-09-10,tomato,Nagercoil,9,1.0,21.24
2024-09-10,tomato,Tuticorin,9,1.16,27.1
2024-09-10,tomato,Tenkasi,9,1.05,24.54
2024-09-10,brinjal,Tirunelveli,9,1.1,21.41
2024-09-10,brinjal,Madurai,9,1.11,22.48
2024-09-10,brinjal,Nagercoil,9,0.84,12.94
2024-09-10,brinjal,Tuticorin,9,0.98,20.07
2024-09-10,brinjal,Tenkasi,9,1.06,19.3
2024-09-10,onion,Tirunelveli,9,1.17,29.68
2024-09-10,onion,Madurai,9,1.25,31.32
2024-09-10,onion,Nagercoil,9,0.91,23.16
2024-09-10,onion,Tuticorin,9,1.15,28.68
2024-09-10,onion,Tenkasi,9,1.03,29.19
2024-09-10,carrot,Tirunelveli,9,0.93,21.36
2024-09-10,carrot,Madurai,9,1.18,27.5
2024-09-10,carrot,Nagercoil,9,1.13,25.22
2024-09-10,carrot,Tuticorin,9,1.21,29.91
2024-09-10,carrot,Tenkasi,9,0.98,24.65
2024-09-10,cabbage,Tirunelveli,9,0.86,13.84
2024-09-10,cabbage,Madurai,9,1.23,18.28
2024-09-10,cabbage,Nagercoil,9,1.28,19.62
2024-09-10,cabbage,Tuticorin,9,1.12,16.0
2024-09-10,cabbage,Tenkasi,9,1.16,19.53
2024-09-10,potato,Tirunelveli,9,0.98,20.98
2024-09-10,potato,Madurai,9,0.89,17.1
2024-09-10,potato,Nagercoil,9,0.96,19.21
2024-09-10,potato,Tuticorin,9,1.11,21.85
2024-09-10,potato,Tenkasi,9,0.9,17.7
2024-09-10,beans,Tirunelveli,9,1.29,36.27
2024-09-10,beans,Madurai,9,1.22,36.61
2024-09-10,beans,Nagercoil,9,1.0,29.27
2024-09-10,beans,Tuticorin,9,1.0,30.34
2024-09-10,beans,Tenkasi,9,1.05,29.16
2024-09-10,okra,Tirunelveli,9,1.0,22.71
2024-09-10,okra,Madurai,9,1.29,30.46
2024-09-10,okra,Nagercoil,9,1.02,23.42
2024-09-10,okra,Tuticorin,9,1.07,26.16
2024-09-10,okra,Tenkasi,9,1.23,26.18
2024-09-11,tomato,Tirunelveli,9,1.05,19.22
2024-09-11,tomato,Madurai,9,0.89,18.5
2024-09-11,tomato,Nagercoil,9,1.27,28.49
2024-09-11,tomato,Tuticorin,9,1.16,23.67
2024-09-11,tomato,Tenkasi,9,1.2,25.66
2024-09-11,brinjal,Tirunelveli,9,1.25,24.25
2024-09-11,brinjal,Madurai,9,0.88,18.47
2024-09-11,brinjal,Nagercoil,9,0.94,18.4
2024-09-11,brinjal,Tuticorin,9,1.17,22.76
2024-09-11,brinjal,Tenkasi,9,0.96,18.62
2024-09-11,onion,Tirunelveli,9,1.14,30.7
2024-09-11,onion,Madurai,9,1.03,24.98
2024-09-11,onion,Nagercoil,9,1.1,26.27
2024-09-11,onion,Tuticorin,9,0.89,22.23
2024-09-11,onion,Tenkasi,9,0.84,22.96
2024-09-11,carrot,Tirunelveli,9,0.81,19.82
2024-09-11,carrot,Madurai,9,0.83,22.35
2024-09-11,carrot,Nagercoil,9,0.88,20.47
2024-09-11,carrot,Tuticorin,9,0.94,21.48
2024-09-11,carrot,Tenkasi,9,0.91,19.62
2024-09-11,cabbage,Tirunelveli,9,0.98,16.02
2024-09-11,cabbage,Madurai,9,0.84,15.08
2024-09-11,cabbage,Nagercoil,9,1.12,18.24
2024-09-11,cabbage,Tuticorin,9,0.94,14.39
2024-09-11,cabbage,Tenkasi,9,1.16,16.48
2024-09-11,potato,Tirunelveli,9,1.25,26.62
2024-09-11,potato,Madurai,9,1.05,20.04
2024-09-11,potato,Nagercoil,9,0.93,19.6
2024-09-11,potato,Tuticorin,9,1.09,22.29
2024-09-11,potato,Tenkasi,9,0.99,17.11
2024-09-11,beans,Tirunelveli,9,1.12,33.04
2024-09-11,beans,Madurai,9,1.12,33.46
2024-09-11,beans,Nagercoil,9,1.01,29.04
2024-09-11,beans,Tuticorin,9,0.91,26.67
2024-09-11,beans,Tenkasi,9,0.91,26.97
2024-09-11,okra,Tirunelveli,9,0.82,19.2
2024-09-11,okra,Madurai,9,0.87,19.45
2024-09-11,okra,Nagercoil,9,0.89,18.6
2024-09-11,okra,Tuticorin,9,1.05,24.96
2024-09-11,okra,Tenkasi,9,0.96,20.46
2024-09-12,tomato,Tirunelveli,9,1.03,21.11
2024-09-12,tomato,Madurai,9,1.2,27.95
2024-09-12,tomato,Nagercoil,9,1.13,24.21
2024-09-12,tomato,Tuticorin,9,1.28,23.35
2024-09-12,tomato,Tenkasi,9,1.13,25.37
2024-09-12,brinjal,Tirunelveli,9,0.96,17.92
2024-09-12,brinjal,Madurai,9,1.28,22.85
2024-09-12,brinjal,Nagercoil,9,1.24,23.03
2024-09-12,brinjal,Tuticorin,9,0.93,17.17
2024-09-12,brinjal,Tenkasi,9,0.89,15.16
2024-09-12,onion,Tirunelveli,9,1.17,29.43
2024-09-12,onion,Madurai,9,0.9,22.21
2024-09-12,onion,Nagercoil,9,1.08,27.49
2024-09-12,onion,Tuticorin,9,0.83,22.76
2024-09-12,onion,Tenkasi,9,1.08,27.03
2024-09-12,carrot,Tirunelveli,9,0.84,20.35
2024-09-12,carrot,Madurai,9,0.89,22.12
2024-09-12,carrot,Nagercoil,9,1.07,27.73
2024-09-12,carrot,Tuticorin,9,0.92,22.29
2024-09-12,carrot,Tenkasi,9,0.92,21.8
2024-09-12,cabbage,Tirunelveli,9,1.25,17.64
2024-09-12,cabbage,Madurai,9,1.03,16.14
2024-09-12,cabbage,Nagercoil,9,1.27,21.09
2024-09-12,cabbage,Tuticorin,9,0.93,13.85
2024-09-12,cabbage,Tenkasi,9,1.09,19.97
2024-09-12,potato,Tirunelveli,9,0.8,16.01
2024-09-12,potato,Madurai,9,0.93,18.17
2024-09-12,potato,Nagercoil,9,0.94,18.77
2024-09-12,potato,Tuticorin,9,0.96,19.66
2024-09-12,potato,Tenkasi,9,1.01,20.84
2024-09-12,beans,Tirunelveli,9,1.29,38.37
2024-09-12,beans,Madurai,9,1.12,31.62
2024-09-12,beans,Nagercoil,9,0.83,23.82
2024-09-12,beans,Tuticorin,9,0.87,26.32
2024-09-12,beans,Tenkasi,9,0.88,26.49
2024-09-12,okra,Tirunelveli,9,1.13,25.65
2024-09-12,okra,Madurai,9,1.08,25.11
2024-09-12,okra,Nagercoil,9,1.01,19.99
2024-09-12,okra,Tuticorin,9,0.87,18.14
2024-09-12,okra,Tenkasi,9,0.9,20.37
2024-09-13,tomato,Tirunelveli,9,1.21,27.47
2024-09-13,tomato,Madurai,9,1.01,23.62
2024-09-13,tomato,Nagercoil,9,1.0,22.86
2024-09-13,tomato,Tuticorin,9,1.06,23.73
2024-09-13,tomato,Tenkasi,9,1.28,27.14
2024-09-13,brinjal,Tirunelveli,9,1.21,23.44
2024-09-13,brinjal,Madurai,9,1.07,19.02
2024-09-13,brinjal,Nagercoil,9,1.09,20.35
2024-09-13,brinjal,Tuticorin,9,1.25,24.39
2024-09-13,brinjal,Tenkasi,9,0.88,17.44
2024-09-13,onion,Tirunelveli,9,0.98,23.85
2024-09-13,onion,Madurai,9,1.09,26.16
2024-09-13,onion,Nagercoil,9,0.98,22.22
2024-09-13,onion,Tuticorin,9,0.94,26.85
2024-09-13,onion,Tenkasi,9,0.85,19.34
2024-09-13,carrot,Tirunelveli,9,0.81,19.79
2024-09-13,carrot,Madurai,9,0.81,18.9
2024-09-13,carrot,Nagercoil,9,1.3,30.96
2024-09-13,carrot,Tuticorin,9,0.89,20.04
2024-09-13,carrot,Tenkasi,9,1.07,26.19
2024-09-13,cabbage,Tirunelveli,9,0.84,13.55
2024-09-13,cabbage,Madurai,9,0.84,15.08
2024-09-13,cabbage,Nagercoil,9,1.22,19.94
2024-09-13,cabbage,Tuticorin,9,1.26,19.39
2024-09-13,cabbage,Tenkasi,9,1.26,19.27
2024-09-13,potato,Tirunelveli,9,0.92,19.22
2024-09-13,potato,Madurai,9,1.18,25.53
2024-09-13,potato,Nagercoil,9,1.22,23.45
2024-09-13,potato,Tuticorin,9,1.19,23.31
2024-09-13,potato,Tenkasi,9,1.01,18.22
2024-09-13,beans,Tirunelveli,9,1.05,30.84
2024-09-13,beans,Madurai,9,1.06,29.53
2024-09-13,beans,Nagercoil,9,1.07,31.82
2024-09-13,beans,Tuticorin,9,0.92,29.23
2024-09-13,beans,Tenkasi,9,1.13,32.73
2024-09-13,okra,Tirunelveli,9,1.12,26.35
2024-09-13,okra,Madurai,9,0.87,20.32
2024-09-13,okra,Nagercoil,9,1.26,27.36
2024-09-13,okra,Tuticorin,9,1.09,25.21
2024-09-13,okra,Tenkasi,9,1.28,28.94
2024-09-14,tomato,Tirunelveli,9,1.04,19.17
2024-09-14,tomato,Madurai,9,0.84,19.98
2024-09-14,tomato,Nagercoil,9,1.01,22.39
2024-09-14,tomato,Tuticorin,9,1.25,27.34
2024-09-14,tomato,Tenkasi,9,0.83,16.08
2024-09-14,brinjal,Tirunelveli,9,0.9,16.94
2024-09-14,brinjal,Madurai,9,1.25,25.81
2024-09-14,brinjal,Nagercoil,9,0.83,15.53
2024-09-14,brinjal,Tuticorin,9,1.01,17.62
2024-09-14,brinjal,Tenkasi,9,0.96,18.59
2024-09-14,onion,Tirunelveli,9,0.83,21.52
2024-09-14,onion,Madurai,9,1.21,31.04
2024-09-14,onion,Nagercoil,9,1.29,33.03
2024-09-14,onion,Tuticorin,9,1.09,27.96
2024-09-14,onion,Tenkasi,9,1.06,28.85
2024-09-14,carrot,Tirunelveli,9,0.89,20.66
2024-09-14,carrot,Madurai,9,0.83,21.53
2024-09-14,carrot,Nagercoil,9,1.21,27.19
2024-09-14,carrot,Tuticorin,9,0.92,22.97
2024-09-14,carrot,Tenkasi,9,0.92,22.91
2024-09-14,cabbage,Tirunelveli,9,0.82,11.68
2024-09-14,cabbage,Madurai,9,0.83,11.86
2024-09-14,cabbage,Nagercoil,9,1.16,19.13
2024-09-14,cabbage,Tuticorin,9,0.93,13.75
2024-09-14,cabbage,Tenkasi,9,1.03,17.02
2024-09-14,potato,Tirunelveli,9,1.06,22.15
2024-09-14,potato,Madurai,9,0.99,19.53
2024-09-14,potato,Nagercoil,9,0.84,18.29
2024-09-14,potato,Tuticorin,9,1.02,23.45
2024-09-14,potato,Tenkasi,9,1.26,28.15
2024-09-14,beans,Tirunelveli,9,0.94,27.37
2024-09-14,beans,Madurai,9,0.98,26.55
2024-09-14,beans,Nagercoil,9,1.17,36.66
2024-09-14,beans,Tuticorin,9,1.21,37.04
2024-09-14,beans,Tenkasi,9,1.26,37.96
2024-09-14,okra,Tirunelveli,9,0.91,20.0
2024-09-14,okra,Madurai,9,1.16,27.58
2024-09-14,okra,Nagercoil,9,1.04,23.16
2024-09-14,okra,Tuticorin,9,1.19,26.56
2024-09-14,okra,Tenkasi,9,1.19,26.65
2024-09-15,tomato,Tirunelveli,9,0.83,18.58
2024-09-15,tomato,Madurai,9,0.98,23.62
2024-09-15,tomato,Nagercoil,9,0.82,17.44
2024-09-15,tomato,Tuticorin,9,0.91,15.77
2024-09-15,tomato,Tenkasi,9,0.89,22.8
2024-09-15,brinjal,Tirunelveli,9,0.92,17.59
2024-09-15,brinjal,Madurai,9,1.09,20.36
2024-09-15,brinjal,Nagercoil,9,1.23,24.38
2024-09-15,brinjal,Tuticorin,9,1.26,27.4
2024-09-15,brinjal,Tenkasi,9,1.01,17.92
2024-09-15,onion,Tirunelveli,9,0.96,23.41
2024-09-15,onion,Madurai,9,1.3,31.96
2024-09-15,onion,Nagercoil,9,0.8,21.82
2024-09-15,onion,Tuticorin,9,1.14,29.49
2024-09-15,onion,Tenkasi,9,0.98,27.86
2024-09-15,carrot,Tirunelveli,9,1.28,28.0
2024-09-15,carrot,Madurai,9,1.29,32.5
2024-09-15,carrot,Nagercoil,9,0.95,22.38
2024-09-15,carrot,Tuticorin,9,0.99,22.79
2024-09-15,carrot,Tenkasi,9,1.13,26.07
2024-09-15,cabbage,Tirunelveli,9,1.06,15.39
2024-09-15,cabbage,Madurai,9,0.99,12.99
2024-09-15,cabbage,Nagercoil,9,1.29,19.3
2024-09-15,cabbage,Tuticorin,9,1.26,20.79
2024-09-15,cabbage,Tenkasi,9,0.97,15.12
2024-09-15,potato,Tirunelveli,9,1.0,20.39
2024-09-15,potato,Madurai,9,1.14,21.69
2024-09-15,potato,Nagercoil,9,1.09,20.81
2024-09-15,potato,Tuticorin,9,1.29,27.37
2024-09-15,potato,Tenkasi,9,1.26,25.53
2024-09-15,beans,Tirunelveli,9,0.93,30.12
2024-09-15,beans,Madurai,9,1.06,29.76
2024-09-15,beans,Nagercoil,9,0.85,28.28
2024-09-15,beans,Tuticorin,9,0.84,23.5
2024-09-15,beans,Tenkasi,9,1.05,31.76
2024-09-15,okra,Tirunelveli,9,1.15,22.29
2024-09-15,okra,Madurai,9,0.97,21.45
2024-09-15,okra,Nagercoil,9,1.1,23.21
2024-09-15,okra,Tuticorin,9,0.8,17.68
2024-09-15,okra,Tenkasi,9,0.97,21.43
2024-09-16,tomato,Tirunelveli,9,1.07,21.19
2024-09-16,tomato,Madurai,9,1.23,24.8
2024-09-16,tomato,Nagercoil,9,0.87,19.49
2024-09-16,tomato,Tuticorin,9,1.11,23.63
2024-09-16,tomato,Tenkasi,9,1.16,24.1
2024-09-16,brinjal,Tirunelveli,9,1.12,20.93
2024-09-16,brinjal,Madurai,9,1.12,20.72
2024-09-16,brinjal,Nagercoil,9,1.26,22.04
2024-09-16,brinjal,Tuticorin,9,0.9,13.73
2024-09-16,brinjal,Tenkasi,9,1.21,19.39
2024-09-16,onion,Tirunelveli,9,1.21,29.9
2024-09-16,onion,Madurai,9,0.84,23.27
2024-09-16,onion,Nagercoil,9,0.97,26.61
2024-09-16,onion,Tuticorin,9,1.28,34.26
2024-09-16,onion,Tenkasi,9,1.03,27.15
2024-09-16,carrot,Tirunelveli,9,0.88,24.1
2024-09-16,carrot,Madurai,9,1.03,25.47
2024-09-16,carrot,Nagercoil,9,0.98,23.5
2024-09-16,carrot,Tuticorin,9,1.29,28.32
2024-09-16,carrot,Tenkasi,9,0.9,21.71
2024-09-16,cabbage,Tirunelveli,9,0.87,12.73
2024-09-16,cabbage,Madurai,9,1.02,15.59
2024-09-16,cabbage,Nagercoil,9,1.29,21.53
2024-09-16,cabbage,Tuticorin,9,0.86,14.28
2024-09-16,cabbage,Tenkasi,9,1.04,16.73
2024-09-16,potato,Tirunelveli,9,0.89,17.7
2024-09-16,potato,Madurai,9,1.03,21.62
2024-09-16,potato,Nagercoil,9,1.22,28.68
2024-09-16,potato,Tuticorin,9,0.92,20.55
2024-09-16,potato,Tenkasi,9,1.06,20.92
2024-09-16,beans,Tirunelveli,9,1.0,29.9
2024-09-16,beans,Madurai,9,1.23,37.01
2024-09-16,beans,Nagercoil,9,1.06,31.34
2024-09-16,beans,Tuticorin,9,1.19,38.69
2024-09-16,beans,Tenkasi,9,1.15,34.14
2024-09-16,okra,Tirunelveli,9,1.01,22.87
2024-09-16,okra,Madurai,9,0.94,22.46
2024-09-16,okra,Nagercoil,9,0.82,18.05
2024-09-16,okra,Tuticorin,9,1.29,26.8
2024-09-16,okra,Tenkasi,9,0.94,19.71
2024-09-17,tomato,Tirunelveli,9,0.83,16.49
2024-09-17,tomato,Madurai,9,1.16,24.58
2024-09-17,tomato,Nagercoil,9,0.99,21.26
2024-09-17,tomato,Tuticorin,9,1.29,25.25
2024-09-17,tomato,Tenkasi,9,1.15,26.69
2024-09-17,brinjal,Tirunelveli,9,1.17,21.79
2024-09-17,brinjal,Madurai,9,1.25,23.92
2024-09-17,brinjal,Nagercoil,9,0.95,17.26
2024-09-17,brinjal,Tuticorin,9,1.27,24.3
2024-09-17,brinjal,Tenkasi,9,1.28,23.69
2024-09-17,onion,Tirunelveli,9,0.87,21.82
2024-09-17,onion,Madurai,9,1.3,30.88
2024-09-17,onion,Nagercoil,9,1.04,29.4
2024-09-17,onion,Tuticorin,9,1.28,33.46
2024-09-17,onion,Tenkasi,9,1.19,29.3
2024-09-17,carrot,Tirunelveli,9,0.85,18.68
2024-09-17,carrot,Madurai,9,1.12,25.86
2024-09-17,carrot,Nagercoil,9,1.24,28.49
2024-09-17,carrot,Tuticorin,9,0.96,19.94
2024-09-17,carrot,Tenkasi,9,0.84,21.86
2024-09-17,cabbage,Tirunelveli,9,0.98,16.35
2024-09-17,cabbage,Madurai,9,0.96,14.41
2024-09-17,cabbage,Nagercoil,9,0.99,16.18
2024-09-17,cabbage,Tuticorin,9,1.2,19.49
2024-09-17,cabbage,Tenkasi,9,1.28,18.92
2024-09-17,potato,Tirunelveli,9,1.21,26.68
2024-09-17,potato,Madurai,9,1.05,20.07
2024-09-17,potato,Nagercoil,9,0.91,16.98
2024-09-17,potato,Tuticorin,9,0.87,19.53
2024-09-17,potato,Tenkasi,9,0.89,18.63
2024-09-17,beans,Tirunelveli,9,1.25,36.07
2024-09-17,beans,Madurai,9,0.87,25.92
2024-09-17,beans,Nagercoil,9,0.95,28.28
2024-09-17,beans,Tuticorin,9,0.83,24.41
2024-09-17,beans,Tenkasi,9,0.92,26.16
2024-09-17,okra,Tirunelveli,9,1.14,24.1
2024-09-17,okra,Madurai,9,1.23,28.59
2024-09-17,okra,Nagercoil,9,0.97,21.01
2024-09-17,okra,Tuticorin,9,0.9,21.4
2024-09-17,okra,Tenkasi,9,0.98,19.34
2024-09-18,tomato,Tirunelveli,9,1.14,25.32
2024-09-18,tomato,Madurai,9,0.97,19.16
2024-09-18,tomato,Nagercoil,9,1.03,24.62
2024-09-18,tomato,Tuticorin,9,0.92,20.4
2024-09-18,tomato,Tenkasi,9,1.22,24.49
2024-09-18,brinjal,Tirunelveli,9,1.29,25.24
2024-09-18,brinjal,Madurai,9,1.13,19.37
2024-09-18,brinjal,Nagercoil,9,1.07,19.69
2024-09-18,brinjal,Tuticorin,9,0.88,13.63
2024-09-18,brinjal,Tenkasi,9,1.16,19.47
2024-09-18,onion,Tirunelveli,9,0.9,22.06
2024-09-18,onion,Madurai,9,1.02,27.54
2024-09-18,onion,Nagercoil,9,1.19,28.03
2024-09-18,onion,Tuticorin,9,0.99,26.77
2024-09-18,onion,Tenkasi,9,0.95,21.75
2024-09-18,carrot,Tirunelveli,9,1.16,29.12
2024-09-18,carrot,Madurai,9,1.09,25.28
2024-09-18,carrot,Nagercoil,9,0.91,20.44
2024-09-18,carrot,Tuticorin,9,1.0,25.83
2024-09-18,carrot,Tenkasi,9,1.18,33.08
2024-09-18,cabbage,Tirunelveli,9,0.89,13.45
2024-09-18,cabbage,Madurai,9,0.95,15.2
2024-09-18,cabbage,Nagercoil,9,1.14,16.76
2024-09-18,cabbage,Tuticorin,9,1.17,19.76
2024-09-18,cabbage,Tenkasi,9,1.24,19.77
2024-09-18,potato,Tirunelveli,9,1.13,24.06
2024-09-18,potato,Madurai,9,1.18,24.0
2024-09-18,potato,Nagercoil,9,0.83,17.54
2024-09-18,potato,Tuticorin,9,1.03,20.94
2024-09-18,potato,Tenkasi,9,1.09,22.14
2024-09-18,beans,Tirunelveli,9,0.95,29.82
2024-09-18,beans,Madurai,9,1.01,30.87
2024-09-18,beans,Nagercoil,9,1.25,36.42
2024-09-18,beans,Tuticorin,9,0.95,29.67
2024-09-18,beans,Tenkasi,9,0.95,29.01
2024-09-18,okra,Tirunelveli,9,0.96,21.95
2024-09-18,okra,Madurai,9,1.1,24.08
2024-09-18,okra,Nagercoil,9,1.3,27.02
2024-09-18,okra,Tuticorin,9,0.88,20.72
2024-09-18,okra,Tenkasi,9,0.89,21.65
2024-09-19,tomato,Tirunelveli,9,1.2,24.28
2024-09-19,tomato,Madurai,9,1.01,20.87
2024-09-19,tomato,Nagercoil,9,0.85,16.84
2024-09-19,tomato,Tuticorin,9,1.23,23.98
2024-09-19,tomato,Tenkasi,9,1.2,27.97
2024-09-19,brinjal,Tirunelveli,9,1.08,19.63
2024-09-19,brinjal,Madurai,9,0.97,19.54
2024-09-19,brinjal,Nagercoil,9,1.11,22.46
2024-09-19,brinjal,Tuticorin,9,1.11,19.27
2024-09-19,brinjal,Tenkasi,9,1.23,25.41
2024-09-19,onion,Tirunelveli,9,0.88,21.98
2024-09-19,onion,Madurai,9,0.86,23.19
2024-09-19,onion,Nagercoil,9,1.1,29.79
2024-09-19,onion,Tuticorin,9,1.02,25.21
2024-09-19,onion,Tenkasi,9,1.13,27.42
2024-09-19,carrot,Tirunelveli,9,0.99,22.66
2024-09-19,carrot,Madurai,9,1.1,27.63
2024-09-19,carrot,Nagercoil,9,1.29,33.55
2024-09-19,carrot,Tuticorin,9,1.15,27.01
2024-09-19,carrot,Tenkasi,9,0.87,20.08
2024-09-19,cabbage,Tirunelveli,9,1.06,20.24
2024-09-19,cabbage,Madurai,9,1.17,18.95
2024-09-19,cabbage,Nagercoil,9,1.29,17.84
2024-09-19,cabbage,Tuticorin,9,0.89,12.38
2024-09-19,cabbage,Tenkasi,9,1.07,14.15
2024-09-19,potato,Tirunelveli,9,1.16,24.02
2024-09-19,potato,Madurai,9,1.17,23.71
2024-09-19,potato,Nagercoil,9,1.25,24.99
2024-09-19,potato,Tuticorin,9,1.06,19.74
2024-09-19,potato,Tenkasi,9,0.92,17.64
2024-09-19,beans,Tirunelveli,9,0.85,25.2
2024-09-19,beans,Madurai,9,1.19,35.39
2024-09-19,beans,Nagercoil,9,0.82,25.4
2024-09-19,beans,Tuticorin,9,1.0,27.25
2024-09-19,beans,Tenkasi,9,0.94,29.29
2024-09-19,okra,Tirunelveli,9,1.29,27.46
2024-09-19,okra,Madurai,9,0.97,22.0
2024-09-19,okra,Nagercoil,9,1.19,28.69
2024-09-19,okra,Tuticorin,9,1.15,25.2
2024-09-19,okra,Tenkasi,9,0.95,23.3
2024-09-20,tomato,Tirunelveli,9,1.05,26.07
2024-09-20,tomato,Madurai,9,0.89,19.05
2024-09-20,tomato,Nagercoil,9,1.13,27.26
2024-09-20,tomato,Tuticorin,9,0.92,18.36
2024-09-20,tomato,Tenkasi,9,1.02,22.16
2024-09-20,brinjal,Tirunelveli,9,1.04,19.1
2024-09-20,brinjal,Madurai,9,0.91,17.21
2024-09-20,brinjal,Nagercoil,9,0.91,16.6
2024-09-20,brinjal,Tuticorin,9,1.29,21.48
2024-09-20,brinjal,Tenkasi,9,1.13,21.55
2024-09-20,onion,Tirunelveli,9,0.94,23.08
2024-09-20,onion,Madurai,9,1.29,34.39
2024-09-20,onion,Nagercoil,9,1.1,30.03
2024-09-20,onion,Tuticorin,9,1.13,27.53
2024-09-20,onion,Tenkasi,9,0.9,20.91
2024-09-20,carrot,Tirunelveli,9,1.11,25.14
2024-09-20,carrot,Madurai,9,0.97,21.64
2024-09-20,carrot,Nagercoil,9,1.0,22.93
2024-09-20,carrot,Tuticorin,9,0.9,21.15
2024-09-20,carrot,Tenkasi,9,0.99,24.78
2024-09-20,cabbage,Tirunelveli,9,0.92,16.14
2024-09-20,cabbage,Madurai,9,1.03,17.38
2024-09-20,cabbage,Nagercoil,9,0.83,15.62
2024-09-20,cabbage,Tuticorin,9,1.03,13.89
2024-09-20,cabbage,Tenkasi,9,0.96,14.58
2024-09-20,potato,Tirunelveli,9,1.21,23.46
2024-09-20,potato,Madurai,9,0.81,17.96
2024-09-20,potato,Nagercoil,9,0.91,18.85
2024-09-20,potato,Tuticorin,9,0.89,17.07
2024-09-20,potato,Tenkasi,9,0.9,19.52
2024-09-20,beans,Tirunelveli,9,0.99,30.87
2024-09-20,beans,Madurai,9,1.11,32.58
2024-09-20,beans,Nagercoil,9,1.0,30.75
2024-09-20,beans,Tuticorin,9,0.86,25.55
2024-09-20,beans,Tenkasi,9,0.9,26.44
2024-09-20,okra,Tirunelveli,9,1.01,21.92
2024-09-20,okra,Madurai,9,0.82,17.32
2024-09-20,okra,Nagercoil,9,0.83,18.66
2024-09-20,okra,Tuticorin,9,1.04,22.91
2024-09-20,okra,Tenkasi,9,0.98,22.43
2024-09-21,tomato,Tirunelveli,9,1.3,24.22
2024-09-21,tomato,Madurai,9,0.99,21.97
2024-09-21,tomato,Nagercoil,9,0.9,14.83
2024-09-21,tomato,Tuticorin,9,0.94,20.73
2024-09-21,tomato,Tenkasi,9,0.88,18.84
2024-09-21,brinjal,Tirunelveli,9,0.83,12.55
2024-09-21,brinjal,Madurai,9,0.88,16.49
2024-09-21,brinjal,Nagercoil,9,0.83,16.53
2024-09-21,brinjal,Tuticorin,9,1.15,21.5
2024-09-21,brinjal,Tenkasi,9,1.17,21.86
2024-09-21,onion,Tirunelveli,9,1.13,28.09
2024-09-21,onion,Madurai,9,1.16,30.01
2024-09-21,onion,Nagercoil,9,0.87,22.83
2024-09-21,onion,Tuticorin,9,1.05,26.56
2024-09-21,onion,Tenkasi,9,1.28,32.66
2024-09-21,carrot,Tirunelveli,9,0.83,18.46
2024-09-21,carrot,Madurai,9,1.12,27.84
2024-09-21,carrot,Nagercoil,9,0.88,19.73
2024-09-21,carrot,Tuticorin,9,1.22,29.51
2024-09-21,carrot,Tenkasi,9,0.86,20.27
2024-09-21,cabbage,Tirunelveli,9,0.85,11.79
2024-09-21,cabbage,Madurai,9,1.16,19.37
2024-09-21,cabbage,Nagercoil,9,0.9,11.22
2024-09-21,cabbage,Tuticorin,9,1.03,15.26
2024-09-21,cabbage,Tenkasi,9,1.18,18.27
2024-09-21,potato,Tirunelveli,9,1.26,28.19
2024-09-21,potato,Madurai,9,0.93,19.92
2024-09-21,potato,Nagercoil,9,1.11,20.59
2024-09-21,potato,Tuticorin,9,0.82,14.4
2024-09-21,potato,Tenkasi,9,1.17,26.0
2024-09-21,beans,Tirunelveli,9,1.2,37.8
2024-09-21,beans,Madurai,9,0.92,28.59
2024-09-21,beans,Nagercoil,9,1.03,29.69
2024-09-21,beans,Tuticorin,9,1.08,31.13
2024-09-21,beans,Tenkasi,9,1.27,35.58
2024-09-21,okra,Tirunelveli,9,1.12,26.03
2024-09-21,okra,Madurai,9,1.11,22.89
2024-09-21,okra,Nagercoil,9,1.12,25.17
2024-09-21,okra,Tuticorin,9,1.02,22.48
2024-09-21,okra,Tenkasi,9,1.29,28.06
2024-09-22,tomato,Tirunelveli,9,0.97,19.88
2024-09-22,tomato,Madurai,9,0.94,20.41
2024-09-22,tomato,Nagercoil,9,1.09,25.16
2024-09-22,tomato,Tuticorin,9,1.11,24.24
2024-09-22,tomato,Tenkasi,9,1.1,23.16
2024-09-22,brinjal,Tirunelveli,9,0.91,18.35
2024-09-22,brinjal,Madurai,9,0.88,18.83
2024-09-22,brinjal,Nagercoil,9,0.82,14.25
2024-09-22,brinjal,Tuticorin,9,0.86,16.46
2024-09-22,brinjal,Tenkasi,9,0.92,15.87
2024-09-22,onion,Tirunelveli,9,0.88,24.69
2024-09-22,onion,Madurai,9,0.97,25.41
2024-09-22,onion,Nagercoil,9,1.09,27.82
2024-09-22,onion,Tuticorin,9,0.84,20.93
2024-09-22,onion,Tenkasi,9,1.25,32.55
2024-09-22,carrot,Tirunelveli,9,1.06,28.83
2024-09-22,carrot,Madurai,9,0.99,26.95
2024-09-22,carrot,Nagercoil,9,1.27,29.38
2024-09-22,carrot,Tuticorin,9,1.1,22.9
2024-09-22,carrot,Tenkasi,9,1.12,27.05
2024-09-22,cabbage,Tirunelveli,9,1.02,15.34
2024-09-22,cabbage,Madurai,9,1.3,18.78
2024-09-22,cabbage,Nagercoil,9,0.82,13.88
2024-09-22,cabbage,Tuticorin,9,1.12,17.93
2024-09-22,cabbage,Tenkasi,9,1.08,15.72
2024-09-22,potato,Tirunelveli,9,0.85,19.83
2024-09-22,potato,Madurai,9,1.28,28.95
2024-09-22,potato,Nagercoil,9,1.07,20.59
2024-09-22,potato,Tuticorin,9,0.83,16.58
2024-09-22,potato,Tenkasi,9,1.11,25.12
2024-09-22,beans,Tirunelveli,9,0.85,24.24
2024-09-22,beans,Madurai,9,1.07,32.07
2024-09-22,beans,Nagercoil,9,1.08,32.59
2024-09-22,beans,Tuticorin,9,0.92,28.46
2024-09-22,beans,Tenkasi,9,1.24,39.89
2024-09-22,okra,Tirunelveli,9,0.88,21.53
2024-09-22,okra,Madurai,9,1.23,26.93
2024-09-22,okra,Nagercoil,9,1.23,27.7
2024-09-22,okra,Tuticorin,9,1.04,23.8
2024-09-22,okra,Tenkasi,9,1.14,23.81
2024-09-23,tomato,Tirunelveli,9,0.94,18.31
2024-09-23,tomato,Madurai,9,0.9,18.54
2024-09-23,tomato,Nagercoil,9,1.0,21.62
2024-09-23,tomato,Tuticorin,9,1.12,23.67
2024-09-23,tomato,Tenkasi,9,1.03,18.19
2024-09-23,brinjal,Tirunelveli,9,0.92,15.84
2024-09-23,brinjal,Madurai,9,0.99,21.96
2024-09-23,brinjal,Nagercoil,9,1.18,25.45
2024-09-23,brinjal,Tuticorin,9,0.98,19.21
2024-09-23,brinjal,Tenkasi,9,1.28,26.44
2024-09-23,onion,Tirunelveli,9,0.99,27.42
2024-09-23,onion,Madurai,9,0.84,23.35
2024-09-23,onion,Nagercoil,9,1.28,32.74
2024-09-23,onion,Tuticorin,9,0.97,23.19
2024-09-23,onion,Tenkasi,9,1.01,27.06
2024-09-23,carrot,Tirunelveli,9,1.03,24.8
2024-09-23,carrot,Madurai,9,1.29,29.08
2024-09-23,carrot,Nagercoil,9,0.9,21.77
2024-09-23,carrot,Tuticorin,9,1.16,27.52
2024-09-23,carrot,Tenkasi,9,0.87,19.83
2024-09-23,cabbage,Tirunelveli,9,1.02,15.15
2024-09-23,cabbage,Madurai,9,0.88,15.93
2024-09-23,cabbage,Nagercoil,9,0.93,13.24
2024-09-23,cabbage,Tuticorin,9,1.09,16.42
2024-09-23,cabbage,Tenkasi,9,1.1,16.67
2024-09-23,potato,Tirunelveli,9,1.01,19.58
2024-09-23,potato,Madurai,9,0.97,16.76
2024-09-23,potato,Nagercoil,9,1.01,21.68
2024-09-23,potato,Tuticorin,9,1.2,25.03
2024-09-23,potato,Tenkasi,9,1.05,19.84
2024-09-23,beans,Tirunelveli,9,0.95,28.91
2024-09-23,beans,Madurai,9,1.04,33.46
2024-09-23,beans,Nagercoil,9,1.13,35.1
2024-09-23,beans,Tuticorin,9,0.8,24.29
2024-09-23,beans,Tenkasi,9,1.07,31.47
2024-09-23,okra,Tirunelveli,9,1.07,23.41
2024-09-23,okra,Madurai,9,1.17,28.55
2024-09-23,okra,Nagercoil,9,1.04,21.74
2024-09-23,okra,Tuticorin,9,1.02,21.26
2024-09-23,okra,Tenkasi,9,0.97,19.3
2024-09-24,tomato,Tirunelveli,9,1.12,24.74
2024-09-24,tomato,Madurai,9,1.02,24.59
2024-09-24,tomato,Nagercoil,9,0.88,20.65
2024-09-24,tomato,Tuticorin,9,1.24,25.83
2024-09-24,tomato,Tenkasi,9,1.15,24.73
2024-09-24,brinjal,Tirunelveli,9,0.92,16.54
2024-09-24,brinjal,Madurai,9,0.96,18.8
2024-09-24,brinjal,Nagercoil,9,1.12,20.04
2024-09-24,brinjal,Tuticorin,9,1.11,18.95
2024-09-24,brinjal,Tenkasi,9,1.02,20.22
2024-09-24,onion,Tirunelveli,9,1.12,30.27
2024-09-24,onion,Madurai,9,0.94,24.9
2024-09-24,onion,Nagercoil,9,1.19,33.08
2024-09-24,onion,Tuticorin,9,1.03,25.21
2024-09-24,onion,Tenkasi,9,1.27,33.3
2024-09-24,carrot,Tirunelveli,9,1.09,24.43
2024-09-24,carrot,Madurai,9,0.89,20.54
2024-09-24,carrot,Nagercoil,9,1.29,30.08
2024-09-24,carrot,Tuticorin,9,1.16,28.39
2024-09-24,carrot,Tenkasi,9,1.07,23.15
2024-09-24,cabbage,Tirunelveli,9,1.22,19.84
2024-09-24,cabbage,Madurai,9,0.91,14.65
2024-09-24,cabbage,Nagercoil,9,1.12,18.88
2024-09-24,cabbage,Tuticorin,9,0.99,15.56
2024-09-24,cabbage,Tenkasi,9,0.82,13.13
2024-09-24,potato,Tirunelveli,9,1.16,23.91
2024-09-24,potato,Madurai,9,1.09,20.67
2024-09-24,potato,Nagercoil,9,1.23,26.2
2024-09-24,potato,Tuticorin,9,1.03,23.52
2024-09-24,potato,Tenkasi,9,1.19,24.56
2024-09-24,beans,Tirunelveli,9,1.12,34.86
2024-09-24,beans,Madurai,9,0.85,27.23
2024-09-24,beans,Nagercoil,9,0.94,26.13
2024-09-24,beans,Tuticorin,9,1.25,36.92
2024-09-24,beans,Tenkasi,9,1.2,35.66
2024-09-24,okra,Tirunelveli,9,1.21,26.52
2024-09-24,okra,Madurai,9,1.2,26.46
2024-09-24,okra,Nagercoil,9,0.93,20.97
2024-09-24,okra,Tuticorin,9,1.18,27.46
2024-09-24,okra,Tenkasi,9,1.07,22.66
2024-09-25,tomato,Tirunelveli,9,1.2,25.53
2024-09-25,tomato,Madurai,9,1.08,20.31
2024-09-25,tomato,Nagercoil,9,1.27,27.28
2024-09-25,tomato,Tuticorin,9,1.2,25.41
2024-09-25,tomato,Tenkasi,9,1.17,25.49
2024-09-25,brinjal,Tirunelveli,9,0.92,19.22
2024-09-25,brinjal,Madurai,9,0.89,17.34
2024-09-25,brinjal,Nagercoil,9,0.91,17.95
2024-09-25,brinjal,Tuticorin,9,1.11,18.91
2024-09-25,brinjal,Tenkasi,9,1.07,19.66
2024-09-25,onion,Tirunelveli,9,0.94,23.88
2024-09-25,onion,Madurai,9,1.1,26.55
2024-09-25,onion,Nagercoil,9,0.82,18.76
2024-09-25,onion,Tuticorin,9,0.82,19.89
2024-09-25,onion,Tenkasi,9,0.86,21.61
2024-09-25,carrot,Tirunelveli,9,1.2,28.15
2024-09-25,carrot,Madurai,9,1.02,25.69
2024-09-25,carrot,Nagercoil,9,0.98,22.41
2024-09-25,carrot,Tuticorin,9,0.88,22.78
2024-09-25,carrot,Tenkasi,9,0.81,16.2
2024-09-25,cabbage,Tirunelveli,9,1.11,18.84
2024-09-25,cabbage,Madurai,9,1.11,18.52
2024-09-25,cabbage,Nagercoil,9,0.97,11.36
2024-09-25,cabbage,Tuticorin,9,1.15,18.52
2024-09-25,cabbage,Tenkasi,9,1.09,17.05
2024-09-25,potato,Tirunelveli,9,1.14,22.33
2024-09-25,potato,Madurai,9,0.99,22.65
2024-09-25,potato,Nagercoil,9,1.21,23.95
2024-09-25,potato,Tuticorin,9,1.05,22.63
2024-09-25,potato,Tenkasi,9,0.92,18.39
2024-09-25,beans,Tirunelveli,9,0.93,29.05
2024-09-25,beans,Madurai,9,1.27,37.21
2024-09-25,beans,Nagercoil,9,0.91,26.46
2024-09-25,beans,Tuticorin,9,1.29,39.16
2024-09-25,beans,Tenkasi,9,1.1,32.2
2024-09-25,okra,Tirunelveli,9,1.18,25.61
2024-09-25,okra,Madurai,9,0.91,20.27
2024-09-25,okra,Nagercoil,9,1.15,25.77
2024-09-25,okra,Tuticorin,9,0.91,20.55
2024-09-25,okra,Tenkasi,9,1.23,28.33
2024-09-26,tomato,Tirunelveli,9,1.28,27.68
2024-09-26,tomato,Madurai,9,1.09,23.63
2024-09-26,tomato,Nagercoil,9,0.98,18.91
2024-09-26,tomato,Tuticorin,9,0.92,21.09
2024-09-26,tomato,Tenkasi,9,1.04,22.06
2024-09-26,brinjal,Tirunelveli,9,1.28,21.65
2024-09-26,brinjal,Madurai,9,1.22,24.47
2024-09-26,brinjal,Nagercoil,9,1.26,22.82
2024-09-26,brinjal,Tuticorin,9,1.27,22.25
2024-09-26,brinjal,Tenkasi,9,0.82,16.32
2024-09-26,onion,Tirunelveli,9,0.87,22.21
2024-09-26,onion,Madurai,9,1.23,32.08
2024-09-26,onion,Nagercoil,9,1.03,25.73
2024-09-26,onion,Tuticorin,9,1.12,26.08
2024-09-26,onion,Tenkasi,9,0.89,21.6
2024-09-26,carrot,Tirunelveli,9,1.21,30.69
2024-09-26,carrot,Madurai,9,0.85,18.45
2024-09-26,carrot,Nagercoil,9,1.2,30.03
2024-09-26,carrot,Tuticorin,9,1.0,24.58
2024-09-26,carrot,Tenkasi,9,0.81,19.57
2024-09-26,cabbage,Tirunelveli,9,0.81,13.32
2024-09-26,cabbage,Madurai,9,0.95,16.32
2024-09-26,cabbage,Nagercoil,9,1.05,17.82
2024-09-26,cabbage,Tuticorin,9,1.04,15.5
2024-09-26,cabbage,Tenkasi,9,1.09,16.15
2024-09-26,potato,Tirunelveli,9,1.15,24.58
2024-09-26,potato,Madurai,9,1.23,24.27
2024-09-26,potato,Nagercoil,9,1.29,24.57
2024-09-26,potato,Tuticorin,9,1.29,25.33
2024-09-26,potato,Tenkasi,9,1.02,18.54
2024-09-26,beans,Tirunelveli,9,1.11,32.56
2024-09-26,beans,Madurai,9,1.22,37.48
2024-09-26,beans,Nagercoil,9,0.85,25.2
2024-09-26,beans,Tuticorin,9,0.83,23.8
2024-09-26,beans,Tenkasi,9,1.0,29.26
2024-09-26,okra,Tirunelveli,9,1.15,26.07
2024-09-26,okra,Madurai,9,0.95,21.13
2024-09-26,okra,Nagercoil,9,1.22,26.03
2024-09-26,okra,Tuticorin,9,1.0,23.43
2024-09-26,okra,Tenkasi,9,1.19,26.77
2024-09-27,tomato,Tirunelveli,9,0.9,19.08
2024-09-27,tomato,Madurai,9,1.17,27.54
2024-09-27,tomato,Nagercoil,9,1.05,22.55
2024-09-27,tomato,Tuticorin,9,1.05,20.67
2024-09-27,tomato,Tenkasi,9,1.06,19.54
2024-09-27,brinjal,Tirunelveli,9,1.06,16.66
2024-09-27,brinjal,Madurai,9,1.06,20.03
2024-09-27,brinjal,Nagercoil,9,0.94,18.21
2024-09-27,brinjal,Tuticorin,9,1.07,22.12
2024-09-27,brinjal,Tenkasi,9,1.09,22.42
2024-09-27,onion,Tirunelveli,9,0.89,22.56
2024-09-27,onion,Madurai,9,1.01,25.53
2024-09-27,onion,Nagercoil,9,0.83,20.4
2024-09-27,onion,Tuticorin,9,1.26,33.65
2024-09-27,onion,Tenkasi,9,0.88,22.33
2024-09-27,carrot,Tirunelveli,9,0.89,20.25
2024-09-27,carrot,Madurai,9,1.27,30.16
2024-09-27,carrot,Nagercoil,9,1.26,29.86
2024-09-27,carrot,Tuticorin,9,0.99,23.2
2024-09-27,carrot,Tenkasi,9,1.05,24.11
2024-09-27,cabbage,Tirunelveli,9,0.89,15.52
2024-09-27,cabbage,Madurai,9,1.24,18.73
2024-09-27,cabbage,Nagercoil,9,0.82,11.86
2024-09-27,cabbage,Tuticorin,9,1.1,15.65
2024-09-27,cabbage,Tenkasi,9,0.98,15.73
2024-09-27,potato,Tirunelveli,9,0.85,18.5
2024-09-27,potato,Madurai,9,1.11,22.22
2024-09-27,potato,Nagercoil,9,0.89,17.38
2024-09-27,potato,Tuticorin,9,0.89,19.74
2024-09-27,potato,Tenkasi,9,0.89,21.15
2024-09-27,beans,Tirunelveli,9,1.3,37.22
2024-09-27,beans,Madurai,9,0.86,25.34
2024-09-27,beans,Nagercoil,9,1.09,32.56
2024-09-27,beans,Tuticorin,9,1.27,38.44
2024-09-27,beans,Tenkasi,9,1.02,30.41
2024-09-27,okra,Tirunelveli,9,1.15,21.09
2024-09-27,okra,Madurai,9,0.98,22.52
2024-09-27,okra,Nagercoil,9,1.1,20.11
2024-09-27,okra,Tuticorin,9,0.94,19.87
2024-09-27,okra,Tenkasi,9,1.14,21.22
2024-09-28,tomato,Tirunelveli,9,1.19,23.97
2024-09-28,tomato,Madurai,9,1.3,29.49
2024-09-28,tomato,Nagercoil,9,1.22,24.83
2024-09-28,tomato,Tuticorin,9,0.96,19.4
2024-09-28,tomato,Tenkasi,9,1.03,22.43
2024-09-28,brinjal,Tirunelveli,9,1.23,23.7
2024-09-28,brinjal,Madurai,9,0.94,15.12
2024-09-28,brinjal,Nagercoil,9,0.85,17.01
2024-09-28,brinjal,Tuticorin,9,1.14,21.98
2024-09-28,brinjal,Tenkasi,9,1.12,19.7
2024-09-28,onion,Tirunelveli,9,1.21,31.28
2024-09-28,onion,Madurai,9,1.3,32.45
2024-09-28,onion,Nagercoil,9,1.23,32.41
2024-09-28,onion,Tuticorin,9,1.01,27.58
2024-09-28,onion,Tenkasi,9,1.17,30.94
2024-09-28,carrot,Tirunelveli,9,1.2,30.61
2024-09-28,carrot,Madurai,9,1.02,24.62
2024-09-28,carrot,Nagercoil,9,0.93,20.67
2024-09-28,carrot,Tuticorin,9,0.99,23.56
2024-09-28,carrot,Tenkasi,9,1.2,28.42
2024-09-28,cabbage,Tirunelveli,9,1.07,16.37
2024-09-28,cabbage,Madurai,9,0.95,14.07
2024-09-28,cabbage,Nagercoil,9,1.04,16.92
2024-09-28,cabbage,Tuticorin,9,0.82,12.33
2024-09-28,cabbage,Tenkasi,9,1.14,17.66
2024-09-28,potato,Tirunelveli,9,0.82,14.8
2024-09-28,potato,Madurai,9,1.05,21.46
2024-09-28,potato,Nagercoil,9,1.06,20.11
2024-09-28,potato,Tuticorin,9,1.29,24.29
2024-09-28,potato,Tenkasi,9,0.92,20.2
2024-09-28,beans,Tirunelveli,9,0.86,26.91
2024-09-28,beans,Madurai,9,1.1,34.48
2024-09-28,beans,Nagercoil,9,0.82,25.43
2024-09-28,beans,Tuticorin,9,1.28,40.03
2024-09-28,beans,Tenkasi,9,1.09,31.16
2024-09-28,okra,Tirunelveli,9,0.89,17.35
2024-09-28,okra,Madurai,9,1.16,24.28
2024-09-28,okra,Nagercoil,9,0.88,20.39
2024-09-28,okra,Tuticorin,9,0.84,18.31
2024-09-28,okra,Tenkasi,9,0.97,21.82
2024-09-29,tomato,Tirunelveli,9,0.94,22.43
2024-09-29,tomato,Madurai,9,1.24,25.26
2024-09-29,tomato,Nagercoil,9,0.89,17.34
2024-09-29,tomato,Tuticorin,9,1.29,29.45
2024-09-29,tomato,Tenkasi,9,0.95,20.19
2024-09-29,brinjal,Tirunelveli,9,0.88,16.01
2024-09-29,brinjal,Madurai,9,0.82,16.98
2024-09-29,brinjal,Nagercoil,9,1.03,20.64
2024-09-29,brinjal,Tuticorin,9,1.14,24.58
2024-09-29,brinjal,Tenkasi,9,1.1,21.51
2024-09-29,onion,Tirunelveli,9,1.13,27.93
2024-09-29,onion,Madurai,9,1.02,24.76
2024-09-29,onion,Nagercoil,9,1.02,25.17
2024-09-29,onion,Tuticorin,9,0.88,24.37
2024-09-29,onion,Tenkasi,9,0.93,24.66
2024-09-29,carrot,Tirunelveli,9,1.04,23.34
2024-09-29,carrot,Madurai,9,1.15,28.87
2024-09-29,carrot,Nagercoil,9,1.29,30.44
2024-09-29,carrot,Tuticorin,9,1.13,27.05
2024-09-29,carrot,Tenkasi,9,1.27,31.85
2024-09-29,cabbage,Tirunelveli,9,1.22,18.95
2024-09-29,cabbage,Madurai,9,0.93,16.46
2024-09-29,cabbage,Nagercoil,9,0.98,12.33
2024-09-29,cabbage,Tuticorin,9,0.99,17.08
2024-09-29,cabbage,Tenkasi,9,1.24,19.46
2024-09-29,potato,Tirunelveli,9,0.94,20.71
2024-09-29,potato,Madurai,9,1.04,18.55
2024-09-29,potato,Nagercoil,9,0.85,15.73
2024-09-29,potato,Tuticorin,9,1.07,23.41
2024-09-29,potato,Tenkasi,9,0.96,17.67
2024-09-29,beans,Tirunelveli,9,1.02,29.55
2024-09-29,beans,Madurai,9,1.07,31.86
2024-09-29,beans,Nagercoil,9,1.24,37.86
2024-09-29,beans,Tuticorin,9,0.87,27.38
2024-09-29,beans,Tenkasi,9,1.13,34.19
2024-09-29,okra,Tirunelveli,9,1.25,29.78
2024-09-29,okra,Madurai,9,0.94,21.53
2024-09-29,okra,Nagercoil,9,1.11,24.04
2024-09-29,okra,Tuticorin,9,0.8,19.1
2024-09-29,okra,Tenkasi,9,0.81,17.4
2024-09-30,tomato,Tirunelveli,9,0.8,17.71
2024-09-30,tomato,Madurai,9,1.25,26.22
2024-09-30,tomato,Nagercoil,9,1.06,19.59
2024-09-30,tomato,Tuticorin,9,0.92,20.52
2024-09-30,tomato,Tenkasi,9,1.21,25.61
2024-09-30,brinjal,Tirunelveli,9,1.12,19.43
2024-09-30,brinjal,Madurai,9,0.85,19.87
2024-09-30,brinjal,Nagercoil,9,1.17,22.9
2024-09-30,brinjal,Tuticorin,9,0.92,18.03
2024-09-30,brinjal,Tenkasi,9,1.29,21.56
2024-09-30,onion,Tirunelveli,9,0.91,22.7
2024-09-30,onion,Madurai,9,0.99,24.92
2024-09-30,onion,Nagercoil,9,1.29,33.13
2024-09-30,onion,Tuticorin,9,0.8,19.07
2024-09-30,onion,Tenkasi,9,1.16,29.0
2024-09-30,carrot,Tirunelveli,9,0.97,22.65
2024-09-30,carrot,Madurai,9,1.19,27.85
2024-09-30,carrot,Nagercoil,9,0.8,18.61
2024-09-30,carrot,Tuticorin,9,1.28,32.95
2024-09-30,carrot,Tenkasi,9,1.13,27.79
2024-09-30,cabbage,Tirunelveli,9,0.87,11.83
2024-09-30,cabbage,Madurai,9,1.0,15.7
2024-09-30,cabbage,Nagercoil,9,1.08,15.08
2024-09-30,cabbage,Tuticorin,9,0.82,12.74
2024-09-30,cabbage,Tenkasi,9,1.2,17.75
2024-09-30,potato,Tirunelveli,9,0.86,17.94
2024-09-30,potato,Madurai,9,1.25,25.3
2024-09-30,potato,Nagercoil,9,0.92,16.21
2024-09-30,potato,Tuticorin,9,1.11,22.98
2024-09-30,potato,Tenkasi,9,1.05,20.68
2024-09-30,beans,Tirunelveli,9,1.11,33.52
2024-09-30,beans,Madurai,9,1.03,31.5
2024-09-30,beans,Nagercoil,9,1.29,36.96
2024-09-30,beans,Tuticorin,9,1.3,38.4
2024-09-30,beans,Tenkasi,9,0.81,21.34
2024-09-30,okra,Tirunelveli,9,1.05,23.98
2024-09-30,okra,Madurai,9,1.08,24.36
2024-09-30,okra,Nagercoil,9,1.18,23.71
2024-09-30,okra,Tuticorin,9,0.93,18.45
2024-09-30,okra,Tenkasi,9,1.21,25.66
2024-10-01,tomato,Tirunelveli,10,1.16,25.12
2024-10-01,tomato,Madurai,10,0.84,18.39
2024-10-01,tomato,Nagercoil,10,0.86,18.88
2024-10-01,tomato,Tuticorin,10,1.29,26.11
2024-10-01,tomato,Tenkasi,10,0.98,21.15
2024-10-01,brinjal,Tirunelveli,10,0.99,16.07
2024-10-01,brinjal,Madurai,10,1.13,21.81
2024-10-01,brinjal,Nagercoil,10,1.16,22.7
2024-10-01,brinjal,Tuticorin,10,0.84,14.99
2024-10-01,brinjal,Tenkasi,10,1.24,27.01
2024-10-01,onion,Tirunelveli,10,0.99,24.31
2024-10-01,onion,Madurai,10,0.93,25.35
2024-10-01,onion,Nagercoil,10,0.99,24.19
2024-10-01,onion,Tuticorin,10,0.82,20.26
2024-10-01,onion,Tenkasi,10,1.22,31.97
2024-10-01,carrot,Tirunelveli,10,1.05,29.79
2024-10-01,carrot,Madurai,10,1.09,27.93
2024-10-01,carrot,Nagercoil,10,1.05,23.73
2024-10-01,carrot,Tuticorin,10,0.97,24.39
2024-10-01,carrot,Tenkasi,10,1.0,25.46
2024-10-01,cabbage,Tirunelveli,10,1.22,19.28
2024-10-01,cabbage,Madurai,10,0.91,15.44
2024-10-01,cabbage,Nagercoil,10,1.26,21.49
2024-10-01,cabbage,Tuticorin,10,1.26,18.4
2024-10-01,cabbage,Tenkasi,10,1.12,17.74
2024-10-01,potato,Tirunelveli,10,1.28,25.86
2024-10-01,potato,Madurai,10,1.05,20.81
2024-10-01,potato,Nagercoil,10,0.82,15.37
2024-10-01,potato,Tuticorin,10,1.25,29.24
2024-10-01,potato,Tenkasi,10,0.83,17.69
2024-10-01,beans,Tirunelveli,10,0.83,26.59
2024-10-01,beans,Madurai,10,1.06,32.72
2024-10-01,beans,Nagercoil,10,1.24,38.61
2024-10-01,beans,Tuticorin,10,1.02,29.45
2024-10-01,beans,Tenkasi,10,0.95,26.65
2024-10-01,okra,Tirunelveli,10,1.26,25.22
2024-10-01,okra,Madurai,10,0.85,19.72
2024-10-01,okra,Nagercoil,10,1.15,23.34
2024-10-01,okra,Tuticorin,10,1.12,23.07
2024-10-01,okra,Tenkasi,10,1.03,23.63
2024-10-02,tomato,Tirunelveli,10,1.15,25.86
2024-10-02,tomato,Madurai,10,0.81,21.18
2024-10-02,tomato,Nagercoil,10,0.84,15.67
2024-10-02,tomato,Tuticorin,10,1.12,22.8
2024-10-02,tomato,Tenkasi,10,1.07,22.16
2024-10-02,brinjal,Tirunelveli,10,0.94,21.63
2024-10-02,brinjal,Madurai,10,1.28,24.63
2024-10-02,brinjal,Nagercoil,10,0.85,13.4
2024-10-02,brinjal,Tuticorin,10,0.84,18.38
2024-10-02,brinjal,Tenkasi,10,0.93,17.2
2024-10-02,onion,Tirunelveli,10,1.08,27.09
2024-10-02,onion,Madurai,10,1.25,30.47
2024-10-02,onion,Nagercoil,10,1.23,29.65
2024-10-02,onion,Tuticorin,10,0.9,23.55
2024-10-02,onion,Tenkasi,10,1.28,34.18
2024-10-02,carrot,Tirunelveli,10,0.98,23.16
2024-10-02,carrot,Madurai,10,1.29,29.34
2024-10-02,carrot,Nagercoil,10,1.12,25.34
2024-10-02,carrot,Tuticorin,10,1.28,31.78
2024-10-02,carrot,Tenkasi,10,1.18,31.03
2024-10-02,cabbage,Tirunelveli,10,1.23,22.82
2024-10-02,cabbage,Madurai,10,1.07,16.32
2024-10-02,cabbage,Nagercoil,10,1.08,16.49
2024-10-02,cabbage,Tuticorin,10,0.9,15.37
2024-10-02,cabbage,Tenkasi,10,1.03,16.09
2024-10-02,potato,Tirunelveli,10,1.25,23.94
2024-10-02,potato,Madurai,10,1.11,22.83
2024-10-02,potato,Nagercoil,10,1.25,26.46
2024-10-02,potato,Tuticorin,10,1.1,23.12
2024-10-02,potato,Tenkasi,10,1.28,26.17
2024-10-02,beans,Tirunelveli,10,0.84,26.77
2024-10-02,beans,Madurai,10,0.8,24.75
2024-10-02,beans,Nagercoil,10,1.12,30.77
2024-10-02,beans,Tuticorin,10,1.11,33.39
2024-10-02,beans,Tenkasi,10,0.83,25.23
2024-10-02,okra,Tirunelveli,10,0.99,19.44
2024-10-02,okra,Madurai,10,0.95,21.67
2024-10-02,okra,Nagercoil,10,1.24,29.71
2024-10-02,okra,Tuticorin,10,1.26,26.11
2024-10-02,okra,Tenkasi,10,0.85,18.2
2024-10-03,tomato,Tirunelveli,10,1.04,22.74
2024-10-03,tomato,Madurai,10,1.13,25.62
2024-10-03,tomato,Nagercoil,10,0.86,18.46
2024-10-03,tomato,Tuticorin,10,1.28,26.02
2024-10-03,tomato,Tenkasi,10,0.98,23.45
2024-10-03,brinjal,Tirunelveli,10,1.23,26.01
2024-10-03,brinjal,Madurai,10,0.8,14.49
2024-10-03,brinjal,Nagercoil,10,1.27,23.46
2024-10-03,brinjal,Tuticorin,10,0.88,16.85
2024-10-03,brinjal,Tenkasi,10,1.06,19.56
2024-10-03,onion,Tirunelveli,10,1.22,31.98
2024-10-03,onion,Madurai,10,1.26,33.99
2024-10-03,onion,Nagercoil,10,1.16,30.74
2024-10-03,onion,Tuticorin,10,1.13,29.38
2024-10-03,onion,Tenkasi,10,1.01,24.93
2024-10-03,carrot,Tirunelveli,10,0.86,23.36
2024-10-03,carrot,Madurai,10,1.16,29.08
2024-10-03,carrot,Nagercoil,10,0.91,23.46
2024-10-03,carrot,Tuticorin,10,1.28,33.72
2024-10-03,carrot,Tenkasi,10,1.24,28.27
2024-10-03,cabbage,Tirunelveli,10,1.29,20.07
2024-10-03,cabbage,Madurai,10,1.16,20.26
2024-10-03,cabbage,Nagercoil,10,1.22,21.35
2024-10-03,cabbage,Tuticorin,10,1.04,16.04
2024-10-03,cabbage,Tenkasi,10,0.99,18.57
2024-10-03,potato,Tirunelveli,10,1.16,24.74
2024-10-03,potato,Madurai,10,0.98,21.7
2024-10-03,potato,Nagercoil,10,1.29,27.12
2024-10-03,potato,Tuticorin,10,0.91,19.96
2024-10-03,potato,Tenkasi,10,1.01,19.51
2024-10-03,beans,Tirunelveli,10,0.81,26.38
2024-10-03,beans,Madurai,10,1.2,35.68
2024-10-03,beans,Nagercoil,10,1.05,35.68
2024-10-03,beans,Tuticorin,10,0.91,26.4
2024-10-03,beans,Tenkasi,10,1.06,32.35
2024-10-03,okra,Tirunelveli,10,0.97,21.46
2024-10-03,okra,Madurai,10,1.14,23.77
2024-10-03,okra,Nagercoil,10,0.8,20.46
2024-10-03,okra,Tuticorin,10,0.93,20.0
2024-10-03,okra,Tenkasi,10,0.85,19.61
2024-10-04,tomato,Tirunelveli,10,1.12,23.26
2024-10-04,tomato,Madurai,10,1.04,24.42
2024-10-04,tomato,Nagercoil,10,1.27,27.48
2024-10-04,tomato,Tuticorin,10,1.2,26.69
2024-10-04,tomato,Tenkasi,10,1.1,23.83
2024-10-04,brinjal,Tirunelveli,10,1.19,23.39
2024-10-04,brinjal,Madurai,10,1.18,24.84
2024-10-04,brinjal,Nagercoil,10,0.93,17.79
2024-10-04,brinjal,Tuticorin,10,0.86,17.45
2024-10-04,brinjal,Tenkasi,10,1.05,19.94
2024-10-04,onion,Tirunelveli,10,1.12,27.74
2024-10-04,onion,Madurai,10,1.0,26.46
2024-10-04,onion,Nagercoil,10,1.15,28.84
2024-10-04,onion,Tuticorin,10,0.92,23.77
2024-10-04,onion,Tenkasi,10,0.99,23.49
2024-10-04,carrot,Tirunelveli,10,0.91,22.61
2024-10-04,carrot,Madurai,10,1.19,28.86
2024-10-04,carrot,Nagercoil,10,1.14,28.15
2024-10-04,carrot,Tuticorin,10,0.93,22.95
2024-10-04,carrot,Tenkasi,10,1.2,30.05
2024-10-04,cabbage,Tirunelveli,10,0.82,13.94
2024-10-04,cabbage,Madurai,10,0.95,18.46
2024-10-04,cabbage,Nagercoil,10,0.93,17.11
2024-10-04,cabbage,Tuticorin,10,0.82,13.77
2024-10-04,cabbage,Tenkasi,10,1.08,16.62
2024-10-04,potato,Tirunelveli,10,1.11,22.89
2024-10-04,potato,Madurai,10,0.96,16.94
2024-10-04,potato,Nagercoil,10,1.12,22.2
2024-10-04,potato,Tuticorin,10,1.04,21.46
2024-10-04,potato,Tenkasi,10,1.17,24.91
2024-10-04,beans,Tirunelveli,10,0.93,32.71
2024-10-04,beans,Madurai,10,0.96,30.11
2024-10-04,beans,Nagercoil,10,1.04,32.59
2024-10-04,beans,Tuticorin,10,1.19,34.62
2024-10-04,beans,Tenkasi,10,0.94,27.92
2024-10-04,okra,Tirunelveli,10,0.92,20.64
2024-10-04,okra,Madurai,10,1.19,24.98
2024-10-04,okra,Nagercoil,10,0.93,21.71
2024-10-04,okra,Tuticorin,10,1.21,26.4
2024-10-04,okra,Tenkasi,10,1.13,23.96
2024-10-05,tomato,Tirunelveli,10,1.08,24.9
2024-10-05,tomato,Madurai,10,0.91,19.65
2024-10-05,tomato,Nagercoil,10,1.17,26.02
2024-10-05,tomato,Tuticorin,10,1.24,25.24
2024-10-05,tomato,Tenkasi,10,1.03,23.6
2024-10-05,brinjal,Tirunelveli,10,0.87,17.47
2024-10-05,brinjal,Madurai,10,1.15,22.28
2024-10-05,brinjal,Nagercoil,10,0.89,18.27
2024-10-05,brinjal,Tuticorin,10,0.86,15.82
2024-10-05,brinjal,Tenkasi,10,1.06,19.8
2024-10-05,onion,Tirunelveli,10,0.83,21.31
2024-10-05,onion,Madurai,10,1.04,24.86
2024-10-05,onion,Nagercoil,10,1.08,28.06
2024-10-05,onion,Tuticorin,10,0.84,22.03
2024-10-05,onion,Tenkasi,10,0.83,20.87
2024-10-05,carrot,Tirunelveli,10,1.17,28.44
2024-10-05,carrot,Madurai,10,0.91,22.17
2024-10-05,carrot,Nagercoil,10,1.02,26.0
2024-10-05,carrot,Tuticorin,10,1.19,30.16
2024-10-05,carrot,Tenkasi,10,1.27,33.19
2024-10-05,cabbage,Tirunelveli,10,1.01,15.14
2024-10-05,cabbage,Madurai,10,1.22,20.89
2024-10-05,cabbage,Nagercoil,10,0.93,16.05
2024-10-05,cabbage,Tuticorin,10,0.91,12.43
2024-10-05,cabbage,Tenkasi,10,0.91,15.94
2024-10-05,potato,Tirunelveli,10,1.24,24.23
2024-10-05,potato,Madurai,10,1.14,24.0
2024-10-05,potato,Nagercoil,10,0.83,19.34
2024-10-05,potato,Tuticorin,10,0.85,14.87
2024-10-05,potato,Tenkasi,10,0.91,19.92
2024-10-05,beans,Tirunelveli,10,1.03,29.84
2024-10-05,beans,Madurai,10,1.2,38.93
2024-10-05,beans,Nagercoil,10,1.17,37.05
2024-10-05,beans,Tuticorin,10,1.23,35.35
2024-10-05,beans,Tenkasi,10,1.09,32.58
2024-10-05,okra,Tirunelveli,10,1.1,26.82
2024-10-05,okra,Madurai,10,0.83,19.32
2024-10-05,okra,Nagercoil,10,0.89,21.33
2024-10-05,okra,Tuticorin,10,0.82,18.02
2024-10-05,okra,Tenkasi,10,0.93,22.6
2024-10-06,tomato,Tirunelveli,10,1.08,26.27
2024-10-06,tomato,Madurai,10,1.04,21.23
2024-10-06,tomato,Nagercoil,10,1.15,24.47
2024-10-06,tomato,Tuticorin,10,0.96,21.58
2024-10-06,tomato,Tenkasi,10,1.02,21.99
2024-10-06,brinjal,Tirunelveli,10,0.99,19.52
2024-10-06,brinjal,Madurai,10,1.13,22.44
2024-10-06,brinjal,Nagercoil,10,1.25,23.72
2024-10-06,brinjal,Tuticorin,10,1.06,19.46
2024-10-06,brinjal,Tenkasi,10,1.15,22.22
2024-10-06,onion,Tirunelveli,10,1.15,28.28
2024-10-06,onion,Madurai,10,1.26,31.91
2024-10-06,onion,Nagercoil,10,1.01,26.07
2024-10-06,onion,Tuticorin,10,1.01,26.41
2024-10-06,onion,Tenkasi,10,1.21,33.76
2024-10-06,carrot,Tirunelveli,10,0.9,19.64
2024-10-06,carrot,Madurai,10,1.01,24.74
2024-10-06,carrot,Nagercoil,10,1.25,31.6
2024-10-06,carrot,Tuticorin,10,1.25,30.24
2024-10-06,carrot,Tenkasi,10,1.11,26.34
2024-10-06,cabbage,Tirunelveli,10,1.0,15.65
2024-10-06,cabbage,Madurai,10,1.02,15.31
2024-10-06,cabbage,Nagercoil,10,1.18,17.09
2024-10-06,cabbage,Tuticorin,10,0.93,13.47
2024-10-06,cabbage,Tenkasi,10,0.95,13.87
2024-10-06,potato,Tirunelveli,10,0.97,23.85
2024-10-06,potato,Madurai,10,0.99,21.03
2024-10-06,potato,Nagercoil,10,0.92,19.02
2024-10-06,potato,Tuticorin,10,1.21,23.94
2024-10-06,potato,Tenkasi,10,1.08,25.01
2024-10-06,beans,Tirunelveli,10,0.93,29.25
2024-10-06,beans,Madurai,10,0.89,28.31
2024-10-06,beans,Nagercoil,10,1.01,33.04
2024-10-06,beans,Tuticorin,10,1.22,36.45
2024-10-06,beans,Tenkasi,10,0.85,28.1
2024-10-06,okra,Tirunelveli,10,1.19,27.54
2024-10-06,okra,Madurai,10,0.87,21.5
2024-10-06,okra,Nagercoil,10,0.96,21.82
2024-10-06,okra,Tuticorin,10,1.01,22.27
2024-10-06,okra,Tenkasi,10,0.8,19.33
2024-10-07,tomato,Tirunelveli,10,0.92,18.43
2024-10-07,tomato,Madurai,10,1.27,28.59
2024-10-07,tomato,Nagercoil,10,1.06,19.51
2024-10-07,tomato,Tuticorin,10,1.15,22.8
2024-10-07,tomato,Tenkasi,10,1.03,21.19
2024-10-07,brinjal,Tirunelveli,10,1.06,20.19
2024-10-07,brinjal,Madurai,10,1.12,22.8
2024-10-07,brinjal,Nagercoil,10,1.13,20.76
2024-10-07,brinjal,Tuticorin,10,1.13,22.29
2024-10-07,brinjal,Tenkasi,10,0.94,17.81
2024-10-07,onion,Tirunelveli,10,1.09,30.06
2024-10-07,onion,Madurai,10,0.82,20.23
2024-10-07,onion,Nagercoil,10,0.82,21.06
2024-10-07,onion,Tuticorin,10,0.97,27.31
2024-10-07,onion,Tenkasi,10,1.1,27.39
2024-10-07,carrot,Tirunelveli,10,0.89,22.71
2024-10-07,carrot,Madurai,10,1.28,28.55
2024-10-07,carrot,Nagercoil,10,1.2,31.38
2024-10-07,carrot,Tuticorin,10,1.06,24.77
2024-10-07,carrot,Tenkasi,10,1.0,23.34
2024-10-07,cabbage,Tirunelveli,10,1.23,17.4
2024-10-07,cabbage,Madurai,10,1.1,18.12
2024-10-07,cabbage,Nagercoil,10,0.99,15.81
2024-10-07,cabbage,Tuticorin,10,1.14,16.54
2024-10-07,cabbage,Tenkasi,10,1.14,17.86
2024-10-07,potato,Tirunelveli,10,1.06,25.54
2024-10-07,potato,Madurai,10,1.12,24.94
2024-10-07,potato,Nagercoil,10,1.09,24.8
2024-10-07,potato,Tuticorin,10,0.88,17.31
2024-10-07,potato,Tenkasi,10,1.26,25.07
2024-10-07,beans,Tirunelveli,10,1.18,33.51
2024-10-07,beans,Madurai,10,0.86,26.57
2024-10-07,beans,Nagercoil,10,1.25,37.67
2024-10-07,beans,Tuticorin,10,0.96,31.39
2024-10-07,beans,Tenkasi,10,1.17,37.59
2024-10-07,okra,Tirunelveli,10,0.84,19.74
2024-10-07,okra,Madurai,10,0.96,19.98
2024-10-07,okra,Nagercoil,10,1.05,21.95
2024-10-07,okra,Tuticorin,10,0.94,18.21
2024-10-07,okra,Tenkasi,10,1.17,25.12
2024-10-08,tomato,Tirunelveli,10,1.1,22.24
2024-10-08,tomato,Madurai,10,0.96,21.86
2024-10-08,tomato,Nagercoil,10,0.81,17.17
2024-10-08,tomato,Tuticorin,10,0.83,17.34
2024-10-08,tomato,Tenkasi,10,1.1,23.83
2024-10-08,brinjal,Tirunelveli,10,1.13,21.83
2024-10-08,brinjal,Madurai,10,1.12,20.57
2024-10-08,brinjal,Nagercoil,10,1.0,18.81
2024-10-08,brinjal,Tuticorin,10,1.26,25.11
2024-10-08,brinjal,Tenkasi,10,1.07,21.77
2024-10-08,onion,Tirunelveli,10,1.24,30.67
2024-10-08,onion,Madurai,10,1.22,31.56
2024-10-08,onion,Nagercoil,10,0.94,26.82
2024-10-08,onion,Tuticorin,10,0.93,26.61
2024-10-08,onion,Tenkasi,10,1.16,32.48
2024-10-08,carrot,Tirunelveli,10,1.18,29.3
2024-10-08,carrot,Madurai,10,0.93,22.3
2024-10-08,carrot,Nagercoil,10,0.81,16.8
2024-10-08,carrot,Tuticorin,10,0.95,21.64
2024-10-08,carrot,Tenkasi,10,0.86,20.93
2024-10-08,cabbage,Tirunelveli,10,1.03,17.28
2024-10-08,cabbage,Madurai,10,1.07,17.59
2024-10-08,cabbage,Nagercoil,10,1.04,14.43
2024-10-08,cabbage,Tuticorin,10,0.87,12.99
2024-10-08,cabbage,Tenkasi,10,1.2,20.91
2024-10-08,potato,Tirunelveli,10,1.15,23.79
2024-10-08,potato,Madurai,10,0.9,14.38
2024-10-08,potato,Nagercoil,10,1.01,21.93
2024-10-08,potato,Tuticorin,10,1.07,21.76
2024-10-08,potato,Tenkasi,10,1.12,20.94
2024-10-08,beans,Tirunelveli,10,1.05,32.33
2024-10-08,beans,Madurai,10,1.04,31.37
2024-10-08,beans,Nagercoil,10,1.03,31.07
2024-10-08,beans,Tuticorin,10,1.24,37.94
2024-10-08,beans,Tenkasi,10,1.14,33.22
2024-10-08,okra,Tirunelveli,10,0.88,20.04
2024-10-08,okra,Madurai,10,0.96,20.45
2024-10-08,okra,Nagercoil,10,1.04,24.29
2024-10-08,okra,Tuticorin,10,1.03,28.13
2024-10-08,okra,Tenkasi,10,0.82,17.45
2024-10-09,tomato,Tirunelveli,10,1.14,27.07
2024-10-09,tomato,Madurai,10,1.21,26.17
2024-10-09,tomato,Nagercoil,10,0.92,20.03
2024-10-09,tomato,Tuticorin,10,1.29,27.77
2024-10-09,tomato,Tenkasi,10,1.02,21.23
2024-10-09,brinjal,Tirunelveli,10,0.94,17.34
2024-10-09,brinjal,Madurai,10,0.96,21.23
2024-10-09,brinjal,Nagercoil,10,0.94,16.57
2024-10-09,brinjal,Tuticorin,10,0.83,17.3
2024-10-09,brinjal,Tenkasi,10,1.05,19.55
2024-10-09,onion,Tirunelveli,10,1.28,30.79
2024-10-09,onion,Madurai,10,0.9,23.45
2024-10-09,onion,Nagercoil,10,1.15,33.43
2024-10-09,onion,Tuticorin,10,1.18,31.96
2024-10-09,onion,Tenkasi,10,1.16,26.86
2024-10-09,carrot,Tirunelveli,10,1.07,27.1
2024-10-09,carrot,Madurai,10,1.11,26.56
2024-10-09,carrot,Nagercoil,10,0.97,21.91
2024-10-09,carrot,Tuticorin,10,0.98,23.16
2024-10-09,carrot,Tenkasi,10,1.25,28.78
2024-10-09,cabbage,Tirunelveli,10,0.9,11.56
2024-10-09,cabbage,Madurai,10,1.19,17.55
2024-10-09,cabbage,Nagercoil,10,0.83,12.05
2024-10-09,cabbage,Tuticorin,10,1.3,19.39
2024-10-09,cabbage,Tenkasi,10,1.09,16.36
2024-10-09,potato,Tirunelveli,10,0.88,17.45
2024-10-09,potato,Madurai,10,0.86,17.98
2024-10-09,potato,Nagercoil,10,1.12,25.46
2024-10-09,potato,Tuticorin,10,0.97,17.71
2024-10-09,potato,Tenkasi,10,0.95,20.46
2024-10-09,beans,Tirunelveli,10,1.13,34.82
2024-10-09,beans,Madurai,10,1.23,35.77
2024-10-09,beans,Nagercoil,10,0.86,27.95
2024-10-09,beans,Tuticorin,10,1.08,30.48
2024-10-09,beans,Tenkasi,10,0.85,26.9
2024-10-09,okra,Tirunelveli,10,0.89,20.23
2024-10-09,okra,Madurai,10,1.2,25.42
2024-10-09,okra,Nagercoil,10,0.9,22.45
2024-10-09,okra,Tuticorin,10,1.21,24.85
2024-10-09,okra,Tenkasi,10,1.02,24.95
2024-10-10,tomato,Tirunelveli,10,1.21,25.4
2024-10-10,tomato,Madurai,10,1.26,26.92
2024-10-10,tomato,Nagercoil,10,0.99,19.91
2024-10-10,tomato,Tuticorin,10,1.25,26.29
2024-10-10,tomato,Tenkasi,10,0.91,21.07
2024-10-10,brinjal,Tirunelveli,10,0.82,16.11
2024-10-10,brinjal,Madurai,10,1.21,25.87
2024-10-10,brinjal,Nagercoil,10,0.99,17.39
2024-10-10,brinjal,Tuticorin,10,1.15,21.38
2024-10-10,brinjal,Tenkasi,10,1.0,19.65
2024-10-10,onion,Tirunelveli,10,1.21,32.21
2024-10-10,onion,Madurai,10,1.05,26.91
2024-10-10,onion,Nagercoil,10,0.98,23.8
2024-10-10,onion,Tuticorin,10,0.97,27.32
2024-10-10,onion,Tenkasi,10,1.17,28.97
2024-10-10,carrot,Tirunelveli,10,1.2,28.38
2024-10-10,carrot,Madurai,10,1.2,34.41
2024-10-10,carrot,Nagercoil,10,1.15,27.51
2024-10-10,carrot,Tuticorin,10,1.05,26.12
2024-10-10,carrot,Tenkasi,10,1.24,28.65
2024-10-10,cabbage,Tirunelveli,10,1.14,17.4
2024-10-10,cabbage,Madurai,10,0.94,15.85
2024-10-10,cabbage,Nagercoil,10,1.23,21.52
2024-10-10,cabbage,Tuticorin,10,0.87,12.51
2024-10-10,cabbage,Tenkasi,10,1.18,15.91
2024-10-10,potato,Tirunelveli,10,1.05,22.41
2024-10-10,potato,Madurai,10,1.15,21.74
2024-10-10,potato,Nagercoil,10,1.18,24.9
2024-10-10,potato,Tuticorin,10,0.95,19.53
2024-10-10,potato,Tenkasi,10,1.14,21.11
2024-10-10,beans,Tirunelveli,10,1.26,38.06
2024-10-10,beans,Madurai,10,0.83,23.82
2024-10-10,beans,Nagercoil,10,1.18,38.6
2024-10-10,beans,Tuticorin,10,0.96,28.59
2024-10-10,beans,Tenkasi,10,1.22,38.24
2024-10-10,okra,Tirunelveli,10,0.84,19.07
2024-10-10,okra,Madurai,10,1.06,24.71
2024-10-10,okra,Nagercoil,10,0.81,20.47
2024-10-10,okra,Tuticorin,10,1.29,27.54
2024-10-10,okra,Tenkasi,10,1.04,22.34
2024-10-11,tomato,Tirunelveli,10,1.07,22.47
2024-10-11,tomato,Madurai,10,1.02,24.26
2024-10-11,tomato,Nagercoil,10,1.07,24.37
2024-10-11,tomato,Tuticorin,10,1.23,26.37
2024-10-11,tomato,Tenkasi,10,1.03,21.83
2024-10-11,brinjal,Tirunelveli,10,0.88,16.0
2024-10-11,brinjal,Madurai,10,0.89,17.56
2024-10-11,brinjal,Nagercoil,10,1.28,26.45
2024-10-11,brinjal,Tuticorin,10,0.92,18.17
2024-10-11,brinjal,Tenkasi,10,1.21,23.2
2024-10-11,onion,Tirunelveli,10,1.16,31.26
2024-10-11,onion,Madurai,10,0.97,24.42
2024-10-11,onion,Nagercoil,10,1.07,30.11
2024-10-11,onion,Tuticorin,10,1.16,32.66
2024-10-11,onion,Tenkasi,10,1.13,29.41
2024-10-11,carrot,Tirunelveli,10,1.13,26.45
2024-10-11,carrot,Madurai,10,0.95,21.97
2024-10-11,carrot,Nagercoil,10,1.01,24.03
2024-10-11,carrot,Tuticorin,10,1.29,31.91
2024-10-11,carrot,Tenkasi,10,1.17,25.83
2024-10-11,cabbage,Tirunelveli,10,0.81,12.28
2024-10-11,cabbage,Madurai,10,1.23,20.57
2024-10-11,cabbage,Nagercoil,10,0.82,12.19
2024-10-11,cabbage,Tuticorin,10,0.97,13.94
2024-10-11,cabbage,Tenkasi,10,1.22,19.45
2024-10-11,potato,Tirunelveli,10,1.19,24.52
2024-10-11,potato,Madurai,10,1.05,22.78
2024-10-11,potato,Nagercoil,10,0.88,16.5
2024-10-11,potato,Tuticorin,10,0.9,19.01
2024-10-11,potato,Tenkasi,10,1.07,23.69
2024-10-11,beans,Tirunelveli,10,1.3,36.22
2024-10-11,beans,Madurai,10,1.25,40.2
2024-10-11,beans,Nagercoil,10,0.92,28.31
2024-10-11,beans,Tuticorin,10,0.85,24.67
2024-10-11,beans,Tenkasi,10,0.99,32.12
2024-10-11,okra,Tirunelveli,10,1.3,25.98
2024-10-11,okra,Madurai,10,0.91,19.17
2024-10-11,okra,Nagercoil,10,1.1,24.49
2024-10-11,okra,Tuticorin,10,1.16,23.87
2024-10-11,okra,Tenkasi,10,1.11,24.95
2024-10-12,tomato,Tirunelveli,10,1.07,22.76
2024-10-12,tomato,Madurai,10,1.02,20.36
2024-10-12,tomato,Nagercoil,10,1.29,28.78
2024-10-12,tomato,Tuticorin,10,1.24,28.1
2024-10-12,tomato,Tenkasi,10,1.17,27.85
2024-10-12,brinjal,Tirunelveli,10,1.09,20.46
2024-10-12,brinjal,Madurai,10,0.89,15.07
2024-10-12,brinjal,Nagercoil,10,0.93,16.13
2024-10-12,brinjal,Tuticorin,10,0.97,20.35
2024-10-12,brinjal,Tenkasi,10,1.17,22.49
2024-10-12,onion,Tirunelveli,10,1.22,31.47
2024-10-12,onion,Madurai,10,0.97,26.84
2024-10-12,onion,Nagercoil,10,0.83,20.57
2024-10-12,onion,Tuticorin,10,1.27,35.37
2024-10-12,onion,Tenkasi,10,1.01,25.49
2024-10-12,carrot,Tirunelveli,10,0.95,24.4
2024-10-12,carrot,Madurai,10,1.1,26.75
2024-10-12,carrot,Nagercoil,10,1.27,31.07
2024-10-12,carrot,Tuticorin,10,1.19,28.62
2024-10-12,carrot,Tenkasi,10,0.99,26.28
2024-10-12,cabbage,Tirunelveli,10,0.9,12.76
2024-10-12,cabbage,Madurai,10,0.92,15.99
2024-10-12,cabbage,Nagercoil,10,1.29,18.73
2024-10-12,cabbage,Tuticorin,10,1.22,16.3
2024-10-12,cabbage,Tenkasi,10,0.85,13.89
2024-10-12,potato,Tirunelveli,10,1.15,23.8
2024-10-12,potato,Madurai,10,1.18,24.52
2024-10-12,potato,Nagercoil,10,0.98,18.38
2024-10-12,potato,Tuticorin,10,1.01,20.79
2024-10-12,potato,Tenkasi,10,1.22,24.5
2024-10-12,beans,Tirunelveli,10,0.87,29.42
2024-10-12,beans,Madurai,10,0.91,28.73
2024-10-12,beans,Nagercoil,10,1.06,32.2
2024-10-12,beans,Tuticorin,10,0.88,28.08
2024-10-12,beans,Tenkasi,10,1.11,33.36
2024-10-12,okra,Tirunelveli,10,0.85,19.23
2024-10-12,okra,Madurai,10,0.88,19.26
2024-10-12,okra,Nagercoil,10,1.03,22.31
2024-10-12,okra,Tuticorin,10,0.99,22.68
2024-10-12,okra,Tenkasi,10,1.24,29.32
2024-10-13,tomato,Tirunelveli,10,1.06,23.02
2024-10-13,tomato,Madurai,10,1.21,25.03
2024-10-13,tomato,Nagercoil,10,0.9,19.11
2024-10-13,tomato,Tuticorin,10,0.99,20.67
2024-10-13,tomato,Tenkasi,10,0.95,20.14
2024-10-13,brinjal,Tirunelveli,10,1.14,20.97
2024-10-13,brinjal,Madurai,10,0.99,19.91
2024-10-13,brinjal,Nagercoil,10,1.07,23.86
2024-10-13,brinjal,Tuticorin,10,0.92,17.04
2024-10-13,brinjal,Tenkasi,10,1.02,19.48
2024-10-13,onion,Tirunelveli,10,1.09,27.5
2024-10-13,onion,Madurai,10,0.91,22.63
2024-10-13,onion,Nagercoil,10,0.84,20.95
2024-10-13,onion,Tuticorin,10,1.13,26.24
2024-10-13,onion,Tenkasi,10,1.12,30.22
2024-10-13,carrot,Tirunelveli,10,1.24,28.29
2024-10-13,carrot,Madurai,10,1.11,27.68
2024-10-13,carrot,Nagercoil,10,0.99,24.04
2024-10-13,carrot,Tuticorin,10,1.17,28.25
2024-10-13,carrot,Tenkasi,10,0.81,20.69
2024-10-13,cabbage,Tirunelveli,10,0.81,13.22
2024-10-13,cabbage,Madurai,10,0.85,14.2
2024-10-13,cabbage,Nagercoil,10,0.83,13.76
2024-10-13,cabbage,Tuticorin,10,0.86,14.26
2024-10-13,cabbage,Tenkasi,10,0.95,15.1
2024-10-13,potato,Tirunelveli,10,1.28,28.96
2024-10-13,potato,Madurai,10,1.04,21.9
2024-10-13,potato,Nagercoil,10,1.27,29.6
2024-10-13,potato,Tuticorin,10,1.0,19.79
2024-10-13,potato,Tenkasi,10,1.23,23.93
2024-10-13,beans,Tirunelveli,10,1.05,32.9
2024-10-13,beans,Madurai,10,0.87,23.26
2024-10-13,beans,Nagercoil,10,0.8,25.54
2024-10-13,beans,Tuticorin,10,1.16,32.9
2024-10-13,beans,Tenkasi,10,1.21,36.72
2024-10-13,okra,Tirunelveli,10,1.17,27.57
2024-10-13,okra,Madurai,10,0.84,16.79
2024-10-13,okra,Nagercoil,10,0.94,20.96
2024-10-13,okra,Tuticorin,10,1.12,26.65
2024-10-13,okra,Tenkasi,10,1.01,19.73
2024-10-14,tomato,Tirunelveli,10,0.88,19.47
2024-10-14,tomato,Madurai,10,1.2,25.2
2024-10-14,tomato,Nagercoil,10,0.97,22.88
2024-10-14,tomato,Tuticorin,10,0.91,19.19
2024-10-14,tomato,Tenkasi,10,0.86,22.02
2024-10-14,brinjal,Tirunelveli,10,1.1,21.08
2024-10-14,brinjal,Madurai,10,1.16,21.99
2024-10-14,brinjal,Nagercoil,10,0.92,16.63
2024-10-14,brinjal,Tuticorin,10,1.18,22.0
2024-10-14,brinjal,Tenkasi,10,0.85,17.21
2024-10-14,onion,Tirunelveli,10,0.93,23.73
2024-10-14,onion,Madurai,10,1.07,26.88
2024-10-14,onion,Nagercoil,10,1.29,31.56
2024-10-14,onion,Tuticorin,10,0.88,22.33
2024-10-14,onion,Tenkasi,10,0.89,24.04
2024-10-14,carrot,Tirunelveli,10,0.83,19.18
2024-10-14,carrot,Madurai,10,1.3,35.7
2024-10-14,carrot,Nagercoil,10,0.98,25.92
2024-10-14,carrot,Tuticorin,10,1.15,24.85
2024-10-14,carrot,Tenkasi,10,0.93,22.21
2024-10-14,cabbage,Tirunelveli,10,1.26,18.98
2024-10-14,cabbage,Madurai,10,0.98,12.66
2024-10-14,cabbage,Nagercoil,10,0.84,12.46
2024-10-14,cabbage,Tuticorin,10,1.15,17.21
2024-10-14,cabbage,Tenkasi,10,1.0,16.78
2024-10-14,potato,Tirunelveli,10,0.9,20.15
2024-10-14,potato,Madurai,10,1.08,23.69
2024-10-14,potato,Nagercoil,10,1.1,24.99
2024-10-14,potato,Tuticorin,10,1.17,24.43
2024-10-14,potato,Tenkasi,10,0.94,19.55
2024-10-14,beans,Tirunelveli,10,1.09,34.03
2024-10-14,beans,Madurai,10,1.04,30.95
2024-10-14,beans,Nagercoil,10,1.12,34.44
2024-10-14,beans,Tuticorin,10,1.17,35.73
2024-10-14,beans,Tenkasi,10,0.87,27.14
2024-10-14,okra,Tirunelveli,10,1.1,26.53
2024-10-14,okra,Madurai,10,1.26,27.29
2024-10-14,okra,Nagercoil,10,1.06,22.72
2024-10-14,okra,Tuticorin,10,1.18,29.71
2024-10-14,okra,Tenkasi,10,1.03,21.99
2024-10-15,tomato,Tirunelveli,10,1.11,23.38
2024-10-15,tomato,Madurai,10,1.15,25.63
2024-10-15,tomato,Nagercoil,10,1.19,23.1
2024-10-15,tomato,Tuticorin,10,0.81,16.69
2024-10-15,tomato,Tenkasi,10,1.2,24.35
2024-10-15,brinjal,Tirunelveli,10,0.97,16.46
2024-10-15,brinjal,Madurai,10,1.05,21.59
2024-10-15,brinjal,Nagercoil,10,1.0,20.19
2024-10-15,brinjal,Tuticorin,10,1.13,20.21
2024-10-15,brinjal,Tenkasi,10,0.85,17.82
2024-10-15,onion,Tirunelveli,10,1.25,34.25
2024-10-15,onion,Madurai,10,0.83,23.67
2024-10-15,onion,Nagercoil,10,1.21,33.29
2024-10-15,onion,Tuticorin,10,1.29,33.93
2024-10-15,onion,Tenkasi,10,1.28,32.68
2024-10-15,carrot,Tirunelveli,10,1.11,28.02
2024-10-15,carrot,Madurai,10,0.82,19.38
2024-10-15,carrot,Nagercoil,10,1.01,24.89
2024-10-15,carrot,Tuticorin,10,1.21,28.7
2024-10-15,carrot,Tenkasi,10,1.14,27.54
2024-10-15,cabbage,Tirunelveli,10,1.28,18.35
2024-10-15,cabbage,Madurai,10,0.98,16.31
2024-10-15,cabbage,Nagercoil,10,1.29,20.67
2024-10-15,cabbage,Tuticorin,10,1.0,13.45
2024-10-15,cabbage,Tenkasi,10,1.18,17.98
2024-10-15,potato,Tirunelveli,10,1.13,24.9
2024-10-15,potato,Madurai,10,1.07,20.99
2024-10-15,potato,Nagercoil,10,1.07,20.92
2024-10-15,potato,Tuticorin,10,0.88,17.91
2024-10-15,potato,Tenkasi,10,0.86,16.9
2024-10-15,beans,Tirunelveli,10,1.04,33.92
2024-10-15,beans,Madurai,10,1.28,37.82
2024-10-15,beans,Nagercoil,10,1.18,34.98
2024-10-15,beans,Tuticorin,10,1.01,27.2
2024-10-15,beans,Tenkasi,10,0.94,28.18
2024-10-15,okra,Tirunelveli,10,1.09,25.72
2024-10-15,okra,Madurai,10,0.92,21.75
2024-10-15,okra,Nagercoil,10,0.95,22.47
2024-10-15,okra,Tuticorin,10,1.14,26.62
2024-10-15,okra,Tenkasi,10,1.1,27.54
2024-10-16,tomato,Tirunelveli,10,1.09,24.01
2024-10-16,tomato,Madurai,10,1.03,21.62
2024-10-16,tomato,Nagercoil,10,1.02,21.38
2024-10-16,tomato,Tuticorin,10,0.82,17.27
2024-10-16,tomato,Tenkasi,10,0.94,19.21
2024-10-16,brinjal,Tirunelveli,10,1.1,21.58
2024-10-16,brinjal,Madurai,10,1.29,25.91
2024-10-16,brinjal,Nagercoil,10,1.3,24.16
2024-10-16,brinjal,Tuticorin,10,1.09,22.59
2024-10-16,brinjal,Tenkasi,10,1.22,21.59
2024-10-16,onion,Tirunelveli,10,0.89,20.24
2024-10-16,onion,Madurai,10,0.94,23.82
2024-10-16,onion,Nagercoil,10,1.23,29.38
2024-10-16,onion,Tuticorin,10,1.1,27.43
2024-10-16,onion,Tenkasi,10,0.91,23.92
2024-10-16,carrot,Tirunelveli,10,1.0,22.13
2024-10-16,carrot,Madurai,10,0.95,23.13
2024-10-16,carrot,Nagercoil,10,1.21,28.43
2024-10-16,carrot,Tuticorin,10,1.23,30.66
2024-10-16,carrot,Tenkasi,10,1.23,27.8
2024-10-16,cabbage,Tirunelveli,10,1.0,14.72
2024-10-16,cabbage,Madurai,10,0.89,12.72
2024-10-16,cabbage,Nagercoil,10,0.9,14.25
2024-10-16,cabbage,Tuticorin,10,1.08,16.08
2024-10-16,cabbage,Tenkasi,10,1.0,16.35
2024-10-16,potato,Tirunelveli,10,0.89,18.71
2024-10-16,potato,Madurai,10,0.86,17.82
2024-10-16,potato,Nagercoil,10,0.97,19.75
2024-10-16,potato,Tuticorin,10,1.02,23.65
2024-10-16,potato,Tenkasi,10,1.0,20.83
2024-10-16,beans,Tirunelveli,10,0.97,29.85
2024-10-16,beans,Madurai,10,0.92,28.33
2024-10-16,beans,Nagercoil,10,0.96,28.3
2024-10-16,beans,Tuticorin,10,0.89,24.32
2024-10-16,beans,Tenkasi,10,0.89,29.39
2024-10-16,okra,Tirunelveli,10,1.22,26.93
2024-10-16,okra,Madurai,10,1.29,29.55
2024-10-16,okra,Nagercoil,10,0.96,24.2
2024-10-16,okra,Tuticorin,10,0.9,19.61
2024-10-16,okra,Tenkasi,10,0.89,17.59
2024-10-17,tomato,Tirunelveli,10,1.28,27.5
2024-10-17,tomato,Madurai,10,1.17,27.19
2024-10-17,tomato,Nagercoil,10,1.14,23.75
2024-10-17,tomato,Tuticorin,10,1.06,21.29
2024-10-17,tomato,Tenkasi,10,1.12,21.92
2024-10-17,brinjal,Tirunelveli,10,1.02,23.4
2024-10-17,brinjal,Madurai,10,1.05,22.26
2024-10-17,brinjal,Nagercoil,10,1.24,20.35
2024-10-17,brinjal,Tuticorin,10,1.12,22.39
2024-10-17,brinjal,Tenkasi,10,1.12,23.8
2024-10-17,onion,Tirunelveli,10,1.09,28.29
2024-10-17,onion,Madurai,10,0.85,21.63
2024-10-17,onion,Nagercoil,10,0.85,21.63
2024-10-17,onion,Tuticorin,10,1.2,33.4
2024-10-17,onion,Tenkasi,10,0.94,23.15
2024-10-17,carrot,Tirunelveli,10,1.11,25.73
2024-10-17,carrot,Madurai,10,1.21,26.18
2024-10-17,carrot,Nagercoil,10,1.29,30.07
2024-10-17,carrot,Tuticorin,10,0.86,17.06
2024-10-17,carrot,Tenkasi,10,0.85,20.12
2024-10-17,cabbage,Tirunelveli,10,0.93,16.44
2024-10-17,cabbage,Madurai,10,1.06,17.23
2024-10-17,cabbage,Nagercoil,10,1.1,18.05
2024-10-17,cabbage,Tuticorin,10,0.85,13.66
2024-10-17,cabbage,Tenkasi,10,0.97,14.77
2024-10-17,potato,Tirunelveli,10,1.27,26.3
2024-10-17,potato,Madurai,10,1.02,21.69
2024-10-17,potato,Nagercoil,10,1.11,22.46
2024-10-17,potato,Tuticorin,10,0.84,16.23
2024-10-17,potato,Tenkasi,10,1.1,22.38
2024-10-17,beans,Tirunelveli,10,1.04,29.72
2024-10-17,beans,Madurai,10,0.91,26.56
2024-10-17,beans,Nagercoil,10,0.88,28.28
2024-10-17,beans,Tuticorin,10,1.12,33.75
2024-10-17,beans,Tenkasi,10,0.98,30.37
2024-10-17,okra,Tirunelveli,10,0.91,21.31
2024-10-17,okra,Madurai,10,1.12,25.37
2024-10-17,okra,Nagercoil,10,1.17,27.63
2024-10-17,okra,Tuticorin,10,1.29,28.12
2024-10-17,okra,Tenkasi,10,0.92,21.32
2024-10-18,tomato,Tirunelveli,10,1.1,22.33
2024-10-18,tomato,Madurai,10,1.15,21.61
2024-10-18,tomato,Nagercoil,10,1.06,22.07
2024-10-18,tomato,Tuticorin,10,1.1,23.6
2024-10-18,tomato,Tenkasi,10,1.23,25.38
2024-10-18,brinjal,Tirunelveli,10,0.86,18.83
2024-10-18,brinjal,Madurai,10,1.21,22.9
2024-10-18,brinjal,Nagercoil,10,1.16,23.17
2024-10-18,brinjal,Tuticorin,10,1.01,21.13
2024-10-18,brinjal,Tenkasi,10,0.84,16.12
2024-10-18,onion,Tirunelveli,10,1.07,26.85
2024-10-18,onion,Madurai,10,1.12,27.59
2024-10-18,onion,Nagercoil,10,0.81,18.85
2024-10-18,onion,Tuticorin,10,1.13,30.65
2024-10-18,onion,Tenkasi,10,0.87,23.94
2024-10-18,carrot,Tirunelveli,10,1.29,33.28
2024-10-18,carrot,Madurai,10,1.26,32.24
2024-10-18,carrot,Nagercoil,10,0.81,22.31
2024-10-18,carrot,Tuticorin,10,0.86,22.21
2024-10-18,carrot,Tenkasi,10,1.25,30.78
2024-10-18,cabbage,Tirunelveli,10,0.88,13.01
2024-10-18,cabbage,Madurai,10,1.03,16.03
2024-10-18,cabbage,Nagercoil,10,1.18,18.42
2024-10-18,cabbage,Tuticorin,10,0.85,15.49
2024-10-18,cabbage,Tenkasi,10,0.99,17.22
2024-10-18,potato,Tirunelveli,10,1.17,23.12
2024-10-18,potato,Madurai,10,1.26,26.7
2024-10-18,potato,Nagercoil,10,1.03,17.96
2024-10-18,potato,Tuticorin,10,1.26,27.32
2024-10-18,potato,Tenkasi,10,0.87,18.85
2024-10-18,beans,Tirunelveli,10,1.2,35.84
2024-10-18,beans,Madurai,10,0.83,25.2
2024-10-18,beans,Nagercoil,10,1.14,36.1
2024-10-18,beans,Tuticorin,10,1.17,35.05
2024-10-18,beans,Tenkasi,10,0.81,23.22
2024-10-18,okra,Tirunelveli,10,1.01,23.77
2024-10-18,okra,Madurai,10,1.11,24.98
2024-10-18,okra,Nagercoil,10,1.2,28.84
2024-10-18,okra,Tuticorin,10,1.19,27.0
2024-10-18,okra,Tenkasi,10,1.15,22.03
2024-10-19,tomato,Tirunelveli,10,0.82,18.13
2024-10-19,tomato,Madurai,10,0.92,20.67
2024-10-19,tomato,Nagercoil,10,1.29,29.76
2024-10-19,tomato,Tuticorin,10,1.03,21.24
2024-10-19,tomato,Tenkasi,10,1.17,24.69
2024-10-19,brinjal,Tirunelveli,10,0.85,15.19
2024-10-19,brinjal,Madurai,10,1.23,25.16
2024-10-19,brinjal,Nagercoil,10,1.21,21.52
2024-10-19,brinjal,Tuticorin,10,1.25,24.89
2024-10-19,brinjal,Tenkasi,10,1.16,21.08
2024-10-19,onion,Tirunelveli,10,0.8,20.93
2024-10-19,onion,Madurai,10,1.01,24.08
2024-10-19,onion,Nagercoil,10,1.26,33.71
2024-10-19,onion,Tuticorin,10,1.03,26.61
2024-10-19,onion,Tenkasi,10,1.28,34.58
2024-10-19,carrot,Tirunelveli,10,0.85,21.57
2024-10-19,carrot,Madurai,10,1.09,25.97
2024-10-19,carrot,Nagercoil,10,1.11,25.93
2024-10-19,carrot,Tuticorin,10,1.16,28.39
2024-10-19,carrot,Tenkasi,10,1.08,25.53
2024-10-19,cabbage,Tirunelveli,10,0.84,15.91
2024-10-19,cabbage,Madurai,10,0.83,12.96
2024-10-19,cabbage,Nagercoil,10,1.18,20.29
2024-10-19,cabbage,Tuticorin,10,0.91,14.65
2024-10-19,cabbage,Tenkasi,10,1.22,18.76
2024-10-19,potato,Tirunelveli,10,0.9,17.54
2024-10-19,potato,Madurai,10,1.24,26.39
2024-10-19,potato,Nagercoil,10,1.13,22.16
2024-10-19,potato,Tuticorin,10,1.27,26.75
2024-10-19,potato,Tenkasi,10,0.8,17.35
2024-10-19,beans,Tirunelveli,10,0.98,29.47
2024-10-19,beans,Madurai,10,1.1,39.26
2024-10-19,beans,Nagercoil,10,1.28,40.1
2024-10-19,beans,Tuticorin,10,1.21,36.13
2024-10-19,beans,Tenkasi,10,0.94,29.89
2024-10-19,okra,Tirunelveli,10,1.04,25.24
2024-10-19,okra,Madurai,10,0.9,20.87
2024-10-19,okra,Nagercoil,10,0.88,21.09
2024-10-19,okra,Tuticorin,10,1.15,26.84
2024-10-19,okra,Tenkasi,10,0.91,21.1
2024-10-20,tomato,Tirunelveli,10,1.29,28.63
2024-10-20,tomato,Madurai,10,1.13,22.9
2024-10-20,tomato,Nagercoil,10,1.01,23.44
2024-10-20,tomato,Tuticorin,10,1.12,24.33
2024-10-20,tomato,Tenkasi,10,1.05,22.88
2024-10-20,brinjal,Tirunelveli,10,0.82,15.56
2024-10-20,brinjal,Madurai,10,1.19,21.61
2024-10-20,brinjal,Nagercoil,10,1.08,20.4
2024-10-20,brinjal,Tuticorin,10,0.94,19.88
2024-10-20,brinjal,Tenkasi,10,1.15,23.97
2024-10-20,onion,Tirunelveli,10,1.3,32.78
2024-10-20,onion,Madurai,10,1.2,27.94
2024-10-20,onion,Nagercoil,10,1.09,26.02
2024-10-20,onion,Tuticorin,10,0.86,21.97
2024-10-20,onion,Tenkasi,10,1.13,26.89
2024-10-20,carrot,Tirunelveli,10,0.96,22.26
2024-10-20,carrot,Madurai,10,1.02,26.52
2024-10-20,carrot,Nagercoil,10,1.27,33.24
2024-10-20,carrot,Tuticorin,10,1.06,23.58
2024-10-20,carrot,Tenkasi,10,1.18,28.48
2024-10-20,cabbage,Tirunelveli,10,0.87,9.58
2024-10-20,cabbage,Madurai,10,1.13,17.23
2024-10-20,cabbage,Nagercoil,10,1.26,20.89
2024-10-20,cabbage,Tuticorin,10,1.06,15.69
2024-10-20,cabbage,Tenkasi,10,1.03,17.22
2024-10-20,potato,Tirunelveli,10,1.29,29.19
2024-10-20,potato,Madurai,10,1.09,26.3
2024-10-20,potato,Nagercoil,10,1.2,22.37
2024-10-20,potato,Tuticorin,10,1.11,23.42
2024-10-20,potato,Tenkasi,10,1.11,23.26
2024-10-20,beans,Tirunelveli,10,0.99,31.76
2024-10-20,beans,Madurai,10,0.81,26.5
2024-10-20,beans,Nagercoil,10,1.03,31.47
2024-10-20,beans,Tuticorin,10,1.19,38.78
2024-10-20,beans,Tenkasi,10,1.03,31.01
2024-10-20,okra,Tirunelveli,10,1.07,22.94
2024-10-20,okra,Madurai,10,0.97,23.2
2024-10-20,okra,Nagercoil,10,0.99,20.64
2024-10-20,okra,Tuticorin,10,1.12,26.3
2024-10-20,okra,Tenkasi,10,0.99,23.48
2024-10-21,tomato,Tirunelveli,10,1.08,25.18
2024-10-21,tomato,Madurai,10,1.24,26.74
2024-10-21,tomato,Nagercoil,10,0.97,22.58
2024-10-21,tomato,Tuticorin,10,1.13,21.56
2024-10-21,tomato,Tenkasi,10,0.97,21.72
2024-10-21,brinjal,Tirunelveli,10,1.13,21.83
2024-10-21,brinjal,Madurai,10,0.88,18.66
2024-10-21,brinjal,Nagercoil,10,1.24,27.12
2024-10-21,brinjal,Tuticorin,10,0.98,21.45
2024-10-21,brinjal,Tenkasi,10,1.06,18.16
2024-10-21,onion,Tirunelveli,10,1.16,30.38
2024-10-21,onion,Madurai,10,0.86,21.66
2024-10-21,onion,Nagercoil,10,0.96,23.57
2024-10-21,onion,Tuticorin,10,0.95,25.59
2024-10-21,onion,Tenkasi,10,1.15,29.01
2024-10-21,carrot,Tirunelveli,10,1.09,26.91
2024-10-21,carrot,Madurai,10,0.87,20.88
2024-10-21,carrot,Nagercoil,10,0.85,18.37
2024-10-21,carrot,Tuticorin,10,1.3,32.3
2024-10-21,carrot,Tenkasi,10,1.21,28.76
2024-10-21,cabbage,Tirunelveli,10,1.3,21.85
2024-10-21,cabbage,Madurai,10,1.28,19.73
2024-10-21,cabbage,Nagercoil,10,0.89,12.82
2024-10-21,cabbage,Tuticorin,10,1.11,17.34
2024-10-21,cabbage,Tenkasi,10,1.09,17.97
2024-10-21,potato,Tirunelveli,10,0.82,16.21
2024-10-21,potato,Madurai,10,1.2,25.17
2024-10-21,potato,Nagercoil,10,0.84,17.38
2024-10-21,potato,Tuticorin,10,0.93,17.88
2024-10-21,potato,Tenkasi,10,1.06,23.51
2024-10-21,beans,Tirunelveli,10,1.26,40.19
2024-10-21,beans,Madurai,10,1.0,31.23
2024-10-21,beans,Nagercoil,10,0.88,29.05
2024-10-21,beans,Tuticorin,10,1.19,35.71
2024-10-21,beans,Tenkasi,10,0.92,27.45
2024-10-21,okra,Tirunelveli,10,0.84,19.78
2024-10-21,okra,Madurai,10,1.04,22.5
2024-10-21,okra,Nagercoil,10,1.13,23.09
2024-10-21,okra,Tuticorin,10,0.9,22.28
2024-10-21,okra,Tenkasi,10,1.12,24.46
2024-10-22,tomato,Tirunelveli,10,0.96,22.7
2024-10-22,tomato,Madurai,10,1.1,24.93
2024-10-22,tomato,Nagercoil,10,0.92,20.83
2024-10-22,tomato,Tuticorin,10,0.84,19.59
2024-10-22,tomato,Tenkasi,10,1.09,23.16
2024-10-22,brinjal,Tirunelveli,10,0.9,18.97
2024-10-22,brinjal,Madurai,10,1.09,23.5
2024-10-22,brinjal,Nagercoil,10,1.1,22.81
2024-10-22,brinjal,Tuticorin,10,1.13,20.14
2024-10-22,brinjal,Tenkasi,10,0.92,18.06
2024-10-22,onion,Tirunelveli,10,1.11,27.2
2024-10-22,onion,Madurai,10,1.1,29.8
2024-10-22,onion,Nagercoil,10,1.07,27.46
2024-10-22,onion,Tuticorin,10,1.25,30.23
2024-10-22,onion,Tenkasi,10,1.01,25.9
2024-10-22,carrot,Tirunelveli,10,0.84,20.59
2024-10-22,carrot,Madurai,10,0.84,19.52
2024-10-22,carrot,Nagercoil,10,0.91,24.05
2024-10-22,carrot,Tuticorin,10,1.17,27.81
2024-10-22,carrot,Tenkasi,10,1.02,23.72
2024-10-22,cabbage,Tirunelveli,10,0.97,12.47
2024-10-22,cabbage,Madurai,10,1.0,17.01
2024-10-22,cabbage,Nagercoil,10,1.23,19.59
2024-10-22,cabbage,Tuticorin,10,1.12,19.2
2024-10-22,cabbage,Tenkasi,10,1.08,17.28
2024-10-22,potato,Tirunelveli,10,0.86,20.04
2024-10-22,potato,Madurai,10,1.2,26.18
2024-10-22,potato,Nagercoil,10,0.9,19.52
2024-10-22,potato,Tuticorin,10,0.94,19.65
2024-10-22,potato,Tenkasi,10,0.87,15.27
2024-10-22,beans,Tirunelveli,10,0.99,29.37
2024-10-22,beans,Madurai,10,1.15,33.95
2024-10-22,beans,Nagercoil,10,1.23,37.46
2024-10-22,beans,Tuticorin,10,0.82,24.34
2024-10-22,beans,Tenkasi,10,0.84,27.21
2024-10-22,okra,Tirunelveli,10,1.21,28.66
2024-10-22,okra,Madurai,10,1.04,23.18
2024-10-22,okra,Nagercoil,10,0.92,21.23
2024-10-22,okra,Tuticorin,10,0.87,18.68
2024-10-22,okra,Tenkasi,10,0.88,20.89
2024-10-23,tomato,Tirunelveli,10,1.11,25.03
2024-10-23,tomato,Madurai,10,0.9,22.37
2024-10-23,tomato,Nagercoil,10,0.92,19.95
2024-10-23,tomato,Tuticorin,10,1.15,27.07
2024-10-23,tomato,Tenkasi,10,1.03,20.74
2024-10-23,brinjal,Tirunelveli,10,1.0,19.48
2024-10-23,brinjal,Madurai,10,0.96,18.15
2024-10-23,brinjal,Nagercoil,10,0.98,19.09
2024-10-23,brinjal,Tuticorin,10,1.18,23.24
2024-10-23,brinjal,Tenkasi,10,1.15,20.0
2024-10-23,onion,Tirunelveli,10,1.13,30.97
2024-10-23,onion,Madurai,10,1.28,35.03
2024-10-23,onion,Nagercoil,10,0.97,25.26
2024-10-23,onion,Tuticorin,10,1.13,29.31
2024-10-23,onion,Tenkasi,10,0.85,22.82
2024-10-23,carrot,Tirunelveli,10,0.81,21.32
2024-10-23,carrot,Madurai,10,1.16,28.79
2024-10-23,carrot,Nagercoil,10,0.82,21.18
2024-10-23,carrot,Tuticorin,10,1.23,28.82
2024-10-23,carrot,Tenkasi,10,0.96,25.63
2024-10-23,cabbage,Tirunelveli,10,1.04,15.7
2024-10-23,cabbage,Madurai,10,0.85,14.19
2024-10-23,cabbage,Nagercoil,10,1.23,19.42
2024-10-23,cabbage,Tuticorin,10,0.87,10.65
2024-10-23,cabbage,Tenkasi,10,1.25,19.92
2024-10-23,potato,Tirunelveli,10,1.14,24.03
2024-10-23,potato,Madurai,10,0.89,18.43
2024-10-23,potato,Nagercoil,10,1.1,20.12
2024-10-23,potato,Tuticorin,10,1.26,28.65
2024-10-23,potato,Tenkasi,10,1.28,25.44
2024-10-23,beans,Tirunelveli,10,0.88,26.33
2024-10-23,beans,Madurai,10,1.17,37.11
2024-10-23,beans,Nagercoil,10,0.95,30.42
2024-10-23,beans,Tuticorin,10,0.83,25.85
2024-10-23,beans,Tenkasi,10,0.99,29.21
2024-10-23,okra,Tirunelveli,10,1.04,24.09
2024-10-23,okra,Madurai,10,1.02,22.06
2024-10-23,okra,Nagercoil,10,1.28,27.56
2024-10-23,okra,Tuticorin,10,0.94,21.64
2024-10-23,okra,Tenkasi,10,1.14,23.48
2024-10-24,tomato,Tirunelveli,10,1.16,27.33
2024-10-24,tomato,Madurai,10,1.25,26.45
2024-10-24,tomato,Nagercoil,10,1.1,23.76
2024-10-24,tomato,Tuticorin,10,0.84,17.36
2024-10-24,tomato,Tenkasi,10,1.17,23.94
2024-10-24,brinjal,Tirunelveli,10,1.0,15.63
2024-10-24,brinjal,Madurai,10,1.03,18.44
2024-10-24,brinjal,Nagercoil,10,1.07,22.68
2024-10-24,brinjal,Tuticorin,10,0.95,20.05
2024-10-24,brinjal,Tenkasi,10,1.05,17.65
2024-10-24,onion,Tirunelveli,10,1.16,32.36
2024-10-24,onion,Madurai,10,1.02,27.08
2024-10-24,onion,Nagercoil,10,1.05,25.62
2024-10-24,onion,Tuticorin,10,0.99,26.94
2024-10-24,onion,Tenkasi,10,1.11,28.95
2024-10-24,carrot,Tirunelveli,10,1.1,26.12
2024-10-24,carrot,Madurai,10,1.28,30.72
2024-10-24,carrot,Nagercoil,10,1.05,26.63
2024-10-24,carrot,Tuticorin,10,0.83,21.33
2024-10-24,carrot,Tenkasi,10,0.86,19.9
2024-10-24,cabbage,Tirunelveli,10,0.93,15.23
2024-10-24,cabbage,Madurai,10,1.17,18.92
2024-10-24,cabbage,Nagercoil,10,0.86,9.26
2024-10-24,cabbage,Tuticorin,10,0.96,16.22
2024-10-24,cabbage,Tenkasi,10,1.22,18.0
2024-10-24,potato,Tirunelveli,10,0.94,19.49
2024-10-24,potato,Madurai,10,0.91,19.55
2024-10-24,potato,Nagercoil,10,1.08,23.77
2024-10-24,potato,Tuticorin,10,1.05,23.87
2024-10-24,potato,Tenkasi,10,1.08,23.6
2024-10-24,beans,Tirunelveli,10,1.27,39.41
2024-10-24,beans,Madurai,10,1.0,30.82
2024-10-24,beans,Nagercoil,10,1.23,36.95
2024-10-24,beans,Tuticorin,10,0.88,28.55
2024-10-24,beans,Tenkasi,10,0.97,28.33
2024-10-24,okra,Tirunelveli,10,1.04,24.63
2024-10-24,okra,Madurai,10,1.08,25.46
2024-10-24,okra,Nagercoil,10,1.13,25.81
2024-10-24,okra,Tuticorin,10,1.19,28.78
2024-10-24,okra,Tenkasi,10,0.93,21.52
2024-10-25,tomato,Tirunelveli,10,0.9,20.0
2024-10-25,tomato,Madurai,10,1.14,25.41
2024-10-25,tomato,Nagercoil,10,1.03,23.9
2024-10-25,tomato,Tuticorin,10,0.86,15.59
2024-10-25,tomato,Tenkasi,10,1.03,25.21
2024-10-25,brinjal,Tirunelveli,10,1.12,18.06
2024-10-25,brinjal,Madurai,10,1.28,25.7
2024-10-25,brinjal,Nagercoil,10,1.08,21.12
2024-10-25,brinjal,Tuticorin,10,1.11,18.56
2024-10-25,brinjal,Tenkasi,10,1.2,25.07
2024-10-25,onion,Tirunelveli,10,1.07,27.5
2024-10-25,onion,Madurai,10,1.13,27.97
2024-10-25,onion,Nagercoil,10,0.95,26.07
2024-10-25,onion,Tuticorin,10,1.29,32.79
2024-10-25,onion,Tenkasi,10,1.19,26.98
2024-10-25,carrot,Tirunelveli,10,1.07,27.71
2024-10-25,carrot,Madurai,10,1.03,22.96
2024-10-25,carrot,Nagercoil,10,1.25,30.52
2024-10-25,carrot,Tuticorin,10,1.18,29.17
2024-10-25,carrot,Tenkasi,10,0.94,23.15
2024-10-25,cabbage,Tirunelveli,10,0.84,12.19
2024-10-25,cabbage,Madurai,10,1.19,18.81
2024-10-25,cabbage,Nagercoil,10,0.84,10.48
2024-10-25,cabbage,Tuticorin,10,1.26,20.17
2024-10-25,cabbage,Tenkasi,10,1.03,15.61
2024-10-25,potato,Tirunelveli,10,0.99,21.65
2024-10-25,potato,Madurai,10,1.27,27.12
2024-10-25,potato,Nagercoil,10,0.99,18.75
2024-10-25,potato,Tuticorin,10,1.19,24.52
2024-10-25,potato,Tenkasi,10,1.15,22.42
2024-10-25,beans,Tirunelveli,10,1.0,30.77
2024-10-25,beans,Madurai,10,1.05,31.58
2024-10-25,beans,Nagercoil,10,0.81,25.62
2024-10-25,beans,Tuticorin,10,0.86,26.34
2024-10-25,beans,Tenkasi,10,1.1,32.92
2024-10-25,okra,Tirunelveli,10,0.81,18.59
2024-10-25,okra,Madurai,10,1.03,22.59
2024-10-25,okra,Nagercoil,10,1.22,28.21
2024-10-25,okra,Tuticorin,10,1.13,25.82
2024-10-25,okra,Tenkasi,10,1.28,25.91
2024-10-26,tomato,Tirunelveli,10,0.91,23.29
2024-10-26,tomato,Madurai,10,0.87,18.89
2024-10-26,tomato,Nagercoil,10,0.82,17.26
2024-10-26,tomato,Tuticorin,10,0.87,18.77
2024-10-26,tomato,Tenkasi,10,0.96,21.84
2024-10-26,brinjal,Tirunelveli,10,1.0,18.88
2024-10-26,brinjal,Madurai,10,1.05,19.72
2024-10-26,brinjal,Nagercoil,10,1.19,21.17
2024-10-26,brinjal,Tuticorin,10,0.82,14.84
2024-10-26,brinjal,Tenkasi,10,0.92,17.93
2024-10-26,onion,Tirunelveli,10,0.88,23.12
2024-10-26,onion,Madurai,10,0.97,24.64
2024-10-26,onion,Nagercoil,10,1.0,26.68
2024-10-26,onion,Tuticorin,10,1.1,27.96
2024-10-26,onion,Tenkasi,10,0.98,26.14
2024-10-26,carrot,Tirunelveli,10,1.19,27.19
2024-10-26,carrot,Madurai,10,0.96,23.03
2024-10-26,carrot,Nagercoil,10,1.0,23.81
2024-10-26,carrot,Tuticorin,10,1.26,32.55
2024-10-26,carrot,Tenkasi,10,1.06,25.13
2024-10-26,cabbage,Tirunelveli,10,0.82,14.28
2024-10-26,cabbage,Madurai,10,0.84,13.53
2024-10-26,cabbage,Nagercoil,10,1.08,15.44
2024-10-26,cabbage,Tuticorin,10,1.15,19.46
2024-10-26,cabbage,Tenkasi,10,1.15,19.24
2024-10-26,potato,Tirunelveli,10,0.84,18.29
2024-10-26,potato,Madurai,10,0.85,18.48
2024-10-26,potato,Nagercoil,10,1.03,21.77
2024-10-26,potato,Tuticorin,10,1.28,27.57
2024-10-26,potato,Tenkasi,10,0.81,18.34
2024-10-26,beans,Tirunelveli,10,0.87,24.49
2024-10-26,beans,Madurai,10,1.2,38.09
2024-10-26,beans,Nagercoil,10,1.04,33.7
2024-10-26,beans,Tuticorin,10,0.95,27.24
2024-10-26,beans,Tenkasi,10,1.05,31.4
2024-10-26,okra,Tirunelveli,10,1.29,29.69
2024-10-26,okra,Madurai,10,0.84,20.16
2024-10-26,okra,Nagercoil,10,1.27,28.9
2024-10-26,okra,Tuticorin,10,0.92,21.39
2024-10-26,okra,Tenkasi,10,0.82,17.52
2024-10-27,tomato,Tirunelveli,10,1.04,23.1
2024-10-27,tomato,Madurai,10,0.89,21.53
2024-10-27,tomato,Nagercoil,10,1.04,22.99
2024-10-27,tomato,Tuticorin,10,1.16,26.31
2024-10-27,tomato,Tenkasi,10,0.97,20.16
2024-10-27,brinjal,Tirunelveli,10,1.07,19.28
2024-10-27,brinjal,Madurai,10,0.94,20.72
2024-10-27,brinjal,Nagercoil,10,1.17,22.89
2024-10-27,brinjal,Tuticorin,10,0.88,18.09
2024-10-27,brinjal,Tenkasi,10,0.81,17.17
2024-10-27,onion,Tirunelveli,10,0.83,19.8
2024-10-27,onion,Madurai,10,0.87,25.12
2024-10-27,onion,Nagercoil,10,0.82,21.78
2024-10-27,onion,Tuticorin,10,1.27,35.8
2024-10-27,onion,Tenkasi,10,1.11,27.54
2024-10-27,carrot,Tirunelveli,10,1.09,28.14
2024-10-27,carrot,Madurai,10,0.87,20.59
2024-10-27,carrot,Nagercoil,10,0.91,22.0
2024-10-27,carrot,Tuticorin,10,0.84,22.03
2024-10-27,carrot,Tenkasi,10,0.99,23.56
2024-10-27,cabbage,Tirunelveli,10,1.22,19.24
2024-10-27,cabbage,Madurai,10,0.92,17.61
2024-10-27,cabbage,Nagercoil,10,1.26,19.96
2024-10-27,cabbage,Tuticorin,10,1.11,16.9
2024-10-27,cabbage,Tenkasi,10,1.02,15.37
2024-10-27,potato,Tirunelveli,10,1.24,23.53
2024-10-27,potato,Madurai,10,1.22,25.21
2024-10-27,potato,Nagercoil,10,0.99,21.28
2024-10-27,potato,Tuticorin,10,0.81,16.66
2024-10-27,potato,Tenkasi,10,1.0,21.56
2024-10-27,beans,Tirunelveli,10,1.25,42.07
2024-10-27,beans,Madurai,10,0.89,28.61
2024-10-27,beans,Nagercoil,10,1.05,32.13
2024-10-27,beans,Tuticorin,10,0.93,29.47
2024-10-27,beans,Tenkasi,10,0.82,26.07
2024-10-27,okra,Tirunelveli,10,0.82,15.8
2024-10-27,okra,Madurai,10,1.1,27.24
2024-10-27,okra,Nagercoil,10,0.81,18.61
2024-10-27,okra,Tuticorin,10,1.19,23.5
2024-10-27,okra,Tenkasi,10,1.28,29.57
2024-10-28,tomato,Tirunelveli,10,0.88,16.22
2024-10-28,tomato,Madurai,10,1.06,23.81
2024-10-28,tomato,Nagercoil,10,1.08,23.8
2024-10-28,tomato,Tuticorin,10,1.12,23.31
2024-10-28,tomato,Tenkasi,10,1.18,25.37
2024-10-28,brinjal,Tirunelveli,10,1.13,20.73
2024-10-28,brinjal,Madurai,10,0.87,16.0
2024-10-28,brinjal,Nagercoil,10,0.97,18.77
2024-10-28,brinjal,Tuticorin,10,1.22,24.39
2024-10-28,brinjal,Tenkasi,10,1.24,25.48
2024-10-28,onion,Tirunelveli,10,1.15,30.74
2024-10-28,onion,Madurai,10,1.15,29.98
2024-10-28,onion,Nagercoil,10,1.1,30.01
2024-10-28,onion,Tuticorin,10,0.95,24.45
2024-10-28,onion,Tenkasi,10,0.8,20.75
2024-10-28,carrot,Tirunelveli,10,0.96,23.18
2024-10-28,carrot,Madurai,10,1.21,28.01
2024-10-28,carrot,Nagercoil,10,1.19,29.8
2024-10-28,carrot,Tuticorin,10,1.05,22.25
2024-10-28,carrot,Tenkasi,10,1.23,30.33
2024-10-28,cabbage,Tirunelveli,10,0.96,14.6
2024-10-28,cabbage,Madurai,10,1.16,17.27
2024-10-28,cabbage,Nagercoil,10,1.13,17.53
2024-10-28,cabbage,Tuticorin,10,1.13,17.59
2024-10-28,cabbage,Tenkasi,10,1.14,19.37
2024-10-28,potato,Tirunelveli,10,1.29,26.32
2024-10-28,potato,Madurai,10,0.9,17.87
2024-10-28,potato,Nagercoil,10,0.9,21.18
2024-10-28,potato,Tuticorin,10,1.18,24.4
2024-10-28,potato,Tenkasi,10,0.82,17.26
2024-10-28,beans,Tirunelveli,10,0.97,31.3
2024-10-28,beans,Madurai,10,1.07,33.47
2024-10-28,beans,Nagercoil,10,1.09,33.41
2024-10-28,beans,Tuticorin,10,1.11,35.79
2024-10-28,beans,Tenkasi,10,1.06,31.75
2024-10-28,okra,Tirunelveli,10,0.93,21.76
2024-10-28,okra,Madurai,10,0.86,19.03
2024-10-28,okra,Nagercoil,10,0.97,23.89
2024-10-28,okra,Tuticorin,10,1.29,29.51
2024-10-28,okra,Tenkasi,10,0.85,15.63
2024-10-29,tomato,Tirunelveli,10,1.07,22.59
2024-10-29,tomato,Madurai,10,0.98,22.96
2024-10-29,tomato,Nagercoil,10,0.97,18.6
2024-10-29,tomato,Tuticorin,10,1.25,26.54
2024-10-29,tomato,Tenkasi,10,0.85,15.91
2024-10-29,brinjal,Tirunelveli,10,1.24,21.41
2024-10-29,brinjal,Madurai,10,0.91,16.01
2024-10-29,brinjal,Nagercoil,10,1.28,24.99
2024-10-29,brinjal,Tuticorin,10,1.1,19.43
2024-10-29,brinjal,Tenkasi,10,0.97,21.57
2024-10-29,onion,Tirunelveli,10,0.91,24.43
2024-10-29,onion,Madurai,10,0.98,25.75
2024-10-29,onion,Nagercoil,10,1.24,30.57
2024-10-29,onion,Tuticorin,10,1.03,24.64
2024-10-29,onion,Tenkasi,10,1.16,30.01
2024-10-29,carrot,Tirunelveli,10,1.06,28.56
2024-10-29,carrot,Madurai,10,0.82,18.31
2024-10-29,carrot,Nagercoil,10,1.08,24.33
2024-10-29,carrot,Tuticorin,10,1.08,27.82
2024-10-29,carrot,Tenkasi,10,0.92,23.84
2024-10-29,cabbage,Tirunelveli,10,1.19,19.0
2024-10-29,cabbage,Madurai,10,1.06,15.9
2024-10-29,cabbage,Nagercoil,10,1.02,16.79
2024-10-29,cabbage,Tuticorin,10,1.22,17.19
2024-10-29,cabbage,Tenkasi,10,0.99,15.71
2024-10-29,potato,Tirunelveli,10,1.11,20.66
2024-10-29,potato,Madurai,10,1.01,21.19
2024-10-29,potato,Nagercoil,10,0.82,18.67
2024-10-29,potato,Tuticorin,10,0.91,21.79
2024-10-29,potato,Tenkasi,10,0.91,18.31
2024-10-29,beans,Tirunelveli,10,1.29,39.76
2024-10-29,beans,Madurai,10,0.81,21.7
2024-10-29,beans,Nagercoil,10,1.24,36.93
2024-10-29,beans,Tuticorin,10,1.27,39.44
2024-10-29,beans,Tenkasi,10,0.96,30.57
2024-10-29,okra,Tirunelveli,10,1.17,27.32
2024-10-29,okra,Madurai,10,1.26,27.62
2024-10-29,okra,Nagercoil,10,1.12,23.91
2024-10-29,okra,Tuticorin,10,1.17,25.21
2024-10-29,okra,Tenkasi,10,1.22,27.71
2024-10-30,tomato,Tirunelveli,10,1.28,25.76
2024-10-30,tomato,Madurai,10,0.81,16.9
2024-10-30,tomato,Nagercoil,10,0.92,20.79
2024-10-30,tomato,Tuticorin,10,0.85,18.81
2024-10-30,tomato,Tenkasi,10,1.08,21.79
2024-10-30,brinjal,Tirunelveli,10,1.08,22.19
2024-10-30,brinjal,Madurai,10,1.16,21.9
2024-10-30,brinjal,Nagercoil,10,1.17,24.31
2024-10-30,brinjal,Tuticorin,10,0.95,17.31
2024-10-30,brinjal,Tenkasi,10,0.98,17.93
2024-10-30,onion,Tirunelveli,10,0.82,22.72
2024-10-30,onion,Madurai,10,1.12,27.38
2024-10-30,onion,Nagercoil,10,0.84,22.68
2024-10-30,onion,Tuticorin,10,0.96,22.48
2024-10-30,onion,Tenkasi,10,1.01,25.29
2024-10-30,carrot,Tirunelveli,10,0.86,20.39
2024-10-30,carrot,Madurai,10,1.28,31.93
2024-10-30,carrot,Nagercoil,10,1.17,24.99
2024-10-30,carrot,Tuticorin,10,0.82,21.05
2024-10-30,carrot,Tenkasi,10,1.23,29.23
2024-10-30,cabbage,Tirunelveli,10,0.99,17.47
2024-10-30,cabbage,Madurai,10,0.95,13.86
2024-10-30,cabbage,Nagercoil,10,0.86,12.45
2024-10-30,cabbage,Tuticorin,10,0.83,10.79
2024-10-30,cabbage,Tenkasi,10,1.04,16.42
2024-10-30,potato,Tirunelveli,10,0.84,20.02
2024-10-30,potato,Madurai,10,1.02,20.89
2024-10-30,potato,Nagercoil,10,0.83,17.52
2024-10-30,potato,Tuticorin,10,0.99,18.09
2024-10-30,potato,Tenkasi,10,1.15,25.02
2024-10-30,beans,Tirunelveli,10,0.99,29.52
2024-10-30,beans,Madurai,10,1.12,33.37
2024-10-30,beans,Nagercoil,10,0.83,23.85
2024-10-30,beans,Tuticorin,10,0.9,26.41
2024-10-30,beans,Tenkasi,10,1.14,35.58
2024-10-30,okra,Tirunelveli,10,1.12,26.64
2024-10-30,okra,Madurai,10,1.26,25.76
2024-10-30,okra,Nagercoil,10,1.01,21.01
2024-10-30,okra,Tuticorin,10,0.9,20.48
2024-10-30,okra,Tenkasi,10,1.26,26.81
2024-10-31,tomato,Tirunelveli,10,1.0,20.17
2024-10-31,tomato,Madurai,10,0.96,19.7
2024-10-31,tomato,Nagercoil,10,1.16,25.79
2024-10-31,tomato,Tuticorin,10,0.96,22.77
2024-10-31,tomato,Tenkasi,10,0.96,20.43
2024-10-31,brinjal,Tirunelveli,10,1.13,21.75
2024-10-31,brinjal,Madurai,10,1.02,20.4
2024-10-31,brinjal,Nagercoil,10,1.04,18.75
2024-10-31,brinjal,Tuticorin,10,0.89,17.76
2024-10-31,brinjal,Tenkasi,10,0.82,18.37
2024-10-31,onion,Tirunelveli,10,1.12,27.86
2024-10-31,onion,Madurai,10,0.97,25.99
2024-10-31,onion,Nagercoil,10,1.09,28.64
2024-10-31,onion,Tuticorin,10,1.11,27.45
2024-10-31,onion,Tenkasi,10,1.0,27.48
2024-10-31,carrot,Tirunelveli,10,0.83,19.41
2024-10-31,carrot,Madurai,10,0.94,21.22
2024-10-31,carrot,Nagercoil,10,0.93,21.95
2024-10-31,carrot,Tuticorin,10,1.21,30.19
2024-10-31,carrot,Tenkasi,10,1.14,26.88
2024-10-31,cabbage,Tirunelveli,10,0.96,11.89
2024-10-31,cabbage,Madurai,10,0.86,16.21
2024-10-31,cabbage,Nagercoil,10,1.25,21.13
2024-10-31,cabbage,Tuticorin,10,1.21,19.25
2024-10-31,cabbage,Tenkasi,10,0.84,12.49
2024-10-31,potato,Tirunelveli,10,1.22,24.83
2024-10-31,potato,Madurai,10,1.23,24.27
2024-10-31,potato,Nagercoil,10,0.87,18.22
2024-10-31,potato,Tuticorin,10,1.21,28.56
2024-10-31,potato,Tenkasi,10,1.01,20.8
2024-10-31,beans,Tirunelveli,10,0.97,30.68
2024-10-31,beans,Madurai,10,1.15,33.87
2024-10-31,beans,Nagercoil,10,0.98,30.11
2024-10-31,beans,Tuticorin,10,1.06,31.3
2024-10-31,beans,Tenkasi,10,1.02,31.01
2024-10-31,okra,Tirunelveli,10,0.99,24.4
2024-10-31,okra,Madurai,10,0.88,20.37
2024-10-31,okra,Nagercoil,10,0.85,21.03
2024-10-31,okra,Tuticorin,10,1.12,27.38
2024-10-31,okra,Tenkasi,10,1.26,28.02
2024-11-01,tomato,Tirunelveli,11,1.1,27.79
2024-11-01,tomato,Madurai,11,1.05,24.8
2024-11-01,tomato,Nagercoil,11,1.1,25.8
2024-11-01,tomato,Tuticorin,11,1.21,27.09
2024-11-01,tomato,Tenkasi,11,1.23,29.9
2024-11-01,brinjal,Tirunelveli,11,1.15,24.08
2024-11-01,brinjal,Madurai,11,0.84,16.16
2024-11-01,brinjal,Nagercoil,11,0.92,19.51
2024-11-01,brinjal,Tuticorin,11,1.0,18.6
2024-11-01,brinjal,Tenkasi,11,0.88,16.24
2024-11-01,onion,Tirunelveli,11,0.95,26.24
2024-11-01,onion,Madurai,11,1.18,32.28
2024-11-01,onion,Nagercoil,11,1.23,33.68
2024-11-01,onion,Tuticorin,11,1.17,34.2
2024-11-01,onion,Tenkasi,11,0.94,26.43
2024-11-01,carrot,Tirunelveli,11,1.12,28.53
2024-11-01,carrot,Madurai,11,1.2,29.49
2024-11-01,carrot,Nagercoil,11,1.23,32.31
2024-11-01,carrot,Tuticorin,11,1.11,29.72
2024-11-01,carrot,Tenkasi,11,0.95,25.56
2024-11-01,cabbage,Tirunelveli,11,0.84,13.56
2024-11-01,cabbage,Madurai,11,1.25,18.47
2024-11-01,cabbage,Nagercoil,11,1.24,22.51
2024-11-01,cabbage,Tuticorin,11,0.86,12.72
2024-11-01,cabbage,Tenkasi,11,1.2,19.63
2024-11-01,potato,Tirunelveli,11,1.15,26.61
2024-11-01,potato,Madurai,11,0.87,20.1
2024-11-01,potato,Nagercoil,11,1.16,24.5
2024-11-01,potato,Tuticorin,11,1.12,27.91
2024-11-01,potato,Tenkasi,11,1.19,25.96
2024-11-01,beans,Tirunelveli,11,1.28,41.83
2024-11-01,beans,Madurai,11,1.15,37.52
2024-11-01,beans,Nagercoil,11,1.09,35.92
2024-11-01,beans,Tuticorin,11,1.11,36.62
2024-11-01,beans,Tenkasi,11,1.02,32.29
2024-11-01,okra,Tirunelveli,11,1.26,26.43
2024-11-01,okra,Madurai,11,0.85,17.13
2024-11-01,okra,Nagercoil,11,1.3,31.63
2024-11-01,okra,Tuticorin,11,1.23,27.69
2024-11-01,okra,Tenkasi,11,1.08,26.01
2024-11-02,tomato,Tirunelveli,11,0.91,21.96
2024-11-02,tomato,Madurai,11,1.19,27.85
2024-11-02,tomato,Nagercoil,11,0.94,21.06
2024-11-02,tomato,Tuticorin,11,0.94,21.52
2024-11-02,tomato,Tenkasi,11,0.85,22.38
2024-11-02,brinjal,Tirunelveli,11,1.18,23.92
2024-11-02,brinjal,Madurai,11,0.83,14.98
2024-11-02,brinjal,Nagercoil,11,0.85,15.9
2024-11-02,brinjal,Tuticorin,11,0.98,21.39
2024-11-02,brinjal,Tenkasi,11,1.24,23.14
2024-11-02,onion,Tirunelveli,11,1.03,27.57
2024-11-02,onion,Madurai,11,1.25,35.28
2024-11-02,onion,Nagercoil,11,0.88,24.26
2024-11-02,onion,Tuticorin,11,0.95,26.45
2024-11-02,onion,Tenkasi,11,1.08,31.67
2024-11-02,carrot,Tirunelveli,11,1.11,25.95
2024-11-02,carrot,Madurai,11,1.21,32.08
2024-11-02,carrot,Nagercoil,11,1.13,31.81
2024-11-02,carrot,Tuticorin,11,1.17,29.94
2024-11-02,carrot,Tenkasi,11,1.14,29.1
2024-11-02,cabbage,Tirunelveli,11,1.23,20.85
2024-11-02,cabbage,Madurai,11,0.91,15.03
2024-11-02,cabbage,Nagercoil,11,1.01,17.75
2024-11-02,cabbage,Tuticorin,11,0.94,15.42
2024-11-02,cabbage,Tenkasi,11,1.04,17.38
2024-11-02,potato,Tirunelveli,11,1.23,25.23
2024-11-02,potato,Madurai,11,0.95,21.23
2024-11-02,potato,Nagercoil,11,0.93,20.44
2024-11-02,potato,Tuticorin,11,0.89,22.08
2024-11-02,potato,Tenkasi,11,1.0,23.31
2024-11-02,beans,Tirunelveli,11,0.82,26.91
2024-11-02,beans,Madurai,11,0.94,30.95
2024-11-02,beans,Nagercoil,11,1.05,33.9
2024-11-02,beans,Tuticorin,11,1.06,34.22
2024-11-02,beans,Tenkasi,11,1.06,35.24
2024-11-02,okra,Tirunelveli,11,0.95,21.82
2024-11-02,okra,Madurai,11,1.09,25.42
2024-11-02,okra,Nagercoil,11,0.9,19.3
2024-11-02,okra,Tuticorin,11,1.12,26.42
2024-11-02,okra,Tenkasi,11,0.81,19.51
2024-11-03,tomato,Tirunelveli,11,1.04,24.45
2024-11-03,tomato,Madurai,11,1.0,21.34
2024-11-03,tomato,Nagercoil,11,1.13,26.13
2024-11-03,tomato,Tuticorin,11,1.19,28.54
2024-11-03,tomato,Tenkasi,11,1.18,24.82
2024-11-03,brinjal,Tirunelveli,11,1.28,24.59
2024-11-03,brinjal,Madurai,11,1.11,24.55
2024-11-03,brinjal,Nagercoil,11,0.95,18.61
2024-11-03,brinjal,Tuticorin,11,0.89,21.46
2024-11-03,brinjal,Tenkasi,11,1.21,26.93
2024-11-03,onion,Tirunelveli,11,1.03,27.68
2024-11-03,onion,Madurai,11,1.09,31.62
2024-11-03,onion,Nagercoil,11,0.9,26.62
2024-11-03,onion,Tuticorin,11,0.91,24.71
2024-11-03,onion,Tenkasi,11,1.21,33.9
2024-11-03,carrot,Tirunelveli,11,0.93,23.39
2024-11-03,carrot,Madurai,11,1.13,27.67
2024-11-03,carrot,Nagercoil,11,1.04,28.83
2024-11-03,carrot,Tuticorin,11,1.0,25.74
2024-11-03,carrot,Tenkasi,11,0.89,23.62
2024-11-03,cabbage,Tirunelveli,11,0.98,18.2
2024-11-03,cabbage,Madurai,11,1.26,22.59
2024-11-03,cabbage,Nagercoil,11,1.24,20.09
2024-11-03,cabbage,Tuticorin,11,1.17,16.86
2024-11-03,cabbage,Tenkasi,11,1.26,19.95
2024-11-03,potato,Tirunelveli,11,1.25,24.81
2024-11-03,potato,Madurai,11,0.98,23.11
2024-11-03,potato,Nagercoil,11,1.2,26.6
2024-11-03,potato,Tuticorin,11,0.92,18.76
2024-11-03,potato,Tenkasi,11,1.26,25.86
2024-11-03,beans,Tirunelveli,11,1.3,41.94
2024-11-03,beans,Madurai,11,0.81,28.38
2024-11-03,beans,Nagercoil,11,1.15,39.57
2024-11-03,beans,Tuticorin,11,1.1,33.74
2024-11-03,beans,Tenkasi,11,1.04,32.65
2024-11-03,okra,Tirunelveli,11,1.16,30.25
2024-11-03,okra,Madurai,11,1.14,26.69
2024-11-03,okra,Nagercoil,11,1.16,27.38
2024-11-03,okra,Tuticorin,11,0.92,19.67
2024-11-03,okra,Tenkasi,11,1.09,25.97
2024-11-04,tomato,Tirunelveli,11,1.16,28.34
2024-11-04,tomato,Madurai,11,1.21,25.57
2024-11-04,tomato,Nagercoil,11,0.85,18.1
2024-11-04,tomato,Tuticorin,11,0.86,21.69
2024-11-04,tomato,Tenkasi,11,1.07,25.75
2024-11-04,brinjal,Tirunelveli,11,0.82,15.92
2024-11-04,brinjal,Madurai,11,0.85,21.09
2024-11-04,brinjal,Nagercoil,11,1.16,24.61
2024-11-04,brinjal,Tuticorin,11,0.93,21.34
2024-11-04,brinjal,Tenkasi,11,1.06,21.61
2024-11-04,onion,Tirunelveli,11,0.83,22.24
2024-11-04,onion,Madurai,11,1.29,35.53
2024-11-04,onion,Nagercoil,11,0.91,23.29
2024-11-04,onion,Tuticorin,11,1.13,32.58
2024-11-04,onion,Tenkasi,11,0.91,24.66
2024-11-04,carrot,Tirunelveli,11,1.25,32.65
2024-11-04,carrot,Madurai,11,1.22,30.89
2024-11-04,carrot,Nagercoil,11,0.9,23.72
2024-11-04,carrot,Tuticorin,11,1.23,29.25
2024-11-04,carrot,Tenkasi,11,0.91,24.1
2024-11-04,cabbage,Tirunelveli,11,1.09,16.64
2024-11-04,cabbage,Madurai,11,1.07,17.25
2024-11-04,cabbage,Nagercoil,11,0.99,15.81
2024-11-04,cabbage,Tuticorin,11,1.11,18.92
2024-11-04,cabbage,Tenkasi,11,1.02,14.82
2024-11-04,potato,Tirunelveli,11,0.82,17.35
2024-11-04,potato,Madurai,11,1.22,28.97
2024-11-04,potato,Nagercoil,11,1.27,26.55
2024-11-04,potato,Tuticorin,11,1.08,21.77
2024-11-04,potato,Tenkasi,11,1.27,27.12
2024-11-04,beans,Tirunelveli,11,1.14,35.71
2024-11-04,beans,Madurai,11,1.22,42.34
2024-11-04,beans,Nagercoil,11,1.16,38.53
2024-11-04,beans,Tuticorin,11,1.02,30.52
2024-11-04,beans,Tenkasi,11,0.8,25.63
2024-11-04,okra,Tirunelveli,11,1.05,25.68
2024-11-04,okra,Madurai,11,0.97,22.83
2024-11-04,okra,Nagercoil,11,1.3,28.06
2024-11-04,okra,Tuticorin,11,1.0,24.78
2024-11-04,okra,Tenkasi,11,0.92,20.31
2024-11-05,tomato,Tirunelveli,11,0.85,16.95
2024-11-05,tomato,Madurai,11,0.89,18.04
2024-11-05,tomato,Nagercoil,11,1.19,26.98
2024-11-05,tomato,Tuticorin,11,1.28,29.74
2024-11-05,tomato,Tenkasi,11,0.95,19.42
2024-11-05,brinjal,Tirunelveli,11,1.16,23.08
2024-11-05,brinjal,Madurai,11,1.04,19.84
2024-11-05,brinjal,Nagercoil,11,0.87,18.87
2024-11-05,brinjal,Tuticorin,11,1.05,20.41
2024-11-05,brinjal,Tenkasi,11,0.94,20.39
2024-11-05,onion,Tirunelveli,11,1.22,34.29
2024-11-05,onion,Madurai,11,1.28,33.9
2024-11-05,onion,Nagercoil,11,1.22,33.61
2024-11-05,onion,Tuticorin,11,0.87,23.53
2024-11-05,onion,Tenkasi,11,1.27,36.77
2024-11-05,carrot,Tirunelveli,11,0.92,24.44
2024-11-05,carrot,Madurai,11,0.89,23.11
2024-11-05,carrot,Nagercoil,11,1.25,32.13
2024-11-05,carrot,Tuticorin,11,1.25,31.99
2024-11-05,carrot,Tenkasi,11,1.0,25.48
2024-11-05,cabbage,Tirunelveli,11,1.19,20.27
2024-11-05,cabbage,Madurai,11,1.1,21.88
2024-11-05,cabbage,Nagercoil,11,0.85,14.49
2024-11-05,cabbage,Tuticorin,11,0.84,14.04
2024-11-05,cabbage,Tenkasi,11,1.06,18.18
2024-11-05,potato,Tirunelveli,11,1.09,21.37
2024-11-05,potato,Madurai,11,1.09,23.68
2024-11-05,potato,Nagercoil,11,1.06,25.07
2024-11-05,potato,Tuticorin,11,0.81,16.86
2024-11-05,potato,Tenkasi,11,1.21,28.05
2024-11-05,beans,Tirunelveli,11,0.93,30.14
2024-11-05,beans,Madurai,11,1.06,34.15
2024-11-05,beans,Nagercoil,11,0.91,27.64
2024-11-05,beans,Tuticorin,11,1.01,32.95
2024-11-05,beans,Tenkasi,11,1.1,35.36
2024-11-05,okra,Tirunelveli,11,0.95,21.92
2024-11-05,okra,Madurai,11,0.92,24.34
2024-11-05,okra,Nagercoil,11,1.12,29.43
2024-11-05,okra,Tuticorin,11,0.88,19.77
2024-11-05,okra,Tenkasi,11,1.07,24.72
2024-11-06,tomato,Tirunelveli,11,1.03,25.48
2024-11-06,tomato,Madurai,11,0.85,18.61
2024-11-06,tomato,Nagercoil,11,1.29,30.2
2024-11-06,tomato,Tuticorin,11,0.98,22.16
2024-11-06,tomato,Tenkasi,11,1.23,28.21
2024-11-06,brinjal,Tirunelveli,11,0.97,18.7
2024-11-06,brinjal,Madurai,11,1.3,27.29
2024-11-06,brinjal,Nagercoil,11,0.88,21.16
2024-11-06,brinjal,Tuticorin,11,0.88,17.95
2024-11-06,brinjal,Tenkasi,11,0.86,17.95
2024-11-06,onion,Tirunelveli,11,0.91,25.3
2024-11-06,onion,Madurai,11,0.97,24.23
2024-11-06,onion,Nagercoil,11,1.03,27.77
2024-11-06,onion,Tuticorin,11,0.84,21.75
2024-11-06,onion,Tenkasi,11,1.24,35.49
2024-11-06,carrot,Tirunelveli,11,0.97,24.14
2024-11-06,carrot,Madurai,11,1.04,28.4
2024-11-06,carrot,Nagercoil,11,1.22,30.03
2024-11-06,carrot,Tuticorin,11,0.94,25.6
2024-11-06,carrot,Tenkasi,11,0.9,21.58
2024-11-06,cabbage,Tirunelveli,11,1.12,19.0
2024-11-06,cabbage,Madurai,11,1.06,16.42
2024-11-06,cabbage,Nagercoil,11,0.86,13.18
2024-11-06,cabbage,Tuticorin,11,0.91,18.16
2024-11-06,cabbage,Tenkasi,11,0.98,14.91
2024-11-06,potato,Tirunelveli,11,1.28,28.36
2024-11-06,potato,Madurai,11,1.13,26.52
2024-11-06,potato,Nagercoil,11,0.94,18.33
2024-11-06,potato,Tuticorin,11,1.17,26.5
2024-11-06,potato,Tenkasi,11,0.92,23.02
2024-11-06,beans,Tirunelveli,11,0.93,28.47
2024-11-06,beans,Madurai,11,0.97,30.86
2024-11-06,beans,Nagercoil,11,1.14,36.24
2024-11-06,beans,Tuticorin,11,0.92,31.14
2024-11-06,beans,Tenkasi,11,1.22,39.06
2024-11-06,okra,Tirunelveli,11,0.81,20.94
2024-11-06,okra,Madurai,11,1.15,29.97
2024-11-06,okra,Nagercoil,11,0.99,26.35
2024-11-06,okra,Tuticorin,11,1.17,30.98
2024-11-06,okra,Tenkasi,11,1.06,24.35
2024-11-07,tomato,Tirunelveli,11,0.92,23.59
2024-11-07,tomato,Madurai,11,1.29,30.76
2024-11-07,tomato,Nagercoil,11,0.99,23.69
2024-11-07,tomato,Tuticorin,11,0.85,19.92
2024-11-07,tomato,Tenkasi,11,0.97,22.62
2024-11-07,brinjal,Tirunelveli,11,1.24,25.05
2024-11-07,brinjal,Madurai,11,1.05,21.01
2024-11-07,brinjal,Nagercoil,11,1.09,21.95
2024-11-07,brinjal,Tuticorin,11,1.05,19.79
2024-11-07,brinjal,Tenkasi,11,1.0,22.01
2024-11-07,onion,Tirunelveli,11,0.81,20.53
2024-11-07,onion,Madurai,11,1.26,37.78
2024-11-07,onion,Nagercoil,11,1.12,28.86
2024-11-07,onion,Tuticorin,11,1.25,33.8
2024-11-07,onion,Tenkasi,11,0.81,23.04
2024-11-07,carrot,Tirunelveli,11,1.13,28.95
2024-11-07,carrot,Madurai,11,1.07,28.38
2024-11-07,carrot,Nagercoil,11,0.9,22.69
2024-11-07,carrot,Tuticorin,11,0.92,23.29
2024-11-07,carrot,Tenkasi,11,1.28,32.49
2024-11-07,cabbage,Tirunelveli,11,1.1,18.99
2024-11-07,cabbage,Madurai,11,0.92,15.44
2024-11-07,cabbage,Nagercoil,11,0.8,13.67
2024-11-07,cabbage,Tuticorin,11,1.04,21.1
2024-11-07,cabbage,Tenkasi,11,0.83,11.16
2024-11-07,potato,Tirunelveli,11,0.94,20.23
2024-11-07,potato,Madurai,11,0.91,18.45
2024-11-07,potato,Nagercoil,11,0.95,19.16
2024-11-07,potato,Tuticorin,11,1.29,28.81
2024-11-07,potato,Tenkasi,11,1.29,29.72
2024-11-07,beans,Tirunelveli,11,1.3,40.79
2024-11-07,beans,Madurai,11,1.28,38.38
2024-11-07,beans,Nagercoil,11,1.1,36.76
2024-11-07,beans,Tuticorin,11,0.9,27.7
2024-11-07,beans,Tenkasi,11,0.97,30.28
2024-11-07,okra,Tirunelveli,11,0.8,18.11
2024-11-07,okra,Madurai,11,1.24,29.07
2024-11-07,okra,Nagercoil,11,0.84,19.91
2024-11-07,okra,Tuticorin,11,1.08,25.72
2024-11-07,okra,Tenkasi,11,1.08,24.65
2024-11-08,tomato,Tirunelveli,11,0.95,20.91
2024-11-08,tomato,Madurai,11,0.96,19.53
2024-11-08,tomato,Nagercoil,11,1.26,29.76
2024-11-08,tomato,Tuticorin,11,0.86,20.42
2024-11-08,tomato,Tenkasi,11,1.29,28.12
2024-11-08,brinjal,Tirunelveli,11,1.03,22.32
2024-11-08,brinjal,Madurai,11,0.95,18.61
2024-11-08,brinjal,Nagercoil,11,1.09,21.02
2024-11-08,brinjal,Tuticorin,11,1.21,22.57
2024-11-08,brinjal,Tenkasi,11,1.03,19.15
2024-11-08,onion,Tirunelveli,11,1.12,29.95
2024-11-08,onion,Madurai,11,1.09,32.07
2024-11-08,onion,Nagercoil,11,0.99,26.41
2024-11-08,onion,Tuticorin,11,0.93,26.54
2024-11-08,onion,Tenkasi,11,1.01,28.38
2024-11-08,carrot,Tirunelveli,11,1.28,34.64
2024-11-08,carrot,Madurai,11,0.85,18.53
2024-11-08,carrot,Nagercoil,11,1.1,26.76
2024-11-08,carrot,Tuticorin,11,1.21,31.93
2024-11-08,carrot,Tenkasi,11,1.12,30.42
2024-11-08,cabbage,Tirunelveli,11,1.27,22.89
2024-11-08,cabbage,Madurai,11,1.26,20.41
2024-11-08,cabbage,Nagercoil,11,1.05,16.26
2024-11-08,cabbage,Tuticorin,11,0.88,16.78
2024-11-08,cabbage,Tenkasi,11,1.09,17.91
2024-11-08,potato,Tirunelveli,11,1.24,25.37
2024-11-08,potato,Madurai,11,0.84,18.84
2024-11-08,potato,Nagercoil,11,0.97,20.87
2024-11-08,potato,Tuticorin,11,1.01,21.21
2024-11-08,potato,Tenkasi,11,0.8,17.53
2024-11-08,beans,Tirunelveli,11,1.25,39.89
2024-11-08,beans,Madurai,11,1.29,39.5
2024-11-08,beans,Nagercoil,11,1.21,39.32
2024-11-08,beans,Tuticorin,11,1.17,36.24
2024-11-08,beans,Tenkasi,11,1.15,36.82
2024-11-08,okra,Tirunelveli,11,0.89,23.72
2024-11-08,okra,Madurai,11,1.03,26.61
2024-11-08,okra,Nagercoil,11,0.84,22.51
2024-11-08,okra,Tuticorin,11,0.83,21.51
2024-11-08,okra,Tenkasi,11,1.0,23.02
2024-11-09,tomato,Tirunelveli,11,0.89,24.31
2024-11-09,tomato,Madurai,11,1.03,21.97
2024-11-09,tomato,Nagercoil,11,1.26,30.54
2024-11-09,tomato,Tuticorin,11,0.86,17.91
2024-11-09,tomato,Tenkasi,11,1.0,21.77
2024-11-09,brinjal,Tirunelveli,11,1.09,23.39
2024-11-09,brinjal,Madurai,11,0.88,17.92
2024-11-09,brinjal,Nagercoil,11,1.14,21.72
2024-11-09,brinjal,Tuticorin,11,0.86,17.4
2024-11-09,brinjal,Tenkasi,11,0.86,17.56
2024-11-09,onion,Tirunelveli,11,0.9,24.98
2024-11-09,onion,Madurai,11,0.99,29.75
2024-11-09,onion,Nagercoil,11,1.28,33.77
2024-11-09,onion,Tuticorin,11,0.94,25.37
2024-11-09,onion,Tenkasi,11,0.92,22.71
2024-11-09,carrot,Tirunelveli,11,1.06,27.39
2024-11-09,carrot,Madurai,11,1.13,30.48
2024-11-09,carrot,Nagercoil,11,0.9,24.82
2024-11-09,carrot,Tuticorin,11,0.86,20.13
2024-11-09,carrot,Tenkasi,11,0.84,22.12
2024-11-09,cabbage,Tirunelveli,11,1.06,19.43
2024-11-09,cabbage,Madurai,11,0.96,14.77
2024-11-09,cabbage,Nagercoil,11,1.29,25.74
2024-11-09,cabbage,Tuticorin,11,1.15,19.71
2024-11-09,cabbage,Tenkasi,11,1.05,14.04
2024-11-09,potato,Tirunelveli,11,0.94,20.34
2024-11-09,potato,Madurai,11,1.27,27.61
2024-11-09,potato,Nagercoil,11,0.88,19.35
2024-11-09,potato,Tuticorin,11,1.23,29.38
2024-11-09,potato,Tenkasi,11,1.2,27.39
2024-11-09,beans,Tirunelveli,11,1.21,37.29
2024-11-09,beans,Madurai,11,0.87,28.6
2024-11-09,beans,Nagercoil,11,1.09,36.52
2024-11-09,beans,Tuticorin,11,1.05,30.91
2024-11-09,beans,Tenkasi,11,1.1,34.36
2024-11-09,okra,Tirunelveli,11,1.13,28.01
2024-11-09,okra,Madurai,11,1.07,28.49
2024-11-09,okra,Nagercoil,11,0.86,18.66
2024-11-09,okra,Tuticorin,11,0.99,25.0
2024-11-09,okra,Tenkasi,11,1.04,27.19
2024-11-10,tomato,Tirunelveli,11,0.89,19.59
2024-11-10,tomato,Madurai,11,1.21,29.25
2024-11-10,tomato,Nagercoil,11,1.11,24.94
2024-11-10,tomato,Tuticorin,11,0.92,21.01
2024-11-10,tomato,Tenkasi,11,1.24,29.23
2024-11-10,brinjal,Tirunelveli,11,1.03,22.93
2024-11-10,brinjal,Madurai,11,1.12,26.09
2024-11-10,brinjal,Nagercoil,11,0.95,18.65
2024-11-10,brinjal,Tuticorin,11,1.22,23.27
2024-11-10,brinjal,Tenkasi,11,1.22,26.57
2024-11-10,onion,Tirunelveli,11,1.04,30.09
2024-11-10,onion,Madurai,11,1.2,34.02
2024-11-10,onion,Nagercoil,11,1.13,32.69
2024-11-10,onion,Tuticorin,11,1.28,34.94
2024-11-10,onion,Tenkasi,11,0.92,26.18
2024-11-10,carrot,Tirunelveli,11,0.82,23.38
2024-11-10,carrot,Madurai,11,1.07,26.82
2024-11-10,carrot,Nagercoil,11,1.25,33.61
2024-11-10,carrot,Tuticorin,11,0.92,23.35
2024-11-10,carrot,Tenkasi,11,1.2,32.8
2024-11-10,cabbage,Tirunelveli,11,1.07,19.83
2024-11-10,cabbage,Madurai,11,1.01,16.71
2024-11-10,cabbage,Nagercoil,11,1.2,20.4
2024-11-10,cabbage,Tuticorin,11,1.15,18.0
2024-11-10,cabbage,Tenkasi,11,1.25,21.58
2024-11-10,potato,Tirunelveli,11,1.02,20.53
2024-11-10,potato,Madurai,11,0.99,22.76
2024-11-10,potato,Nagercoil,11,0.99,23.01
2024-11-10,potato,Tuticorin,11,1.21,27.27
2024-11-10,potato,Tenkasi,11,1.23,26.35
2024-11-10,beans,Tirunelveli,11,1.22,41.53
2024-11-10,beans,Madurai,11,1.01,31.76
2024-11-10,beans,Nagercoil,11,1.22,41.86
2024-11-10,beans,Tuticorin,11,0.84,27.45
2024-11-10,beans,Tenkasi,11,1.1,38.7
2024-11-10,okra,Tirunelveli,11,1.15,29.09
2024-11-10,okra,Madurai,11,1.26,29.29
2024-11-10,okra,Nagercoil,11,1.21,30.18
2024-11-10,okra,Tuticorin,11,0.86,22.04
2024-11-10,okra,Tenkasi,11,0.85,20.88
2024-11-11,tomato,Tirunelveli,11,1.22,28.35
2024-11-11,tomato,Madurai,11,0.95,24.23
2024-11-11,tomato,Nagercoil,11,1.0,21.99
2024-11-11,tomato,Tuticorin,11,0.91,21.25
2024-11-11,tomato,Tenkasi,11,1.18,32.86
2024-11-11,brinjal,Tirunelveli,11,0.82,16.92
2024-11-11,brinjal,Madurai,11,1.28,26.24
2024-11-11,brinjal,Nagercoil,11,1.0,18.37
2024-11-11,brinjal,Tuticorin,11,1.01,22.57
2024-11-11,brinjal,Tenkasi,11,0.88,19.67
2024-11-11,onion,Tirunelveli,11,1.05,28.72
2024-11-11,onion,Madurai,11,0.88,26.63
2024-11-11,onion,Nagercoil,11,0.96,25.97
2024-11-11,onion,Tuticorin,11,0.99,27.0
2024-11-11,onion,Tenkasi,11,1.07,29.96
2024-11-11,carrot,Tirunelveli,11,1.3,32.53
2024-11-11,carrot,Madurai,11,1.28,32.4
2024-11-11,carrot,Nagercoil,11,0.81,22.14
2024-11-11,carrot,Tuticorin,11,1.22,29.56
2024-11-11,carrot,Tenkasi,11,1.22,31.79
2024-11-11,cabbage,Tirunelveli,11,1.19,20.85
2024-11-11,cabbage,Madurai,11,0.91,16.01
2024-11-11,cabbage,Nagercoil,11,1.16,21.44
2024-11-11,cabbage,Tuticorin,11,0.86,12.56
2024-11-11,cabbage,Tenkasi,11,1.15,16.62
2024-11-11,potato,Tirunelveli,11,1.2,25.86
2024-11-11,potato,Madurai,11,1.04,25.75
2024-11-11,potato,Nagercoil,11,0.98,21.58
2024-11-11,potato,Tuticorin,11,0.98,22.84
2024-11-11,potato,Tenkasi,11,0.81,18.98
2024-11-11,beans,Tirunelveli,11,0.87,27.32
2024-11-11,beans,Madurai,11,0.95,28.86
2024-11-11,beans,Nagercoil,11,1.13,36.06
2024-11-11,beans,Tuticorin,11,1.08,35.72
2024-11-11,beans,Tenkasi,11,0.98,35.42
2024-11-11,okra,Tirunelveli,11,1.25,30.16
2024-11-11,okra,Madurai,11,0.9,21.89
2024-11-11,okra,Nagercoil,11,1.0,22.88
2024-11-11,okra,Tuticorin,11,0.88,21.43
2024-11-11,okra,Tenkasi,11,0.95,21.36
2024-11-12,tomato,Tirunelveli,11,1.3,28.01
2024-11-12,tomato,Madurai,11,1.11,25.11
2024-11-12,tomato,Nagercoil,11,0.92,16.16
2024-11-12,tomato,Tuticorin,11,1.03,21.99
2024-11-12,tomato,Tenkasi,11,1.2,27.98
2024-11-12,brinjal,Tirunelveli,11,1.2,24.14
2024-11-12,brinjal,Madurai,11,0.97,18.81
2024-11-12,brinjal,Nagercoil,11,0.97,18.42
2024-11-12,brinjal,Tuticorin,11,1.08,21.52
2024-11-12,brinjal,Tenkasi,11,0.85,16.61
2024-11-12,onion,Tirunelveli,11,0.93,26.32
2024-11-12,onion,Madurai,11,0.91,27.0
2024-11-12,onion,Nagercoil,11,1.24,35.24
2024-11-12,onion,Tuticorin,11,1.22,35.08
2024-11-12,onion,Tenkasi,11,1.11,27.28
2024-11-12,carrot,Tirunelveli,11,0.91,23.66
2024-11-12,carrot,Madurai,11,1.08,28.27
2024-11-12,carrot,Nagercoil,11,1.26,34.0
2024-11-12,carrot,Tuticorin,11,0.98,26.88
2024-11-12,carrot,Tenkasi,11,1.14,31.42
2024-11-12,cabbage,Tirunelveli,11,1.12,17.94
2024-11-12,cabbage,Madurai,11,1.29,20.88
2024-11-12,cabbage,Nagercoil,11,0.82,9.99
2024-11-12,cabbage,Tuticorin,11,0.98,14.72
2024-11-12,cabbage,Tenkasi,11,1.19,20.43
2024-11-12,potato,Tirunelveli,11,1.0,22.51
2024-11-12,potato,Madurai,11,1.08,24.55
2024-11-12,potato,Nagercoil,11,1.17,26.55
2024-11-12,potato,Tuticorin,11,0.94,18.77
2024-11-12,potato,Tenkasi,11,1.03,24.36
2024-11-12,beans,Tirunelveli,11,0.99,31.88
2024-11-12,beans,Madurai,11,1.09,35.58
2024-11-12,beans,Nagercoil,11,0.98,32.87
2024-11-12,beans,Tuticorin,11,1.26,43.71
2024-11-12,beans,Tenkasi,11,0.85,28.6
2024-11-12,okra,Tirunelveli,11,0.98,22.57
2024-11-12,okra,Madurai,11,0.88,24.5
2024-11-12,okra,Nagercoil,11,0.82,19.85
2024-11-12,okra,Tuticorin,11,0.95,22.88
2024-11-12,okra,Tenkasi,11,0.82,21.73
2024-11-13,tomato,Tirunelveli,11,0.94,20.01
2024-11-13,tomato,Madurai,11,1.21,28.88
2024-11-13,tomato,Nagercoil,11,1.14,27.6
2024-11-13,tomato,Tuticorin,11,1.0,22.94
2024-11-13,tomato,Tenkasi,11,0.92,22.48
2024-11-13,brinjal,Tirunelveli,11,0.97,22.47
2024-11-13,brinjal,Madurai,11,0.97,17.42
2024-11-13,brinjal,Nagercoil,11,1.16,22.36
2024-11-13,brinjal,Tuticorin,11,1.13,19.79
2024-11-13,brinjal,Tenkasi,11,0.98,18.19
2024-11-13,onion,Tirunelveli,11,0.94,25.8
2024-11-13,onion,Madurai,11,0.96,26.06
2024-11-13,onion,Nagercoil,11,1.07,29.02
2024-11-13,onion,Tuticorin,11,1.27,37.36
2024-11-13,onion,Tenkasi,11,1.21,35.79
2024-11-13,carrot,Tirunelveli,11,0.86,24.89
2024-11-13,carrot,Madurai,11,1.16,30.34
2024-11-13,carrot,Nagercoil,11,1.15,33.49
2024-11-13,carrot,Tuticorin,11,1.02,22.82
2024-11-13,carrot,Tenkasi,11,1.16,30.87
2024-11-13,cabbage,Tirunelveli,11,1.24,21.28
2024-11-13,cabbage,Madurai,11,0.81,14.22
2024-11-13,cabbage,Nagercoil,11,1.26,21.77
2024-11-13,cabbage,Tuticorin,11,0.9,14.46
2024-11-13,cabbage,Tenkasi,11,1.02,18.08
2024-11-13,potato,Tirunelveli,11,1.01,24.33
2024-11-13,potato,Madurai,11,1.14,22.71
2024-11-13,potato,Nagercoil,11,1.12,25.5
2024-11-13,potato,Tuticorin,11,0.9,16.72
2024-11-13,potato,Tenkasi,11,0.95,22.76
2024-11-13,beans,Tirunelveli,11,1.06,34.7
2024-11-13,beans,Madurai,11,1.22,39.53
2024-11-13,beans,Nagercoil,11,1.16,33.88
2024-11-13,beans,Tuticorin,11,0.82,25.72
2024-11-13,beans,Tenkasi,11,0.98,31.19
2024-11-13,okra,Tirunelveli,11,1.03,26.37
2024-11-13,okra,Madurai,11,0.94,22.19
2024-11-13,okra,Nagercoil,11,1.11,26.46
2024-11-13,okra,Tuticorin,11,1.02,26.1
2024-11-13,okra,Tenkasi,11,1.2,32.16
2024-11-14,tomato,Tirunelveli,11,1.18,27.18
2024-11-14,tomato,Madurai,11,0.98,24.94
2024-11-14,tomato,Nagercoil,11,1.27,32.06
2024-11-14,tomato,Tuticorin,11,0.8,16.64
2024-11-14,tomato,Tenkasi,11,1.16,25.72
2024-11-14,brinjal,Tirunelveli,11,1.01,24.8
2024-11-14,brinjal,Madurai,11,1.06,23.09
2024-11-14,brinjal,Nagercoil,11,1.09,20.73
2024-11-14,brinjal,Tuticorin,11,1.04,23.65
2024-11-14,brinjal,Tenkasi,11,0.95,22.4
2024-11-14,onion,Tirunelveli,11,0.85,23.88
2024-11-14,onion,Madurai,11,1.15,33.18
2024-11-14,onion,Nagercoil,11,1.03,29.37
2024-11-14,onion,Tuticorin,11,0.83,25.18
2024-11-14,onion,Tenkasi,11,1.25,33.38
2024-11-14,carrot,Tirunelveli,11,0.84,21.23
2024-11-14,carrot,Madurai,11,1.16,31.62
2024-11-14,carrot,Nagercoil,11,1.26,34.18
2024-11-14,carrot,Tuticorin,11,0.97,28.3
2024-11-14,carrot,Tenkasi,11,1.29,34.97
2024-11-14,cabbage,Tirunelveli,11,0.96,16.9
2024-11-14,cabbage,Madurai,11,1.21,22.06
2024-11-14,cabbage,Nagercoil,11,0.81,16.08
2024-11-14,cabbage,Tuticorin,11,1.25,23.14
2024-11-14,cabbage,Tenkasi,11,1.03,16.77
2024-11-14,potato,Tirunelveli,11,0.92,20.28
2024-11-14,potato,Madurai,11,1.09,24.84
2024-11-14,potato,Nagercoil,11,1.13,24.13
2024-11-14,potato,Tuticorin,11,0.93,20.15
2024-11-14,potato,Tenkasi,11,1.26,28.37
2024-11-14,beans,Tirunelveli,11,0.9,28.8
2024-11-14,beans,Madurai,11,0.89,28.02
2024-11-14,beans,Nagercoil,11,1.06,34.29
2024-11-14,beans,Tuticorin,11,1.13,39.56
2024-11-14,beans,Tenkasi,11,0.98,34.94
2024-11-14,okra,Tirunelveli,11,0.9,20.35
2024-11-14,okra,Madurai,11,1.09,24.02
2024-11-14,okra,Nagercoil,11,0.87,21.19
2024-11-14,okra,Tuticorin,11,1.18,26.67
2024-11-14,okra,Tenkasi,11,1.17,26.94
2024-11-15,tomato,Tirunelveli,11,1.17,27.97
2024-11-15,tomato,Madurai,11,1.14,25.88
2024-11-15,tomato,Nagercoil,11,0.97,24.96
2024-11-15,tomato,Tuticorin,11,0.91,20.16
2024-11-15,tomato,Tenkasi,11,1.03,24.72
2024-11-15,brinjal,Tirunelveli,11,1.1,25.58
2024-11-15,brinjal,Madurai,11,1.07,21.25
2024-11-15,brinjal,Nagercoil,11,1.07,19.73
2024-11-15,brinjal,Tuticorin,11,1.19,22.88
2024-11-15,brinjal,Tenkasi,11,1.29,29.0
2024-11-15,onion,Tirunelveli,11,0.85,22.79
2024-11-15,onion,Madurai,11,0.91,23.69
2024-11-15,onion,Nagercoil,11,1.11,32.41
2024-11-15,onion,Tuticorin,11,1.24,32.62
2024-11-15,onion,Tenkasi,11,1.2,33.68
2024-11-15,carrot,Tirunelveli,11,0.82,19.18
2024-11-15,carrot,Madurai,11,0.96,24.45
2024-11-15,carrot,Nagercoil,11,0.87,24.72
2024-11-15,carrot,Tuticorin,11,1.02,25.73
2024-11-15,carrot,Tenkasi,11,1.04,25.15
2024-11-15,cabbage,Tirunelveli,11,0.97,16.38
2024-11-15,cabbage,Madurai,11,1.22,21.39
2024-11-15,cabbage,Nagercoil,11,1.18,19.59
2024-11-15,cabbage,Tuticorin,11,0.8,16.53
2024-11-15,cabbage,Tenkasi,11,1.11,17.16
2024-11-15,potato,Tirunelveli,11,1.02,22.22
2024-11-15,potato,Madurai,11,1.17,25.76
2024-11-15,potato,Nagercoil,11,1.07,24.39
2024-11-15,potato,Tuticorin,11,1.23,25.88
2024-11-15,potato,Tenkasi,11,0.94,20.27
2024-11-15,beans,Tirunelveli,11,1.25,39.75
2024-11-15,beans,Madurai,11,1.03,32.02
2024-11-15,beans,Nagercoil,11,1.22,39.44
2024-11-15,beans,Tuticorin,11,1.27,42.01
2024-11-15,beans,Tenkasi,11,0.88,26.47
2024-11-15,okra,Tirunelveli,11,1.04,25.17
2024-11-15,okra,Madurai,11,1.19,28.99
2024-11-15,okra,Nagercoil,11,1.08,26.38
2024-11-15,okra,Tuticorin,11,1.23,33.37
2024-11-15,okra,Tenkasi,11,1.18,28.71
2024-11-16,tomato,Tirunelveli,11,1.01,23.1
2024-11-16,tomato,Madurai,11,1.11,24.81
2024-11-16,tomato,Nagercoil,11,0.9,20.04
2024-11-16,tomato,Tuticorin,11,0.82,17.71
2024-11-16,tomato,Tenkasi,11,1.17,26.25
2024-11-16,brinjal,Tirunelveli,11,1.15,22.85
2024-11-16,brinjal,Madurai,11,1.22,24.64
2024-11-16,brinjal,Nagercoil,11,1.27,26.67
2024-11-16,brinjal,Tuticorin,11,0.94,18.07
2024-11-16,brinjal,Tenkasi,11,0.84,16.16
2024-11-16,onion,Tirunelveli,11,1.25,34.87
2024-11-16,onion,Madurai,11,1.13,31.6
2024-11-16,onion,Nagercoil,11,1.21,32.93
2024-11-16,onion,Tuticorin,11,1.12,29.17
2024-11-16,onion,Tenkasi,11,1.24,35.79
2024-11-16,carrot,Tirunelveli,11,1.04,27.55
2024-11-16,carrot,Madurai,11,1.16,30.07
2024-11-16,carrot,Nagercoil,11,1.12,30.24
2024-11-16,carrot,Tuticorin,11,1.24,29.7
2024-11-16,carrot,Tenkasi,11,1.06,24.9
2024-11-16,cabbage,Tirunelveli,11,0.81,10.68
2024-11-16,cabbage,Madurai,11,1.26,21.0
2024-11-16,cabbage,Nagercoil,11,0.84,15.03
2024-11-16,cabbage,Tuticorin,11,1.25,20.73
2024-11-16,cabbage,Tenkasi,11,1.15,16.76
2024-11-16,potato,Tirunelveli,11,0.98,22.81
2024-11-16,potato,Madurai,11,0.85,17.77
2024-11-16,potato,Nagercoil,11,1.13,26.78
2024-11-16,potato,Tuticorin,11,0.98,25.32
2024-11-16,potato,Tenkasi,11,1.2,24.33
2024-11-16,beans,Tirunelveli,11,0.91,27.83
2024-11-16,beans,Madurai,11,0.84,26.72
2024-11-16,beans,Nagercoil,11,1.1,35.81
2024-11-16,beans,Tuticorin,11,0.87,29.5
2024-11-16,beans,Tenkasi,11,0.83,26.65
2024-11-16,okra,Tirunelveli,11,1.13,25.72
2024-11-16,okra,Madurai,11,1.12,27.5
2024-11-16,okra,Nagercoil,11,1.0,22.64
2024-11-16,okra,Tuticorin,11,1.03,23.94
2024-11-16,okra,Tenkasi,11,0.87,22.61
2024-11-17,tomato,Tirunelveli,11,1.24,27.57
2024-11-17,tomato,Madurai,11,1.15,25.24
2024-11-17,tomato,Nagercoil,11,1.14,25.6
2024-11-17,tomato,Tuticorin,11,0.98,23.34
2024-11-17,tomato,Tenkasi,11,0.86,17.23
2024-11-17,brinjal,Tirunelveli,11,1.14,23.83
2024-11-17,brinjal,Madurai,11,0.8,16.13
2024-11-17,brinjal,Nagercoil,11,1.28,25.02
2024-11-17,brinjal,Tuticorin,11,1.25,25.21
2024-11-17,brinjal,Tenkasi,11,1.14,22.83
2024-11-17,onion,Tirunelveli,11,0.87,23.63
2024-11-17,onion,Madurai,11,1.04,28.59
2024-11-17,onion,Nagercoil,11,0.9,24.83
2024-11-17,onion,Tuticorin,11,0.98,25.83
2024-11-17,onion,Tenkasi,11,1.07,28.93
2024-11-17,carrot,Tirunelveli,11,1.2,31.43
2024-11-17,carrot,Madurai,11,0.81,24.21
2024-11-17,carrot,Nagercoil,11,1.28,31.06
2024-11-17,carrot,Tuticorin,11,1.09,28.25
2024-11-17,carrot,Tenkasi,11,1.0,24.0
2024-11-17,cabbage,Tirunelveli,11,1.04,17.32
2024-11-17,cabbage,Madurai,11,0.88,12.45
2024-11-17,cabbage,Nagercoil,11,1.17,18.39
2024-11-17,cabbage,Tuticorin,11,1.24,20.98
2024-11-17,cabbage,Tenkasi,11,1.11,18.06
2024-11-17,potato,Tirunelveli,11,1.12,24.62
2024-11-17,potato,Madurai,11,0.99,20.5
2024-11-17,potato,Nagercoil,11,1.15,26.63
2024-11-17,potato,Tuticorin,11,1.23,27.05
2024-11-17,potato,Tenkasi,11,0.81,17.48
2024-11-17,beans,Tirunelveli,11,0.82,26.51
2024-11-17,beans,Madurai,11,1.19,35.8
2024-11-17,beans,Nagercoil,11,1.05,33.57
2024-11-17,beans,Tuticorin,11,1.08,35.05
2024-11-17,beans,Tenkasi,11,0.86,26.75
2024-11-17,okra,Tirunelveli,11,1.14,28.62
2024-11-17,okra,Madurai,11,1.12,24.85
2024-11-17,okra,Nagercoil,11,0.93,23.54
2024-11-17,okra,Tuticorin,11,1.23,31.41
2024-11-17,okra,Tenkasi,11,0.98,24.17
2024-11-18,tomato,Tirunelveli,11,1.13,24.98
2024-11-18,tomato,Madurai,11,1.11,25.83
2024-11-18,tomato,Nagercoil,11,1.21,26.49
2024-11-18,tomato,Tuticorin,11,0.8,21.28
2024-11-18,tomato,Tenkasi,11,1.11,25.16
2024-11-18,brinjal,Tirunelveli,11,0.93,17.56
2024-11-18,brinjal,Madurai,11,0.98,16.58
2024-11-18,brinjal,Nagercoil,11,1.08,21.73
2024-11-18,brinjal,Tuticorin,11,0.92,20.18
2024-11-18,brinjal,Tenkasi,11,0.91,19.12
2024-11-18,onion,Tirunelveli,11,1.05,30.52
2024-11-18,onion,Madurai,11,0.98,30.19
2024-11-18,onion,Nagercoil,11,1.12,30.99
2024-11-18,onion,Tuticorin,11,1.07,29.17
2024-11-18,onion,Tenkasi,11,0.81,25.73
2024-11-18,carrot,Tirunelveli,11,1.18,30.71
2024-11-18,carrot,Madurai,11,0.86,20.22
2024-11-18,carrot,Nagercoil,11,1.09,27.06
2024-11-18,carrot,Tuticorin,11,1.24,35.29
2024-11-18,carrot,Tenkasi,11,0.98,25.75
2024-11-18,cabbage,Tirunelveli,11,0.99,18.05
2024-11-18,cabbage,Madurai,11,0.98,14.75
2024-11-18,cabbage,Nagercoil,11,0.9,16.4
2024-11-18,cabbage,Tuticorin,11,1.17,18.91
2024-11-18,cabbage,Tenkasi,11,0.97,17.67
2024-11-18,potato,Tirunelveli,11,1.12,27.45
2024-11-18,potato,Madurai,11,1.14,24.27
2024-11-18,potato,Nagercoil,11,1.11,25.66
2024-11-18,potato,Tuticorin,11,1.09,24.46
2024-11-18,potato,Tenkasi,11,1.17,25.24
2024-11-18,beans,Tirunelveli,11,0.94,29.48
2024-11-18,beans,Madurai,11,1.28,41.6
2024-11-18,beans,Nagercoil,11,0.85,26.36
2024-11-18,beans,Tuticorin,11,1.17,37.72
2024-11-18,beans,Tenkasi,11,1.25,41.56
2024-11-18,okra,Tirunelveli,11,0.82,17.69
2024-11-18,okra,Madurai,11,0.99,22.41
2024-11-18,okra,Nagercoil,11,1.12,25.87
2024-11-18,okra,Tuticorin,11,0.87,21.41
2024-11-18,okra,Tenkasi,11,1.16,29.1
2024-11-19,tomato,Tirunelveli,11,1.27,29.43
2024-11-19,tomato,Madurai,11,1.05,25.24
2024-11-19,tomato,Nagercoil,11,0.97,22.85
2024-11-19,tomato,Tuticorin,11,1.27,31.97
2024-11-19,tomato,Tenkasi,11,0.92,19.59
2024-11-19,brinjal,Tirunelveli,11,1.2,22.76
2024-11-19,brinjal,Madurai,11,0.85,13.88
2024-11-19,brinjal,Nagercoil,11,0.84,14.94
2024-11-19,brinjal,Tuticorin,11,1.01,19.34
2024-11-19,brinjal,Tenkasi,11,1.05,21.5
2024-11-19,onion,Tirunelveli,11,1.28,35.55
2024-11-19,onion,Madurai,11,1.06,29.95
2024-11-19,onion,Nagercoil,11,0.94,26.05
2024-11-19,onion,Tuticorin,11,0.97,27.03
2024-11-19,onion,Tenkasi,11,0.84,23.8
2024-11-19,carrot,Tirunelveli,11,1.09,30.54
2024-11-19,carrot,Madurai,11,0.94,26.26
2024-11-19,carrot,Nagercoil,11,1.25,30.57
2024-11-19,carrot,Tuticorin,11,0.92,26.77
2024-11-19,carrot,Tenkasi,11,1.24,35.3
2024-11-19,cabbage,Tirunelveli,11,0.83,11.83
2024-11-19,cabbage,Madurai,11,0.81,13.05
2024-11-19,cabbage,Nagercoil,11,0.87,14.84
2024-11-19,cabbage,Tuticorin,11,0.86,15.1
2024-11-19,cabbage,Tenkasi,11,1.09,16.68
2024-11-19,potato,Tirunelveli,11,1.02,20.33
2024-11-19,potato,Madurai,11,1.01,24.19
2024-11-19,potato,Nagercoil,11,0.96,22.48
2024-11-19,potato,Tuticorin,11,1.26,27.96
2024-11-19,potato,Tenkasi,11,1.1,23.91
2024-11-19,beans,Tirunelveli,11,0.94,31.68
2024-11-19,beans,Madurai,11,1.1,33.91
2024-11-19,beans,Nagercoil,11,0.88,29.12
2024-11-19,beans,Tuticorin,11,0.98,32.87
2024-11-19,beans,Tenkasi,11,1.14,36.84
2024-11-19,okra,Tirunelveli,11,0.88,19.77
2024-11-19,okra,Madurai,11,0.82,18.35
2024-11-19,okra,Nagercoil,11,1.12,26.21
2024-11-19,okra,Tuticorin,11,1.14,27.23
2024-11-19,okra,Tenkasi,11,1.21,25.85
2024-11-20,tomato,Tirunelveli,11,1.22,26.8
2024-11-20,tomato,Madurai,11,1.16,28.07
2024-11-20,tomato,Nagercoil,11,0.92,21.71
2024-11-20,tomato,Tuticorin,11,1.14,24.16
2024-11-20,tomato,Tenkasi,11,0.83,19.56
2024-11-20,brinjal,Tirunelveli,11,1.01,22.19
2024-11-20,brinjal,Madurai,11,1.22,25.72
2024-11-20,brinjal,Nagercoil,11,0.96,21.95
2024-11-20,brinjal,Tuticorin,11,0.9,15.81
2024-11-20,brinjal,Tenkasi,11,0.97,18.78
2024-11-20,onion,Tirunelveli,11,1.06,30.01
2024-11-20,onion,Madurai,11,0.87,23.51
2024-11-20,onion,Nagercoil,11,1.04,28.72
2024-11-20,onion,Tuticorin,11,0.98,29.73
2024-11-20,onion,Tenkasi,11,1.04,30.61
2024-11-20,carrot,Tirunelveli,11,0.81,21.72
2024-11-20,carrot,Madurai,11,1.24,32.26
2024-11-20,carrot,Nagercoil,11,1.18,31.33
2024-11-20,carrot,Tuticorin,11,1.06,28.49
2024-11-20,carrot,Tenkasi,11,1.1,27.76
2024-11-20,cabbage,Tirunelveli,11,1.09,19.51
2024-11-20,cabbage,Madurai,11,1.17,20.02
2024-11-20,cabbage,Nagercoil,11,0.91,15.66
2024-11-20,cabbage,Tuticorin,11,1.08,17.9
2024-11-20,cabbage,Tenkasi,11,1.27,21.95
2024-11-20,potato,Tirunelveli,11,0.97,23.19
2024-11-20,potato,Madurai,11,0.95,19.77
2024-11-20,potato,Nagercoil,11,1.2,29.54
2024-11-20,potato,Tuticorin,11,1.18,27.9
2024-11-20,potato,Tenkasi,11,1.05,21.68
2024-11-20,beans,Tirunelveli,11,0.96,32.48
2024-11-20,beans,Madurai,11,0.98,31.42
2024-11-20,beans,Nagercoil,11,0.94,28.78
2024-11-20,beans,Tuticorin,11,1.07,33.8
2024-11-20,beans,Tenkasi,11,0.87,27.47
2024-11-20,okra,Tirunelveli,11,1.1,27.38
2024-11-20,okra,Madurai,11,0.86,20.69
2024-11-20,okra,Nagercoil,11,1.21,29.72
2024-11-20,okra,Tuticorin,11,1.18,29.73
2024-11-20,okra,Tenkasi,11,0.85,21.26
2024-11-21,tomato,Tirunelveli,11,1.14,27.62
2024-11-21,tomato,Madurai,11,1.28,28.52
2024-11-21,tomato,Nagercoil,11,1.25,28.49
2024-11-21,tomato,Tuticorin,11,0.98,21.42
2024-11-21,tomato,Tenkasi,11,0.86,19.56
2024-11-21,brinjal,Tirunelveli,11,1.3,25.15
2024-11-21,brinjal,Madurai,11,1.08,21.25
2024-11-21,brinjal,Nagercoil,11,1.13,26.45
2024-11-21,brinjal,Tuticorin,11,1.28,25.0
2024-11-21,brinjal,Tenkasi,11,1.05,21.5
2024-11-21,onion,Tirunelveli,11,1.3,38.1
2024-11-21,onion,Madurai,11,0.85,21.13
2024-11-21,onion,Nagercoil,11,0.87,23.59
2024-11-21,onion,Tuticorin,11,0.95,27.51
2024-11-21,onion,Tenkasi,11,0.99,26.79
2024-11-21,carrot,Tirunelveli,11,1.22,33.29
2024-11-21,carrot,Madurai,11,1.3,32.25
2024-11-21,carrot,Nagercoil,11,0.87,22.06
2024-11-21,carrot,Tuticorin,11,1.18,29.89
2024-11-21,carrot,Tenkasi,11,0.9,22.39
2024-11-21,cabbage,Tirunelveli,11,0.98,15.9
2024-11-21,cabbage,Madurai,11,1.11,20.01
2024-11-21,cabbage,Nagercoil,11,1.12,18.87
2024-11-21,cabbage,Tuticorin,11,1.06,20.06
2024-11-21,cabbage,Tenkasi,11,1.12,17.09
2024-11-21,potato,Tirunelveli,11,0.97,23.4
2024-11-21,potato,Madurai,11,0.93,17.63
2024-11-21,potato,Nagercoil,11,1.07,24.85
2024-11-21,potato,Tuticorin,11,1.0,24.98
2024-11-21,potato,Tenkasi,11,0.99,24.61
2024-11-21,beans,Tirunelveli,11,1.01,31.75
2024-11-21,beans,Madurai,11,1.24,41.32
2024-11-21,beans,Nagercoil,11,1.25,42.22
2024-11-21,beans,Tuticorin,11,1.11,36.82
2024-11-21,beans,Tenkasi,11,1.06,33.69
2024-11-21,okra,Tirunelveli,11,1.11,25.46
2024-11-21,okra,Madurai,11,0.89,21.2
2024-11-21,okra,Nagercoil,11,1.22,30.7
2024-11-21,okra,Tuticorin,11,0.92,21.66
2024-11-21,okra,Tenkasi,11,0.93,22.1
2024-11-22,tomato,Tirunelveli,11,1.05,23.96
2024-11-22,tomato,Madurai,11,1.12,26.74
2024-11-22,tomato,Nagercoil,11,1.01,23.45
2024-11-22,tomato,Tuticorin,11,0.83,18.32
2024-11-22,tomato,Tenkasi,11,1.24,27.73
2024-11-22,brinjal,Tirunelveli,11,1.12,24.85
2024-11-22,brinjal,Madurai,11,0.86,18.74
2024-11-22,brinjal,Nagercoil,11,1.21,25.47
2024-11-22,brinjal,Tuticorin,11,0.94,19.41
2024-11-22,brinjal,Tenkasi,11,1.28,23.55
2024-11-22,onion,Tirunelveli,11,1.26,36.81
2024-11-22,onion,Madurai,11,1.26,34.06
2024-11-22,onion,Nagercoil,11,0.93,25.02
2024-11-22,onion,Tuticorin,11,0.97,28.1
2024-11-22,onion,Tenkasi,11,0.9,26.8
2024-11-22,carrot,Tirunelveli,11,1.06,27.6
2024-11-22,carrot,Madurai,11,0.86,22.92
2024-11-22,carrot,Nagercoil,11,1.09,25.89
2024-11-22,carrot,Tuticorin,11,1.09,28.37
2024-11-22,carrot,Tenkasi,11,1.25,32.2
2024-11-22,cabbage,Tirunelveli,11,1.06,18.25
2024-11-22,cabbage,Madurai,11,1.12,19.03
2024-11-22,cabbage,Nagercoil,11,1.14,17.49
2024-11-22,cabbage,Tuticorin,11,1.09,19.5
2024-11-22,cabbage,Tenkasi,11,1.22,21.23
2024-11-22,potato,Tirunelveli,11,1.11,24.19
2024-11-22,potato,Madurai,11,1.01,20.45
2024-11-22,potato,Nagercoil,11,1.22,29.58
2024-11-22,potato,Tuticorin,11,1.04,23.15
2024-11-22,potato,Tenkasi,11,1.13,26.5
2024-11-22,beans,Tirunelveli,11,1.3,42.72
2024-11-22,beans,Madurai,11,0.87,27.14
2024-11-22,beans,Nagercoil,11,1.22,40.44
2024-11-22,beans,Tuticorin,11,1.23,40.13
2024-11-22,beans,Tenkasi,11,0.84,27.54
2024-11-22,okra,Tirunelveli,11,1.06,23.93
2024-11-22,okra,Madurai,11,0.88,21.54
2024-11-22,okra,Nagercoil,11,0.82,18.25
2024-11-22,okra,Tuticorin,11,1.24,30.6
2024-11-22,okra,Tenkasi,11,0.81,20.35
2024-11-23,tomato,Tirunelveli,11,0.82,19.29
2024-11-23,tomato,Madurai,11,0.97,22.48
2024-11-23,tomato,Nagercoil,11,0.97,23.07
2024-11-23,tomato,Tuticorin,11,1.12,24.74
2024-11-23,tomato,Tenkasi,11,0.85,22.73
2024-11-23,brinjal,Tirunelveli,11,1.05,20.71
2024-11-23,brinjal,Madurai,11,1.14,23.99
2024-11-23,brinjal,Nagercoil,11,1.11,23.99
2024-11-23,brinjal,Tuticorin,11,1.23,24.62
2024-11-23,brinjal,Tenkasi,11,0.89,19.28
2024-11-23,onion,Tirunelveli,11,1.21,35.66
2024-11-23,onion,Madurai,11,1.0,28.42
2024-11-23,onion,Nagercoil,11,1.3,34.84
2024-11-23,onion,Tuticorin,11,0.83,21.61
2024-11-23,onion,Tenkasi,11,1.27,38.19
2024-11-23,carrot,Tirunelveli,11,1.14,28.88
2024-11-23,carrot,Madurai,11,1.24,33.12
2024-11-23,carrot,Nagercoil,11,1.16,32.79
2024-11-23,carrot,Tuticorin,11,1.18,30.15
2024-11-23,carrot,Tenkasi,11,1.05,26.17
2024-11-23,cabbage,Tirunelveli,11,1.11,18.29
2024-11-23,cabbage,Madurai,11,1.18,20.09
2024-11-23,cabbage,Nagercoil,11,1.07,18.55
2024-11-23,cabbage,Tuticorin,11,1.28,19.41
2024-11-23,cabbage,Tenkasi,11,0.86,13.37
2024-11-23,potato,Tirunelveli,11,0.96,21.34
2024-11-23,potato,Madurai,11,1.11,25.39
2024-11-23,potato,Nagercoil,11,1.03,23.99
2024-11-23,potato,Tuticorin,11,1.25,29.43
2024-11-23,potato,Tenkasi,11,1.04,21.8
2024-11-23,beans,Tirunelveli,11,1.25,40.51
2024-11-23,beans,Madurai,11,0.91,29.42
2024-11-23,beans,Nagercoil,11,1.13,38.04
2024-11-23,beans,Tuticorin,11,1.05,35.36
2024-11-23,beans,Tenkasi,11,0.81,24.79
2024-11-23,okra,Tirunelveli,11,1.23,27.75
2024-11-23,okra,Madurai,11,1.22,28.85
2024-11-23,okra,Nagercoil,11,0.91,19.95
2024-11-23,okra,Tuticorin,11,1.23,28.46
2024-11-23,okra,Tenkasi,11,1.14,29.35
2024-11-24,tomato,Tirunelveli,11,0.89,18.38
2024-11-24,tomato,Madurai,11,0.92,19.1
2024-11-24,tomato,Nagercoil,11,1.24,26.88
2024-11-24,tomato,Tuticorin,11,0.92,22.72
2024-11-24,tomato,Tenkasi,11,0.81,19.26
2024-11-24,brinjal,Tirunelveli,11,0.94,15.91
2024-11-24,brinjal,Madurai,11,1.15,20.85
2024-11-24,brinjal,Nagercoil,11,1.27,24.6
2024-11-24,brinjal,Tuticorin,11,0.93,16.5
2024-11-24,brinjal,Tenkasi,11,0.92,16.61
2024-11-24,onion,Tirunelveli,11,0.91,26.36
2024-11-24,onion,Madurai,11,1.18,32.22
2024-11-24,onion,Nagercoil,11,1.14,32.48
2024-11-24,onion,Tuticorin,11,0.93,21.3
2024-11-24,onion,Tenkasi,11,0.84,23.15
2024-11-24,carrot,Tirunelveli,11,0.83,18.34
2024-11-24,carrot,Madurai,11,0.84,20.72
2024-11-24,carrot,Nagercoil,11,1.0,23.77
2024-11-24,carrot,Tuticorin,11,0.86,21.13
2024-11-24,carrot,Tenkasi,11,0.83,20.32
2024-11-24,cabbage,Tirunelveli,11,0.96,16.33
2024-11-24,cabbage,Madurai,11,0.99,15.9
2024-11-24,cabbage,Nagercoil,11,0.96,15.55
2024-11-24,cabbage,Tuticorin,11,0.92,14.59
2024-11-24,cabbage,Tenkasi,11,1.29,19.4
2024-11-24,potato,Tirunelveli,11,0.85,19.93
2024-11-24,potato,Madurai,11,1.15,25.35
2024-11-24,potato,Nagercoil,11,1.12,23.17
2024-11-24,potato,Tuticorin,11,1.08,22.95
2024-11-24,potato,Tenkasi,11,0.8,19.69
2024-11-24,beans,Tirunelveli,11,1.17,36.5
2024-11-24,beans,Madurai,11,1.04,32.79
2024-11-24,beans,Nagercoil,11,1.2,39.83
2024-11-24,beans,Tuticorin,11,1.07,34.32
2024-11-24,beans,Tenkasi,11,1.03,33.11
2024-11-24,okra,Tirunelveli,11,1.19,28.78
2024-11-24,okra,Madurai,11,0.92,23.22
2024-11-24,okra,Nagercoil,11,1.25,27.75
2024-11-24,okra,Tuticorin,11,1.09,28.0
2024-11-24,okra,Tenkasi,11,0.93,23.33
2024-11-25,tomato,Tirunelveli,11,1.21,26.22
2024-11-25,tomato,Madurai,11,0.98,22.08
2024-11-25,tomato,Nagercoil,11,0.92,20.21
2024-11-25,tomato,Tuticorin,11,0.89,19.18
2024-11-25,tomato,Tenkasi,11,1.13,28.97
2024-11-25,brinjal,Tirunelveli,11,0.97,21.26
2024-11-25,brinjal,Madurai,11,1.18,24.41
2024-11-25,brinjal,Nagercoil,11,0.94,17.52
2024-11-25,brinjal,Tuticorin,11,1.06,23.24
2024-11-25,brinjal,Tenkasi,11,1.25,24.38
2024-11-25,onion,Tirunelveli,11,1.17,31.67
2024-11-25,onion,Madurai,11,1.26,33.76
2024-11-25,onion,Nagercoil,11,1.02,28.05
2024-11-25,onion,Tuticorin,11,1.28,36.31
2024-11-25,onion,Tenkasi,11,1.26,36.24
2024-11-25,carrot,Tirunelveli,11,1.24,31.89
2024-11-25,carrot,Madurai,11,0.89,24.86
2024-11-25,carrot,Nagercoil,11,1.09,27.69
2024-11-25,carrot,Tuticorin,11,1.22,30.59
2024-11-25,carrot,Tenkasi,11,0.96,24.82
2024-11-25,cabbage,Tirunelveli,11,0.98,17.16
2024-11-25,cabbage,Madurai,11,1.14,20.26
2024-11-25,cabbage,Nagercoil,11,0.81,13.45
2024-11-25,cabbage,Tuticorin,11,1.11,18.63
2024-11-25,cabbage,Tenkasi,11,0.83,16.81
2024-11-25,potato,Tirunelveli,11,0.83,19.83
2024-11-25,potato,Madurai,11,0.95,20.42
2024-11-25,potato,Nagercoil,11,1.22,24.99
2024-11-25,potato,Tuticorin,11,0.93,19.19
2024-11-25,potato,Tenkasi,11,1.14,24.89
2024-11-25,beans,Tirunelveli,11,0.92,27.93
2024-11-25,beans,Madurai,11,0.99,33.07
2024-11-25,beans,Nagercoil,11,1.23,38.74
2024-11-25,beans,Tuticorin,11,1.1,36.45
2024-11-25,beans,Tenkasi,11,1.11,35.97
2024-11-25,okra,Tirunelveli,11,0.93,21.05
2024-11-25,okra,Madurai,11,1.03,24.02
2024-11-25,okra,Nagercoil,11,0.86,21.4
2024-11-25,okra,Tuticorin,11,0.93,22.4
2024-11-25,okra,Tenkasi,11,0.93,21.93
2024-11-26,tomato,Tirunelveli,11,1.12,26.67
2024-11-26,tomato,Madurai,11,0.91,20.96
2024-11-26,tomato,Nagercoil,11,1.09,26.62
2024-11-26,tomato,Tuticorin,11,1.0,24.02
2024-11-26,tomato,Tenkasi,11,1.14,25.57
2024-11-26,brinjal,Tirunelveli,11,1.25,22.72
2024-11-26,brinjal,Madurai,11,1.27,24.71
2024-11-26,brinjal,Nagercoil,11,1.21,26.78
2024-11-26,brinjal,Tuticorin,11,0.81,16.99
2024-11-26,brinjal,Tenkasi,11,0.95,18.15
2024-11-26,onion,Tirunelveli,11,1.28,32.54
2024-11-26,onion,Madurai,11,1.14,29.02
2024-11-26,onion,Nagercoil,11,1.18,30.62
2024-11-26,onion,Tuticorin,11,1.19,32.74
2024-11-26,onion,Tenkasi,11,0.96,27.32
2024-11-26,carrot,Tirunelveli,11,0.85,20.23
2024-11-26,carrot,Madurai,11,1.29,33.48
2024-11-26,carrot,Nagercoil,11,0.87,22.54
2024-11-26,carrot,Tuticorin,11,0.82,21.19
2024-11-26,carrot,Tenkasi,11,0.84,21.03
2024-11-26,cabbage,Tirunelveli,11,1.06,15.8
2024-11-26,cabbage,Madurai,11,1.12,16.74
2024-11-26,cabbage,Nagercoil,11,0.88,15.35
2024-11-26,cabbage,Tuticorin,11,1.26,23.13
2024-11-26,cabbage,Tenkasi,11,0.98,16.43
2024-11-26,potato,Tirunelveli,11,1.29,29.01
2024-11-26,potato,Madurai,11,0.81,19.27
2024-11-26,potato,Nagercoil,11,0.83,19.22
2024-11-26,potato,Tuticorin,11,1.09,24.6
2024-11-26,potato,Tenkasi,11,0.83,20.51
2024-11-26,beans,Tirunelveli,11,1.15,38.36
2024-11-26,beans,Madurai,11,1.29,39.63
2024-11-26,beans,Nagercoil,11,0.86,27.27
2024-11-26,beans,Tuticorin,11,1.22,37.97
2024-11-26,beans,Tenkasi,11,1.03,34.42
2024-11-26,okra,Tirunelveli,11,0.93,19.57
2024-11-26,okra,Madurai,11,1.0,25.65
2024-11-26,okra,Nagercoil,11,1.26,29.48
2024-11-26,okra,Tuticorin,11,1.18,28.68
2024-11-26,okra,Tenkasi,11,0.86,16.4
2024-11-27,tomato,Tirunelveli,11,1.17,28.4
2024-11-27,tomato,Madurai,11,0.9,21.12
2024-11-27,tomato,Nagercoil,11,1.18,25.59
2024-11-27,tomato,Tuticorin,11,1.13,27.55
2024-11-27,tomato,Tenkasi,11,1.26,29.52
2024-11-27,brinjal,Tirunelveli,11,0.82,17.4
2024-11-27,brinjal,Madurai,11,1.24,23.22
2024-11-27,brinjal,Nagercoil,11,0.89,19.8
2024-11-27,brinjal,Tuticorin,11,0.86,16.84
2024-11-27,brinjal,Tenkasi,11,0.88,14.3
2024-11-27,onion,Tirunelveli,11,0.82,23.67
2024-11-27,onion,Madurai,11,0.84,21.84
2024-11-27,onion,Nagercoil,11,1.08,29.39
2024-11-27,onion,Tuticorin,11,1.0,27.06
2024-11-27,onion,Tenkasi,11,0.85,22.88
2024-11-27,carrot,Tirunelveli,11,0.96,23.43
2024-11-27,carrot,Madurai,11,1.17,31.27
2024-11-27,carrot,Nagercoil,11,0.95,25.73
2024-11-27,carrot,Tuticorin,11,1.21,31.08
2024-11-27,carrot,Tenkasi,11,0.82,21.05
2024-11-27,cabbage,Tirunelveli,11,1.27,21.93
2024-11-27,cabbage,Madurai,11,0.94,15.23
2024-11-27,cabbage,Nagercoil,11,1.25,22.55
2024-11-27,cabbage,Tuticorin,11,1.28,21.22
2024-11-27,cabbage,Tenkasi,11,0.96,18.48
2024-11-27,potato,Tirunelveli,11,0.95,20.19
2024-11-27,potato,Madurai,11,1.18,26.19
2024-11-27,potato,Nagercoil,11,0.86,17.93
2024-11-27,potato,Tuticorin,11,0.95,22.06
2024-11-27,potato,Tenkasi,11,0.9,19.16
2024-11-27,beans,Tirunelveli,11,1.2,38.98
2024-11-27,beans,Madurai,11,0.92,31.87
2024-11-27,beans,Nagercoil,11,0.91,29.2
2024-11-27,beans,Tuticorin,11,1.07,34.47
2024-11-27,beans,Tenkasi,11,1.28,41.69
2024-11-27,okra,Tirunelveli,11,1.28,29.07
2024-11-27,okra,Madurai,11,1.23,30.04
2024-11-27,okra,Nagercoil,11,0.95,23.45
2024-11-27,okra,Tuticorin,11,1.25,29.94
2024-11-27,okra,Tenkasi,11,0.98,24.56
2024-11-28,tomato,Tirunelveli,11,1.01,21.63
2024-11-28,tomato,Madurai,11,1.11,24.69
2024-11-28,tomato,Nagercoil,11,1.08,23.64
2024-11-28,tomato,Tuticorin,11,1.2,27.59
2024-11-28,tomato,Tenkasi,11,0.89,20.94
2024-11-28,brinjal,Tirunelveli,11,1.0,19.02
2024-11-28,brinjal,Madurai,11,0.83,18.73
2024-11-28,brinjal,Nagercoil,11,1.11,21.56
2024-11-28,brinjal,Tuticorin,11,0.98,20.72
2024-11-28,brinjal,Tenkasi,11,1.24,23.57
2024-11-28,onion,Tirunelveli,11,1.12,31.31
2024-11-28,onion,Madurai,11,1.16,34.21
2024-11-28,onion,Nagercoil,11,1.25,34.94
2024-11-28,onion,Tuticorin,11,1.02,28.39
2024-11-28,onion,Tenkasi,11,1.25,36.17
2024-11-28,carrot,Tirunelveli,11,0.82,21.7
2024-11-28,carrot,Madurai,11,1.13,28.79
2024-11-28,carrot,Nagercoil,11,1.13,29.77
2024-11-28,carrot,Tuticorin,11,1.21,30.33
2024-11-28,carrot,Tenkasi,11,1.08,25.7
2024-11-28,cabbage,Tirunelveli,11,1.06,17.23
2024-11-28,cabbage,Madurai,11,0.92,14.67
2024-11-28,cabbage,Nagercoil,11,1.17,21.74
2024-11-28,cabbage,Tuticorin,11,0.83,14.52
2024-11-28,cabbage,Tenkasi,11,1.04,18.68
2024-11-28,potato,Tirunelveli,11,1.15,24.95
2024-11-28,potato,Madurai,11,1.23,29.35
2024-11-28,potato,Nagercoil,11,1.05,23.63
2024-11-28,potato,Tuticorin,11,1.07,23.98
2024-11-28,potato,Tenkasi,11,0.94,20.21
2024-11-28,beans,Tirunelveli,11,0.81,27.53
2024-11-28,beans,Madurai,11,1.28,40.88
2024-11-28,beans,Nagercoil,11,1.27,40.01
2024-11-28,beans,Tuticorin,11,1.12,35.55
2024-11-28,beans,Tenkasi,11,1.04,34.24
2024-11-28,okra,Tirunelveli,11,1.08,25.02
2024-11-28,okra,Madurai,11,1.23,31.56
2024-11-28,okra,Nagercoil,11,1.02,27.41
2024-11-28,okra,Tuticorin,11,1.03,27.79
2024-11-28,okra,Tenkasi,11,1.02,23.42
2024-11-29,tomato,Tirunelveli,11,0.94,20.32
2024-11-29,tomato,Madurai,11,0.97,21.32
2024-11-29,tomato,Nagercoil,11,1.24,26.15
2024-11-29,tomato,Tuticorin,11,0.99,22.99
2024-11-29,tomato,Tenkasi,11,0.85,19.44
2024-11-29,brinjal,Tirunelveli,11,1.29,27.52
2024-11-29,brinjal,Madurai,11,0.97,19.06
2024-11-29,brinjal,Nagercoil,11,0.84,18.1
2024-11-29,brinjal,Tuticorin,11,0.82,14.21
2024-11-29,brinjal,Tenkasi,11,1.02,22.14
2024-11-29,onion,Tirunelveli,11,1.21,32.33
2024-11-29,onion,Madurai,11,1.22,32.31
2024-11-29,onion,Nagercoil,11,1.05,28.4
2024-11-29,onion,Tuticorin,11,1.0,29.39
2024-11-29,onion,Tenkasi,11,0.88,24.45
2024-11-29,carrot,Tirunelveli,11,1.21,31.65
2024-11-29,carrot,Madurai,11,1.01,27.99
2024-11-29,carrot,Nagercoil,11,0.89,22.75
2024-11-29,carrot,Tuticorin,11,0.91,25.12
2024-11-29,carrot,Tenkasi,11,0.99,24.55
2024-11-29,cabbage,Tirunelveli,11,0.98,17.3
2024-11-29,cabbage,Madurai,11,1.2,17.95
2024-11-29,cabbage,Nagercoil,11,0.83,13.3
2024-11-29,cabbage,Tuticorin,11,1.06,17.85
2024-11-29,cabbage,Tenkasi,11,0.93,14.97
2024-11-29,potato,Tirunelveli,11,1.26,25.19
2024-11-29,potato,Madurai,11,1.16,25.93
2024-11-29,potato,Nagercoil,11,0.8,18.6
2024-11-29,potato,Tuticorin,11,0.93,21.1
2024-11-29,potato,Tenkasi,11,1.29,29.75
2024-11-29,beans,Tirunelveli,11,0.88,27.01
2024-11-29,beans,Madurai,11,0.96,29.09
2024-11-29,beans,Nagercoil,11,0.93,33.01
2024-11-29,beans,Tuticorin,11,0.96,29.73
2024-11-29,beans,Tenkasi,11,0.84,26.66
2024-11-29,okra,Tirunelveli,11,1.08,28.65
2024-11-29,okra,Madurai,11,1.03,24.93
2024-11-29,okra,Nagercoil,11,1.26,31.78
2024-11-29,okra,Tuticorin,11,1.06,23.96
2024-11-29,okra,Tenkasi,11,1.06,23.49
2024-11-30,tomato,Tirunelveli,11,1.06,23.05
2024-11-30,tomato,Madurai,11,1.13,27.19
2024-11-30,tomato,Nagercoil,11,1.19,27.19
2024-11-30,tomato,Tuticorin,11,1.3,33.0
2024-11-30,tomato,Tenkasi,11,1.0,24.21
2024-11-30,brinjal,Tirunelveli,11,0.89,16.71
2024-11-30,brinjal,Madurai,11,0.81,15.87
2024-11-30,brinjal,Nagercoil,11,0.85,15.76
2024-11-30,brinjal,Tuticorin,11,0.9,19.42
2024-11-30,brinjal,Tenkasi,11,1.21,25.71
2024-11-30,onion,Tirunelveli,11,1.22,35.44
2024-11-30,onion,Madurai,11,1.06,29.16
2024-11-30,onion,Nagercoil,11,1.04,27.36
2024-11-30,onion,Tuticorin,11,1.19,34.2
2024-11-30,onion,Tenkasi,11,1.01,26.72
2024-11-30,carrot,Tirunelveli,11,1.21,30.32
2024-11-30,carrot,Madurai,11,0.9,23.76
2024-11-30,carrot,Nagercoil,11,1.25,33.19
2024-11-30,carrot,Tuticorin,11,1.08,29.32
2024-11-30,carrot,Tenkasi,11,1.22,33.76
2024-11-30,cabbage,Tirunelveli,11,1.22,22.93
2024-11-30,cabbage,Madurai,11,1.26,22.79
2024-11-30,cabbage,Nagercoil,11,1.26,21.84
2024-11-30,cabbage,Tuticorin,11,1.09,16.03
2024-11-30,cabbage,Tenkasi,11,0.94,16.71
2024-11-30,potato,Tirunelveli,11,1.27,27.06
2024-11-30,potato,Madurai,11,0.83,18.88
2024-11-30,potato,Nagercoil,11,1.2,25.32
2024-11-30,potato,Tuticorin,11,1.2,27.43
2024-11-30,potato,Tenkasi,11,0.91,20.68
2024-11-30,beans,Tirunelveli,11,0.85,29.38
2024-11-30,beans,Madurai,11,1.09,35.94
2024-11-30,beans,Nagercoil,11,1.28,42.47
2024-11-30,beans,Tuticorin,11,0.83,28.31
2024-11-30,beans,Tenkasi,11,0.85,26.7
2024-11-30,okra,Tirunelveli,11,0.81,20.48
2024-11-30,okra,Madurai,11,1.26,29.85
2024-11-30,okra,Nagercoil,11,1.19,29.09
2024-11-30,okra,Tuticorin,11,0.82,21.07
2024-11-30,okra,Tenkasi,11,1.18,26.24
2024-12-01,tomato,Tirunelveli,12,0.81,18.5
2024-12-01,tomato,Madurai,12,1.3,31.5
2024-12-01,tomato,Nagercoil,12,1.14,27.29
2024-12-01,tomato,Tuticorin,12,1.1,27.24
2024-12-01,tomato,Tenkasi,12,1.12,27.15
2024-12-01,brinjal,Tirunelveli,12,1.29,29.7
2024-12-01,brinjal,Madurai,12,1.02,20.96
2024-12-01,brinjal,Nagercoil,12,1.06,21.33
2024-12-01,brinjal,Tuticorin,12,1.27,28.69
2024-12-01,brinjal,Tenkasi,12,0.88,21.78
2024-12-01,onion,Tirunelveli,12,0.87,28.89
2024-12-01,onion,Madurai,12,1.18,35.29
2024-12-01,onion,Nagercoil,12,0.91,27.03
2024-12-01,onion,Tuticorin,12,1.26,36.54
2024-12-01,onion,Tenkasi,12,1.07,30.44
2024-12-01,carrot,Tirunelveli,12,0.87,22.48
2024-12-01,carrot,Madurai,12,1.04,27.11
2024-12-01,carrot,Nagercoil,12,1.14,31.97
2024-12-01,carrot,Tuticorin,12,1.18,32.83
2024-12-01,carrot,Tenkasi,12,1.08,32.17
2024-12-01,cabbage,Tirunelveli,12,1.16,20.27
2024-12-01,cabbage,Madurai,12,1.07,21.65
2024-12-01,cabbage,Nagercoil,12,1.19,23.19
2024-12-01,cabbage,Tuticorin,12,1.02,17.21
2024-12-01,cabbage,Tenkasi,12,0.99,18.1
2024-12-01,potato,Tirunelveli,12,1.19,28.35
2024-12-01,potato,Madurai,12,0.81,20.89
2024-12-01,potato,Nagercoil,12,1.11,24.37
2024-12-01,potato,Tuticorin,12,0.94,20.36
2024-12-01,potato,Tenkasi,12,0.83,19.4
2024-12-01,beans,Tirunelveli,12,1.06,37.91
2024-12-01,beans,Madurai,12,1.27,41.47
2024-12-01,beans,Nagercoil,12,0.87,33.26
2024-12-01,beans,Tuticorin,12,1.09,37.67
2024-12-01,beans,Tenkasi,12,1.05,34.62
2024-12-01,okra,Tirunelveli,12,0.99,24.12
2024-12-01,okra,Madurai,12,1.11,29.49
2024-12-01,okra,Nagercoil,12,1.09,27.37
2024-12-01,okra,Tuticorin,12,0.93,25.13
2024-12-01,okra,Tenkasi,12,0.81,21.07
2024-12-02,tomato,Tirunelveli,12,0.9,25.6
2024-12-02,tomato,Madurai,12,0.91,21.5
2024-12-02,tomato,Nagercoil,12,1.27,32.94
2024-12-02,tomato,Tuticorin,12,0.96,24.61
2024-12-02,tomato,Tenkasi,12,1.21,28.28
2024-12-02,brinjal,Tirunelveli,12,1.26,26.61
2024-12-02,brinjal,Madurai,12,0.85,18.52
2024-12-02,brinjal,Nagercoil,12,1.3,29.54
2024-12-02,brinjal,Tuticorin,12,1.07,26.12
2024-12-02,brinjal,Tenkasi,12,1.19,26.17
2024-12-02,onion,Tirunelveli,12,0.88,23.8
2024-12-02,onion,Madurai,12,0.85,22.98
2024-12-02,onion,Nagercoil,12,1.02,29.73
2024-12-02,onion,Tuticorin,12,1.02,31.89
2024-12-02,onion,Tenkasi,12,1.28,38.54
2024-12-02,carrot,Tirunelveli,12,1.17,32.17
2024-12-02,carrot,Madurai,12,1.18,34.54
2024-12-02,carrot,Nagercoil,12,0.83,24.64
2024-12-02,carrot,Tuticorin,12,1.07,29.63
2024-12-02,carrot,Tenkasi,12,0.81,22.74
2024-12-02,cabbage,Tirunelveli,12,1.21,20.72
2024-12-02,cabbage,Madurai,12,1.27,25.31
2024-12-02,cabbage,Nagercoil,12,1.18,23.75
2024-12-02,cabbage,Tuticorin,12,1.13,20.24
2024-12-02,cabbage,Tenkasi,12,1.21,20.96
2024-12-02,potato,Tirunelveli,12,0.92,22.62
2024-12-02,potato,Madurai,12,0.93,23.1
2024-12-02,potato,Nagercoil,12,1.05,25.88
2024-12-02,potato,Tuticorin,12,1.09,25.38
2024-12-02,potato,Tenkasi,12,0.83,21.19
2024-12-02,beans,Tirunelveli,12,1.04,35.57
2024-12-02,beans,Madurai,12,1.12,38.88
2024-12-02,beans,Nagercoil,12,1.22,41.35
2024-12-02,beans,Tuticorin,12,0.86,32.91
2024-12-02,beans,Tenkasi,12,1.26,42.58
2024-12-02,okra,Tirunelveli,12,1.21,30.3
2024-12-02,okra,Madurai,12,1.29,35.31
2024-12-02,okra,Nagercoil,12,0.96,27.2
2024-12-02,okra,Tuticorin,12,0.81,21.6
2024-12-02,okra,Tenkasi,12,0.88,20.83
2024-12-03,tomato,Tirunelveli,12,1.24,31.19
2024-12-03,tomato,Madurai,12,1.06,24.35
2024-12-03,tomato,Nagercoil,12,1.1,28.75
2024-12-03,tomato,Tuticorin,12,1.02,25.0
2024-12-03,tomato,Tenkasi,12,1.15,27.46
2024-12-03,brinjal,Tirunelveli,12,1.11,24.91
2024-12-03,brinjal,Madurai,12,1.08,26.08
2024-12-03,brinjal,Nagercoil,12,0.91,21.79
2024-12-03,brinjal,Tuticorin,12,0.91,18.78
2024-12-03,brinjal,Tenkasi,12,0.84,18.19
2024-12-03,onion,Tirunelveli,12,0.84,22.46
2024-12-03,onion,Madurai,12,0.95,30.45
2024-12-03,onion,Nagercoil,12,0.96,28.13
2024-12-03,onion,Tuticorin,12,0.9,25.03
2024-12-03,onion,Tenkasi,12,1.15,35.22
2024-12-03,carrot,Tirunelveli,12,1.26,36.56
2024-12-03,carrot,Madurai,12,0.87,23.53
2024-12-03,carrot,Nagercoil,12,0.92,24.75
2024-12-03,carrot,Tuticorin,12,0.96,26.12
2024-12-03,carrot,Tenkasi,12,0.99,27.85
2024-12-03,cabbage,Tirunelveli,12,0.92,16.85
2024-12-03,cabbage,Madurai,12,1.06,19.11
2024-12-03,cabbage,Nagercoil,12,1.01,20.09
2024-12-03,cabbage,Tuticorin,12,0.84,14.19
2024-12-03,cabbage,Tenkasi,12,1.28,20.44
2024-12-03,potato,Tirunelveli,12,1.29,29.74
2024-12-03,potato,Madurai,12,1.27,29.24
2024-12-03,potato,Nagercoil,12,0.99,25.66
2024-12-03,potato,Tuticorin,12,0.88,23.62
2024-12-03,potato,Tenkasi,12,0.94,22.72
2024-12-03,beans,Tirunelveli,12,1.27,45.89
2024-12-03,beans,Madurai,12,1.28,45.29
2024-12-03,beans,Nagercoil,12,1.18,44.21
2024-12-03,beans,Tuticorin,12,1.02,38.69
2024-12-03,beans,Tenkasi,12,1.29,45.47
2024-12-03,okra,Tirunelveli,12,0.9,22.62
2024-12-03,okra,Madurai,12,1.06,26.59
2024-12-03,okra,Nagercoil,12,1.0,27.09
2024-12-03,okra,Tuticorin,12,1.28,33.79
2024-12-03,okra,Tenkasi,12,0.91,25.95
2024-12-04,tomato,Tirunelveli,12,1.01,26.26
2024-12-04,tomato,Madurai,12,0.92,23.86
2024-12-04,tomato,Nagercoil,12,1.13,26.03
2024-12-04,tomato,Tuticorin,12,0.84,21.38
2024-12-04,tomato,Tenkasi,12,1.16,31.29
2024-12-04,brinjal,Tirunelveli,12,1.13,24.89
2024-12-04,brinjal,Madurai,12,1.16,23.99
2024-12-04,brinjal,Nagercoil,12,1.1,22.88
2024-12-04,brinjal,Tuticorin,12,0.9,19.95
2024-12-04,brinjal,Tenkasi,12,0.91,22.12
2024-12-04,onion,Tirunelveli,12,1.11,32.68
2024-12-04,onion,Madurai,12,1.08,29.38
2024-12-04,onion,Nagercoil,12,1.05,31.81
2024-12-04,onion,Tuticorin,12,1.29,39.06
2024-12-04,onion,Tenkasi,12,1.04,30.91
2024-12-04,carrot,Tirunelveli,12,0.92,26.7
2024-12-04,carrot,Madurai,12,0.91,23.63
2024-12-04,carrot,Nagercoil,12,1.14,31.77
2024-12-04,carrot,Tuticorin,12,0.98,26.91
2024-12-04,carrot,Tenkasi,12,1.07,27.04
2024-12-04,cabbage,Tirunelveli,12,0.87,16.66
2024-12-04,cabbage,Madurai,12,0.94,17.43
2024-12-04,cabbage,Nagercoil,12,0.89,14.99
2024-12-04,cabbage,Tuticorin,12,0.82,15.62
2024-12-04,cabbage,Tenkasi,12,1.11,18.98
2024-12-04,potato,Tirunelveli,12,1.29,30.19
2024-12-04,potato,Madurai,12,0.95,22.72
2024-12-04,potato,Nagercoil,12,0.84,22.15
2024-12-04,potato,Tuticorin,12,1.17,27.38
2024-12-04,potato,Tenkasi,12,1.18,30.8
2024-12-04,beans,Tirunelveli,12,1.16,41.61
2024-12-04,beans,Madurai,12,0.97,33.91
2024-12-04,beans,Nagercoil,12,1.11,41.33
2024-12-04,beans,Tuticorin,12,1.25,44.94
2024-12-04,beans,Tenkasi,12,0.87,31.29
2024-12-04,okra,Tirunelveli,12,1.16,29.09
2024-12-04,okra,Madurai,12,1.14,28.62
2024-12-04,okra,Nagercoil,12,1.13,28.45
2024-12-04,okra,Tuticorin,12,0.89,23.07
2024-12-04,okra,Tenkasi,12,0.99,29.01
2024-12-05,tomato,Tirunelveli,12,0.95,23.77
2024-12-05,tomato,Madurai,12,1.08,28.01
2024-12-05,tomato,Nagercoil,12,1.27,32.39
2024-12-05,tomato,Tuticorin,12,0.85,21.51
2024-12-05,tomato,Tenkasi,12,1.22,32.16
2024-12-05,brinjal,Tirunelveli,12,1.23,26.18
2024-12-05,brinjal,Madurai,12,0.94,22.94
2024-12-05,brinjal,Nagercoil,12,0.85,17.74
2024-12-05,brinjal,Tuticorin,12,1.18,26.74
2024-12-05,brinjal,Tenkasi,12,0.86,16.43
2024-12-05,onion,Tirunelveli,12,0.93,27.53
2024-12-05,onion,Madurai,12,0.8,20.19
2024-12-05,onion,Nagercoil,12,1.24,40.37
2024-12-05,onion,Tuticorin,12,0.9,23.38
2024-12-05,onion,Tenkasi,12,1.1,31.24
2024-12-05,carrot,Tirunelveli,12,0.92,25.94
2024-12-05,carrot,Madurai,12,0.83,24.37
2024-12-05,carrot,Nagercoil,12,0.96,25.21
2024-12-05,carrot,Tuticorin,12,0.97,27.52
2024-12-05,carrot,Tenkasi,12,0.97,25.62
2024-12-05,cabbage,Tirunelveli,12,1.14,21.3
2024-12-05,cabbage,Madurai,12,0.94,19.2
2024-12-05,cabbage,Nagercoil,12,1.05,19.58
2024-12-05,cabbage,Tuticorin,12,1.18,20.93
2024-12-05,cabbage,Tenkasi,12,1.05,18.91
2024-12-05,potato,Tirunelveli,12,0.96,23.91
2024-12-05,potato,Madurai,12,0.85,22.03
2024-12-05,potato,Nagercoil,12,1.23,29.81
2024-12-05,potato,Tuticorin,12,1.1,28.9
2024-12-05,potato,Tenkasi,12,1.18,26.61
2024-12-05,beans,Tirunelveli,12,1.01,38.19
2024-12-05,beans,Madurai,12,1.24,42.95
2024-12-05,beans,Nagercoil,12,1.2,42.19
2024-12-05,beans,Tuticorin,12,0.99,35.18
2024-12-05,beans,Tenkasi,12,1.09,37.24
2024-12-05,okra,Tirunelveli,12,1.17,31.25
2024-12-05,okra,Madurai,12,0.85,23.74
2024-12-05,okra,Nagercoil,12,1.19,33.3
2024-12-05,okra,Tuticorin,12,1.08,28.18
2024-12-05,okra,Tenkasi,12,0.99,25.33
2024-12-06,tomato,Tirunelveli,12,0.96,24.01
2024-12-06,tomato,Madurai,12,1.16,28.92
2024-12-06,tomato,Nagercoil,12,1.06,27.71
2024-12-06,tomato,Tuticorin,12,1.13,29.42
2024-12-06,tomato,Tenkasi,12,1.3,35.21
2024-12-06,brinjal,Tirunelveli,12,1.2,25.84
2024-12-06,brinjal,Madurai,12,0.99,22.47
2024-12-06,brinjal,Nagercoil,12,0.82,17.89
2024-12-06,brinjal,Tuticorin,12,0.97,21.14
2024-12-06,brinjal,Tenkasi,12,1.25,27.49
2024-12-06,onion,Tirunelveli,12,0.94,29.41
2024-12-06,onion,Madurai,12,0.94,27.32
2024-12-06,onion,Nagercoil,12,1.13,34.62
2024-12-06,onion,Tuticorin,12,1.19,36.56
2024-12-06,onion,Tenkasi,12,0.84,24.98
2024-12-06,carrot,Tirunelveli,12,0.82,22.14
2024-12-06,carrot,Madurai,12,1.05,31.12
2024-12-06,carrot,Nagercoil,12,0.95,23.43
2024-12-06,carrot,Tuticorin,12,1.04,27.6
2024-12-06,carrot,Tenkasi,12,1.12,30.63
2024-12-06,cabbage,Tirunelveli,12,1.14,20.57
2024-12-06,cabbage,Madurai,12,1.15,20.84
2024-12-06,cabbage,Nagercoil,12,1.14,19.73
2024-12-06,cabbage,Tuticorin,12,0.98,18.61
2024-12-06,cabbage,Tenkasi,12,0.87,16.6
2024-12-06,potato,Tirunelveli,12,0.93,21.36
2024-12-06,potato,Madurai,12,1.02,25.26
2024-12-06,potato,Nagercoil,12,1.16,26.62
2024-12-06,potato,Tuticorin,12,0.98,22.51
2024-12-06,potato,Tenkasi,12,1.15,28.63
2024-12-06,beans,Tirunelveli,12,1.16,40.4
2024-12-06,beans,Madurai,12,0.86,29.51
2024-12-06,beans,Nagercoil,12,0.88,29.6
2024-12-06,beans,Tuticorin,12,1.25,41.17
2024-12-06,beans,Tenkasi,12,0.9,32.58
2024-12-06,okra,Tirunelveli,12,1.02,27.51
2024-12-06,okra,Madurai,12,1.06,27.17
2024-12-06,okra,Nagercoil,12,0.82,22.29
2024-12-06,okra,Tuticorin,12,1.18,32.65
2024-12-06,okra,Tenkasi,12,0.84,22.23
2024-12-07,tomato,Tirunelveli,12,1.11,28.33
2024-12-07,tomato,Madurai,12,0.85,21.02
2024-12-07,tomato,Nagercoil,12,1.22,29.44
2024-12-07,tomato,Tuticorin,12,1.11,26.1
2024-12-07,tomato,Tenkasi,12,0.87,19.56
2024-12-07,brinjal,Tirunelveli,12,1.23,26.57
2024-12-07,brinjal,Madurai,12,0.82,20.06
2024-12-07,brinjal,Nagercoil,12,1.26,25.49
2024-12-07,brinjal,Tuticorin,12,1.23,27.82
2024-12-07,brinjal,Tenkasi,12,1.25,28.35
2024-12-07,onion,Tirunelveli,12,0.96,28.39
2024-12-07,onion,Madurai,12,1.12,34.7
2024-12-07,onion,Nagercoil,12,1.01,32.52
2024-12-07,onion,Tuticorin,12,0.98,25.99
2024-12-07,onion,Tenkasi,12,1.2,38.04
2024-12-07,carrot,Tirunelveli,12,0.92,27.15
2024-12-07,carrot,Madurai,12,1.28,34.34
2024-12-07,carrot,Nagercoil,12,1.18,33.77
2024-12-07,carrot,Tuticorin,12,0.89,24.9
2024-12-07,carrot,Tenkasi,12,1.08,29.06
2024-12-07,cabbage,Tirunelveli,12,0.89,16.8
2024-12-07,cabbage,Madurai,12,0.94,16.73
2024-12-07,cabbage,Nagercoil,12,0.88,14.16
2024-12-07,cabbage,Tuticorin,12,1.08,20.46
2024-12-07,cabbage,Tenkasi,12,0.99,17.76
2024-12-07,potato,Tirunelveli,12,1.09,26.99
2024-12-07,potato,Madurai,12,1.27,29.95
2024-12-07,potato,Nagercoil,12,1.1,28.0
2024-12-07,potato,Tuticorin,12,0.99,22.02
2024-12-07,potato,Tenkasi,12,1.09,25.58
2024-12-07,beans,Tirunelveli,12,1.07,37.84
2024-12-07,beans,Madurai,12,1.29,43.0
2024-12-07,beans,Nagercoil,12,1.16,41.78
2024-12-07,beans,Tuticorin,12,1.09,38.01
2024-12-07,beans,Tenkasi,12,0.87,28.4
2024-12-07,okra,Tirunelveli,12,1.18,31.07
2024-12-07,okra,Madurai,12,1.28,31.99
2024-12-07,okra,Nagercoil,12,1.01,23.33
2024-12-07,okra,Tuticorin,12,0.94,25.26
2024-12-07,okra,Tenkasi,12,0.83,23.51
2024-12-08,tomato,Tirunelveli,12,1.22,32.63
2024-12-08,tomato,Madurai,12,0.84,18.7
2024-12-08,tomato,Nagercoil,12,0.97,24.15
2024-12-08,tomato,Tuticorin,12,1.25,33.42
2024-12-08,tomato,Tenkasi,12,1.09,30.51
2024-12-08,brinjal,Tirunelveli,12,1.22,24.44
2024-12-08,brinjal,Madurai,12,0.91,20.44
2024-12-08,brinjal,Nagercoil,12,1.16,27.15
2024-12-08,brinjal,Tuticorin,12,0.84,17.34
2024-12-08,brinjal,Tenkasi,12,1.2,28.05
2024-12-08,onion,Tirunelveli,12,1.05,33.75
2024-12-08,onion,Madurai,12,1.11,31.25
2024-12-08,onion,Nagercoil,12,1.14,34.08
2024-12-08,onion,Tuticorin,12,1.28,39.67
2024-12-08,onion,Tenkasi,12,0.91,26.44
2024-12-08,carrot,Tirunelveli,12,1.25,37.14
2024-12-08,carrot,Madurai,12,1.07,29.09
2024-12-08,carrot,Nagercoil,12,1.12,31.67
2024-12-08,carrot,Tuticorin,12,1.24,35.55
2024-12-08,carrot,Tenkasi,12,0.81,21.62
2024-12-08,cabbage,Tirunelveli,12,1.26,23.19
2024-12-08,cabbage,Madurai,12,0.81,13.54
2024-12-08,cabbage,Nagercoil,12,1.04,18.44
2024-12-08,cabbage,Tuticorin,12,0.81,11.94
2024-12-08,cabbage,Tenkasi,12,0.83,14.9
2024-12-08,potato,Tirunelveli,12,1.08,25.76
2024-12-08,potato,Madurai,12,0.92,23.24
2024-12-08,potato,Nagercoil,12,0.94,23.0
2024-12-08,potato,Tuticorin,12,1.22,28.86
2024-12-08,potato,Tenkasi,12,0.99,23.81
2024-12-08,beans,Tirunelveli,12,1.05,35.5
2024-12-08,beans,Madurai,12,1.29,46.7
2024-12-08,beans,Nagercoil,12,1.14,38.81
2024-12-08,beans,Tuticorin,12,0.89,30.8
2024-12-08,beans,Tenkasi,12,1.04,38.9
2024-12-08,okra,Tirunelveli,12,1.16,30.19
2024-12-08,okra,Madurai,12,0.9,22.97
2024-12-08,okra,Nagercoil,12,1.0,26.07
2024-12-08,okra,Tuticorin,12,1.18,32.45
2024-12-08,okra,Tenkasi,12,1.29,32.98
2024-12-09,tomato,Tirunelveli,12,1.1,27.07
2024-12-09,tomato,Madurai,12,0.8,18.59
2024-12-09,tomato,Nagercoil,12,1.1,28.21
2024-12-09,tomato,Tuticorin,12,1.19,31.51
2024-12-09,tomato,Tenkasi,12,1.2,29.31
2024-12-09,brinjal,Tirunelveli,12,1.24,28.22
2024-12-09,brinjal,Madurai,12,1.13,24.94
2024-12-09,brinjal,Nagercoil,12,1.22,27.77
2024-12-09,brinjal,Tuticorin,12,0.93,18.59
2024-12-09,brinjal,Tenkasi,12,1.06,22.82
2024-12-09,onion,Tirunelveli,12,1.05,32.42
2024-12-09,onion,Madurai,12,0.86,24.14
2024-12-09,onion,Nagercoil,12,0.83,22.87
2024-12-09,onion,Tuticorin,12,0.96,26.18
2024-12-09,onion,Tenkasi,12,0.93,26.41
2024-12-09,carrot,Tirunelveli,12,1.0,27.35
2024-12-09,carrot,Madurai,12,1.25,36.13
2024-12-09,carrot,Nagercoil,12,0.87,22.79
2024-12-09,carrot,Tuticorin,12,0.98,28.02
2024-12-09,carrot,Tenkasi,12,1.01,28.12
2024-12-09,cabbage,Tirunelveli,12,1.15,19.05
2024-12-09,cabbage,Madurai,12,1.27,23.3
2024-12-09,cabbage,Nagercoil,12,0.97,17.42
2024-12-09,cabbage,Tuticorin,12,0.97,17.21
2024-12-09,cabbage,Tenkasi,12,0.85,12.94
2024-12-09,potato,Tirunelveli,12,1.11,28.55
2024-12-09,potato,Madurai,12,0.8,21.19
2024-12-09,potato,Nagercoil,12,0.89,22.67
2024-12-09,potato,Tuticorin,12,0.86,19.85
2024-12-09,potato,Tenkasi,12,0.88,20.28
2024-12-09,beans,Tirunelveli,12,1.14,41.5
2024-12-09,beans,Madurai,12,0.82,25.26
2024-12-09,beans,Nagercoil,12,1.23,42.39
2024-12-09,beans,Tuticorin,12,0.84,27.66
2024-12-09,beans,Tenkasi,12,0.87,32.26
2024-12-09,okra,Tirunelveli,12,1.14,31.21
2024-12-09,okra,Madurai,12,1.08,27.99
2024-12-09,okra,Nagercoil,12,1.02,27.59
2024-12-09,okra,Tuticorin,12,0.92,24.18
2024-12-09,okra,Tenkasi,12,0.96,23.52
2024-12-10,tomato,Tirunelveli,12,1.06,27.3
2024-12-10,tomato,Madurai,12,1.3,31.84
2024-12-10,tomato,Nagercoil,12,0.96,22.85
2024-12-10,tomato,Tuticorin,12,1.11,28.92
2024-12-10,tomato,Tenkasi,12,1.15,27.59
2024-12-10,brinjal,Tirunelveli,12,1.22,27.94
2024-12-10,brinjal,Madurai,12,1.01,22.56
2024-12-10,brinjal,Nagercoil,12,1.23,24.89
2024-12-10,brinjal,Tuticorin,12,1.28,27.87
2024-12-10,brinjal,Tenkasi,12,0.97,20.09
2024-12-10,onion,Tirunelveli,12,0.86,26.12
2024-12-10,onion,Madurai,12,1.2,37.31
2024-12-10,onion,Nagercoil,12,0.99,27.02
2024-12-10,onion,Tuticorin,12,1.02,29.32
2024-12-10,onion,Tenkasi,12,1.11,35.03
2024-12-10,carrot,Tirunelveli,12,1.25,34.96
2024-12-10,carrot,Madurai,12,1.03,30.17
2024-12-10,carrot,Nagercoil,12,1.17,34.84
2024-12-10,carrot,Tuticorin,12,0.84,23.09
2024-12-10,carrot,Tenkasi,12,0.88,22.94
2024-12-10,cabbage,Tirunelveli,12,1.23,19.28
2024-12-10,cabbage,Madurai,12,0.83,16.69
2024-12-10,cabbage,Nagercoil,12,1.1,20.22
2024-12-10,cabbage,Tuticorin,12,1.2,20.84
2024-12-10,cabbage,Tenkasi,12,1.07,19.89
2024-12-10,potato,Tirunelveli,12,0.95,22.16
2024-12-10,potato,Madurai,12,0.91,23.09
2024-12-10,potato,Nagercoil,12,0.95,22.68
2024-12-10,potato,Tuticorin,12,1.25,28.67
2024-12-10,potato,Tenkasi,12,0.96,23.9
2024-12-10,beans,Tirunelveli,12,0.87,28.55
2024-12-10,beans,Madurai,12,1.17,39.48
2024-12-10,beans,Nagercoil,12,1.15,41.92
2024-12-10,beans,Tuticorin,12,1.24,45.09
2024-12-10,beans,Tenkasi,12,0.95,34.76
2024-12-10,okra,Tirunelveli,12,0.91,22.46
2024-12-10,okra,Madurai,12,1.26,29.85
2024-12-10,okra,Nagercoil,12,1.19,31.38
2024-12-10,okra,Tuticorin,12,0.96,23.72
2024-12-10,okra,Tenkasi,12,0.93,24.72
2024-12-11,tomato,Tirunelveli,12,1.06,25.96
2024-12-11,tomato,Madurai,12,0.85,21.84
2024-12-11,tomato,Nagercoil,12,0.84,22.47
2024-12-11,tomato,Tuticorin,12,0.82,20.56
2024-12-11,tomato,Tenkasi,12,0.91,24.01
2024-12-11,brinjal,Tirunelveli,12,1.2,27.29
2024-12-11,brinjal,Madurai,12,1.19,25.82
2024-12-11,brinjal,Nagercoil,12,1.29,26.95
2024-12-11,brinjal,Tuticorin,12,1.29,30.83
2024-12-11,brinjal,Tenkasi,12,1.28,29.22
2024-12-11,onion,Tirunelveli,12,1.02,31.35
2024-12-11,onion,Madurai,12,1.28,37.12
2024-12-11,onion,Nagercoil,12,1.15,33.95
2024-12-11,onion,Tuticorin,12,0.85,27.44
2024-12-11,onion,Tenkasi,12,0.88,26.53
2024-12-11,carrot,Tirunelveli,12,0.81,23.13
2024-12-11,carrot,Madurai,12,1.28,37.66
2024-12-11,carrot,Nagercoil,12,1.07,30.07
2024-12-11,carrot,Tuticorin,12,0.85,22.99
2024-12-11,carrot,Tenkasi,12,0.99,25.53
2024-12-11,cabbage,Tirunelveli,12,1.25,18.01
2024-12-11,cabbage,Madurai,12,1.21,22.14
2024-12-11,cabbage,Nagercoil,12,0.82,15.24
2024-12-11,cabbage,Tuticorin,12,1.24,25.21
2024-12-11,cabbage,Tenkasi,12,1.05,19.86
2024-12-11,potato,Tirunelveli,12,0.95,21.85
2024-12-11,potato,Madurai,12,1.27,29.4
2024-12-11,potato,Nagercoil,12,1.05,24.35
2024-12-11,potato,Tuticorin,12,0.83,19.8
2024-12-11,potato,Tenkasi,12,0.91,20.96
2024-12-11,beans,Tirunelveli,12,0.8,27.85
2024-12-11,beans,Madurai,12,1.0,32.09
2024-12-11,beans,Nagercoil,12,0.87,32.88
2024-12-11,beans,Tuticorin,12,1.14,40.77
2024-12-11,beans,Tenkasi,12,1.0,34.89
2024-12-11,okra,Tirunelveli,12,1.25,30.67
2024-12-11,okra,Madurai,12,1.03,25.19
2024-12-11,okra,Nagercoil,12,1.25,30.88
2024-12-11,okra,Tuticorin,12,0.89,25.82
2024-12-11,okra,Tenkasi,12,1.0,26.4
2024-12-12,tomato,Tirunelveli,12,0.82,20.93
2024-12-12,tomato,Madurai,12,1.06,26.25
2024-12-12,tomato,Nagercoil,12,1.21,31.19
2024-12-12,tomato,Tuticorin,12,1.25,31.49
2024-12-12,tomato,Tenkasi,12,1.04,27.41
2024-12-12,brinjal,Tirunelveli,12,1.14,22.57
2024-12-12,brinjal,Madurai,12,1.05,22.41
2024-12-12,brinjal,Nagercoil,12,0.97,21.96
2024-12-12,brinjal,Tuticorin,12,1.14,24.59
2024-12-12,brinjal,Tenkasi,12,1.28,25.84
2024-12-12,onion,Tirunelveli,12,1.11,34.35
2024-12-12,onion,Madurai,12,0.87,28.49
2024-12-12,onion,Nagercoil,12,1.06,30.47
2024-12-12,onion,Tuticorin,12,1.11,32.21
2024-12-12,onion,Tenkasi,12,1.06,31.56
2024-12-12,carrot,Tirunelveli,12,0.87,26.51
2024-12-12,carrot,Madurai,12,1.03,27.69
2024-12-12,carrot,Nagercoil,12,1.28,34.71
2024-12-12,carrot,Tuticorin,12,0.98,26.48
2024-12-12,carrot,Tenkasi,12,1.0,29.31
2024-12-12,cabbage,Tirunelveli,12,1.23,23.54
2024-12-12,cabbage,Madurai,12,1.07,16.3
2024-12-12,cabbage,Nagercoil,12,1.0,17.38
2024-12-12,cabbage,Tuticorin,12,0.81,17.9
2024-12-12,cabbage,Tenkasi,12,1.21,21.59
2024-12-12,potato,Tirunelveli,12,1.09,24.66
2024-12-12,potato,Madurai,12,1.15,29.99
2024-12-12,potato,Nagercoil,12,0.87,19.9
2024-12-12,potato,Tuticorin,12,1.13,24.42
2024-12-12,potato,Tenkasi,12,0.88,22.27
2024-12-12,beans,Tirunelveli,12,0.97,31.97
2024-12-12,beans,Madurai,12,1.28,44.94
2024-12-12,beans,Nagercoil,12,1.25,43.8
2024-12-12,beans,Tuticorin,12,1.19,41.09
2024-12-12,beans,Tenkasi,12,0.92,28.57
2024-12-12,okra,Tirunelveli,12,0.9,24.3
2024-12-12,okra,Madurai,12,1.11,25.89
2024-12-12,okra,Nagercoil,12,1.24,33.08
2024-12-12,okra,Tuticorin,12,1.23,30.28
2024-12-12,okra,Tenkasi,12,1.07,30.06
2024-12-13,tomato,Tirunelveli,12,1.13,28.01
2024-12-13,tomato,Madurai,12,1.03,25.43
2024-12-13,tomato,Nagercoil,12,0.93,22.64
2024-12-13,tomato,Tuticorin,12,1.13,27.2
2024-12-13,tomato,Tenkasi,12,1.28,33.11
2024-12-13,brinjal,Tirunelveli,12,1.05,22.5
2024-12-13,brinjal,Madurai,12,1.28,29.02
2024-12-13,brinjal,Nagercoil,12,1.03,22.53
2024-12-13,brinjal,Tuticorin,12,1.07,24.37
2024-12-13,brinjal,Tenkasi,12,1.11,25.7
2024-12-13,onion,Tirunelveli,12,1.01,30.29
2024-12-13,onion,Madurai,12,1.23,36.8
2024-12-13,onion,Nagercoil,12,1.13,34.0
2024-12-13,onion,Tuticorin,12,1.18,35.42
2024-12-13,onion,Tenkasi,12,1.16,35.26
2024-12-13,carrot,Tirunelveli,12,1.15,30.01
2024-12-13,carrot,Madurai,12,0.95,26.23
2024-12-13,carrot,Nagercoil,12,1.19,32.3
2024-12-13,carrot,Tuticorin,12,1.24,34.36
2024-12-13,carrot,Tenkasi,12,0.99,28.73
2024-12-13,cabbage,Tirunelveli,12,1.0,20.31
2024-12-13,cabbage,Madurai,12,0.98,15.94
2024-12-13,cabbage,Nagercoil,12,0.81,12.37
2024-12-13,cabbage,Tuticorin,12,0.81,14.17
2024-12-13,cabbage,Tenkasi,12,1.04,18.29
2024-12-13,potato,Tirunelveli,12,0.94,20.4
2024-12-13,potato,Madurai,12,1.1,26.48
2024-12-13,potato,Nagercoil,12,1.12,27.31
2024-12-13,potato,Tuticorin,12,1.26,28.6
2024-12-13,potato,Tenkasi,12,0.94,21.98
2024-12-13,beans,Tirunelveli,12,1.0,35.7
2024-12-13,beans,Madurai,12,0.9,30.42
2024-12-13,beans,Nagercoil,12,1.25,42.0
2024-12-13,beans,Tuticorin,12,1.26,42.25
2024-12-13,beans,Tenkasi,12,0.81,27.73
2024-12-13,okra,Tirunelveli,12,1.15,27.94
2024-12-13,okra,Madurai,12,1.12,30.39
2024-12-13,okra,Nagercoil,12,0.86,22.9
2024-12-13,okra,Tuticorin,12,1.06,28.83
2024-12-13,okra,Tenkasi,12,1.02,28.68
2024-12-14,tomato,Tirunelveli,12,0.81,19.0
2024-12-14,tomato,Madurai,12,1.01,24.83
2024-12-14,tomato,Nagercoil,12,0.89,22.88
2024-12-14,tomato,Tuticorin,12,0.99,25.36
2024-12-14,tomato,Tenkasi,12,1.06,26.46
2024-12-14,brinjal,Tirunelveli,12,1.3,29.47
2024-12-14,brinjal,Madurai,12,0.87,19.15
2024-12-14,brinjal,Nagercoil,12,0.81,19.55
2024-12-14,brinjal,Tuticorin,12,1.29,28.14
2024-12-14,brinjal,Tenkasi,12,1.28,28.69
2024-12-14,onion,Tirunelveli,12,0.87,24.61
2024-12-14,onion,Madurai,12,0.92,28.58
2024-12-14,onion,Nagercoil,12,1.19,33.55
2024-12-14,onion,Tuticorin,12,1.14,33.57
2024-12-14,onion,Tenkasi,12,0.9,26.18
2024-12-14,carrot,Tirunelveli,12,1.0,28.98
2024-12-14,carrot,Madurai,12,0.95,25.43
2024-12-14,carrot,Nagercoil,12,1.04,29.51
2024-12-14,carrot,Tuticorin,12,0.97,26.54
2024-12-14,carrot,Tenkasi,12,0.84,24.18
2024-12-14,cabbage,Tirunelveli,12,0.9,16.3
2024-12-14,cabbage,Madurai,12,1.29,21.86
2024-12-14,cabbage,Nagercoil,12,0.82,11.32
2024-12-14,cabbage,Tuticorin,12,0.97,16.3
2024-12-14,cabbage,Tenkasi,12,0.97,16.28
2024-12-14,potato,Tirunelveli,12,0.99,25.03
2024-12-14,potato,Madurai,12,1.01,23.37
2024-12-14,potato,Nagercoil,12,0.86,20.15
2024-12-14,potato,Tuticorin,12,0.95,22.41
2024-12-14,potato,Tenkasi,12,1.17,28.43
2024-12-14,beans,Tirunelveli,12,0.94,32.78
2024-12-14,beans,Madurai,12,0.89,32.47
2024-12-14,beans,Nagercoil,12,1.29,45.65
2024-12-14,beans,Tuticorin,12,1.08,36.07
2024-12-14,beans,Tenkasi,12,0.99,33.16
2024-12-14,okra,Tirunelveli,12,1.18,30.61
2024-12-14,okra,Madurai,12,0.99,25.64
2024-12-14,okra,Nagercoil,12,1.26,30.76
2024-12-14,okra,Tuticorin,12,0.89,22.63
2024-12-14,okra,Tenkasi,12,0.87,24.27
2024-12-15,tomato,Tirunelveli,12,1.22,29.3
2024-12-15,tomato,Madurai,12,1.21,27.83
2024-12-15,tomato,Nagercoil,12,0.81,21.23
2024-12-15,tomato,Tuticorin,12,1.0,23.6
2024-12-15,tomato,Tenkasi,12,0.97,24.46
2024-12-15,brinjal,Tirunelveli,12,0.88,19.88
2024-12-15,brinjal,Madurai,12,1.11,25.58
2024-12-15,brinjal,Nagercoil,12,0.89,20.52
2024-12-15,brinjal,Tuticorin,12,1.11,23.53
2024-12-15,brinjal,Tenkasi,12,0.89,20.08
2024-12-15,onion,Tirunelveli,12,1.13,36.53
2024-12-15,onion,Madurai,12,0.94,27.96
2024-12-15,onion,Nagercoil,12,1.13,34.13
2024-12-15,onion,Tuticorin,12,1.28,36.42
2024-12-15,onion,Tenkasi,12,1.11,34.16
2024-12-15,carrot,Tirunelveli,12,1.07,28.7
2024-12-15,carrot,Madurai,12,0.95,25.88
2024-12-15,carrot,Nagercoil,12,1.23,33.77
2024-12-15,carrot,Tuticorin,12,1.24,33.19
2024-12-15,carrot,Tenkasi,12,1.24,34.65
2024-12-15,cabbage,Tirunelveli,12,1.04,15.71
2024-12-15,cabbage,Madurai,12,0.98,15.66
2024-12-15,cabbage,Nagercoil,12,1.06,18.0
2024-12-15,cabbage,Tuticorin,12,1.25,25.99
2024-12-15,cabbage,Tenkasi,12,0.96,14.69
2024-12-15,potato,Tirunelveli,12,1.18,29.25
2024-12-15,potato,Madurai,12,0.85,21.22
2024-12-15,potato,Nagercoil,12,0.89,20.58
2024-12-15,potato,Tuticorin,12,1.11,26.74
2024-12-15,potato,Tenkasi,12,0.89,22.18
2024-12-15,beans,Tirunelveli,12,0.96,32.88
2024-12-15,beans,Madurai,12,1.16,42.25
2024-12-15,beans,Nagercoil,12,1.19,43.87
2024-12-15,beans,Tuticorin,12,0.96,33.56
2024-12-15,beans,Tenkasi,12,1.06,35.67
2024-12-15,okra,Tirunelveli,12,0.94,25.12
2024-12-15,okra,Madurai,12,1.13,29.14
2024-12-15,okra,Nagercoil,12,1.2,34.38
2024-12-15,okra,Tuticorin,12,1.04,27.59
2024-12-15,okra,Tenkasi,12,0.96,25.73
2024-12-16,tomato,Tirunelveli,12,1.0,26.02
2024-12-16,tomato,Madurai,12,0.89,22.69
2024-12-16,tomato,Nagercoil,12,1.06,25.9
2024-12-16,tomato,Tuticorin,12,1.14,27.65
2024-12-16,tomato,Tenkasi,12,0.84,22.03
2024-12-16,brinjal,Tirunelveli,12,1.28,28.69
2024-12-16,brinjal,Madurai,12,0.91,20.27
2024-12-16,brinjal,Nagercoil,12,0.85,18.78
2024-12-16,brinjal,Tuticorin,12,1.01,22.22
2024-12-16,brinjal,Tenkasi,12,0.85,19.82
2024-12-16,onion,Tirunelveli,12,1.02,28.95
2024-12-16,onion,Madurai,12,1.07,30.69
2024-12-16,onion,Nagercoil,12,1.04,29.94
2024-12-16,onion,Tuticorin,12,1.2,35.98
2024-12-16,onion,Tenkasi,12,1.04,31.87
2024-12-16,carrot,Tirunelveli,12,0.96,27.48
2024-12-16,carrot,Madurai,12,0.8,22.72
2024-12-16,carrot,Nagercoil,12,0.85,24.31
2024-12-16,carrot,Tuticorin,12,1.15,30.85
2024-12-16,carrot,Tenkasi,12,1.28,35.99
2024-12-16,cabbage,Tirunelveli,12,1.25,21.64
2024-12-16,cabbage,Madurai,12,0.96,17.6
2024-12-16,cabbage,Nagercoil,12,0.99,15.83
2024-12-16,cabbage,Tuticorin,12,1.09,19.49
2024-12-16,cabbage,Tenkasi,12,1.02,21.25
2024-12-16,potato,Tirunelveli,12,0.87,22.18
2024-12-16,potato,Madurai,12,0.91,22.32
2024-12-16,potato,Nagercoil,12,0.89,22.37
2024-12-16,potato,Tuticorin,12,1.09,25.76
2024-12-16,potato,Tenkasi,12,0.89,22.23
2024-12-16,beans,Tirunelveli,12,1.27,40.94
2024-12-16,beans,Madurai,12,0.93,31.02
2024-12-16,beans,Nagercoil,12,1.25,43.14
2024-12-16,beans,Tuticorin,12,0.82,30.2
2024-12-16,beans,Tenkasi,12,1.02,35.35
2024-12-16,okra,Tirunelveli,12,1.0,25.5
2024-12-16,okra,Madurai,12,0.85,20.38
2024-12-16,okra,Nagercoil,12,1.14,29.25
2024-12-16,okra,Tuticorin,12,0.84,24.1
2024-12-16,okra,Tenkasi,12,1.28,33.54
2024-12-17,tomato,Tirunelveli,12,1.15,27.44
2024-12-17,tomato,Madurai,12,1.02,26.64
2024-12-17,tomato,Nagercoil,12,1.29,32.74
2024-12-17,tomato,Tuticorin,12,1.23,31.25
2024-12-17,tomato,Tenkasi,12,1.11,26.61
2024-12-17,brinjal,Tirunelveli,12,1.3,30.55
2024-12-17,brinjal,Madurai,12,0.94,18.27
2024-12-17,brinjal,Nagercoil,12,0.86,19.83
2024-12-17,brinjal,Tuticorin,12,1.08,25.39
2024-12-17,brinjal,Tenkasi,12,1.08,21.03
2024-12-17,onion,Tirunelveli,12,1.07,31.89
2024-12-17,onion,Madurai,12,1.21,34.64
2024-12-17,onion,Nagercoil,12,0.96,28.24
2024-12-17,onion,Tuticorin,12,1.23,32.54
2024-12-17,onion,Tenkasi,12,1.13,34.61
2024-12-17,carrot,Tirunelveli,12,1.03,29.93
2024-12-17,carrot,Madurai,12,1.18,35.58
2024-12-17,carrot,Nagercoil,12,1.24,34.49
2024-12-17,carrot,Tuticorin,12,1.25,36.56
2024-12-17,carrot,Tenkasi,12,0.85,23.61
2024-12-17,cabbage,Tirunelveli,12,0.85,18.37
2024-12-17,cabbage,Madurai,12,0.88,16.75
2024-12-17,cabbage,Nagercoil,12,1.04,18.96
2024-12-17,cabbage,Tuticorin,12,1.23,20.87
2024-12-17,cabbage,Tenkasi,12,1.17,22.6
2024-12-17,potato,Tirunelveli,12,1.13,28.04
2024-12-17,potato,Madurai,12,1.29,31.19
2024-12-17,potato,Nagercoil,12,0.98,25.59
2024-12-17,potato,Tuticorin,12,1.14,30.03
2024-12-17,potato,Tenkasi,12,0.97,25.16
2024-12-17,beans,Tirunelveli,12,1.01,37.31
2024-12-17,beans,Madurai,12,1.18,41.66
2024-12-17,beans,Nagercoil,12,0.86,31.86
2024-12-17,beans,Tuticorin,12,1.15,37.31
2024-12-17,beans,Tenkasi,12,1.28,46.92
2024-12-17,okra,Tirunelveli,12,0.95,26.05
2024-12-17,okra,Madurai,12,1.23,32.9
2024-12-17,okra,Nagercoil,12,1.28,32.44
2024-12-17,okra,Tuticorin,12,1.01,26.32
2024-12-17,okra,Tenkasi,12,1.01,26.68
2024-12-18,tomato,Tirunelveli,12,1.2,28.48
2024-12-18,tomato,Madurai,12,1.13,26.85
2024-12-18,tomato,Nagercoil,12,1.0,25.86
2024-12-18,tomato,Tuticorin,12,1.01,26.75
2024-12-18,tomato,Tenkasi,12,1.25,33.65
2024-12-18,brinjal,Tirunelveli,12,1.25,26.56
2024-12-18,brinjal,Madurai,12,1.22,29.87
2024-12-18,brinjal,Nagercoil,12,1.01,22.34
2024-12-18,brinjal,Tuticorin,12,1.12,24.07
2024-12-18,brinjal,Tenkasi,12,0.9,17.5
2024-12-18,onion,Tirunelveli,12,0.82,26.14
2024-12-18,onion,Madurai,12,0.81,24.76
2024-12-18,onion,Nagercoil,12,0.9,29.97
2024-12-18,onion,Tuticorin,12,0.89,25.84
2024-12-18,onion,Tenkasi,12,0.83,26.86
2024-12-18,carrot,Tirunelveli,12,0.82,23.01
2024-12-18,carrot,Madurai,12,0.97,26.02
2024-12-18,carrot,Nagercoil,12,0.92,26.26
2024-12-18,carrot,Tuticorin,12,1.07,26.13
2024-12-18,carrot,Tenkasi,12,1.25,34.49
2024-12-18,cabbage,Tirunelveli,12,0.84,16.79
2024-12-18,cabbage,Madurai,12,1.29,23.63
2024-12-18,cabbage,Nagercoil,12,1.15,18.73
2024-12-18,cabbage,Tuticorin,12,0.98,14.9
2024-12-18,cabbage,Tenkasi,12,1.1,20.97
2024-12-18,potato,Tirunelveli,12,1.01,25.05
2024-12-18,potato,Madurai,12,1.16,29.21
2024-12-18,potato,Nagercoil,12,1.07,27.68
2024-12-18,potato,Tuticorin,12,0.89,21.34
2024-12-18,potato,Tenkasi,12,0.88,19.52
2024-12-18,beans,Tirunelveli,12,1.09,38.67
2024-12-18,beans,Madurai,12,0.82,31.9
2024-12-18,beans,Nagercoil,12,0.83,28.7
2024-12-18,beans,Tuticorin,12,1.12,38.98
2024-12-18,beans,Tenkasi,12,1.13,38.49
2024-12-18,okra,Tirunelveli,12,1.04,28.15
2024-12-18,okra,Madurai,12,1.03,28.36
2024-12-18,okra,Nagercoil,12,0.85,21.46
2024-12-18,okra,Tuticorin,12,1.01,24.57
2024-12-18,okra,Tenkasi,12,1.23,28.25
2024-12-19,tomato,Tirunelveli,12,0.91,23.1
2024-12-19,tomato,Madurai,12,0.89,20.92
2024-12-19,tomato,Nagercoil,12,0.84,18.79
2024-12-19,tomato,Tuticorin,12,0.98,23.95
2024-12-19,tomato,Tenkasi,12,0.93,23.44
2024-12-19,brinjal,Tirunelveli,12,0.81,16.59
2024-12-19,brinjal,Madurai,12,1.28,30.16
2024-12-19,brinjal,Nagercoil,12,1.21,24.95
2024-12-19,brinjal,Tuticorin,12,0.94,21.71
2024-12-19,brinjal,Tenkasi,12,0.92,21.03
2024-12-19,onion,Tirunelveli,12,1.3,37.93
2024-12-19,onion,Madurai,12,1.15,35.35
2024-12-19,onion,Nagercoil,12,1.23,36.78
2024-12-19,onion,Tuticorin,12,1.29,39.43
2024-12-19,onion,Tenkasi,12,1.01,30.29
2024-12-19,carrot,Tirunelveli,12,1.12,29.23
2024-12-19,carrot,Madurai,12,1.03,25.91
2024-12-19,carrot,Nagercoil,12,1.06,32.08
2024-12-19,carrot,Tuticorin,12,1.28,33.22
2024-12-19,carrot,Tenkasi,12,1.18,33.02
2024-12-19,cabbage,Tirunelveli,12,0.97,16.44
2024-12-19,cabbage,Madurai,12,0.84,14.75
2024-12-19,cabbage,Nagercoil,12,1.13,21.76
2024-12-19,cabbage,Tuticorin,12,1.06,18.6
2024-12-19,cabbage,Tenkasi,12,0.95,18.27
2024-12-19,potato,Tirunelveli,12,1.2,30.95
2024-12-19,potato,Madurai,12,1.12,27.66
2024-12-19,potato,Nagercoil,12,1.0,22.46
2024-12-19,potato,Tuticorin,12,1.03,24.43
2024-12-19,potato,Tenkasi,12,1.11,27.52
2024-12-19,beans,Tirunelveli,12,0.98,34.21
2024-12-19,beans,Madurai,12,1.1,37.1
2024-12-19,beans,Nagercoil,12,1.0,36.9
2024-12-19,beans,Tuticorin,12,0.81,27.91
2024-12-19,beans,Tenkasi,12,0.95,34.57
2024-12-19,okra,Tirunelveli,12,0.9,23.07
2024-12-19,okra,Madurai,12,0.91,23.33
2024-12-19,okra,Nagercoil,12,1.18,30.1
2024-12-19,okra,Tuticorin,12,1.05,30.85
2024-12-19,okra,Tenkasi,12,1.25,30.57
2024-12-20,tomato,Tirunelveli,12,0.85,21.82
2024-12-20,tomato,Madurai,12,0.91,22.98
2024-12-20,tomato,Nagercoil,12,1.22,31.29
2024-12-20,tomato,Tuticorin,12,1.05,24.21
2024-12-20,tomato,Tenkasi,12,1.06,27.69
2024-12-20,brinjal,Tirunelveli,12,0.93,18.85
2024-12-20,brinjal,Madurai,12,0.99,24.07
2024-12-20,brinjal,Nagercoil,12,0.85,16.93
2024-12-20,brinjal,Tuticorin,12,0.9,19.58
2024-12-20,brinjal,Tenkasi,12,0.9,19.67
2024-12-20,onion,Tirunelveli,12,1.1,34.4
2024-12-20,onion,Madurai,12,1.04,33.0
2024-12-20,onion,Nagercoil,12,0.83,25.73
2024-12-20,onion,Tuticorin,12,1.15,34.85
2024-12-20,onion,Tenkasi,12,0.91,29.54
2024-12-20,carrot,Tirunelveli,12,1.16,34.82
2024-12-20,carrot,Madurai,12,0.81,23.42
2024-12-20,carrot,Nagercoil,12,0.87,25.52
2024-12-20,carrot,Tuticorin,12,0.97,27.16
2024-12-20,carrot,Tenkasi,12,0.86,27.41
2024-12-20,cabbage,Tirunelveli,12,0.84,14.39
2024-12-20,cabbage,Madurai,12,0.89,16.6
2024-12-20,cabbage,Nagercoil,12,1.22,24.1
2024-12-20,cabbage,Tuticorin,12,1.04,21.1
2024-12-20,cabbage,Tenkasi,12,1.08,20.13
2024-12-20,potato,Tirunelveli,12,0.91,22.01
2024-12-20,potato,Madurai,12,0.91,22.02
2024-12-20,potato,Nagercoil,12,1.07,25.09
2024-12-20,potato,Tuticorin,12,0.86,18.88
2024-12-20,potato,Tenkasi,12,0.97,22.48
2024-12-20,beans,Tirunelveli,12,1.28,44.26
2024-12-20,beans,Madurai,12,1.3,48.11
2024-12-20,beans,Nagercoil,12,1.17,42.94
2024-12-20,beans,Tuticorin,12,1.15,40.46
2024-12-20,beans,Tenkasi,12,0.92,36.06
2024-12-20,okra,Tirunelveli,12,1.03,28.71
2024-12-20,okra,Madurai,12,0.89,22.03
2024-12-20,okra,Nagercoil,12,0.81,19.54
2024-12-20,okra,Tuticorin,12,1.26,34.42
2024-12-20,okra,Tenkasi,12,1.09,29.91
2024-12-21,tomato,Tirunelveli,12,1.14,28.55
2024-12-21,tomato,Madurai,12,1.16,29.19
2024-12-21,tomato,Nagercoil,12,0.98,23.38
2024-12-21,tomato,Tuticorin,12,1.03,25.06
2024-12-21,tomato,Tenkasi,12,1.05,27.49
2024-12-21,brinjal,Tirunelveli,12,0.93,19.15
2024-12-21,brinjal,Madurai,12,1.23,26.31
2024-12-21,brinjal,Nagercoil,12,1.11,22.78
2024-12-21,brinjal,Tuticorin,12,1.1,25.76
2024-12-21,brinjal,Tenkasi,12,1.23,27.54
2024-12-21,onion,Tirunelveli,12,1.07,32.0
2024-12-21,onion,Madurai,12,0.91,29.16
2024-12-21,onion,Nagercoil,12,1.26,36.22
2024-12-21,onion,Tuticorin,12,0.97,30.59
2024-12-21,onion,Tenkasi,12,1.14,33.03
2024-12-21,carrot,Tirunelveli,12,0.87,24.31
2024-12-21,carrot,Madurai,12,1.17,32.98
2024-12-21,carrot,Nagercoil,12,1.18,30.03
2024-12-21,carrot,Tuticorin,12,1.18,35.2
2024-12-21,carrot,Tenkasi,12,0.87,25.35
2024-12-21,cabbage,Tirunelveli,12,0.99,16.53
2024-12-21,cabbage,Madurai,12,0.93,16.59
2024-12-21,cabbage,Nagercoil,12,0.92,16.44
2024-12-21,cabbage,Tuticorin,12,1.09,17.23
2024-12-21,cabbage,Tenkasi,12,0.86,15.9
2024-12-21,potato,Tirunelveli,12,1.1,27.66
2024-12-21,potato,Madurai,12,1.29,32.0
2024-12-21,potato,Nagercoil,12,0.94,22.92
2024-12-21,potato,Tuticorin,12,0.92,24.6
2024-12-21,potato,Tenkasi,12,0.91,26.74
2024-12-21,beans,Tirunelveli,12,1.15,43.09
2024-12-21,beans,Madurai,12,1.04,35.7
2024-12-21,beans,Nagercoil,12,1.29,45.38
2024-12-21,beans,Tuticorin,12,1.03,35.29
2024-12-21,beans,Tenkasi,12,1.21,43.31
2024-12-21,okra,Tirunelveli,12,0.85,22.92
2024-12-21,okra,Madurai,12,1.21,31.33
2024-12-21,okra,Nagercoil,12,1.17,28.19
2024-12-21,okra,Tuticorin,12,0.91,24.1
2024-12-21,okra,Tenkasi,12,1.29,32.37
2024-12-22,tomato,Tirunelveli,12,1.1,28.39
2024-12-22,tomato,Madurai,12,1.19,32.51
2024-12-22,tomato,Nagercoil,12,1.29,28.77
2024-12-22,tomato,Tuticorin,12,1.23,32.57
2024-12-22,tomato,Tenkasi,12,1.28,32.45
2024-12-22,brinjal,Tirunelveli,12,1.2,24.77
2024-12-22,brinjal,Madurai,12,1.07,26.09
2024-12-22,brinjal,Nagercoil,12,0.94,19.04
2024-12-22,brinjal,Tuticorin,12,0.97,21.79
2024-12-22,brinjal,Tenkasi,12,1.13,25.2
2024-12-22,onion,Tirunelveli,12,1.22,37.95
2024-12-22,onion,Madurai,12,1.1,30.78
2024-12-22,onion,Nagercoil,12,1.11,32.54
2024-12-22,onion,Tuticorin,12,0.94,27.12
2024-12-22,onion,Tenkasi,12,1.1,31.93
2024-12-22,carrot,Tirunelveli,12,0.82,21.36
2024-12-22,carrot,Madurai,12,1.0,26.81
2024-12-22,carrot,Nagercoil,12,0.91,24.17
2024-12-22,carrot,Tuticorin,12,0.98,28.12
2024-12-22,carrot,Tenkasi,12,1.19,35.09
2024-12-22,cabbage,Tirunelveli,12,1.09,18.39
2024-12-22,cabbage,Madurai,12,0.8,13.36
2024-12-22,cabbage,Nagercoil,12,1.19,22.09
2024-12-22,cabbage,Tuticorin,12,0.84,15.93
2024-12-22,cabbage,Tenkasi,12,1.18,19.66
2024-12-22,potato,Tirunelveli,12,1.21,25.0
2024-12-22,potato,Madurai,12,1.14,26.7
2024-12-22,potato,Nagercoil,12,0.94,21.8
2024-12-22,potato,Tuticorin,12,0.86,22.19
2024-12-22,potato,Tenkasi,12,0.92,20.69
2024-12-22,beans,Tirunelveli,12,1.22,39.63
2024-12-22,beans,Madurai,12,1.01,34.7
2024-12-22,beans,Nagercoil,12,1.15,40.06
2024-12-22,beans,Tuticorin,12,1.26,44.15
2024-12-22,beans,Tenkasi,12,0.83,29.45
2024-12-22,okra,Tirunelveli,12,1.05,29.69
2024-12-22,okra,Madurai,12,0.84,22.88
2024-12-22,okra,Nagercoil,12,1.25,31.32
2024-12-22,okra,Tuticorin,12,1.06,26.9
2024-12-22,okra,Tenkasi,12,1.14,29.41
2024-12-23,tomato,Tirunelveli,12,0.94,23.72
2024-12-23,tomato,Madurai,12,1.04,25.43
2024-12-23,tomato,Nagercoil,12,0.81,20.65
2024-12-23,tomato,Tuticorin,12,0.83,19.82
2024-12-23,tomato,Tenkasi,12,1.23,29.96
2024-12-23,brinjal,Tirunelveli,12,1.18,25.56
2024-12-23,brinjal,Madurai,12,1.06,22.16
2024-12-23,brinjal,Nagercoil,12,0.81,15.36
2024-12-23,brinjal,Tuticorin,12,1.13,26.99
2024-12-23,brinjal,Tenkasi,12,1.11,23.19
2024-12-23,onion,Tirunelveli,12,1.13,34.59
2024-12-23,onion,Madurai,12,1.01,32.1
2024-12-23,onion,Nagercoil,12,0.99,30.28
2024-12-23,onion,Tuticorin,12,1.18,34.84
2024-12-23,onion,Tenkasi,12,0.92,28.08
2024-12-23,carrot,Tirunelveli,12,1.04,30.68
2024-12-23,carrot,Madurai,12,0.81,24.95
2024-12-23,carrot,Nagercoil,12,0.84,21.73
2024-12-23,carrot,Tuticorin,12,1.03,31.38
2024-12-23,carrot,Tenkasi,12,0.82,26.62
2024-12-23,cabbage,Tirunelveli,12,1.28,23.33
2024-12-23,cabbage,Madurai,12,0.85,16.03
2024-12-23,cabbage,Nagercoil,12,0.9,16.4
2024-12-23,cabbage,Tuticorin,12,0.9,14.25
2024-12-23,cabbage,Tenkasi,12,1.15,20.13
2024-12-23,potato,Tirunelveli,12,1.17,28.18
2024-12-23,potato,Madurai,12,0.89,20.75
2024-12-23,potato,Nagercoil,12,0.97,24.86
2024-12-23,potato,Tuticorin,12,0.81,18.03
2024-12-23,potato,Tenkasi,12,1.15,27.34
2024-12-23,beans,Tirunelveli,12,0.94,32.48
2024-12-23,beans,Madurai,12,0.93,31.6
2024-12-23,beans,Nagercoil,12,0.84,29.87
2024-12-23,beans,Tuticorin,12,0.99,35.39
2024-12-23,beans,Tenkasi,12,0.81,23.67
2024-12-23,okra,Tirunelveli,12,1.09,27.73
2024-12-23,okra,Madurai,12,1.19,29.23
2024-12-23,okra,Nagercoil,12,1.2,30.62
2024-12-23,okra,Tuticorin,12,0.97,26.58
2024-12-23,okra,Tenkasi,12,1.27,31.77
2024-12-24,tomato,Tirunelveli,12,1.26,31.45
2024-12-24,tomato,Madurai,12,0.85,19.46
2024-12-24,tomato,Nagercoil,12,1.28,31.07
2024-12-24,tomato,Tuticorin,12,1.24,30.23
2024-12-24,tomato,Tenkasi,12,1.28,31.04
2024-12-24,brinjal,Tirunelveli,12,1.04,23.49
2024-12-24,brinjal,Madurai,12,1.21,25.0
2024-12-24,brinjal,Nagercoil,12,0.89,19.8
2024-12-24,brinjal,Tuticorin,12,1.23,29.89
2024-12-24,brinjal,Tenkasi,12,0.99,22.07
2024-12-24,onion,Tirunelveli,12,1.07,30.54
2024-12-24,onion,Madurai,12,0.86,26.6
2024-12-24,onion,Nagercoil,12,1.19,36.43
2024-12-24,onion,Tuticorin,12,0.88,27.76
2024-12-24,onion,Tenkasi,12,0.92,27.22
2024-12-24,carrot,Tirunelveli,12,1.21,34.61
2024-12-24,carrot,Madurai,12,0.94,25.68
2024-12-24,carrot,Nagercoil,12,1.03,28.0
2024-12-24,carrot,Tuticorin,12,1.09,31.64
2024-12-24,carrot,Tenkasi,12,0.89,22.08
2024-12-24,cabbage,Tirunelveli,12,0.81,15.59
2024-12-24,cabbage,Madurai,12,1.14,24.64
2024-12-24,cabbage,Nagercoil,12,1.12,20.1
2024-12-24,cabbage,Tuticorin,12,0.8,15.89
2024-12-24,cabbage,Tenkasi,12,1.12,20.45
2024-12-24,potato,Tirunelveli,12,1.14,30.51
2024-12-24,potato,Madurai,12,0.96,23.72
2024-12-24,potato,Nagercoil,12,0.92,20.77
2024-12-24,potato,Tuticorin,12,1.03,19.78
2024-12-24,potato,Tenkasi,12,1.1,24.58
2024-12-24,beans,Tirunelveli,12,0.81,26.55
2024-12-24,beans,Madurai,12,0.84,28.93
2024-12-24,beans,Nagercoil,12,1.14,38.14
2024-12-24,beans,Tuticorin,12,0.99,33.55
2024-12-24,beans,Tenkasi,12,1.1,40.11
2024-12-24,okra,Tirunelveli,12,1.23,34.07
2024-12-24,okra,Madurai,12,0.91,22.47
2024-12-24,okra,Nagercoil,12,1.07,28.32
2024-12-24,okra,Tuticorin,12,1.09,27.64
2024-12-24,okra,Tenkasi,12,1.21,29.57
2024-12-25,tomato,Tirunelveli,12,0.87,22.94
2024-12-25,tomato,Madurai,12,1.05,26.14
2024-12-25,tomato,Nagercoil,12,1.16,28.35
2024-12-25,tomato,Tuticorin,12,0.91,23.51
2024-12-25,tomato,Tenkasi,12,1.18,28.07
2024-12-25,brinjal,Tirunelveli,12,1.21,24.26
2024-12-25,brinjal,Madurai,12,1.01,23.24
2024-12-25,brinjal,Nagercoil,12,1.0,23.6
2024-12-25,brinjal,Tuticorin,12,0.83,15.48
2024-12-25,brinjal,Tenkasi,12,0.98,22.97
2024-12-25,onion,Tirunelveli,12,1.14,36.75
2024-12-25,onion,Madurai,12,1.0,29.62
2024-12-25,onion,Nagercoil,12,0.88,27.21
2024-12-25,onion,Tuticorin,12,1.2,35.94
2024-12-25,onion,Tenkasi,12,0.9,28.11
2024-12-25,carrot,Tirunelveli,12,0.86,23.87
2024-12-25,carrot,Madurai,12,0.93,26.67
2024-12-25,carrot,Nagercoil,12,1.01,25.74
2024-12-25,carrot,Tuticorin,12,0.84,22.34
2024-12-25,carrot,Tenkasi,12,1.1,31.27
2024-12-25,cabbage,Tirunelveli,12,1.05,17.82
2024-12-25,cabbage,Madurai,12,1.12,20.14
2024-12-25,cabbage,Nagercoil,12,1.02,20.83
2024-12-25,cabbage,Tuticorin,12,1.1,17.5
2024-12-25,cabbage,Tenkasi,12,0.81,14.03
2024-12-25,potato,Tirunelveli,12,1.14,26.61
2024-12-25,potato,Madurai,12,1.09,27.33
2024-12-25,potato,Nagercoil,12,1.23,30.73
2024-12-25,potato,Tuticorin,12,0.99,25.24
2024-12-25,potato,Tenkasi,12,0.92,21.34
2024-12-25,beans,Tirunelveli,12,1.03,34.04
2024-12-25,beans,Madurai,12,1.15,39.46
2024-12-25,beans,Nagercoil,12,0.92,32.04
2024-12-25,beans,Tuticorin,12,1.13,40.43
2024-12-25,beans,Tenkasi,12,0.97,34.78
2024-12-25,okra,Tirunelveli,12,0.85,22.73
2024-12-25,okra,Madurai,12,1.26,34.23
2024-12-25,okra,Nagercoil,12,1.14,30.18
2024-12-25,okra,Tuticorin,12,0.9,22.24
2024-12-25,okra,Tenkasi,12,1.15,30.16
2024-12-26,tomato,Tirunelveli,12,1.0,26.12
2024-12-26,tomato,Madurai,12,1.13,29.7
2024-12-26,tomato,Nagercoil,12,0.85,21.61
2024-12-26,tomato,Tuticorin,12,1.08,27.08
2024-12-26,tomato,Tenkasi,12,1.02,25.54
2024-12-26,brinjal,Tirunelveli,12,1.12,25.41
2024-12-26,brinjal,Madurai,12,0.99,23.77
2024-12-26,brinjal,Nagercoil,12,1.11,25.75
2024-12-26,brinjal,Tuticorin,12,1.06,24.73
2024-12-26,brinjal,Tenkasi,12,1.25,25.54
2024-12-26,onion,Tirunelveli,12,0.8,24.44
2024-12-26,onion,Madurai,12,1.28,39.15
2024-12-26,onion,Nagercoil,12,1.09,34.9
2024-12-26,onion,Tuticorin,12,0.88,26.13
2024-12-26,onion,Tenkasi,12,0.99,26.92
2024-12-26,carrot,Tirunelveli,12,0.99,27.13
2024-12-26,carrot,Madurai,12,0.84,22.62
2024-12-26,carrot,Nagercoil,12,1.2,31.93
2024-12-26,carrot,Tuticorin,12,0.89,24.15
2024-12-26,carrot,Tenkasi,12,1.08,29.92
2024-12-26,cabbage,Tirunelveli,12,1.11,20.24
2024-12-26,cabbage,Madurai,12,0.94,17.36
2024-12-26,cabbage,Nagercoil,12,0.87,15.22
2024-12-26,cabbage,Tuticorin,12,0.87,15.79
2024-12-26,cabbage,Tenkasi,12,1.04,19.67
2024-12-26,potato,Tirunelveli,12,1.09,25.22
2024-12-26,potato,Madurai,12,1.11,24.06
2024-12-26,potato,Nagercoil,12,1.09,25.89
2024-12-26,potato,Tuticorin,12,1.16,27.94
2024-12-26,potato,Tenkasi,12,1.22,25.79
2024-12-26,beans,Tirunelveli,12,0.87,27.52
2024-12-26,beans,Madurai,12,1.15,41.22
2024-12-26,beans,Nagercoil,12,0.81,27.28
2024-12-26,beans,Tuticorin,12,0.83,29.59
2024-12-26,beans,Tenkasi,12,1.16,41.87
2024-12-26,okra,Tirunelveli,12,1.06,27.98
2024-12-26,okra,Madurai,12,1.07,26.17
2024-12-26,okra,Nagercoil,12,0.82,23.06
2024-12-26,okra,Tuticorin,12,0.92,22.69
2024-12-26,okra,Tenkasi,12,1.27,31.3
2024-12-27,tomato,Tirunelveli,12,1.2,27.85
2024-12-27,tomato,Madurai,12,1.08,26.46
2024-12-27,tomato,Nagercoil,12,1.24,31.78
2024-12-27,tomato,Tuticorin,12,0.87,16.84
2024-12-27,tomato,Tenkasi,12,1.01,22.89
2024-12-27,brinjal,Tirunelveli,12,1.24,25.55
2024-12-27,brinjal,Madurai,12,0.83,18.36
2024-12-27,brinjal,Nagercoil,12,1.15,26.31
2024-12-27,brinjal,Tuticorin,12,0.89,20.88
2024-12-27,brinjal,Tenkasi,12,0.87,19.63
2024-12-27,onion,Tirunelveli,12,0.86,24.62
2024-12-27,onion,Madurai,12,0.86,24.91
2024-12-27,onion,Nagercoil,12,1.14,35.14
2024-12-27,onion,Tuticorin,12,1.23,35.27
2024-12-27,onion,Tenkasi,12,1.13,34.07
2024-12-27,carrot,Tirunelveli,12,1.0,26.43
2024-12-27,carrot,Madurai,12,0.97,27.94
2024-12-27,carrot,Nagercoil,12,1.17,32.49
2024-12-27,carrot,Tuticorin,12,0.87,21.29
2024-12-27,carrot,Tenkasi,12,1.29,35.7
2024-12-27,cabbage,Tirunelveli,12,1.29,21.54
2024-12-27,cabbage,Madurai,12,1.1,17.77
2024-12-27,cabbage,Nagercoil,12,1.04,19.66
2024-12-27,cabbage,Tuticorin,12,0.97,15.71
2024-12-27,cabbage,Tenkasi,12,1.13,22.56
2024-12-27,potato,Tirunelveli,12,1.13,25.89
2024-12-27,potato,Madurai,12,1.05,24.78
2024-12-27,potato,Nagercoil,12,0.86,23.35
2024-12-27,potato,Tuticorin,12,0.89,20.06
2024-12-27,potato,Tenkasi,12,0.85,22.44
2024-12-27,beans,Tirunelveli,12,1.21,41.61
2024-12-27,beans,Madurai,12,0.92,35.19
2024-12-27,beans,Nagercoil,12,0.88,32.16
2024-12-27,beans,Tuticorin,12,0.89,31.13
2024-12-27,beans,Tenkasi,12,1.08,38.12
2024-12-27,okra,Tirunelveli,12,1.02,27.08
2024-12-27,okra,Madurai,12,1.16,30.62
2024-12-27,okra,Nagercoil,12,1.24,33.95
2024-12-27,okra,Tuticorin,12,1.06,31.24
2024-12-27,okra,Tenkasi,12,1.1,28.77
2024-12-28,tomato,Tirunelveli,12,1.19,31.05
2024-12-28,tomato,Madurai,12,1.15,29.81
2024-12-28,tomato,Nagercoil,12,1.16,28.82
2024-12-28,tomato,Tuticorin,12,1.21,29.39
2024-12-28,tomato,Tenkasi,12,1.27,32.31
2024-12-28,brinjal,Tirunelveli,12,1.2,24.27
2024-12-28,brinjal,Madurai,12,1.18,25.61
2024-12-28,brinjal,Nagercoil,12,1.16,25.63
2024-12-28,brinjal,Tuticorin,12,1.19,27.5
2024-12-28,brinjal,Tenkasi,12,1.02,23.51
2024-12-28,onion,Tirunelveli,12,1.3,39.54
2024-12-28,onion,Madurai,12,1.27,40.19
2024-12-28,onion,Nagercoil,12,1.25,38.02
2024-12-28,onion,Tuticorin,12,1.06,33.86
2024-12-28,onion,Tenkasi,12,0.96,29.05
2024-12-28,carrot,Tirunelveli,12,1.09,27.99
2024-12-28,carrot,Madurai,12,0.92,25.98
2024-12-28,carrot,Nagercoil,12,1.06,30.96
2024-12-28,carrot,Tuticorin,12,1.02,30.11
2024-12-28,carrot,Tenkasi,12,1.1,28.83
2024-12-28,cabbage,Tirunelveli,12,1.09,17.66
2024-12-28,cabbage,Madurai,12,0.94,17.09
2024-12-28,cabbage,Nagercoil,12,1.06,18.62
2024-12-28,cabbage,Tuticorin,12,0.9,18.34
2024-12-28,cabbage,Tenkasi,12,0.84,13.9
2024-12-28,potato,Tirunelveli,12,0.86,23.45
2024-12-28,potato,Madurai,12,1.14,27.36
2024-12-28,potato,Nagercoil,12,0.95,20.68
2024-12-28,potato,Tuticorin,12,1.27,29.74
2024-12-28,potato,Tenkasi,12,1.28,28.54
2024-12-28,beans,Tirunelveli,12,0.96,31.52
2024-12-28,beans,Madurai,12,0.86,31.56
2024-12-28,beans,Nagercoil,12,1.11,38.84
2024-12-28,beans,Tuticorin,12,1.11,40.21
2024-12-28,beans,Tenkasi,12,1.1,41.36
2024-12-28,okra,Tirunelveli,12,0.93,22.18
2024-12-28,okra,Madurai,12,0.99,27.35
2024-12-28,okra,Nagercoil,12,0.97,25.07
2024-12-28,okra,Tuticorin,12,1.12,28.02
2024-12-28,okra,Tenkasi,12,1.12,28.03
2024-12-29,tomato,Tirunelveli,12,1.18,26.49
2024-12-29,tomato,Madurai,12,1.26,30.68
2024-12-29,tomato,Nagercoil,12,0.87,23.14
2024-12-29,tomato,Tuticorin,12,1.15,30.3
2024-12-29,tomato,Tenkasi,12,1.27,30.3
2024-12-29,brinjal,Tirunelveli,12,0.98,23.09
2024-12-29,brinjal,Madurai,12,1.0,22.21
2024-12-29,brinjal,Nagercoil,12,1.17,24.97
2024-12-29,brinjal,Tuticorin,12,1.22,29.44
2024-12-29,brinjal,Tenkasi,12,0.95,21.54
2024-12-29,onion,Tirunelveli,12,1.17,36.25
2024-12-29,onion,Madurai,12,0.88,26.04
2024-12-29,onion,Nagercoil,12,0.96,31.05
2024-12-29,onion,Tuticorin,12,1.17,35.22
2024-12-29,onion,Tenkasi,12,0.91,26.5
2024-12-29,carrot,Tirunelveli,12,1.04,27.97
2024-12-29,carrot,Madurai,12,1.07,32.74
2024-12-29,carrot,Nagercoil,12,1.01,27.17
2024-12-29,carrot,Tuticorin,12,1.27,36.75
2024-12-29,carrot,Tenkasi,12,1.11,28.89
2024-12-29,cabbage,Tirunelveli,12,0.94,14.26
2024-12-29,cabbage,Madurai,12,0.89,14.2
2024-12-29,cabbage,Nagercoil,12,1.04,16.95
2024-12-29,cabbage,Tuticorin,12,1.02,17.83
2024-12-29,cabbage,Tenkasi,12,1.01,20.21
2024-12-29,potato,Tirunelveli,12,1.27,31.93
2024-12-29,potato,Madurai,12,0.84,23.64
2024-12-29,potato,Nagercoil,12,1.0,24.93
2024-12-29,potato,Tuticorin,12,1.2,28.49
2024-12-29,potato,Tenkasi,12,1.08,26.45
2024-12-29,beans,Tirunelveli,12,0.96,32.63
2024-12-29,beans,Madurai,12,0.96,32.92
2024-12-29,beans,Nagercoil,12,1.11,38.85
2024-12-29,beans,Tuticorin,12,1.07,37.99
2024-12-29,beans,Tenkasi,12,0.82,28.75
2024-12-29,okra,Tirunelveli,12,0.88,24.34
2024-12-29,okra,Madurai,12,1.03,25.81
2024-12-29,okra,Nagercoil,12,1.1,28.04
2024-12-29,okra,Tuticorin,12,0.84,22.17
2024-12-29,okra,Tenkasi,12,1.27,33.05
2024-12-30,tomato,Tirunelveli,12,0.85,20.0
2024-12-30,tomato,Madurai,12,1.09,27.34
2024-12-30,tomato,Nagercoil,12,1.21,31.8
2024-12-30,tomato,Tuticorin,12,1.2,30.18
2024-12-30,tomato,Tenkasi,12,0.94,21.35
2024-12-30,brinjal,Tirunelveli,12,1.27,27.07
2024-12-30,brinjal,Madurai,12,1.0,23.97
2024-12-30,brinjal,Nagercoil,12,1.19,27.38
2024-12-30,brinjal,Tuticorin,12,1.17,27.2
2024-12-30,brinjal,Tenkasi,12,1.07,21.93
2024-12-30,onion,Tirunelveli,12,1.1,32.69
2024-12-30,onion,Madurai,12,1.02,31.13
2024-12-30,onion,Nagercoil,12,0.89,26.29
2024-12-30,onion,Tuticorin,12,1.08,31.67
2024-12-30,onion,Tenkasi,12,1.26,35.99
2024-12-30,carrot,Tirunelveli,12,1.08,28.53
2024-12-30,carrot,Madurai,12,0.98,27.06
2024-12-30,carrot,Nagercoil,12,1.05,30.4
2024-12-30,carrot,Tuticorin,12,1.07,30.36
2024-12-30,carrot,Tenkasi,12,0.92,27.91
2024-12-30,cabbage,Tirunelveli,12,0.86,16.31
2024-12-30,cabbage,Madurai,12,0.81,18.32
2024-12-30,cabbage,Nagercoil,12,1.19,22.38
2024-12-30,cabbage,Tuticorin,12,0.81,13.28
2024-12-30,cabbage,Tenkasi,12,1.2,20.48
2024-12-30,potato,Tirunelveli,12,1.04,24.24
2024-12-30,potato,Madurai,12,0.94,22.62
2024-12-30,potato,Nagercoil,12,1.08,26.07
2024-12-30,potato,Tuticorin,12,0.91,20.37
2024-12-30,potato,Tenkasi,12,1.18,27.99
2024-12-30,beans,Tirunelveli,12,0.97,32.77
2024-12-30,beans,Madurai,12,1.29,47.32
2024-12-30,beans,Nagercoil,12,0.89,31.2
2024-12-30,beans,Tuticorin,12,0.84,30.13
2024-12-30,beans,Tenkasi,12,1.07,38.07
2024-12-30,okra,Tirunelveli,12,1.25,31.78
2024-12-30,okra,Madurai,12,1.15,32.85
2024-12-30,okra,Nagercoil,12,1.15,30.64
2024-12-30,okra,Tuticorin,12,1.2,30.78
2024-12-30,okra,Tenkasi,12,0.82,22.38
